YouTuber_Name,Title,Date,Views,Likes,Comments,Dislikes,Like_to_Dislike_Ratio,Dislike_to_Like_Ratio,Engagement_Ratio
That Vegan Teacher,Freedom For Them All,2020-01-01 00:43:47+00:00,12680,103,0,1577,0.0653138871274572,15.310679611650485,13.249211356466878
That Vegan Teacher,We Demand An Animal Bill Of Rights!,2020-01-04 02:25:49+00:00,55913,292,0,8876,0.032897701667417754,30.397260273972602,16.396902330406167
That Vegan Teacher,Covid-19 Rap,2020-04-09 12:33:00+00:00,30124,285,0,2607,0.1093210586881473,9.147368421052631,9.600318682777852
That Vegan Teacher,I'm Done With Dairy!,2020-05-12 10:27:17+00:00,19978,164,0,2154,0.07613741875580315,13.134146341463415,11.602763039343278
That Vegan Teacher,I'm Done With Dairy!,2020-05-15 01:07:42+00:00,24770,194,0,2638,0.07354056103108415,13.597938144329897,11.433185304804198
That Vegan Teacher,I Can't Breathe,2020-06-25 02:47:34+00:00,1177265,0,0,106284,0.0,,9.028043813414993
That Vegan Teacher,Phone Call From God,2020-07-12 01:45:01+00:00,185294,2126,0,14311,0.14855705401439454,6.731420507996237,8.870767536995261
That Vegan Teacher,KFC Is Time To Change Your Name,2020-07-12 01:45:46+00:00,1478889,21936,0,81578,0.2688960258893329,3.7189095550692923,6.999443501168782
That Vegan Teacher,Apparently I killed someone. Right.,2020-07-13 07:20:34+00:00,858609,15907,5340,72641,0.21898101623050342,4.5666058967750045,10.934895860630393
That Vegan Teacher,Tiktok Today - Thu Mar 26 2020,2020-07-16 10:54:09+00:00,4114,37,0,266,0.13909774436090225,7.1891891891891895,7.365094798249879
That Vegan Teacher,Tiktok Today - Sun Mar 29 2020,2020-07-16 10:54:22+00:00,3262,31,0,205,0.15121951219512195,6.612903225806452,7.234825260576333
That Vegan Teacher,Tiktok Today - Sat May 09 2020,2020-07-17 11:06:19+00:00,20185,160,0,340,0.47058823529411764,2.125,2.477086945751796
That Vegan Teacher,Tiktok Today - Tue May 12 2020,2020-07-17 11:06:27+00:00,3102,30,0,187,0.16042780748663102,6.233333333333333,6.995486782720825
That Vegan Teacher,Tiktok Today - Sat May 16 2020,2020-07-18 20:38:44+00:00,2305,26,0,141,0.18439716312056736,5.423076923076923,7.245119305856833
That Vegan Teacher,Tiktok Today - Tue May 19 2020,2020-07-18 20:39:06+00:00,2485,27,0,207,0.13043478260869565,7.666666666666667,9.416498993963783
That Vegan Teacher,Tiktok Today - Fri May 29 2020,2020-07-19 23:11:57+00:00,1284,20,0,82,0.24390243902439024,4.1,7.943925233644859
That Vegan Teacher,Tiktok Today - Thu May 28 2020,2020-07-19 23:11:57+00:00,1186,12,0,84,0.14285714285714285,7.0,8.094435075885329
That Vegan Teacher,Tiktok Today - Mon Jun 01 2020,2020-07-19 23:11:57+00:00,1763,13,0,144,0.09027777777777778,11.076923076923077,8.90527509926262
That Vegan Teacher,Tiktok Today - Mon May 25 2020,2020-07-19 23:11:57+00:00,1993,17,0,213,0.07981220657276995,12.529411764705882,11.54039136979428
That Vegan Teacher,Tiktok Today - Sun Jun 07 2020,2020-07-20 22:08:48+00:00,1496,11,0,129,0.08527131782945736,11.727272727272727,9.358288770053475
That Vegan Teacher,Tiktok Today - Mon Jun 08 2020,2020-07-20 22:08:48+00:00,946,6,0,65,0.09230769230769231,10.833333333333334,7.505285412262157
That Vegan Teacher,Tiktok Today - Fri Jun 05 2020,2020-07-20 22:08:49+00:00,2471,25,0,220,0.11363636363636363,8.8,9.91501416430595
That Vegan Teacher,Tiktok Today - Sat Jun 06 2020,2020-07-20 22:08:49+00:00,1948,20,0,138,0.14492753623188406,6.9,8.11088295687885
That Vegan Teacher,Tiktok Today - Sun Jun 14 2020,2020-07-22 01:54:31+00:00,1675,20,0,97,0.20618556701030927,4.85,6.985074626865671
That Vegan Teacher,Tiktok Today - Tue Jun 09 2020,2020-07-22 01:54:31+00:00,1475,22,0,123,0.17886178861788618,5.590909090909091,9.830508474576272
That Vegan Teacher,Tiktok Today - Thu Jun 11 2020,2020-07-22 01:54:31+00:00,1398,18,0,99,0.18181818181818182,5.5,8.369098712446352
That Vegan Teacher,Tiktok Today - Fri Jun 12 2020,2020-07-22 01:54:31+00:00,1457,15,0,126,0.11904761904761904,8.4,9.67741935483871
That Vegan Teacher,Tiktok Today - Sat Jun 13 2020,2020-07-22 01:54:31+00:00,2280,31,0,233,0.13304721030042918,7.516129032258065,11.578947368421053
That Vegan Teacher,Tiktok Today - Wed Jun 10 2020,2020-07-22 01:54:31+00:00,1581,18,0,108,0.16666666666666666,6.0,7.969639468690702
That Vegan Teacher,Tiktok Today - Tue Jun 16 2020,2020-07-23 00:40:03+00:00,6178,40,0,640,0.0625,16.0,11.006798316607316
That Vegan Teacher,Tiktok Today - Thu Jun 18 2020,2020-07-23 00:40:03+00:00,1229,15,0,122,0.12295081967213115,8.133333333333333,11.14727420667209
That Vegan Teacher,Tiktok Today - Wed Jun 17 2020,2020-07-23 00:40:03+00:00,2383,25,0,188,0.13297872340425532,7.52,8.938313050776332
That Vegan Teacher,Tiktok Today - Fri Jun 19 2020,2020-07-23 00:40:03+00:00,1588,21,0,150,0.14,7.142857142857143,10.768261964735517
That Vegan Teacher,Tiktok Today - Mon Jun 22 2020,2020-07-23 23:28:04+00:00,2007,18,0,169,0.10650887573964497,9.38888888888889,9.31738913801694
That Vegan Teacher,Tiktok Today - Tue Jun 23 2020,2020-07-23 23:28:05+00:00,1443,14,0,138,0.10144927536231885,9.857142857142858,10.533610533610533
That Vegan Teacher,Tiktok Today - Fri Jun 26 2020,2020-07-23 23:28:05+00:00,1627,17,0,160,0.10625,9.411764705882353,10.878918254456055
That Vegan Teacher,Tiktok Today - Sun Jun 21 2020,2020-07-23 23:28:05+00:00,1897,17,0,175,0.09714285714285714,10.294117647058824,10.121244069583552
That Vegan Teacher,Tiktok Today - Wed Jun 24 2020,2020-07-23 23:28:05+00:00,1466,19,0,152,0.125,8.0,11.664392905866302
That Vegan Teacher,Tiktok Today - Thu Jun 25 2020,2020-07-23 23:28:05+00:00,2772,27,0,325,0.08307692307692308,12.037037037037036,12.698412698412698
That Vegan Teacher,Tiktok Today - Sat Jun 27 2020,2020-07-25 00:42:51+00:00,1682,26,0,254,0.10236220472440945,9.76923076923077,16.646848989298455
That Vegan Teacher,Tiktok Today - Sun Jun 28 2020,2020-07-25 00:42:51+00:00,1960,12,0,241,0.04979253112033195,20.083333333333332,12.908163265306122
That Vegan Teacher,Tiktok Today - Wed Jul 01 2020,2020-07-25 00:42:51+00:00,1421,16,0,130,0.12307692307692308,8.125,10.274454609429979
That Vegan Teacher,Tiktok Today - Tue Jun 30 2020,2020-07-25 00:42:51+00:00,2264,30,0,273,0.10989010989010989,9.1,13.38339222614841
That Vegan Teacher,Tiktok Today - Mon Jun 29 2020,2020-07-25 00:42:51+00:00,3654,36,0,496,0.07258064516129033,13.777777777777779,14.559386973180077
That Vegan Teacher,Tiktok Today - Thu Jul 02 2020,2020-07-25 00:42:51+00:00,1273,16,0,154,0.1038961038961039,9.625,13.35428122545169
That Vegan Teacher,Tiktok Today - Tue Jul 07 2020,2020-07-27 10:05:15+00:00,2877,30,0,405,0.07407407407407407,13.5,15.119916579770596
That Vegan Teacher,Tiktok Today - Sat Jul 04 2020,2020-07-27 10:05:15+00:00,1809,17,0,331,0.0513595166163142,19.470588235294116,19.237147595356554
That Vegan Teacher,Tiktok Today - Mon Jul 06 2020,2020-07-27 10:05:15+00:00,1863,21,0,273,0.07692307692307693,13.0,15.780998389694043
That Vegan Teacher,Tiktok Today - Wed Jul 08 2020,2020-07-27 10:05:15+00:00,2430,19,0,313,0.06070287539936102,16.473684210526315,13.662551440329217
That Vegan Teacher,Tiktok Today - Sun Jul 05 2020,2020-07-27 10:05:16+00:00,16491,178,0,1442,0.12343966712898752,8.101123595505618,9.823540112788793
That Vegan Teacher,Tiktok Today - Mon Jul 13 2020,2020-08-02 14:23:15+00:00,1775,20,0,281,0.0711743772241993,14.05,16.95774647887324
That Vegan Teacher,Tiktok Today - Fri Jul 10 2020,2020-08-02 14:23:15+00:00,2665,24,0,389,0.061696658097686374,16.208333333333332,15.49718574108818
That Vegan Teacher,Tiktok Today - Sat Jul 11 2020,2020-08-02 14:23:15+00:00,2761,31,0,557,0.05565529622980251,17.967741935483872,21.29663165519739
That Vegan Teacher,Tiktok Today - Thu Jul 09 2020,2020-08-02 14:23:15+00:00,4752,25,0,865,0.028901734104046242,34.6,18.72895622895623
That Vegan Teacher,Tiktok Today - Sun Jul 12 2020,2020-08-02 14:23:15+00:00,5333,42,0,848,0.049528301886792456,20.19047619047619,16.68854303393962
That Vegan Teacher,Tiktok Today - Tue Jul 14 2020,2020-08-02 14:24:25+00:00,11653,114,0,1903,0.05990541250656858,16.69298245614035,17.308847507079722
That Vegan Teacher,Tiktok Today - Sun Jul 19 2020,2020-08-15 14:00:38+00:00,4817,51,0,501,0.10179640718562874,9.823529411764707,11.459414573385924
That Vegan Teacher,Tiktok Today - Mon Jul 20 2020,2020-08-15 14:00:38+00:00,1436,17,0,187,0.09090909090909091,11.0,14.206128133704734
That Vegan Teacher,Tiktok Today - Sat Jul 18 2020,2020-08-15 14:00:38+00:00,1097,13,0,157,0.08280254777070063,12.076923076923077,15.496809480401094
That Vegan Teacher,Tiktok Today - Wed Jul 15 2020,2020-08-15 14:00:38+00:00,1814,20,0,291,0.06872852233676977,14.55,17.144432194046306
That Vegan Teacher,Tiktok Today - Tue Jul 21 2020,2020-08-15 14:00:38+00:00,1709,8,0,270,0.02962962962962963,33.75,16.266822703335286
That Vegan Teacher,Tiktok Today - Fri Jul 17 2020,2020-08-15 14:00:39+00:00,5435,56,0,796,0.07035175879396985,14.214285714285714,15.676172953081876
That Vegan Teacher,Tiktok Today - Sun Jul 26 2020,2020-08-19 01:45:25+00:00,1812,10,0,185,0.05405405405405406,18.5,10.76158940397351
That Vegan Teacher,Tiktok Today - Wed Jul 22 2020,2020-08-19 01:45:25+00:00,1514,11,0,160,0.06875,14.545454545454545,11.29458388375165
That Vegan Teacher,Tiktok Today - Mon Jul 27 2020,2020-08-19 01:45:26+00:00,2099,22,0,250,0.088,11.363636363636363,12.958551691281563
That Vegan Teacher,Tiktok Today - Thu Jul 23 2020,2020-08-19 01:45:26+00:00,1905,11,0,259,0.04247104247104247,23.545454545454547,14.173228346456693
That Vegan Teacher,Tiktok Today - Fri Jul 24 2020,2020-08-19 01:45:26+00:00,1331,14,0,146,0.0958904109589041,10.428571428571429,12.021036814425244
That Vegan Teacher,Tiktok Today - Sat Jul 25 2020,2020-08-19 01:45:26+00:00,1974,17,0,329,0.05167173252279635,19.352941176470587,17.52786220871327
That Vegan Teacher,Tiktok Today - Sat Aug 01 2020,2020-08-19 01:55:14+00:00,2275,18,0,361,0.04986149584487535,20.055555555555557,16.65934065934066
That Vegan Teacher,Tiktok Today - Thu Jul 30 2020,2020-08-19 01:55:15+00:00,2998,25,0,696,0.035919540229885055,27.84,24.049366244162776
That Vegan Teacher,Tiktok Today - Wed Jul 29 2020,2020-08-19 01:55:15+00:00,2440,27,0,423,0.06382978723404255,15.666666666666666,18.442622950819672
That Vegan Teacher,Tiktok Today - Sun Aug 02 2020,2020-08-19 01:55:15+00:00,5417,34,0,666,0.05105105105105105,19.58823529411765,12.922281705741185
That Vegan Teacher,Tiktok Today - Mon Aug 03 2020,2020-08-19 01:55:20+00:00,9413,69,0,1061,0.06503298774740811,15.376811594202898,12.004674386486773
That Vegan Teacher,Tiktok Today - Fri Jul 31 2020,2020-08-19 01:57:15+00:00,32904,244,0,3109,0.0784818269540045,12.741803278688524,10.190250425480185
That Vegan Teacher,Tiktok Today - Thu Aug 06 2020,2020-09-02 00:33:23+00:00,1432,29,0,195,0.14871794871794872,6.724137931034483,15.64245810055866
That Vegan Teacher,Tiktok Today - Mon Aug 10 2020,2020-09-02 00:33:23+00:00,1798,16,0,281,0.05693950177935943,17.5625,16.518353726362626
That Vegan Teacher,Tiktok Today - Sat Aug 08 2020,2020-09-02 00:33:23+00:00,8737,105,0,872,0.12041284403669725,8.304761904761905,11.18232803021632
That Vegan Teacher,Tiktok Today - Sun Aug 09 2020,2020-09-02 00:33:23+00:00,2802,42,0,354,0.11864406779661017,8.428571428571429,14.132762312633835
That Vegan Teacher,Tiktok Today - Tue Aug 04 2020,2020-09-02 00:33:23+00:00,1882,23,0,252,0.09126984126984126,10.956521739130435,14.61211477151966
That Vegan Teacher,Tiktok Today - Tue Aug 11 2020,2020-09-05 12:59:05+00:00,2824,42,0,328,0.12804878048780488,7.809523809523809,13.101983002832862
That Vegan Teacher,Tiktok Today - Thu Jul 16 2020,2020-09-06 02:27:45+00:00,1323,10,0,131,0.07633587786259542,13.1,10.657596371882086
That Vegan Teacher,Tiktok Today - Fri Aug 14 2020,2020-09-06 02:27:45+00:00,2266,41,0,237,0.1729957805907173,5.780487804878049,12.268314210061783
That Vegan Teacher,Tiktok Today - Wed Aug 12 2020,2020-09-06 02:27:45+00:00,1264,15,0,93,0.16129032258064516,6.2,8.544303797468354
That Vegan Teacher,Tiktok Today - Tue Jul 28 2020,2020-09-06 02:27:45+00:00,1174,36,0,143,0.2517482517482518,3.9722222222222223,15.247018739352642
That Vegan Teacher,Tiktok Today - Fri Aug 07 2020,2020-09-06 02:27:45+00:00,1039,12,0,124,0.0967741935483871,10.333333333333334,13.089509143407122
That Vegan Teacher,Tiktok Today - Thu Aug 13 2020,2020-09-06 02:27:45+00:00,1290,18,0,171,0.10526315789473684,9.5,14.651162790697676
That Vegan Teacher,Tiktok Today - Sat Aug 15 2020,2020-09-06 14:43:47+00:00,1752,18,0,249,0.07228915662650602,13.833333333333334,15.23972602739726
That Vegan Teacher,Tiktok Today - Tue Aug 18 2020,2020-09-06 14:43:47+00:00,1207,16,0,188,0.0851063829787234,11.75,16.901408450704224
That Vegan Teacher,Tiktok Today - Thu Aug 20 2020,2020-09-06 14:43:47+00:00,2048,17,0,237,0.07172995780590717,13.941176470588236,12.40234375
That Vegan Teacher,Tiktok Today - Mon Aug 17 2020,2020-09-06 14:43:47+00:00,9372,80,0,790,0.10126582278481013,9.875,9.282970550576184
That Vegan Teacher,Tiktok Today - Wed Aug 19 2020,2020-09-06 14:43:47+00:00,1197,11,0,192,0.057291666666666664,17.454545454545453,16.95906432748538
That Vegan Teacher,Tiktok Today - Sun Aug 16 2020,2020-09-06 14:43:47+00:00,3071,23,0,341,0.06744868035190615,14.826086956521738,11.85281667209378
That Vegan Teacher,Tiktok Today - Fri Aug 21 2020,2020-09-10 01:25:59+00:00,1517,15,0,120,0.125,8.0,8.899143045484509
That Vegan Teacher,Tiktok Today - Mon Aug 31 2020,2020-09-10 01:25:59+00:00,1334,16,0,211,0.07582938388625593,13.1875,17.01649175412294
That Vegan Teacher,Tiktok Today - Thu Aug 27 2020,2020-09-10 01:25:59+00:00,4146,24,0,633,0.037914691943127965,26.375,15.846599131693198
That Vegan Teacher,Tiktok Today - Tue Sep 01 2020,2020-09-10 01:26:00+00:00,2642,32,0,314,0.10191082802547771,9.8125,13.096139288417866
That Vegan Teacher,Tiktok Today - Sat Aug 29 2020,2020-09-10 01:26:00+00:00,1763,18,0,173,0.10404624277456648,9.61111111111111,10.833806012478728
That Vegan Teacher,Tiktok Today - Mon Aug 24 2020,2020-09-10 01:26:00+00:00,3054,31,0,546,0.056776556776556776,17.612903225806452,18.893254747871644
That Vegan Teacher,Tiktok Today - Tue Aug 25 2020,2020-09-10 01:26:00+00:00,1317,7,0,158,0.04430379746835443,22.571428571428573,12.52847380410023
That Vegan Teacher,Tiktok Today - Sun Aug 23 2020,2020-09-10 01:26:00+00:00,7031,49,0,831,0.05896510228640193,16.959183673469386,12.516000568909117
That Vegan Teacher,Tiktok Today - Sat Aug 22 2020,2020-09-10 01:26:00+00:00,2238,14,0,325,0.043076923076923075,23.214285714285715,15.14745308310992
That Vegan Teacher,Tiktok Today - Wed Aug 26 2020,2020-09-10 01:26:00+00:00,10724,107,0,1423,0.07519325368938862,13.299065420560748,14.267064528161132
That Vegan Teacher,Tiktok Today - Fri Aug 28 2020,2020-09-10 01:26:00+00:00,1896,14,0,301,0.046511627906976744,21.5,16.61392405063291
That Vegan Teacher,Tiktok Today - Fri Sep 04 2020,2020-09-20 20:41:56+00:00,4253,62,0,397,0.1561712846347607,6.403225806451613,10.792381848107219
That Vegan Teacher,Tiktok Today - Mon Sep 07 2020,2020-09-20 20:41:56+00:00,1443,20,0,164,0.12195121951219512,8.2,12.751212751212751
That Vegan Teacher,Tiktok Today - Sat Sep 05 2020,2020-09-20 20:41:56+00:00,1348,10,0,152,0.06578947368421052,15.2,12.01780415430267
That Vegan Teacher,Tiktok Today - Sun Sep 06 2020,2020-09-20 20:41:56+00:00,2338,15,0,428,0.035046728971962614,28.533333333333335,18.94781864841745
That Vegan Teacher,Tiktok Today - Thu Sep 03 2020,2020-09-20 20:41:56+00:00,1305,30,0,99,0.30303030303030304,3.3,9.885057471264368
That Vegan Teacher,Tiktok Today - Wed Sep 02 2020,2020-09-20 20:41:56+00:00,2124,17,0,192,0.08854166666666667,11.294117647058824,9.839924670433145
That Vegan Teacher,Tiktok Today - Wed Sep 09 2020,2020-09-22 01:03:19+00:00,1704,21,0,191,0.1099476439790576,9.095238095238095,12.44131455399061
That Vegan Teacher,Tiktok Today - Thu Sep 10 2020,2020-09-22 01:03:19+00:00,1788,19,0,251,0.07569721115537849,13.210526315789474,15.100671140939598
That Vegan Teacher,Tiktok Today - Tue Sep 08 2020,2020-09-22 01:03:19+00:00,6522,62,0,651,0.09523809523809523,10.5,10.932229377491568
That Vegan Teacher,Tiktok Today - Mon Sep 14 2020,2020-09-22 01:03:19+00:00,1500,15,0,146,0.10273972602739725,9.733333333333333,10.733333333333334
That Vegan Teacher,Tiktok Today - Sun Sep 13 2020,2020-09-22 01:03:19+00:00,1645,20,0,228,0.08771929824561403,11.4,15.075987841945288
That Vegan Teacher,Tiktok Today - Sat Sep 12 2020,2020-09-22 01:03:19+00:00,2874,22,0,437,0.05034324942791762,19.863636363636363,15.970772442588727
That Vegan Teacher,Tiktok Today - Wed Sep 16 2020,2020-09-24 10:01:40+00:00,2288,34,0,305,0.11147540983606558,8.970588235294118,14.816433566433568
That Vegan Teacher,Tiktok Today - Fri Sep 18 2020,2020-09-24 10:01:40+00:00,2630,21,0,424,0.049528301886792456,20.19047619047619,16.920152091254753
That Vegan Teacher,Tiktok Today - Sat Sep 19 2020,2020-09-24 10:01:40+00:00,2735,18,0,369,0.04878048780487805,20.5,14.149908592321756
That Vegan Teacher,Tiktok Today - Tue Sep 15 2020,2020-09-24 10:01:40+00:00,2433,18,0,434,0.041474654377880185,24.11111111111111,18.57788738183313
That Vegan Teacher,Tiktok Today - Wed Sep 23 2020,2020-09-24 11:55:08+00:00,4919,33,0,834,0.039568345323741004,25.272727272727273,17.625533645049806
That Vegan Teacher,Tiktok Today - Mon Sep 21 2020,2020-09-24 11:55:08+00:00,41484,286,0,4511,0.06340057636887608,15.772727272727273,11.563494359271044
That Vegan Teacher,Tiktok Today - Sun Sep 20 2020,2020-09-24 11:55:08+00:00,3563,18,0,617,0.029173419773095625,34.27777777777778,17.82206006174572
That Vegan Teacher,Tiktok Today - Tue Sep 22 2020,2020-09-24 11:55:08+00:00,11409,66,0,1500,0.044,22.727272727272727,13.726005784906652
That Vegan Teacher,Tiktok Today - Mon Oct 05 2020,2020-10-19 01:26:00+00:00,3668,16,0,660,0.024242424242424242,41.25,18.429661941112325
That Vegan Teacher,Tiktok Today - Sat Oct 03 2020,2020-10-19 01:26:00+00:00,7430,31,0,1154,0.026863084922010397,37.225806451612904,15.948855989232841
That Vegan Teacher,Tiktok Today - Wed Sep 30 2020,2020-10-19 01:26:00+00:00,1141,11,0,83,0.13253012048192772,7.545454545454546,8.238387379491673
That Vegan Teacher,Tiktok Today - Thu Sep 17 2020,2020-10-19 01:26:00+00:00,1369,17,0,102,0.16666666666666666,6.0,8.692476260043827
That Vegan Teacher,Tiktok Today - Fri Sep 25 2020,2020-10-19 01:26:00+00:00,2651,27,0,327,0.08256880733944955,12.11111111111111,13.353451527725388
That Vegan Teacher,Tiktok Today - Thu Oct 01 2020,2020-10-19 01:26:00+00:00,1251,12,0,114,0.10526315789473684,9.5,10.071942446043165
That Vegan Teacher,Tiktok Today - Tue Sep 29 2020,2020-10-19 01:26:00+00:00,1089,9,0,112,0.08035714285714286,12.444444444444445,11.11111111111111
That Vegan Teacher,Tiktok Today - Sun Oct 11 2020,2020-10-19 01:26:00+00:00,1404,9,0,160,0.05625,17.77777777777778,12.037037037037036
That Vegan Teacher,Tiktok Today - Mon Sep 28 2020,2020-10-19 01:26:00+00:00,951,10,0,79,0.12658227848101267,7.9,9.35856992639327
That Vegan Teacher,Tiktok Today - Fri Oct 02 2020,2020-10-19 01:26:00+00:00,2356,18,0,332,0.05421686746987952,18.444444444444443,14.855687606112053
That Vegan Teacher,Tiktok Today - Wed Oct 07 2020,2020-10-19 01:26:00+00:00,4813,40,0,687,0.05822416302765648,17.175,15.104924163723249
That Vegan Teacher,Tiktok Today - Sun Oct 04 2020,2020-10-19 01:26:00+00:00,1610,25,0,194,0.12886597938144329,7.76,13.602484472049689
That Vegan Teacher,Tiktok Today - Thu Sep 24 2020,2020-10-19 01:26:00+00:00,1614,15,0,107,0.14018691588785046,7.133333333333334,7.558859975216853
That Vegan Teacher,Tiktok Today - Sun Sep 27 2020,2020-10-19 01:26:00+00:00,1930,19,0,242,0.07851239669421488,12.736842105263158,13.523316062176166
That Vegan Teacher,Tiktok Today - Sat Oct 10 2020,2020-10-19 01:26:00+00:00,1483,11,0,164,0.06707317073170732,14.909090909090908,11.800404585300067
That Vegan Teacher,Tiktok Today - Tue Oct 06 2020,2020-10-19 01:26:00+00:00,1494,18,0,97,0.18556701030927836,5.388888888888889,7.697456492637215
That Vegan Teacher,Tiktok Today - Fri Oct 09 2020,2020-10-19 01:26:00+00:00,1105,10,0,119,0.08403361344537816,11.9,11.67420814479638
That Vegan Teacher,Tiktok Today - Sat Sep 26 2020,2020-10-19 01:26:02+00:00,7763,39,0,1005,0.03880597014925373,25.76923076923077,13.448409120185495
That Vegan Teacher,Tiktok Today - Thu Oct 08 2020,2020-10-19 01:26:21+00:00,24634,162,0,2924,0.05540355677154583,18.049382716049383,12.527401152878138
That Vegan Teacher,Tiktok Today - Thu Oct 15 2020,2020-11-08 10:13:00+00:00,1269,15,0,150,0.1,10.0,13.002364066193852
That Vegan Teacher,Tiktok Today - Tue Oct 13 2020,2020-11-08 10:13:00+00:00,2291,12,0,267,0.0449438202247191,22.25,12.178088171104323
That Vegan Teacher,Tiktok Today - Fri Sep 11 2020,2020-11-08 10:13:00+00:00,1066,12,0,95,0.12631578947368421,7.916666666666667,10.037523452157599
That Vegan Teacher,Tiktok Today - Tue Oct 20 2020,2020-11-08 10:13:00+00:00,1899,15,0,246,0.06097560975609756,16.4,13.744075829383887
That Vegan Teacher,Tiktok Today - Sat Oct 17 2020,2020-11-08 10:13:00+00:00,2097,15,0,275,0.05454545454545454,18.333333333333332,13.829279923700524
That Vegan Teacher,Tiktok Today - Mon Oct 19 2020,2020-11-08 10:13:00+00:00,902,9,0,148,0.060810810810810814,16.444444444444443,17.405764966740577
That Vegan Teacher,Tiktok Today - Sun Oct 18 2020,2020-11-08 10:13:00+00:00,1332,6,0,222,0.02702702702702703,37.0,17.117117117117118
That Vegan Teacher,Tiktok Today - Mon Oct 12 2020,2020-11-08 10:13:00+00:00,1532,14,0,273,0.05128205128205128,19.5,18.733681462140993
That Vegan Teacher,Tiktok Today - Fri Oct 16 2020,2020-11-08 10:13:00+00:00,2651,29,0,384,0.07552083333333333,13.241379310344827,15.579026782346283
That Vegan Teacher,Tiktok Today - Wed Oct 21 2020,2020-11-08 10:13:00+00:00,7215,46,0,964,0.04771784232365145,20.956521739130434,13.998613998614
That Vegan Teacher,Tiktok Today - Wed Oct 14 2020,2020-11-08 10:13:00+00:00,1122,15,0,90,0.16666666666666666,6.0,9.358288770053475
That Vegan Teacher,Tiktok Today - Sat Oct 31 2020,2020-11-15 11:52:55+00:00,1250,12,0,83,0.14457831325301204,6.916666666666667,7.6
That Vegan Teacher,Tiktok Today - Fri Oct 30 2020,2020-11-15 11:52:55+00:00,1216,15,0,113,0.13274336283185842,7.533333333333333,10.526315789473683
That Vegan Teacher,Tiktok Today - Tue Nov 03 2020,2020-11-15 11:52:55+00:00,2751,19,0,238,0.07983193277310924,12.526315789473685,9.342057433660488
That Vegan Teacher,Tiktok Today - Sun Nov 08 2020,2020-11-15 11:52:55+00:00,947,9,0,102,0.08823529411764706,11.333333333333334,11.721224920802534
That Vegan Teacher,Tiktok Today - Sat Nov 07 2020,2020-11-15 11:52:55+00:00,953,5,0,117,0.042735042735042736,23.4,12.801678908709338
That Vegan Teacher,Tiktok Today - Mon Nov 02 2020,2020-11-15 11:52:55+00:00,1278,10,0,88,0.11363636363636363,8.8,7.668231611893583
That Vegan Teacher,Tiktok Today - Tue Oct 27 2020,2020-11-15 11:52:55+00:00,1045,8,0,95,0.08421052631578947,11.875,9.85645933014354
That Vegan Teacher,Tiktok Today - Wed Nov 04 2020,2020-11-15 11:52:55+00:00,901,10,0,84,0.11904761904761904,8.4,10.432852386237514
That Vegan Teacher,Tiktok Today - Mon Oct 26 2020,2020-11-15 11:52:55+00:00,1047,16,0,96,0.16666666666666666,6.0,10.69723018147087
That Vegan Teacher,Tiktok Today - Thu Oct 22 2020,2020-11-15 11:52:55+00:00,2609,22,0,248,0.08870967741935484,11.272727272727273,10.348792640858566
That Vegan Teacher,Tiktok Today - Wed Oct 28 2020,2020-11-15 11:52:55+00:00,1388,24,0,107,0.22429906542056074,4.458333333333333,9.438040345821326
That Vegan Teacher,Tiktok Today - Fri Nov 06 2020,2020-11-15 11:52:57+00:00,2473,19,0,229,0.08296943231441048,12.052631578947368,10.028305701577032
That Vegan Teacher,Tiktok Today - Thu Oct 29 2020,2020-11-15 11:52:57+00:00,1236,17,0,113,0.1504424778761062,6.647058823529412,10.517799352750808
That Vegan Teacher,Tiktok Today - Thu Nov 05 2020,2020-11-15 11:53:15+00:00,1468,17,0,111,0.15315315315315314,6.529411764705882,8.71934604904632
That Vegan Teacher,Tiktok Today - Sat Oct 24 2020,2020-11-15 11:53:15+00:00,1781,21,0,128,0.1640625,6.095238095238095,8.366086468276249
That Vegan Teacher,Tiktok Today - Fri Oct 23 2020,2020-11-15 11:53:15+00:00,1320,15,0,99,0.15151515151515152,6.6,8.636363636363637
That Vegan Teacher,Tiktok Today - Sun Nov 01 2020,2020-11-15 11:53:16+00:00,2559,32,0,337,0.09495548961424333,10.53125,14.419695193434936
That Vegan Teacher,Tiktok Today - Sun Oct 25 2020,2020-11-15 11:53:16+00:00,1825,23,0,171,0.13450292397660818,7.434782608695652,10.63013698630137
That Vegan Teacher,Tiktok Today - Mon Nov 09 2020,2020-11-16 11:06:18+00:00,3954,27,0,402,0.06716417910447761,14.88888888888889,10.849772382397573
That Vegan Teacher,Tiktok Today - Sat Nov 14 2020,2020-11-16 11:06:18+00:00,3358,23,0,388,0.059278350515463915,16.869565217391305,12.239428231089935
That Vegan Teacher,Tiktok Today - Fri Nov 13 2020,2020-11-16 11:06:18+00:00,2615,19,0,266,0.07142857142857142,14.0,10.89866156787763
That Vegan Teacher,Tiktok Today - Wed Nov 11 2020,2020-11-16 11:06:18+00:00,3104,25,0,299,0.08361204013377926,11.96,10.438144329896907
That Vegan Teacher,Tiktok Today - Thu Nov 12 2020,2020-11-16 11:06:18+00:00,1528,13,0,173,0.07514450867052024,13.307692307692308,12.172774869109947
That Vegan Teacher,Tiktok Today - Tue Nov 10 2020,2020-11-16 11:06:19+00:00,3538,28,0,387,0.07235142118863049,13.821428571428571,11.729790842283776
That Vegan Teacher,Tiktok Today - Sun Nov 15 2020,2020-11-17 09:09:19+00:00,3114,37,0,331,0.11178247734138973,8.945945945945946,11.817597944765575
That Vegan Teacher,Tiktok Today - Mon Nov 16 2020,2020-11-18 11:02:00+00:00,3578,34,0,425,0.08,12.5,12.828395751816657
That Vegan Teacher,Tiktok Today - Tue Nov 17 2020,2020-11-19 11:27:50+00:00,1836,25,0,209,0.11961722488038277,8.36,12.745098039215685
That Vegan Teacher,Tiktok Today - Wed Nov 18 2020,2020-11-19 11:27:50+00:00,2633,30,0,326,0.09202453987730061,10.866666666666667,13.520698822635776
That Vegan Teacher,Response to @jorobe,2020-11-19 23:17:02+00:00,19336,186,0,1499,0.12408272181454302,8.059139784946236,8.714315266859742
That Vegan Teacher,Tiktok Today - Thu Nov 19 2020,2020-11-20 12:09:25+00:00,4414,54,0,425,0.12705882352941175,7.87037037037037,10.851835070231083
That Vegan Teacher,Tiktok Today - Fri Nov 20 2020,2020-11-21 12:36:41+00:00,5488,49,0,576,0.08506944444444445,11.755102040816327,11.388483965014577
That Vegan Teacher,Happy Vegan Pride Day,2020-11-21 13:16:05+00:00,17289,163,0,1423,0.11454673225579762,8.730061349693251,9.173462895482677
That Vegan Teacher,Tiktok Today - Sat Nov 21 2020,2020-11-22 19:43:10+00:00,5105,54,0,554,0.09747292418772563,10.25925925925926,11.909892262487757
That Vegan Teacher,Tiktok Today - Sun Nov 22 2020,2020-11-23 17:40:09+00:00,5922,68,0,631,0.10776545166402536,9.279411764705882,11.803444782168187
That Vegan Teacher,Tiktok Today - Mon Nov 23 2020,2020-11-26 02:09:59+00:00,4294,59,0,445,0.13258426966292136,7.5423728813559325,11.737307871448532
That Vegan Teacher,Tiktok Today - Tue Nov 24 2020,2020-11-27 12:01:43+00:00,4017,36,0,396,0.09090909090909091,11.0,10.75429424943988
That Vegan Teacher,Tiktok Today - Wed Nov 25 2020,2020-11-28 02:37:00+00:00,6275,54,0,747,0.07228915662650602,13.833333333333334,12.764940239043826
That Vegan Teacher,Tiktok Today - Thu Nov 26 2020,2020-11-30 01:37:05+00:00,6914,91,0,822,0.11070559610705596,9.032967032967033,13.205091119467745
That Vegan Teacher,"Veganphobia Is Hurting Us, So Veganphobia is Hurting Them",2020-12-02 18:06:12+00:00,31418,268,0,3134,0.08551372048500319,11.694029850746269,10.828187663123051
That Vegan Teacher,Tiktok Today - Fri Nov 27 2020,2020-12-03 01:32:57+00:00,8519,78,0,944,0.0826271186440678,12.102564102564102,11.99671322925226
That Vegan Teacher,Tiktok Today - Sun Nov 29 2020,2020-12-05 01:14:49+00:00,3841,36,0,494,0.0728744939271255,13.722222222222221,13.7984899765686
That Vegan Teacher,Tiktok Today - Tue Dec 01 2020,2020-12-06 01:11:23+00:00,5132,40,0,627,0.06379585326953748,15.675,12.996882307092752
That Vegan Teacher,Tiktok Today - Thu Dec 03 2020,2020-12-09 01:45:57+00:00,3423,25,0,305,0.08196721311475409,12.2,9.640666082383873
That Vegan Teacher,Tiktok Today - Wed Dec 02 2020,2020-12-09 01:46:07+00:00,3876,36,0,401,0.08977556109725686,11.13888888888889,11.27450980392157
That Vegan Teacher,Tiktok Today - Fri Dec 04 2020,2020-12-11 01:31:46+00:00,4094,48,0,382,0.1256544502617801,7.958333333333333,10.503175378602833
That Vegan Teacher,Tiktok Today - Sat Dec 05 2020,2020-12-11 12:38:47+00:00,4307,34,0,420,0.08095238095238096,12.352941176470589,10.540979800325053
That Vegan Teacher,Tiktok Today - Sun Dec 06 2020,2020-12-12 01:46:26+00:00,7681,59,0,720,0.08194444444444444,12.203389830508474,10.141908605650306
That Vegan Teacher,Tiktok Today - Mon Dec 07 2020,2020-12-12 14:43:17+00:00,5548,40,0,584,0.0684931506849315,14.6,11.24729632299928
That Vegan Teacher,Tiktok Today - Tue Dec 08 2020,2020-12-13 00:00:06+00:00,6967,60,0,780,0.07692307692307693,13.0,12.056839385675326
That Vegan Teacher,Tiktok Today - Wed Dec 09 2020,2020-12-13 15:00:10+00:00,7390,49,0,726,0.0674931129476584,14.816326530612244,10.487144790257103
That Vegan Teacher,Tiktok Today - Thu Dec 10 2020,2020-12-14 00:30:11+00:00,13401,66,0,1008,0.06547619047619048,15.272727272727273,8.014327289008282
That Vegan Teacher,Billie Eilish Censored on TikTok.,2020-12-14 14:06:14+00:00,233540,3796,0,11258,0.3371824480369515,2.9657534246575343,6.446004967029202
That Vegan Teacher,Ep.1 - Ethan Trace is a Disgrace - Sound banned by TikTok: Miss Kadie denounces Ethan Trace.,2020-12-18 01:23:57+00:00,45829,345,0,3359,0.10270913962488835,9.736231884057972,8.082218682493618
That Vegan Teacher,"Miss Kadie responds to TikTok questions & comments - Dec 25, 2020",2020-12-26 02:51:54+00:00,23498,194,0,1801,0.10771793448084398,9.283505154639176,8.490084262490424
That Vegan Teacher,What’s On Your Plate?,2020-12-28 04:50:03+00:00,36491,262,0,3156,0.08301647655259822,12.045801526717558,9.366693157216847
That Vegan Teacher,About Tommy Innit and his insane fans.,2021-01-01 01:43:11+00:00,627500,3437,0,99270,0.0346227460461368,28.88274658132092,16.367649402390438
That Vegan Teacher,Nothing Dazzling About Daz Games,2021-01-03 02:53:51+00:00,488853,2597,0,76861,0.03378826713157518,29.596072391220638,16.253965916134298
That Vegan Teacher,Veganphobic Glider Guy Is At It Again,2021-01-06 01:46:55+00:00,53814,371,0,5307,0.06990766911626155,14.304582210242588,10.551157691307095
That Vegan Teacher,My Bacon Video Was Banned From TikTok.,2021-01-06 03:52:55+00:00,45966,367,0,2845,0.1289982425307557,7.752043596730245,6.98777357177044
That Vegan Teacher,This video was temporarily banned from TikTok. I submitted an appeal so it should be back shortly.,2021-01-07 00:12:20+00:00,68285,406,0,3777,0.10749271908922425,9.30295566502463,6.125796294940324
That Vegan Teacher,"Isaac Butterfield, Freelee the BananaGirl, Derpion, Unnatural Vegan, John Robert Bell, CosmicSkeptic",2021-01-07 10:37:20+00:00,31086,214,0,1954,0.10951893551688843,9.130841121495328,6.974200604773853
That Vegan Teacher,"Animals are NOT ours to eat, wear or use.",2021-01-08 03:25:43+00:00,54864,324,0,3452,0.09385863267670916,10.654320987654321,6.882473024205307
That Vegan Teacher,Isaac Butterfield Is becoming Vegan!! Shhh....Don’t tell anyone!,2021-01-08 17:37:29+00:00,55621,0,0,3910,0.0,,7.029718991028569
That Vegan Teacher,“We’re about to riot!” Darth Games threatens That Vegan Teacher,2021-01-10 01:04:49+00:00,126319,570,0,17531,0.03251383263932463,30.756140350877192,14.329594122816044
That Vegan Teacher,That Vegan Teacher Educates JDFilms,2021-01-10 21:42:28+00:00,37382,270,0,2987,0.09039169735520589,11.062962962962963,8.712749451607724
That Vegan Teacher,That Vegan Teacher Sings to Ablaze,2021-01-11 23:22:53+00:00,48657,306,0,3581,0.08545099134320022,11.702614379084967,7.988573072733625
That Vegan Teacher,That Vegan Teacher Responds To iNabber,2021-01-12 17:58:09+00:00,98456,643,0,12045,0.053383146533831465,18.732503888024883,12.886974892337694
That Vegan Teacher,What Happens to Baby Boy Chicks?,2021-01-13 17:11:29+00:00,31543,208,0,2548,0.08163265306122448,12.25,8.737279269568525
That Vegan Teacher,Let's Evaluate D’Angelo Wallace’s Oral Presentation!,2021-01-14 23:30:24+00:00,38178,226,0,4472,0.050536672629695883,19.787610619469028,12.305516265912306
That Vegan Teacher,Canada Goose - Cruelty In Every Stitch,2021-01-15 16:56:34+00:00,20320,0,0,1703,0.0,,8.380905511811024
That Vegan Teacher,"Eating Animals Is Wrong, Trisha Paytas",2021-01-17 05:11:24+00:00,69662,444,0,6578,0.06749771967163272,14.815315315315315,10.080101059401109
That Vegan Teacher,Vegetarianism: D’Angelo Wallace Misunderstood Me,2021-01-17 20:50:58+00:00,43308,271,0,4440,0.06103603603603604,16.383763837638377,10.87789784797266
That Vegan Teacher,"Isaac Butterfield, That Meat Teacher, Freelee The Banana Girl, & Mic The Vegan",2021-01-19 17:00:10+00:00,35259,229,0,2929,0.07818368043700921,12.790393013100436,8.956578462236592
That Vegan Teacher,Ode To Chef Ramsay - Banned From TikTok,2021-01-20 01:34:57+00:00,71533,502,0,7558,0.0664196877480815,15.055776892430279,11.267526875707716
That Vegan Teacher,Response to Unnatural Vegan’s “Part 1” Video,2021-01-20 21:18:03+00:00,28790,0,0,2880,0.0,,10.003473428273706
That Vegan Teacher,"This video, posted on October 17, 2020, about the subject of ""coming out"" was banned from TikTok.",2021-01-21 01:05:32+00:00,146344,1135,0,13707,0.08280440650762384,12.076651982378854,10.141857541135954
That Vegan Teacher,Apparently I’ve Been Arrested,2021-01-22 02:22:15+00:00,199154,2037,0,17596,0.1157649465787679,8.638193421698576,9.858200186790123
That Vegan Teacher,Queer Kiwi Is Not A Real Vegan,2021-01-24 01:53:21+00:00,72524,497,0,11523,0.043131129046255316,23.185110663983902,16.573823837626165
That Vegan Teacher,"About Cosmic Skeptic, Alex O’Connor",2021-01-25 01:30:10+00:00,22455,0,0,2176,0.0,,9.690492095301714
That Vegan Teacher,Behind The Scenes Of My TikTok Account,2021-01-26 23:30:10+00:00,46456,356,0,5652,0.0629865534324133,15.876404494382022,12.932667470294474
That Vegan Teacher,We Have Kovid!,2021-01-28 02:15:10+00:00,47100,442,0,6646,0.06650616912428528,15.036199095022624,15.048832271762208
That Vegan Teacher,Dr. Todd Grande's Cognitive Dissonance,2021-01-29 04:02:11+00:00,15976,197,0,2697,0.07304412309974045,13.690355329949238,18.11467200801202
That Vegan Teacher,"Is VegCeps, a Black Vegan, Anti-Semitic?!",2021-01-29 20:26:58+00:00,31093,225,0,4548,0.04947229551451187,20.213333333333335,15.350722027465988
That Vegan Teacher,"Martha, Mabel and My Kitchen Table",2021-01-30 03:39:24+00:00,28201,235,0,3907,0.060148451497312516,16.625531914893617,14.68742243182866
That Vegan Teacher,Unnatural Vegan Fails Bravery School,2021-01-31 03:03:24+00:00,38328,0,0,4000,0.0,,10.436234606553956
That Vegan Teacher,Russell Brand Should Dump His Wife,2021-02-01 05:04:30+00:00,35581,0,0,3930,0.0,,11.04522076389084
That Vegan Teacher,"Yes, Pancho, I Ate Meat!",2021-02-02 01:23:07+00:00,2497662,0,0,158580,0.0,,6.349137713589749
That Vegan Teacher,Did You Paint Your Jeans Yet?,2021-02-02 17:09:08+00:00,27342,0,0,3178,0.0,,11.623143881208398
That Vegan Teacher,I Have A Spotify Account!,2021-02-03 15:15:09+00:00,24405,0,0,2804,0.0,,11.489448883425528
That Vegan Teacher,Miss Kadie Gives Scrubby A Scrubbing,2021-02-03 22:31:22+00:00,47666,0,0,5720,0.0,,12.00016783451517
That Vegan Teacher,Kovid Update: New Home!,2021-02-05 00:56:50+00:00,31306,387,0,3948,0.0980243161094225,10.2015503875969,13.847185842969397
That Vegan Teacher,Oompaville: Suspended For 22 Days,2021-02-07 04:53:32+00:00,55971,546,0,6031,0.09053225004145249,11.045787545787546,11.750728055600222
That Vegan Teacher,Veganphobia: Bullying Animal Rights Activists,2021-02-07 18:45:01+00:00,39974,0,0,5112,0.0,,12.78831240306199
That Vegan Teacher,John Robert Bell Fails Sunday School,2021-02-08 23:30:14+00:00,14385,0,0,1681,0.0,,11.685783802572123
That Vegan Teacher,AvantGardeVegan Meets Gary Yourofsky,2021-02-09 01:30:27+00:00,15526,0,0,1847,0.0,,11.89617415947443
That Vegan Teacher,Gordon Ramsay: Stop Encouraging People to Steal,2021-02-11 04:58:28+00:00,49643,0,0,5611,0.0,,11.30270128719054
That Vegan Teacher,"Glider Guy The ""Vegan"" Spy.",2021-02-11 21:45:12+00:00,88287,0,0,7978,0.0,,9.036437980676656
That Vegan Teacher,Derpion's Report Card: Learn From Gary Yourofsky,2021-02-12 22:00:14+00:00,20135,0,0,2017,0.0,,10.017382666997765
That Vegan Teacher,Sam Harris Vs Lifting Vegan Logic,2021-02-14 23:30:24+00:00,18507,0,0,2025,0.0,,10.941805803209597
That Vegan Teacher,Kovid Being Clever & Bella Being Cute,2021-02-15 18:46:23+00:00,25345,0,0,2321,0.0,,9.157624778062734
That Vegan Teacher,Pancho Vs Charli D'Amelio,2021-02-15 21:30:11+00:00,534902,0,0,43722,0.0,,8.173833711595769
That Vegan Teacher,Eat Pizza. Change Your Religion.,2021-02-17 22:15:15+00:00,82613,0,0,7469,0.0,,9.040949971554115
That Vegan Teacher,Earthling Ed Is A Coward,2021-02-19 02:46:41+00:00,58101,0,0,4330,0.0,,7.452539543209238
That Vegan Teacher,Pancho Is Up Against V-gan Booty. Guess Who Wins?,2021-02-19 21:57:57+00:00,79785,0,0,5112,0.0,,6.4072194021432605
That Vegan Teacher,Please Go Support David Ramms Right Now!,2021-02-20 16:02:44+00:00,34127,0,0,2669,0.0,,7.820787060099042
That Vegan Teacher,"Guest Appearance By ""That Other"" Vegan Teacher",2021-02-22 03:36:25+00:00,20608,0,0,1919,0.0,,9.311917701863354
That Vegan Teacher,Vegan Is Love,2021-02-22 17:00:14+00:00,27621,0,0,3290,0.0,,11.911226964990405
That Vegan Teacher,How Do You Want To Be Spoken To?,2021-02-22 21:45:28+00:00,46685,0,0,5118,0.0,,10.96283602870301
That Vegan Teacher,Censorship: Why Good People Must Rise Up And Speak Out,2021-02-23 15:45:46+00:00,260034,0,0,38279,0.0,,14.72076728427821
That Vegan Teacher,FOX NEWS: Exposing the Lies,2021-02-24 19:31:45+00:00,116509,0,0,14985,0.0,,12.861667339003855
That Vegan Teacher,Movie Night: Joey Carbstrong's Latest Video,2021-02-25 01:35:47+00:00,41053,0,0,4201,0.0,,10.233113292573016
That Vegan Teacher,Should YouTubers Cry On Camera?,2021-02-25 16:06:36+00:00,58803,0,0,5532,0.0,,9.407683281465232
That Vegan Teacher,Eat Beans Not Bacon,2021-02-26 03:56:04+00:00,36866,390,0,4297,0.09076099604375146,11.017948717948718,12.713611457711712
That Vegan Teacher,Exposing Lerix's Multiple Lies,2021-02-26 20:15:13+00:00,38478,0,0,3725,0.0,,9.680856593378035
That Vegan Teacher,"KFC, Mc Donald's & Animal-Rights Activism",2021-02-27 01:00:14+00:00,43736,0,0,3880,0.0,,8.871410279860983
That Vegan Teacher,New York Post Lies & Veganphobia,2021-02-27 16:30:25+00:00,27480,0,0,2431,0.0,,8.846433770014556
That Vegan Teacher,"Racism, Homophobia and Vegans Losing Their Minds",2021-02-28 03:40:28+00:00,97645,0,0,8288,0.0,,8.487889804905526
That Vegan Teacher,What Does a Super-Model With 1 Million IG Followers Know About Animals?,2021-02-28 21:15:32+00:00,29948,0,0,2192,0.0,,7.319353546146654
That Vegan Teacher,Describe It To Show You Care.,2021-03-01 02:00:14+00:00,17481,0,0,1654,0.0,,9.461701275670729
That Vegan Teacher,Ep.2 - Ethan Trace is a Disgrace.,2021-03-01 17:45:16+00:00,65981,0,0,6672,0.0,,10.11200193995241
That Vegan Teacher,Don’t Teach Kids To Hit Animals!,2021-03-02 02:00:20+00:00,63657,0,0,5313,0.0,,8.346293416277865
That Vegan Teacher,Freelee The Banana Girl Gets an A+ for Her Presentation,2021-03-02 04:39:31+00:00,33221,0,0,2413,0.0,,7.263477920592397
That Vegan Teacher,ARE YOU RACIST?,2021-03-02 20:15:15+00:00,2676383,0,0,168348,0.0,,6.290131120994268
That Vegan Teacher,Are You Worried About Censorship?,2021-03-03 04:22:11+00:00,257333,0,0,24485,0.0,,9.514908698068261
That Vegan Teacher,D'Angelo Wallace: Veganphobia + Animal Abuse,2021-03-03 17:00:13+00:00,67521,368,0,9059,0.04062258527431284,24.616847826086957,13.961582322536692
That Vegan Teacher,Guess How Many? Eat Dates Not Dogs,2021-03-04 17:14:46+00:00,36854,255,0,4159,0.06131281558066843,16.309803921568626,11.976990285993379
That Vegan Teacher,This account was taken down right after this video.,2021-03-04 23:30:11+00:00,36404,0,0,3077,0.0,,8.452367871662455
That Vegan Teacher,"Veganphobia: Banned (again) March 4, 2021 for talking about saving baby cows.",2021-03-05 02:15:14+00:00,94552,0,0,8157,0.0,,8.626998900076147
That Vegan Teacher,Daz Games & Canada Goose Cruelty,2021-03-05 21:00:10+00:00,60165,0,0,5393,0.0,,8.963683204520901
That Vegan Teacher,Counting Clementines + Eating Vegan Ice Cream,2021-03-06 21:16:01+00:00,19920,0,0,1761,0.0,,8.840361445783133
That Vegan Teacher,"God, Dream & My New TikTok Account",2021-03-07 02:45:14+00:00,254359,0,0,26590,0.0,,10.453728784906373
That Vegan Teacher,Is David Ramms a Racist Vegan?,2021-03-08 00:15:15+00:00,39996,0,0,3739,0.0,,9.348434843484348
That Vegan Teacher,"TikTok Today - Questioning Our Thoughts - 13,000 Followers",2021-03-09 00:15:13+00:00,33900,0,6,3139,0.0,,9.277286135693215
That Vegan Teacher,Riding Horses: RaleighLink14 Vs Ren Hurst,2021-03-09 18:15:13+00:00,39977,242,0,4711,0.05136913606452982,19.46694214876033,12.389624033819446
That Vegan Teacher,"Vegan Cats, TikTok & Chocolate Chip Banana Bread",2021-03-10 01:30:28+00:00,27548,0,1,2538,0.0,,9.216640046464352
That Vegan Teacher,100 “Clicks”? Wtf Does THAT mean?,2021-03-10 20:09:36+00:00,18312,0,5,2018,0.0,,11.047400611620795
That Vegan Teacher,Why Is Charli D'Amelio So Famous?,2021-03-11 01:21:23+00:00,103334,0,84,6036,0.0,,5.9225424352100955
That Vegan Teacher,"Baby Cows, Vganbooty, Vystopia & Hugs",2021-03-11 21:04:08+00:00,23042,0,6,2032,0.0,,8.844718340421839
That Vegan Teacher,Asexuality - Jammidodger Fails Ethics Class (again)!,2021-03-12 16:00:14+00:00,33463,0,1,2984,0.0,,8.920300032872127
That Vegan Teacher,"Update: Kovid, The House Mouse!",2021-03-12 18:15:53+00:00,19066,0,5,1715,0.0,,9.021294450854924
That Vegan Teacher,Is Glider Guy Racist?,2021-03-13 18:00:24+00:00,132875,0,6,10435,0.0,,7.857761053621825
That Vegan Teacher,Pancho Vs Those Annoying Vegans,2021-03-14 01:00:24+00:00,47746,0,6,3938,0.0,,8.260377832698026
That Vegan Teacher,"Meghan Markle, Charlie Hebdo, Racism, Art & Censorship",2021-03-15 01:30:13+00:00,17069,0,7,1432,0.0,,8.430488019216122
That Vegan Teacher,About The TikTok Kids Who Stopped Breathing,2021-03-15 17:30:11+00:00,28054,0,6,1906,0.0,,6.815427390033507
That Vegan Teacher,Counting Fusillis! Guess How Many?,2021-03-15 22:15:16+00:00,12723,0,3,1131,0.0,,8.912992218816317
That Vegan Teacher,Oompaville Wants Me On TikTok!,2021-03-16 16:45:14+00:00,17473,0,4,1481,0.0,,8.498826761288845
That Vegan Teacher,"Deep Vegan, (The Mature Truth-Teller), VS Maison, (The Deluded Child)",2021-03-16 22:00:13+00:00,29262,0,7,2598,0.0,,8.902330667760234
That Vegan Teacher,Kovid The Mouse Update,2021-03-17 11:50:22+00:00,13246,264,0,1812,0.1456953642384106,6.863636363636363,15.672655896119583
That Vegan Teacher,Bella Vegan Dog Eats A Rabbit!,2021-03-17 14:30:16+00:00,194042,2418,0,16760,0.14427207637231504,6.9313482216708024,9.883427299244493
That Vegan Teacher,Max's TikTok Report Card,2021-03-17 23:15:15+00:00,25250,0,5,2360,0.0,,9.366336633663366
That Vegan Teacher,Billie Eilish vs David Ramms: Who Is Bravest?,2021-03-18 22:45:13+00:00,346260,0,18,23892,0.0,,6.905215733841621
That Vegan Teacher,Vegan Donuts,2021-03-19 01:00:12+00:00,21891,0,1,1533,0.0,,7.007445982367183
That Vegan Teacher,Ep.3 - Ethan Trace is a Disgrace - But Invited Me To His BBQ!,2021-03-19 02:45:12+00:00,24986,0,17,2154,0.0,,8.688865764828304
That Vegan Teacher,"When Animals Suffer, Go Closer",2021-03-19 19:30:14+00:00,43591,0,2,3375,0.0,,7.747011997889472
That Vegan Teacher,When To Shut Up,2021-03-21 00:45:13+00:00,34601,0,9,2792,0.0,,8.095141758908703
That Vegan Teacher,TikTok Today,2021-03-21 11:00:13+00:00,34379,0,4,2371,0.0,,6.9082870356903925
That Vegan Teacher,Bella Vegan Dog And Her Friends!,2021-03-21 14:30:13+00:00,21575,0,3,1888,0.0,,8.764774044032444
That Vegan Teacher,Anna Oop Made Me Cry,2021-03-22 00:45:11+00:00,1242944,0,27,67294,0.0,,5.416253668709129
That Vegan Teacher,"It Takes 100 ""Clicks"" Until You're Vegan - Where Are You At, Compared To Cosmic Skeptic?",2021-03-22 22:15:39+00:00,37038,0,4,2972,0.0,,8.034991090231653
That Vegan Teacher,Vegan Art and Happiness,2021-03-23 19:00:15+00:00,10614,0,0,1231,0.0,,11.597889579800263
That Vegan Teacher,"Merch, Animal Testing & Fake Discord Account",2021-03-24 01:15:11+00:00,19914,0,7,1635,0.0,,8.245455458471428
That Vegan Teacher,Would you have banned this video? Why or why not?,2021-03-24 16:46:59+00:00,24889,0,6,2131,0.0,,8.586122383382216
That Vegan Teacher,Ep.4 - Ethan Trace is a Disgrace - Again.,2021-03-24 21:45:13+00:00,31959,0,5,2836,0.0,,8.889514690697457
That Vegan Teacher,Kovid 2 (another mouse!) has arrived!,2021-03-25 15:00:19+00:00,13080,0,5,1009,0.0,,7.752293577981652
That Vegan Teacher,Which one of these are YOU?,2021-03-26 00:00:14+00:00,6394,0,7,610,0.0,,9.64967156709415
That Vegan Teacher,Kovid 1 and Kovid 2 Are Friends,2021-03-26 02:14:42+00:00,14948,0,4,1129,0.0,,7.57960931228258
That Vegan Teacher,How Gordon Ramsay Is Like Hitler & How That Makes Me Cry,2021-03-26 16:00:12+00:00,269999,0,8,23125,0.0,,8.567809510405594
That Vegan Teacher,Follow Rob Banks on Instagram,2021-03-27 04:00:28+00:00,11538,0,4,847,0.0,,7.375628358467671
That Vegan Teacher,Happy Ukelele Time & The 4 Agreements!,2021-03-27 16:15:14+00:00,14754,0,11,1139,0.0,,7.79449640775383
That Vegan Teacher,Grocery Shopping With Miss Kadie,2021-03-27 19:00:15+00:00,34705,0,5,1762,0.0,,5.091485376746866
That Vegan Teacher,9 Lies From Veganphobic Anna Oop,2021-03-28 15:00:17+00:00,41402,0,4,2890,0.0,,6.990000483068451
That Vegan Teacher,Can You Guess Which Dogs Are Vegan?,2021-03-28 22:30:14+00:00,18754,0,2,1716,0.0,,9.160712381358643
That Vegan Teacher,Ep.5 - Ethan Trace is a Disgrace,2021-03-29 16:30:12+00:00,18253,0,7,1375,0.0,,7.571358132909658
That Vegan Teacher,Glider Guy Attacks My Colleague!,2021-03-29 21:00:14+00:00,25374,0,7,1820,0.0,,7.200283755024829
That Vegan Teacher,Good Morning Little Mice!,2021-03-30 12:15:26+00:00,14867,0,5,917,0.0,,6.201654671419924
That Vegan Teacher,A Black Woman's Opinion,2021-03-30 18:00:14+00:00,26628,0,13,2133,0.0,,8.059185819438186
That Vegan Teacher,Hooray! Great Vegan News!,2021-03-31 15:30:15+00:00,9297,0,30,662,0.0,,7.443261267075401
That Vegan Teacher,Vegan Food and a Thank-you Card from  Daniel!,2021-03-31 16:15:14+00:00,8050,0,0,629,0.0,,7.813664596273292
That Vegan Teacher,I Hate Oompaville!,2021-03-31 22:30:12+00:00,79166,0,5,5709,0.0,,7.217744991536771
That Vegan Teacher,Why Is Ben Shapiro Not Vegan Yet?!,2021-04-01 01:00:13+00:00,29472,0,4,1669,0.0,,5.67657437567861
That Vegan Teacher,My Vegan Friend Died Here,2021-04-01 11:00:22+00:00,20316,0,8,1102,0.0,,5.463673951565269
That Vegan Teacher,Why Save Some Pigs But Eat Others?,2021-04-01 13:30:16+00:00,19674,0,0,1731,0.0,,8.798414150655688
That Vegan Teacher,How To Save A Chicken’s Life,2021-04-01 21:15:13+00:00,27984,0,10,1977,0.0,,7.100485991995425
That Vegan Teacher,TikTok Today: Woohoo! My Latest Account Is Still Up!,2021-04-02 20:30:32+00:00,20100,283,8,2727,0.10377704437110377,9.636042402826854,15.014925373134327
That Vegan Teacher,Why Are There Raisins In There?!,2021-04-02 22:30:14+00:00,13580,0,6,1213,0.0,,8.976435935198822
That Vegan Teacher,Leon Lush Fails Ethics 101,2021-04-03 18:45:15+00:00,26249,0,5,1776,0.0,,6.7850203817288275
That Vegan Teacher,Happy Pet Path This Morning!,2021-04-04 14:15:24+00:00,7563,0,5,622,0.0,,8.290360967869894
That Vegan Teacher,Who Put This Graffiti Here?!,2021-04-04 23:15:12+00:00,22950,0,5,1746,0.0,,7.629629629629629
That Vegan Teacher,Did They Just Ban My 57Raisins TikTok Account?,2021-04-05 02:00:17+00:00,26576,0,5,1857,0.0,,7.00632149307646
That Vegan Teacher,Why Does Curtis Price Hate Animals So Much?,2021-04-05 16:00:15+00:00,24489,0,10,1251,0.0,,5.149250683980563
That Vegan Teacher,Phytochemicals and the 2 Kovids (Our House Mice!),2021-04-05 21:00:14+00:00,6288,0,5,531,0.0,,8.524173027989821
That Vegan Teacher,Speciesism & Gary Yourofsky Report Card,2021-04-06 11:00:16+00:00,7385,0,2,619,0.0,,8.408937034529451
That Vegan Teacher,"No, H!tler Was Not Vegetarian, Michael, Knowles!",2021-04-06 16:00:18+00:00,22498,243,10,2015,0.1205955334987593,8.292181069958847,10.080896079651524
That Vegan Teacher,What I Eat &  Why I Don’t Drink Cow’s Milk,2021-04-06 21:00:14+00:00,19129,0,73,1276,0.0,,7.052119818077266
That Vegan Teacher,Making Oatmeal With BellaVeganDog,2021-04-07 16:00:17+00:00,18703,0,9,1287,0.0,,6.929369619847084
That Vegan Teacher,Big Bad Vegan Gains & His Vegan Cat,2021-04-08 00:00:17+00:00,14608,0,17,1045,0.0,,7.26998904709748
That Vegan Teacher,"TikTok Today: Racism, Veganphobia & Homophobia",2021-04-08 16:15:14+00:00,26538,0,11,1639,0.0,,6.217499434772779
That Vegan Teacher,BellaVeganDog's First Time Back in the Lake!,2021-04-08 20:45:14+00:00,10725,157,14,1124,0.1396797153024911,7.159235668789809,12.074592074592076
That Vegan Teacher,"Great News! Less Fur, More Vegan Donuts!",2021-04-09 16:15:14+00:00,6156,0,10,453,0.0,,7.5211176088369065
That Vegan Teacher,Miss Kadie Plays Guitar & Sings,2021-04-09 20:30:17+00:00,8221,0,29,517,0.0,,6.6415277946721805
That Vegan Teacher,Feeling Sad... Saying Goodbye To My 2 Little Mice,2021-04-09 21:30:34+00:00,15810,0,10,955,0.0,,6.103731815306768
That Vegan Teacher,For Despicable DazGames From The Amazing Animals,2021-04-10 22:15:15+00:00,33124,0,9,1983,0.0,,6.013766453326893
That Vegan Teacher,Veganphobia & Vandalism on Happy Pet Path Today: Police Were Called,2021-04-11 23:15:15+00:00,9039,0,5,771,0.0,,8.585020466865803
That Vegan Teacher,Smart People Eat This & Learn This,2021-04-12 16:00:15+00:00,4959,79,11,553,0.14285714285714285,7.0,12.966323855616052
That Vegan Teacher,14 Animals in 60 Seconds,2021-04-12 21:15:13+00:00,14650,0,15,868,0.0,,6.027303754266212
That Vegan Teacher,Teenage Boy Apologized & Fixed Happy Pet Path!,2021-04-13 00:15:14+00:00,9064,0,6,616,0.0,,6.862312444836717
That Vegan Teacher,Daz Games Just Challenged Me To A Debate in the UK!,2021-04-13 03:58:20+00:00,18559,0,12,1266,0.0,,6.88614688291395
That Vegan Teacher,Does Ben Shapiro Believe In Unicorns?,2021-04-13 16:00:14+00:00,9270,0,14,644,0.0,,7.098166127292341
That Vegan Teacher,Don't Be Like D'Angelo Wallace,2021-04-14 00:15:17+00:00,17567,0,9,1326,0.0,,7.599476290772471
That Vegan Teacher,How To Talk So Kids Will Listen!,2021-04-14 16:00:31+00:00,8458,0,7,648,0.0,,7.744147552612911
That Vegan Teacher,Vegan Cats And The Angriest Vegan On The Planet,2021-04-14 22:30:15+00:00,11513,0,8,790,0.0,,6.931295057760792
That Vegan Teacher,Paint Your Table,2021-04-15 14:15:14+00:00,5887,0,5,438,0.0,,7.525055206386955
That Vegan Teacher,Are YOU Getting Enough PROTEIN?,2021-04-15 22:00:16+00:00,7353,0,7,473,0.0,,6.527947776417789
That Vegan Teacher,Why Is Doctor Mike Such A Wimp?,2021-04-16 02:30:13+00:00,371933,0,21,21202,0.0,,5.706135244788712
That Vegan Teacher,Isaac Butterfield VS Earthling Ed,2021-04-16 16:45:27+00:00,8129,158,20,750,0.21066666666666667,4.746835443037975,11.41591831713618
That Vegan Teacher,"WTF IS ""WHITE VEGANISM""?",2021-04-16 21:45:30+00:00,17668,0,374,1162,0.0,,8.693683495585239
That Vegan Teacher,Spinach For Breakfast?,2021-04-18 13:00:13+00:00,13765,0,4,911,0.0,,6.647293861242281
That Vegan Teacher,Meet That New Vegan Teacher: Pat!,2021-04-18 22:00:16+00:00,11476,0,12,759,0.0,,6.718368769606134
That Vegan Teacher,Look What’s In The Mouse Trap,2021-04-19 16:00:07+00:00,11986,0,0,833,0.0,,6.949774737193392
That Vegan Teacher,Exposing The BS They Teach In Schools,2021-04-20 16:15:14+00:00,17763,0,7,1292,0.0,,7.312953892923494
That Vegan Teacher,Making Vegan Banana Bread!,2021-04-21 20:00:17+00:00,10165,0,5,916,0.0,,9.060501721593704
That Vegan Teacher,Why Did Veganphobic D'Angelo Wallace Made That Vegan Teacher Cry?,2021-04-22 16:00:19+00:00,59159,0,11,1852,0.0,,3.1491404520022312
That Vegan Teacher,Evaluating Isaac Butterfield's Latest Oral Presentation,2021-04-22 21:00:18+00:00,26517,0,4,1664,0.0,,6.290304333069352
That Vegan Teacher,Equestrian RaleighLink14 Fails Again,2021-04-24 03:00:15+00:00,36869,354,6,4397,0.08050943825335456,12.42090395480226,12.902438362852262
That Vegan Teacher,The Most Boring Dog Park In The World!,2021-04-25 16:30:13+00:00,11894,0,289,811,0.0,,9.24836051790819
That Vegan Teacher,What’s Going On With The Animals In The Walmart Parking Lot?,2021-04-26 01:30:30+00:00,20696,382,14,1576,0.24238578680203046,4.12565445026178,9.528411287205257
That Vegan Teacher,Hooray! Pancho Came Back To Vegan School!,2021-04-26 16:00:16+00:00,71030,0,122,5070,0.0,,7.30958749824018
That Vegan Teacher,Baby Birds & Why Not To Eat Them!,2021-04-27 16:00:13+00:00,10546,153,270,1011,0.1513353115727003,6.607843137254902,13.597572539351413
That Vegan Teacher,4 Minutes of Bella Vegan Dog Eating Dinner,2021-04-27 22:00:13+00:00,15381,269,24,1583,0.16993051168667087,5.884758364312268,12.19686626357194
That Vegan Teacher,The Grocery Store: What To Buy,2021-04-28 16:00:17+00:00,17712,0,56,769,0.0,,4.657859078590786
That Vegan Teacher,OWNER OF VGRRR.COM REVEALS THE TRUTH,2021-04-29 01:02:54+00:00,8997,171,2,1012,0.16897233201581027,5.918128654970761,13.171057019006335
That Vegan Teacher,WHO WANTS MEAT?,2021-04-29 16:00:12+00:00,31849,370,33,2823,0.13106624158696423,7.629729729729729,10.12904643787874
That Vegan Teacher,Who Is Selling You Lies?,2021-04-30 16:00:16+00:00,12199,0,40,964,0.0,,8.230182801869006
That Vegan Teacher,"Baby Birds, Bella & A New Mouse: Today at That Vegan Teacher's House",2021-05-01 21:15:27+00:00,5165,0,12,339,0.0,,6.795740561471443
That Vegan Teacher,We're At The Dog Park: Who Should Bella Eat?,2021-05-02 13:00:26+00:00,9678,0,29,799,0.0,,8.555486670799752
That Vegan Teacher,What's Going On?! Her Skin Is Beautiful!,2021-05-03 19:00:05+00:00,17703,0,13,953,0.0,,5.456702253855279
That Vegan Teacher,Follow This TikTok Right Now,2021-05-03 21:30:15+00:00,10863,0,12,773,0.0,,7.2263647242934725
That Vegan Teacher,10 GREAT Vegan Hacks! Reacting To Simnett Nutrition,2021-05-04 16:00:16+00:00,8826,0,18,695,0.0,,8.078404713346929
That Vegan Teacher,Free Books In My Neighbourhood!,2021-05-05 01:00:15+00:00,9184,0,18,654,0.0,,7.317073170731707
That Vegan Teacher,"Vegans, Intersectionality & Altruism: It's about the animals. It's not about us.",2021-05-05 17:42:42+00:00,5547,0,12,486,0.0,,8.97782585181179
That Vegan Teacher,"SKIN COLOUR, GENDER, AGE OR RELIGION HAVE NOTHING TO DO WITH BEING VEGAN!",2021-05-06 16:00:16+00:00,12075,0,37,845,0.0,,7.304347826086957
That Vegan Teacher,@gordonramsay : Don’t Eat Mice. Don’t Eat Birds. Hurting Animals is Wrong.,2021-05-06 20:45:55+00:00,18387,165,6,1510,0.10927152317880795,9.151515151515152,9.142328819274487
That Vegan Teacher,WHAT'S IN THAT VEGAN TEACHER’S FRIDGE?,2021-05-07 16:00:16+00:00,15152,0,18,726,0.0,,4.910242872228088
That Vegan Teacher,Come See My Backyard!,2021-05-08 00:46:39+00:00,9591,179,28,852,0.21009389671361503,4.759776536312849,11.04160150140757
That Vegan Teacher,Should Bella Eat Coco?,2021-05-08 16:00:16+00:00,36338,0,33,1693,0.0,,4.7498486432935225
That Vegan Teacher,Eat Your Vegetables! Miss Kadie's Lunch,2021-05-09 17:45:14+00:00,8973,0,50,554,0.0,,6.73130502618968
That Vegan Teacher,ARE “PUSHY VEGANS” MAKING THINGS WORSE?,2021-05-10 16:00:12+00:00,9350,0,24,790,0.0,,8.705882352941176
That Vegan Teacher,WHY 3 VEGAN WOMEN FAILED CLASS,2021-05-10 21:00:13+00:00,30834,0,23,1159,0.0,,3.833430628526951
That Vegan Teacher,WHY ARE YOU STILL EATING ANIMALS?,2021-05-11 16:00:15+00:00,11396,173,12,1371,0.1261852662290299,7.92485549132948,13.653913653913655
That Vegan Teacher,TIKTOK TODAY - ANIMALS WHO NEED OUR HELP,2021-05-12 01:15:16+00:00,33671,0,10,2221,0.0,,6.625879837248672
That Vegan Teacher,BELLA VEGAN DOG IS STILL ALIVE!,2021-05-12 16:00:15+00:00,30470,384,27,2417,0.15887463798096815,6.294270833333333,9.281260255989498
That Vegan Teacher,"NO, THE GUY WITH THE SQUARE MOUSTACHE WAS NOT VEGETARIAN!",2021-05-12 21:00:18+00:00,18502,287,31,2025,0.1417283950617284,7.055749128919861,12.663495838287753
That Vegan Teacher,THE MOST BEAUTIFUL ART IN THE WORLD CANNOT BE BOUGHT,2021-05-13 16:00:16+00:00,6262,0,30,479,0.0,,8.128393484509742
That Vegan Teacher,TIKTOK'S VEGANPHOBIC JOROBE STILL ENCOURAGES CRUELTY,2021-05-14 02:15:15+00:00,36115,0,35,1675,0.0,,4.734874705800913
That Vegan Teacher,PAINT YOUR HOODIE,2021-05-14 16:00:17+00:00,7952,0,24,593,0.0,,7.759054325955734
That Vegan Teacher,"GARY: YOUR VEGAN ""JOURNEY"" IS BS",2021-05-15 02:00:16+00:00,8155,0,21,646,0.0,,8.179031269160024
That Vegan Teacher,QUICK LIVE ABOUT VEGAN CAMP OUT UK 2021,2021-05-16 15:06:15+00:00,6205,94,4,658,0.14285714285714285,7.0,12.18372280419017
That Vegan Teacher,VEGANPHOBIA NEEDS TO STOP,2021-05-17 16:00:17+00:00,25636,312,871,3056,0.10209424083769633,9.794871794871796,16.535340926821657
That Vegan Teacher,ANIMALS ARE NOT FOOD!,2021-05-17 23:30:14+00:00,56913,0,765,2986,0.0,,6.590761337480014
That Vegan Teacher,SCHOOLS: STOP THE VEGANPHOBIA: BE BRAVE. BE VEGAN. START NOW.,2021-05-18 16:00:20+00:00,10357,127,53,1356,0.09365781710914454,10.67716535433071,14.830549386888094
That Vegan Teacher,YOUR CHURCH SHOULD BE VEGAN,2021-05-18 22:00:14+00:00,23598,0,79,2447,0.0,,10.704296974319858
That Vegan Teacher,YOU CAN'T TELL! THEY ALL LOOK THE SAME!,2021-05-19 16:30:14+00:00,12599,0,604,1268,0.0,,14.858322089054688
That Vegan Teacher,TIKTOK TODAY - HOW TO MAKE QUICK ANIMAL-RIGHTS VIDEOS WITHOUT SHOWING YOUR FACE.,2021-05-20 16:00:11+00:00,20625,0,86,1830,0.0,,9.28969696969697
That Vegan Teacher,WHO IS JOEY CARBSTRONG &  WHY SHOULD YOU CARE?,2021-05-21 16:00:17+00:00,10285,207,94,1187,0.17438921651221567,5.734299516908212,14.467671366067089
That Vegan Teacher,BELLA & VEGAN ICE CREAM ON THE PORCH,2021-05-22 00:00:14+00:00,18327,282,31,2226,0.12668463611859837,7.8936170212765955,13.853876793801495
That Vegan Teacher,WE HAVE ANOTHER MOUSE! - PART 5,2021-05-22 13:45:14+00:00,9230,104,462,1183,0.08791208791208792,11.375,18.949079089924158
That Vegan Teacher,WE HAVE ANOTHER MOUSE! - PART 6,2021-05-23 01:32:32+00:00,9789,112,332,1196,0.09364548494983277,10.678571428571429,16.753498825211974
That Vegan Teacher,"NO, I AM NOT ANOREXIC!",2021-05-23 16:48:16+00:00,19422,256,5,1915,0.13368146214099216,7.48046875,11.20378951704253
That Vegan Teacher,LET'S TALK ABOUT ALL THE CONTROVERSIAL ISSUES. POLITE PRE-VEGANS WELCOME.,2021-05-24 02:08:56+00:00,25221,226,6,2729,0.0828142176621473,12.075221238938052,11.740216486261449
That Vegan Teacher,WHY HARM ANYONE WHEN YOU CAN JUST SERVE VEGAN KIBBLE INSTEAD?!,2021-05-24 23:15:14+00:00,9018,109,613,1364,0.07991202346041056,12.513761467889909,23.131514748281216
That Vegan Teacher,TIM HORTON’S SHOULD BE VEGAN!,2021-05-25 01:30:11+00:00,21994,230,506,3044,0.07555847568988174,13.234782608695653,17.186505410566518
That Vegan Teacher,EVALUATING FOX NEWS - CHICKEN TALK,2021-05-25 22:00:14+00:00,16702,178,281,1906,0.09338929695697797,10.707865168539326,14.159980840617889
That Vegan Teacher,COSTCO: IT’S NOT FOOD. IT’S SOMEONE.,2021-05-26 02:15:13+00:00,39771,0,627,2461,0.0,,7.764451484750196
That Vegan Teacher,ANIMAL FACTS YOU NEVER KNEW!,2021-05-26 17:15:12+00:00,15065,221,29,1754,0.1259977194982896,7.9366515837104075,13.302356455360107
That Vegan Teacher,FOR TEENS WITH VEGANPHOBIC FAMILIES,2021-05-27 20:15:10+00:00,16501,172,45,2038,0.08439646712463199,11.848837209302326,13.665838434034299
That Vegan Teacher,WHAT BROKE VEGANS EAT!,2021-05-27 23:15:13+00:00,23554,354,55,2511,0.14097968936678615,7.093220338983051,12.39704508788316
That Vegan Teacher,"IT'S NOT WHAT YOU KNOW, IT'S WHAT YOU COULD KNOW IF YOU WANTED TO",2021-05-28 16:00:13+00:00,8312,91,66,920,0.09891304347826087,10.10989010989011,12.957170356111646
That Vegan Teacher,BELLA VEGAN DOG IS STILL ALIVE!,2021-05-28 20:45:11+00:00,25145,277,559,2601,0.10649750096116878,9.389891696750903,13.668721415788426
That Vegan Teacher,WHY AREN'T YOU VEGAN YET?,2021-05-29 00:15:15+00:00,32120,253,70,3586,0.0705521472392638,14.173913043478262,12.169987546699875
That Vegan Teacher,WHEN DID YOU LAST MEASURE YOUR PEE?,2021-05-29 23:45:10+00:00,23159,173,48,2637,0.06560485400075844,15.242774566473988,12.340774644846496
That Vegan Teacher,TA DA! IT’S VEGAN PIZZA!,2021-05-30 01:15:11+00:00,22487,282,66,2247,0.12550066755674233,7.968085106382978,11.540000889402766
That Vegan Teacher,VEGAN DOG ALMOST EATS ANOTHER DOG!,2021-05-30 20:45:11+00:00,25214,278,67,2658,0.10458991723100075,9.56115107913669,11.910049972237646
That Vegan Teacher,WHY IS GORDON RAMSAY SUCH A TERRIBLE FATHER?,2021-05-31 16:00:14+00:00,60825,455,69,6899,0.06595158718654877,15.162637362637362,12.203863542951089
That Vegan Teacher,WHY DO PEOPLE DO THIS?,2021-05-31 20:00:11+00:00,24680,240,61,2742,0.087527352297593,11.425,12.329821717990276
That Vegan Teacher,"LEATHER SHOES, WOOL SWEATERS & LEFTOVER MEAT",2021-06-01 02:00:09+00:00,21119,307,22,2377,0.12915439629785444,7.742671009771987,12.813106681187556
That Vegan Teacher,WHY IS THIS HOSPITAL FOOD NOT VEGAN?,2021-06-01 22:15:28+00:00,20043,239,51,2590,0.09227799227799227,10.836820083682008,14.369106421194433
That Vegan Teacher,WHAT WOULD YOU DO??,2021-06-02 22:30:12+00:00,16681,223,57,2056,0.10846303501945526,9.219730941704036,14.003956597326301
That Vegan Teacher,WHO SHOULD NORA EAT?,2021-06-03 22:00:11+00:00,17191,195,74,1868,0.10438972162740899,9.57948717948718,12.430923157466117
That Vegan Teacher,BREAKFAST WITH BELLA VEGAN DOG,2021-06-04 16:00:23+00:00,22153,316,59,2632,0.12006079027355623,8.329113924050633,13.573782331964068
That Vegan Teacher,BOK CHOY BREAKFAST JOY!,2021-06-05 16:00:11+00:00,11436,151,66,1342,0.11251862891207154,8.887417218543046,13.63238894718433
That Vegan Teacher,WHY I REPORTED VEGANPHOBIC GLIDER GUY.,2021-06-06 14:30:11+00:00,37169,258,45,5098,0.0506080816006277,19.75968992248062,14.530926309559042
That Vegan Teacher,"VYSTOPIA, VEGANPHOBIA & YOU",2021-06-07 02:30:09+00:00,11589,196,31,1557,0.12588310854206808,7.9438775510204085,15.39390801622228
That Vegan Teacher,MORNING WALK & TALK WITH BELLA VEGAN DOG.,2021-06-07 16:30:09+00:00,11083,193,45,1334,0.1446776611694153,6.9119170984455955,14.183885229630967
That Vegan Teacher,COPPER BRANCH: USE THE V-WORD IN YOUR ADS!,2021-06-07 20:45:27+00:00,10551,132,14,1074,0.12290502793296089,8.136363636363637,11.562885034593878
That Vegan Teacher,WHY ARE THERE NO CHICKENS HERE?,2021-06-08 16:30:34+00:00,9754,136,16,1174,0.11584327086882454,8.632352941176471,13.594422800902194
That Vegan Teacher,GARBAGE THAT ISN'T GARBAGE - Ep.1 - Don't throw things out that can be reused by someone else!,2021-06-08 21:51:27+00:00,12114,163,26,1297,0.12567463377023902,7.957055214723926,12.266798745253425
That Vegan Teacher,BELLA VEGAN DOG: CHILLING ON THE PORCH,2021-06-09 10:30:11+00:00,9559,139,24,1195,0.11631799163179916,8.597122302158274,14.206506956794643
That Vegan Teacher,NO MEAT?! WTF IS THIS?! BARF!,2021-06-09 20:00:11+00:00,20794,224,36,2017,0.11105602379771938,9.004464285714286,10.950274117533903
That Vegan Teacher,"GRETA WINS. iNABBER LOSES (She's smart, caring & strong. He's ignorant, selfish & weak).",2021-06-10 20:30:12+00:00,9702,182,54,1028,0.17704280155642024,5.648351648351649,13.02824159967017
That Vegan Teacher,WHY GIGI IS NOT THAT GORGEOUS,2021-06-10 23:30:13+00:00,25760,319,75,2282,0.13978965819456618,7.153605015673981,10.388198757763975
That Vegan Teacher,DON'T EAT CATS.,2021-06-11 10:00:12+00:00,12103,170,25,1276,0.13322884012539185,7.5058823529411764,12.154011402131703
That Vegan Teacher,NO GAP NO ADIDAS NO BENCH NO MEAT,2021-06-11 16:15:09+00:00,11898,135,24,1477,0.09140148950575491,10.940740740740742,13.75021011934779
That Vegan Teacher,WHY DOES WALMART ENCOURAGE STEALING?,2021-06-12 00:45:11+00:00,43260,403,56,4244,0.09495758718190386,10.531017369727047,10.871474803513639
That Vegan Teacher,VEGETARIANS SUCK! (I know. I used to be one!),2021-06-12 21:30:14+00:00,31948,365,80,2986,0.12223710649698594,8.180821917808219,10.73932640540879
That Vegan Teacher,THE FUTURE IS VEGAN - Share this song with someone who needs to hear this message of hope.,2021-06-12 23:51:08+00:00,16765,230,35,2167,0.10613751730503,9.421739130434782,14.506412168207575
That Vegan Teacher,DANCE WITH THAT VEGAN TEACHER 🥑  THERE'S NO EXCUSE FOR ANIMAL ABUSE,2021-06-13 21:54:31+00:00,61505,591,21,3880,0.15231958762886597,6.565143824027073,7.303471262498984
That Vegan Teacher,GUESS WHICH DOGS ARE VEGAN,2021-06-14 00:15:11+00:00,9705,136,26,1251,0.10871302957633892,9.198529411764707,14.559505409582691
That Vegan Teacher,WHEN NARCISSISM MEETS AUTHENTICITY,2021-06-14 16:00:12+00:00,12316,153,36,1448,0.10566298342541436,9.4640522875817,13.29165313413446
That Vegan Teacher,"PARENTS, FRIENDS & FAMILY: WHY ARE YOU DOING THIS TO YOUR KIDS?",2021-06-14 22:30:09+00:00,11171,133,33,1594,0.0834378920953576,11.984962406015038,15.7550801181631
That Vegan Teacher,WHY ARE HORSES BEING PUT ON PLANES?,2021-06-15 16:15:15+00:00,15082,159,32,1427,0.11142256482130343,8.974842767295597,10.72802015647792
That Vegan Teacher,"BART SIMPSON IS VEGAN NOW, SO IS LISA!",2021-06-15 20:14:37+00:00,21938,171,450,1968,0.08689024390243902,11.508771929824562,11.801440423010302
That Vegan Teacher,DANCE WITH THAT VEGAN TEACHER 🥑  HEAVEN IS VEGAN,2021-06-15 23:54:13+00:00,30753,214,544,3303,0.06478958522555253,15.434579439252337,13.205215751308815
That Vegan Teacher,WHY ARE MEAT-HEADS SO WEIRD? EPISODE #1,2021-06-16 13:05:56+00:00,31770,266,87,3334,0.07978404319136173,12.533834586466165,11.605288007554297
That Vegan Teacher,SONG: BE BRAVE BE VEGAN! 99% of you are not tough enough to be true animal-defenders. Why?,2021-06-17 09:10:13+00:00,7709,107,326,867,0.12341407151095732,8.102803738317757,16.863406408094438
That Vegan Teacher,NOTHING TO SEE HERE.. JUST BELLA VEGAN DOG WAKING UP.,2021-06-17 11:52:31+00:00,9564,99,457,1277,0.07752545027407988,12.8989898989899,19.165621079046424
That Vegan Teacher,WTF ISN’T A & W VEGAN YET?,2021-06-17 16:15:11+00:00,57934,571,1369,4993,0.11436010414580412,8.74430823117338,11.967065971622882
That Vegan Teacher,RALEIGH: STOP STEALING ANIMALS’ LIVES,2021-06-17 19:21:58+00:00,13286,101,150,1708,0.05913348946135832,16.91089108910891,14.74484419689899
That Vegan Teacher,Song: A Vegan World Is Coming Soon,2021-06-18 00:14:57+00:00,50181,297,2020,5169,0.057457922228670924,17.404040404040405,14.917996851397938
That Vegan Teacher,"MICHAEL KNOWLES, TIKTOK, TRANSPHOBIA & VEGANPHOBIA",2021-06-18 16:00:11+00:00,10818,115,534,1397,0.082319255547602,12.147826086956522,18.912922906267333
That Vegan Teacher,RALEIGHLINK IS MISSING A LINK (SHE MIGHT NEED A HUG),2021-06-18 22:00:13+00:00,16782,149,478,2202,0.06766575840145322,14.778523489932885,16.85734715766893
That Vegan Teacher,CHANGE YOUR RELIGION & PICK UP YOUR DOG POOP,2021-06-19 13:00:10+00:00,23832,144,905,3363,0.042818911685994644,23.354166666666668,18.512923799932864
That Vegan Teacher,THEY WILL NEVER SEE THE SKY,2021-06-19 17:45:11+00:00,12546,105,438,1613,0.06509609423434594,15.361904761904762,17.184760082894947
That Vegan Teacher,"YES, DOGS CAN BE VEGAN. YES, THEY ARE NORMAL, HEALTHY DOGS.",2021-06-20 13:30:11+00:00,12221,128,973,1777,0.07203151378728194,13.8828125,23.54962769004173
That Vegan Teacher,"MY VEGAN LUNCH, MY PAINTED SHIRTS, BELLA VEGAN DOG & VYSTOPIA",2021-06-20 22:15:10+00:00,7630,108,357,867,0.1245674740484429,8.027777777777779,17.45740498034076
That Vegan Teacher,ANIMALS NEED A BILL OF RIGHTS - WATCH SEASPIRACY TO LEARN THE TRUTH,2021-06-21 02:00:09+00:00,13663,121,459,1418,0.08533145275035262,11.71900826446281,14.623435555880846
That Vegan Teacher,EATING CATS IS WEIRD. SO IS EATING COWS.,2021-06-21 16:00:12+00:00,12141,166,658,1255,0.13227091633466134,7.5602409638554215,17.123795404002966
That Vegan Teacher,BELLA VEGAN DOG IS STILL ALIVE - SHE'S HAVING FUN AT THE LAKE!,2021-06-21 20:15:10+00:00,11178,138,347,1262,0.10935023771790808,9.144927536231885,15.628913938092682
That Vegan Teacher,Song: Let The Animals Live,2021-06-22 01:46:09+00:00,13669,127,151,1718,0.0739231664726426,13.527559055118111,14.602384958665592
That Vegan Teacher,"DAZGAMES: VEGANPHOBIC, ANIMAL-ABUSER",2021-06-22 16:30:12+00:00,22809,199,743,2382,0.08354324097397145,11.969849246231156,14.573194791529659
That Vegan Teacher,"AUTOGRAPHS, IDENTITY POLITICS, TEAM SPORTS & RABBITS",2021-06-22 20:30:10+00:00,9058,117,290,1155,0.1012987012987013,9.871794871794872,17.244424817840585
That Vegan Teacher,THIS CANADIAN POLITICIAN KEEPS PAYING FOR ANIMAL ABUSE,2021-06-23 02:15:09+00:00,12729,111,84,1657,0.06698853349426674,14.927927927927929,14.549454002671066
That Vegan Teacher,"MY TERRIBLE SINGING, BELLA VEGAN DOG & WHY PERFECTION IS THE ENEMY OF “GOOD ENOUGH”",2021-06-23 16:15:11+00:00,8175,111,333,1102,0.10072595281306715,9.927927927927929,18.911314984709477
That Vegan Teacher,Song: We Are Winning! Vegans Are Winning Hearts & Minds!,2021-06-23 19:30:27+00:00,12201,86,675,1733,0.04962492787074437,20.151162790697676,20.44094746332268
That Vegan Teacher,"Song: Every Morning We Are Born Again, What We Do Today Is What Matters Most",2021-06-24 16:25:48+00:00,6128,63,360,770,0.08181818181818182,12.222222222222221,19.468015665796344
That Vegan Teacher,NO NEED TO HURT ANY ANYONE. FEED THEM VEGAN FOOD INSTEAD. @RaleighLink14,2021-06-24 22:00:32+00:00,8203,74,702,981,0.07543323139653414,13.256756756756756,21.418993051322687
That Vegan Teacher,DON'T HAVE ANY FUN EVER - UNTIL ALL THE ANIMALS ARE SAVED!,2021-06-25 02:15:10+00:00,27388,223,1190,3562,0.06260527793374508,15.973094170403588,18.164889732729662
That Vegan Teacher,EVERYONE CAN BE VEGAN! INCLUDING YOU!,2021-06-25 16:30:10+00:00,7666,97,490,973,0.09969167523124357,10.030927835051546,20.349595617010173
That Vegan Teacher,WHY ARE MEAT-EATERS SO WEIRD? COGNITIVE DISSONANCE!,2021-06-25 21:00:12+00:00,17057,179,912,2208,0.08106884057971014,12.335195530726256,19.34103300697661
That Vegan Teacher,MILK & THE SUFFERING YOU PAY FOR:  DAIRY-TRUTH.COM,2021-06-26 00:30:13+00:00,15858,178,829,1814,0.09812568908489526,10.191011235955056,17.789128515575733
That Vegan Teacher,@GliderGuy BE VEGAN. GIVE IT A TRY!,2021-06-26 16:45:13+00:00,15890,0,121,1334,0.0,,9.156702328508496
That Vegan Teacher,Song: For This Cowgirl,2021-06-26 21:22:21+00:00,10205,96,263,1287,0.07459207459207459,13.40625,16.12934835864772
That Vegan Teacher,ARE YOU AGAINST USING GAS CHAMBERS? GREAT! THEN YOU ARE READY TO BE VEGAN.,2021-06-27 16:45:10+00:00,9839,79,390,1251,0.06314948041566747,15.835443037974683,17.481451367008844
That Vegan Teacher,​@RaleighLink  STOP PAYING PEOPLE TO HURT ANIMALS.,2021-06-27 18:08:49+00:00,14571,103,201,1593,0.06465787821720025,15.466019417475728,13.019010363049894
That Vegan Teacher,Song: Empathy,2021-06-27 21:11:38+00:00,18445,168,716,2455,0.06843177189409369,14.613095238095237,18.10246679316888
That Vegan Teacher,WHY IS VEGAN TEACHER UK PROMOTING THIS INSANITY?,2021-06-28 16:15:12+00:00,18032,174,491,1532,0.11357702349869452,8.804597701149426,12.183895297249334
That Vegan Teacher,"ARE YOU VEGAN YET? IF BELLA & I CAN BE VEGAN , SO CAN YOU!",2021-06-28 19:00:10+00:00,18282,189,983,2371,0.07971320118093632,12.544973544973544,19.37971775516902
That Vegan Teacher,CHECK OUT THIS AMAZING VEGAN BODY  BUILDER! @MerleONeal,2021-06-29 00:45:13+00:00,13658,169,501,1441,0.11727966689798751,8.52662721893491,15.456142919900426
That Vegan Teacher,"SHOULD THIS ""VEGAN""  DUMP HER BOYFRIEND? @MerleONeal",2021-06-29 16:00:18+00:00,36328,407,517,3472,0.11722350230414746,8.530712530712531,12.10085884166483
That Vegan Teacher,STAY ON THE SUBJECT - WE ARE HERE TALKING ABOUT THE ANIMALS,2021-06-29 17:00:09+00:00,20283,177,622,1954,0.09058341862845445,11.03954802259887,13.572942858551496
That Vegan Teacher,"DINNER WITH SPONGE BOB, BELLA VEGAN DOG AND ME",2021-06-30 01:15:09+00:00,22131,241,547,2369,0.10173068805403124,9.8298755186722,14.265058063350052
That Vegan Teacher,SAVING ANIMALS. THAT'S THE TOPIC. STAY FOCUSED!,2021-06-30 13:15:10+00:00,14840,142,707,1455,0.09759450171821306,10.246478873239436,15.525606469002696
That Vegan Teacher,RUSSELL BRAND: YOU NEED TO BE TOUGHER ON BEN SHAPIRO!,2021-06-30 16:15:10+00:00,9874,110,261,1142,0.09632224168126094,10.381818181818181,15.323070690702856
That Vegan Teacher,Song - Instrumental - Heaven Is Vegan,2021-06-30 18:09:26+00:00,18028,121,753,2016,0.06001984126984127,16.66115702479339,16.030619037053473
That Vegan Teacher,"VEGAN 5 YEARS ~ HONEYMOON'S OVER ~ THERE'S NO SUCH THING AS A VEGAN ""COMMUNITY"".",2021-07-01 16:30:27+00:00,11536,96,373,1026,0.0935672514619883,10.6875,12.959431345353675
That Vegan Teacher,DAISY: I  DON'T ACTUALLY CARE THAT YOU ATE AT MCDONALD'S TODAY.,2021-07-01 18:00:12+00:00,15243,182,604,1432,0.1270949720670391,7.868131868131868,14.55094141573181
That Vegan Teacher,"SAY THIS WHEN THE MEAN, VEGANPHOBIC KIDS COME!",2021-07-01 22:30:12+00:00,15103,122,586,1723,0.07080673244341265,14.12295081967213,16.096139839766934
That Vegan Teacher,FREDDY: TELLING ME YOU LIKE COW'S MILK ISN'T HELPFUL! TELL ME WHICH VEGAN MILKS YOU LIKE!,2021-07-02 00:00:12+00:00,14480,134,750,1542,0.08690012970168612,11.507462686567164,16.75414364640884
That Vegan Teacher,LUIS: IF YOU ARE AGAINST HOMOPHOBIA THEN YOU SHOULD ALSO BE AGAINST VEGANPHOBIA!,2021-07-02 15:45:11+00:00,16530,132,891,1694,0.07792207792207792,12.833333333333334,16.436781609195403
That Vegan Teacher,CHANGE YOUR RELIGION LIKE YOU CHANGE YOUR UNDERWEAR - SHOW GOD THAT YOU REALLY CARE!,2021-07-02 21:02:45+00:00,19285,106,778,2644,0.040090771558245086,24.943396226415093,18.294010889292196
That Vegan Teacher,Song - Be Kind Be Vegan,2021-07-03 14:59:43+00:00,25342,203,325,2585,0.07852998065764023,12.733990147783251,12.283955488911689
That Vegan Teacher,FACEBOOK ~ WHAT BROKE VEGANS EAT ~ JOIN THIS GROUP,2021-07-03 15:30:12+00:00,11872,110,300,1278,0.08607198748043818,11.618181818181819,14.21832884097035
That Vegan Teacher,"AFREEN: NO, IT'S NOT OKAY TO BE VEGETARIAN - YOU STILL PAY PEOPLE TO HURT ANIMALS",2021-07-03 19:30:09+00:00,12900,126,268,1292,0.09752321981424149,10.253968253968255,13.069767441860467
That Vegan Teacher,ALL __________ SHOULD BE VEGAN. HERE'S WHY. EPISODE #1,2021-07-03 23:15:08+00:00,17066,157,730,2026,0.07749259624876605,12.904458598726114,17.069026133833354
That Vegan Teacher,"JAY: IF MY SINGING HURTS YOUR EARS, WHY ARE YOU TORTURING YOURSELF? JUST LEAVE!",2021-07-04 13:00:15+00:00,15772,156,554,1752,0.08904109589041095,11.23076923076923,15.609941668780117
That Vegan Teacher,DO YOUR DUTY ~ BE BRAVE ~ SPEAK OUT AGAINST THIS ATROCITY,2021-07-04 23:15:09+00:00,17854,216,650,2126,0.10159924741298212,9.842592592592593,16.75814943430044
That Vegan Teacher,"HOOK: SORRY BUT YOUR GRANDPARENTS ARE NOT ""GOOD PEOPLE"" IF THEY PAY OTHERS TO HARM ANIMALS",2021-07-05 02:15:11+00:00,17463,158,691,1889,0.08364213869772366,11.955696202531646,15.678863883639696
That Vegan Teacher,WHO WANTS A FREE MAGAZINE?,2021-07-05 16:15:10+00:00,7519,81,380,859,0.09429569266589057,10.604938271604938,17.55552600079798
That Vegan Teacher,"No Pascal, plants don't feel pain. Firefighters don't race into burning buildings to rescue turnips.",2021-07-05 20:45:13+00:00,13648,113,208,1212,0.09323432343234324,10.725663716814159,11.232415005861665
That Vegan Teacher,Why is gay Ernie acting veganphobic when he can so easily be veganphantastic?,2021-07-06 00:15:09+00:00,40816,306,1024,4536,0.06746031746031746,14.823529411764707,14.371814974519795
That Vegan Teacher,TikTok song: Peace begins on your plate. 🍓  3 mini videos using the same 15-second song. 🥦,2021-07-06 13:39:22+00:00,13451,131,308,1461,0.08966461327857632,11.15267175572519,14.125343840606646
That Vegan Teacher,Gordon Ramsay is worse than Hitler. @gordonramsay,2021-07-06 16:57:49+00:00,40580,249,810,4765,0.05225603357817419,19.136546184738958,14.351897486446525
That Vegan Teacher,Why Are You A Veganphobic Animal Bully?  @gordonramsay,2021-07-06 21:00:10+00:00,2113335,15658,10398,126510,0.1237688720259268,8.079575935623962,7.219205663087017
That Vegan Teacher,Ania: I don't care who your favourite Anime is. This is a vegan class! We are here to save animals!,2021-07-07 02:45:11+00:00,27941,232,735,2404,0.09650582362728785,10.362068965517242,12.06470777710175
That Vegan Teacher,"Is there even such a thing as an ""LGBTQ community"", or are we all just individuals?",2021-07-07 16:00:11+00:00,111061,685,2736,12494,0.054826316631983354,18.23941605839416,14.329962813228766
That Vegan Teacher,No Kimberly: Asking people to stop eating animals isn't veganphobic.,2021-07-07 20:00:10+00:00,19349,158,596,1486,0.1063257065948856,9.405063291139241,11.576825675745518
That Vegan Teacher,Song: Are You Vegan Yet? Open That Vegan Door!,2021-07-08 03:24:43+00:00,17614,186,430,2140,0.08691588785046729,11.505376344086022,15.646644714431702
That Vegan Teacher,Vystopia makes us cry. But this 14-second video makes us never give up.,2021-07-08 14:15:12+00:00,51234,531,0,4996,0.10628502802241793,9.408662900188324,10.787758129367218
That Vegan Teacher,"Mini-Songs Mix: Check the label! If it’s vegan, it’s ok!",2021-07-09 03:00:11+00:00,15015,185,133,1986,0.0931520644511581,10.735135135135135,15.344655344655344
That Vegan Teacher,Wait. What are you doing with that carrot?!,2021-07-09 16:30:25+00:00,25993,238,527,2526,0.09422011084718923,10.61344537815126,12.661101065671525
That Vegan Teacher,"Vivienne: If you think I'm  ""ew"",  just leave the classroom!!",2021-07-10 01:15:11+00:00,17754,159,825,1837,0.08655416439847577,11.553459119496855,15.889377041793399
That Vegan Teacher,Road Trip With 3 Joyful Vegan Songs,2021-07-10 20:45:09+00:00,9871,118,192,1099,0.10737033666969972,9.313559322033898,14.274136359031505
That Vegan Teacher,Free Food! (And Body Parts!),2021-07-11 02:15:12+00:00,16611,172,362,1734,0.09919261822376009,10.081395348837209,13.653603034134006
That Vegan Teacher,Road Trip: What NOT to eat at a truck stop.,2021-07-11 14:00:10+00:00,28772,318,467,2079,0.15295815295815296,6.537735849056604,9.954122063116918
That Vegan Teacher,“I WISH I HAD BECOME VEGAN SOONER!” (said every single vegan ever!),2021-07-11 18:30:10+00:00,11776,161,429,1364,0.11803519061583578,8.472049689440993,16.593070652173914
That Vegan Teacher,Be An Animal-Defender - Without Getting Out of Bed! Just Use These 10 Songs!,2021-07-12 02:15:11+00:00,10132,124,107,1032,0.12015503875968993,8.32258064516129,12.46545598105014
That Vegan Teacher,"Cato: If you think saving animals is ""boring"", something is wrong with you.",2021-07-12 11:45:10+00:00,10291,99,253,979,0.10112359550561797,9.88888888888889,12.933631328345156
That Vegan Teacher,OH NO! Why is SSSniperWolf Paying People to Hurt Animals?! @SSSniperWolf,2021-07-12 16:00:14+00:00,487402,4013,11401,49135,0.0816729418947797,12.243957139297283,13.243482792438273
That Vegan Teacher,DONTWATCH.ORG  |  WE ARE THE MONSTERS  |  WHERE YOUR FOOD COMES FROM  |  NOW YOU KNOW,2021-07-13 01:00:13+00:00,79507,884,1457,4258,0.20760920620009393,4.816742081447964,8.299898122177922
That Vegan Teacher,"3 Dolls, A Pig and A Knife. Who should go to jail and why?",2021-07-13 16:00:10+00:00,18929,196,398,1912,0.10251046025104603,9.755102040816327,13.23894553330868
That Vegan Teacher,"Episode 1 - No, My Teaching Assistants Are Not Robots! They're REAL PEOPLE Who Actually Care!",2021-07-13 18:30:11+00:00,11948,129,289,1190,0.10840336134453782,9.224806201550388,13.458319383997322
That Vegan Teacher,"Bella Vegan Dog Eats A Sweet Potato Treat Beside The Table I ""Rescued"" From A Landfill",2021-07-13 22:00:12+00:00,10957,137,402,1415,0.09681978798586573,10.328467153284672,17.833348544309573
That Vegan Teacher,"Bella Vegan Dog Is Still Alive! If Bella Can Be Vegan, So Can You!",2021-07-14 12:45:10+00:00,16011,137,507,1959,0.06993363961204696,14.299270072992702,16.25757291861845
That Vegan Teacher,Yes Rich: Seminal Fluid is Vegan - As long as it is given with consent - by an adult.,2021-07-14 16:00:12+00:00,13924,145,484,1302,0.11136712749615975,8.979310344827587,13.868141338695777
That Vegan Teacher,I'm Not Eating Anyone Who Poops. Here's Why.,2021-07-15 01:00:11+00:00,12645,146,329,1453,0.10048176187198898,9.952054794520548,15.247133254250691
That Vegan Teacher,"Bella Vegan Dog, Her Vegan Dad, and Her Beautiful Lake.",2021-07-15 13:00:12+00:00,10199,116,215,876,0.1324200913242009,7.551724137931035,11.834493577801746
That Vegan Teacher,SSSniperWolf: Stop Being a Hypocrite! Be Vegan From Now On! @SSSniperWolf,2021-07-15 16:00:11+00:00,153794,1144,2799,13920,0.08218390804597701,12.167832167832168,11.61488744684448
That Vegan Teacher,TikTok Today: 4 Songs. 4 Ways To Do Activism Online. You Can Do It Too!,2021-07-15 18:30:11+00:00,9319,73,447,1219,0.05988515176374077,16.698630136986303,18.660800515076726
That Vegan Teacher,"Why Is This ""Nice"" Multi-Millionaire YouTuber Not VEGAN Yet? @DharMann",2021-07-16 01:00:12+00:00,283632,2174,6355,30494,0.07129271332065325,14.026678932842687,13.758320640830371
That Vegan Teacher,"No Logan: I am not ""attacking people"". I am defending the animals that YOU are attacking!",2021-07-16 16:15:09+00:00,17015,167,434,1760,0.09488636363636363,10.538922155688622,13.875991771965912
That Vegan Teacher,TikTok Today: Repeating Myself Over & Over: Your Eating Disorder Has NOTHING To Do With The Animals.,2021-07-16 21:00:11+00:00,14135,92,752,1588,0.05793450881612091,17.26086956521739,17.20551821719137
That Vegan Teacher,"This is where my buddy Dani Lafontaine died in early Nov, 2020. I miss him.",2021-07-17 00:18:11+00:00,23185,273,660,2174,0.12557497700091996,7.9633699633699635,13.400905758033211
That Vegan Teacher,Facebook Today: What Broke Vegans Eat!,2021-07-17 15:00:13+00:00,15350,217,613,1714,0.1266044340723454,7.8986175115207375,16.57328990228013
That Vegan Teacher,"Episode 2 - Yes, Teaching-Assistants! You are right, we should all be vegan from now on!",2021-07-17 20:59:38+00:00,11164,132,578,1142,0.11558669001751314,8.651515151515152,16.589036187746327
That Vegan Teacher,Are you in bed yet? What time is it where you are right now?,2021-07-18 05:30:10+00:00,13663,137,295,1706,0.08030480656506447,12.452554744525548,15.648100709946572
That Vegan Teacher,"Episode 3 - You're right, Sam! People should stop stealing cow's milk, they should drink soy milk!",2021-07-18 14:45:10+00:00,9440,102,296,1036,0.09845559845559845,10.156862745098039,15.190677966101696
That Vegan Teacher,"""Meatless Mondays?""  That's As Silly As ""Racism-Free Mondays"". The Humane Society Messed Up.",2021-07-18 19:30:11+00:00,17042,101,327,1368,0.07383040935672515,13.544554455445544,10.538669170285178
That Vegan Teacher,Stop Being Ableist. Your Problems Have Nothing To Do With The Animals. Leave Animals TF Alone.,2021-07-18 21:24:27+00:00,24308,211,239,1533,0.13763861709067188,7.265402843601896,8.157808129011025
That Vegan Teacher,WHY ARE MEAT-HEADS SO WEIRD? EPISODE #2,2021-07-18 22:30:10+00:00,18593,155,647,2251,0.06885828520657486,14.522580645161291,16.42015812402517
That Vegan Teacher,I TALKED TO JESUS! (APPARENTLY HE HAS NO IDEA WHAT'S GOING ON!),2021-07-19 10:48:10+00:00,95182,836,3168,11134,0.07508532423208192,13.318181818181818,15.904267613624427
That Vegan Teacher,My Blueberry-Covered Thumb & The Mouse We Brought To The Forest,2021-07-19 16:00:22+00:00,10722,200,564,1144,0.17482517482517482,5.72,17.79518746502518
That Vegan Teacher,"IF I CAN EAT KALE, SO CAN YOU!!!",2021-07-19 21:30:08+00:00,12190,163,312,1335,0.12209737827715356,8.190184049079754,14.848236259228875
That Vegan Teacher,Why Does @dazgames Hate Animals So Much?,2021-07-20 01:00:11+00:00,25647,184,782,2555,0.07201565557729941,13.88586956521739,13.72870121261746
That Vegan Teacher,Comparing is NOT the same thing as equating.,2021-07-20 16:15:11+00:00,12436,136,430,1555,0.08745980707395498,11.433823529411764,17.05532325506594
That Vegan Teacher,HAPPY VEGAN DECLARATION DAY!,2021-07-20 23:00:09+00:00,10814,122,140,1135,0.10748898678414097,9.30327868852459,12.91843906047716
That Vegan Teacher,I told the church minister to send a locksmith to liberate the animals on factory farms.,2021-07-21 01:00:11+00:00,10351,95,190,1266,0.0750394944707741,13.326315789473684,14.984059511158343
That Vegan Teacher,Episode 4 - Daniel's right! Be brave. Go to dontwatch.org.  Learn the truth animals!,2021-07-21 02:45:09+00:00,11234,106,444,1228,0.08631921824104234,11.584905660377359,15.826953889976854
That Vegan Teacher,💚 You don't need a lover under the covers when you've got an air fryer in the kitchen! 💚,2021-07-21 14:15:11+00:00,11459,165,233,1071,0.15406162464985995,6.490909090909091,12.819617767693517
That Vegan Teacher,Labels: Cigarettes have them. Should they be on chopped up body parts too?,2021-07-21 16:15:11+00:00,12112,87,375,1155,0.07532467532467532,13.275862068965518,13.350396301188905
That Vegan Teacher,Episode 5 - Yes! My Teaching Assistants are Amazing!,2021-07-21 21:00:12+00:00,10082,94,337,1304,0.07208588957055215,13.872340425531915,17.208887125570325
That Vegan Teacher,Stop. Breathe. Observe. Don't Touch. Don't Steal.,2021-07-22 01:30:10+00:00,11870,144,478,1374,0.10480349344978165,9.541666666666666,16.815501263689974
That Vegan Teacher,WHY IS @PapaGutArchive HIDING HIS EYES from the truth about what @gordonramsay PAYS FOR?,2021-07-22 11:30:11+00:00,14378,132,447,1524,0.08661417322834646,11.545454545454545,14.62651272777855
That Vegan Teacher,Ep.7 - #Short Ethan Trace Is A Disgrace,2021-07-22 16:06:20+00:00,18391,215,313,1083,0.19852262234533702,5.037209302325581,8.759719427981077
That Vegan Teacher,Ep.6 - Ethan Trace Is A Disgrace  @EthanTrace,2021-07-22 16:45:11+00:00,16760,95,712,2199,0.04320145520691223,23.147368421052633,17.93556085918854
That Vegan Teacher,"Episode 6 - Yes, you're right! Anyone can be vegan, at any stage of development!",2021-07-23 01:00:11+00:00,11792,86,702,1217,0.07066557107641742,14.151162790697674,17.003052917232022
That Vegan Teacher,Neighbour's house on fire? 🔥  Save the celery FIRST!,2021-07-23 11:30:09+00:00,15242,152,634,1885,0.08063660477453581,12.401315789473685,17.523946988584175
That Vegan Teacher,The animals are asking @dazgames to stop paying people to abuse them. Here is their message.,2021-07-23 16:00:13+00:00,29631,159,679,3060,0.05196078431372549,19.245283018867923,13.15514157470217
That Vegan Teacher,I called the Lutheran church where TikTok meany @JohnRobertBell works like @PapaGutArchive told me to.,2021-07-23 22:30:11+00:00,21210,181,536,2150,0.08418604651162791,11.878453038674033,13.517208863743518
That Vegan Teacher,Be Brave: @IsaacButterfield @iNabber @dazgames​ @gordonramsay @JordanBPeterson @BenShapiro,2021-07-24 13:30:15+00:00,16218,0,0,1857,0.0,,11.45024047354791
That Vegan Teacher,"Will we take down Martin Luther King's statue in the future, because he ate meat? @CosmicSkeptic",2021-07-25 00:30:11+00:00,22325,175,686,2606,0.0671527244819647,14.891428571428571,15.529675251959688
That Vegan Teacher,"Episode 7 -  To become a Teaching Assistant, prove that you are an ethical vegan, animal-defender.",2021-07-25 14:45:11+00:00,9006,88,285,911,0.09659714599341383,10.352272727272727,14.25716189207195
That Vegan Teacher,"Grocery stores can film kids, teens & parents,  but we can't film the items on the shelves? Okaay...",2021-07-25 23:00:11+00:00,23492,246,21,2269,0.10841780520052886,9.223577235772357,10.795164311254895
That Vegan Teacher,Why Aren’t People Stealing This Bread?,2021-07-26 09:14:23+00:00,26051,466,396,1542,0.3022049286640726,3.3090128755364807,9.228052665924533
That Vegan Teacher,"My Day: The old lady on the porch, her carnist daughter and her fear of the truth.",2021-07-26 11:30:28+00:00,6564,118,41,744,0.1586021505376344,6.305084745762712,13.756855575868373
That Vegan Teacher,💚  💙   💜  💛  🧡  ❤️   Relaxing with Bella Vegan Dog 💚  💙  💜  💛  🧡  ❤️,2021-07-26 13:34:27+00:00,16496,263,374,867,0.3033448673587082,3.296577946768061,9.117361784675072
That Vegan Teacher,It’s 4:30 in the morning. Do you know where the bodies are? (Why do vets eat their own patients?),2021-07-26 14:30:11+00:00,11044,135,39,1065,0.1267605633802817,7.888888888888889,11.218761318362912
That Vegan Teacher,Day 1 - Wim Hof Method - Trying not to be a big wimp while taking a cold shower + deep breathing.,2021-07-26 17:15:09+00:00,9905,108,214,908,0.11894273127753303,8.407407407407407,12.417970721857648
That Vegan Teacher,You missed the bus to your carnist life! #thatveganteacher #tvt #thatveganteacherfromtiktok #vegan,2021-07-26 21:05:37+00:00,41529,617,1122,2565,0.2405458089668616,4.157212317666127,10.363842134412097
That Vegan Teacher,Time to brag!! Tell me about all the amazing vegan choices you’ve been making! 🍎 🍋 🍆 🥬 🍓 🥦,2021-07-26 22:30:09+00:00,13604,171,16,1655,0.10332326283987915,9.678362573099415,13.54013525433696
That Vegan Teacher,Ep.9 - Ethan Trace Is A Disgrace - Imagine being so deranged that you pay people to hurt animals?,2021-07-27 16:15:10+00:00,9394,75,177,941,0.07970244420828905,12.546666666666667,12.699595486480733
That Vegan Teacher,"Ep.1 🍏 Responding to your cruel, ageist, sexist, carnistic, veganphobic lies & creepy comments.",2021-07-27 19:41:26+00:00,39978,532,635,2524,0.21077654516640254,4.7443609022556394,9.23257791785482
That Vegan Teacher,"Ep. 2 🍏 Responding to your cruel, ageist, sexist, carnistic, veganphobic lies & creepy comments.",2021-07-27 20:43:09+00:00,25163,275,409,1549,0.17753389283408652,5.632727272727273,8.874140603266701
That Vegan Teacher,"Ep. 4 🍏  Responding to your cruel, ageist, sexist, carnistic, veganphobic lies & creepy comments.",2021-07-28 00:24:42+00:00,18368,171,159,1035,0.16521739130434782,6.052631578947368,7.43140243902439
That Vegan Teacher,"Is this vegan ice cream, Dad? Go to DONTWATCH.ORG",2021-07-28 02:00:10+00:00,13687,106,350,1694,0.06257378984651712,15.981132075471699,15.708336377584569
That Vegan Teacher,Ep.10 - Ethan Trace is a Disgrace - @ethanbishopv is Not,2021-07-28 14:15:11+00:00,15198,148,501,1459,0.10143934201507881,9.858108108108109,13.870246085011187
That Vegan Teacher,Breathe. Observe. Name. Change.,2021-07-28 18:30:11+00:00,9520,87,399,1130,0.07699115044247788,12.988505747126437,16.974789915966387
That Vegan Teacher,Ep.11 - Ethan Trace Is A Disgrace.  Tabitha Brown is Not. 💚 🥦🍎🥬🍆🍋🍆🥝🌽🍇🍉,2021-07-29 12:00:11+00:00,11507,122,403,1254,0.09728867623604466,10.278688524590164,15.460154688450508
That Vegan Teacher,Tada! It's Vegan Pizza! (In my car on a raining day in Montreal).,2021-07-29 20:45:10+00:00,9930,121,278,805,0.15031055900621118,6.652892561983471,12.124874118831823
That Vegan Teacher,Oops. I loaded the wrong video by accident! Oh lord... I think I need a few days off...,2021-07-29 23:00:13+00:00,11586,118,275,1003,0.11764705882352941,8.5,12.049024684964612
That Vegan Teacher,"Episode 8 - Thank you, Teaching Assistants for helping to educate all veganphobic carnists!",2021-07-30 00:00:12+00:00,10187,73,91,1091,0.06691109074243813,14.945205479452055,12.319623048983999
That Vegan Teacher,Heaven is Vegan. Right Here. Right Now. As soon as we stop abusing animals.,2021-07-30 01:00:41+00:00,24208,257,531,1686,0.15243179122182682,6.560311284046692,10.219762062128222
That Vegan Teacher,Never doubt that a small group of thoughtful committed citizens can change the world.,2021-07-30 15:00:12+00:00,14546,126,542,1665,0.07567567567567568,13.214285714285714,16.038773545992026
That Vegan Teacher,For Mike,2021-07-30 16:45:31+00:00,48595,598,216,2774,0.21557317952415284,4.638795986622074,7.383475666220804
That Vegan Teacher,FIRE GORDON RAMSAY FROM THE SILK MILK COMPANY! @gordonramsay,2021-07-30 22:00:13+00:00,38691,312,378,3836,0.08133472367049009,12.294871794871796,11.697810860406813
That Vegan Teacher,Do you have a dog? Come tell us about him/her!,2021-07-31 22:30:09+00:00,12125,127,243,1360,0.09338235294117647,10.708661417322835,14.268041237113401
That Vegan Teacher,Take a book. Leave a book. But NEVER take a vegetarian book. Vegetarians are the OPPOSITE of vegans.,2021-08-01 03:30:11+00:00,19699,114,130,1353,0.08425720620842572,11.868421052631579,8.107010508147622
That Vegan Teacher,MrBeast: No amount you give to charity can undo the damage you are causing by promoting eating meat.,2021-08-01 16:00:15+00:00,546436,2979,10147,77398,0.03848936665030104,25.981201745552198,16.566258445636816
That Vegan Teacher,"For Hayden - No, @MrBeast is NOT doing more good than harm. He needs to go to: DONTWATCH.ORG",2021-08-01 18:23:59+00:00,177897,2585,2737,13889,0.18611851105191157,5.372920696324952,10.798945457202763
That Vegan Teacher,Once Upon A Time There Was A Man Named Gary Yourofsky,2021-08-02 03:43:05+00:00,9466,147,86,1171,0.125533731853117,7.965986394557823,14.832030424677795
That Vegan Teacher,💚 Bella Vegan Dog is still alive! It feels GREAT not to pay people to hurt animals! 💚,2021-08-02 11:49:36+00:00,71723,1223,939,3807,0.3212503283425269,3.1128372853638595,8.32229549795742
That Vegan Teacher,@annaoop @hudsontarlow @vganbooty Animal Defenders Are AWESOME!,2021-08-02 16:00:12+00:00,30532,243,292,3054,0.07956777996070727,12.567901234567902,11.754880125769684
That Vegan Teacher,@BenShapiro  VS @DannyIshay  - Guess who gets the highest grade?,2021-08-02 21:30:12+00:00,18609,170,461,2388,0.0711892797319933,14.047058823529412,16.223332795958946
That Vegan Teacher,"For Mimi - If you didn’t like being assaulted, why are you paying people to commit this same crime?",2021-08-02 22:22:37+00:00,32657,312,285,3356,0.09296781883194279,10.756410256410257,12.10460238233763
That Vegan Teacher,@Panchooooooooooooooo Thank you for our time together this morning. Thank you for thinking about the animals.,2021-08-03 13:00:11+00:00,64598,447,1101,6341,0.07049361299479577,14.185682326621924,12.212452397907056
That Vegan Teacher,Should Bella Eat Max Or Should Max Eat Bella?,2021-08-03 19:00:13+00:00,31911,219,520,3840,0.05703125,17.534246575342465,14.349283945974742
That Vegan Teacher,"Ep. 5 🍏  Responding to your cruel, ageist, sexist, carnistic, veganphobic lies & creepy comments.",2021-08-03 19:26:10+00:00,31439,305,214,2482,0.12288477034649477,8.137704918032787,9.545469003467032
That Vegan Teacher,Episode 9 - Thank you to all who remind people to go to: dontwatch.org - (it's only 6 mins long).,2021-08-03 23:15:10+00:00,25638,158,359,2942,0.053704962610469066,18.620253164556964,13.49169201965832
That Vegan Teacher,"Song about a farmer’s daughter, whose dad murdered her animal friends and forced her to eat them.",2021-08-04 11:12:50+00:00,20259,243,270,1388,0.17507204610951008,5.711934156378601,9.383483883706008
That Vegan Teacher,"@jakepaul : The ""best day of your life"" is not about beating people up. It's about saving animals.",2021-08-04 16:30:12+00:00,53783,373,1445,6273,0.05946118284712259,16.81769436997319,15.04378707026384
That Vegan Teacher,"Behind many of the greatest pain-in-the-ass, vegan, animal-rights activists is a patient sweetheart.",2021-08-04 21:28:48+00:00,40201,551,636,2777,0.19841555635577962,5.039927404718694,9.860451232556404
That Vegan Teacher,@gordonramsay @Pyrocynical @dazgames@annaoop @oompaville @RaleighLink @dangelowallaceagain @Panchooooooooooooooo,2021-08-05 03:52:32+00:00,36693,217,1306,5074,0.04276704769412692,23.382488479262673,17.978906058376257
That Vegan Teacher,"Episode 10 - Thank you for writing: ""Life doesn't have a price, get vegan dog food!"".",2021-08-05 18:00:11+00:00,18010,135,471,2105,0.06413301662707839,15.592592592592593,15.052748473070515
That Vegan Teacher,Thank you to all pre-vegans who are brave enough to come here to learn the truth: DONTWATCH.ORG,2021-08-05 18:11:09+00:00,19163,192,367,1565,0.12268370607028754,8.151041666666666,11.083859520951835
That Vegan Teacher,That Vegan Teacher Wants @DharMann To Change The World And Be Vegan From Now On,2021-08-05 20:54:27+00:00,88886,1070,768,5126,0.20873975809598128,4.790654205607477,7.83475462952546
That Vegan Teacher,Open Your Heart. The Future Is Vegan.,2021-08-06 22:33:09+00:00,13999,220,207,1045,0.21052631578947367,4.75,10.515036788342025
That Vegan Teacher,Happy Vegan Declaration Day @PewDiePie! You passed your first assignment! I'm so proud of you!,2021-08-06 23:00:12+00:00,668052,8942,5622,43595,0.20511526551210002,4.875307537463654,8.70575943190051
That Vegan Teacher,Do you really not know what a vegan donut is? It's just a donut made without animal body parts!,2021-08-07 02:00:12+00:00,36732,307,1318,3439,0.08927013666763595,11.201954397394136,13.786344331917674
That Vegan Teacher,​@MrBeast STOP PAYING FOR ANIMAL ABUSE! Fois Gras is sadistic violence towards innocent ducks.,2021-08-07 16:00:15+00:00,470040,2961,6642,39922,0.07416963078002103,13.482607227288078,10.536337332992938
That Vegan Teacher,GARBAGE THAT ISN'T GARBAGE - Ep. 2 What This Rich Family Threw Out (& why I'm not mad at them).,2021-08-07 22:00:11+00:00,15229,144,237,1721,0.08367228355607205,11.95138888888889,13.802613434893951
That Vegan Teacher,"No, you cannot eat your grandpa's chickens!",2021-08-07 22:21:59+00:00,50806,373,1611,5345,0.06978484565014031,14.32975871313673,14.42546155965831
That Vegan Teacher,"💚 Thank you for 70,000 subscribers.",2021-08-08 11:45:34+00:00,34547,424,478,2823,0.1501948281969536,6.658018867924528,10.782412365762584
That Vegan Teacher,Why @CoComelon made me cry & what parents can do to teach kids about speciesism.,2021-08-08 13:00:12+00:00,637611,5311,11504,29424,0.18049891245241978,5.540199585765393,7.251913784423418
That Vegan Teacher,For Kenny: Calling me a “vegan donut “ is not an insult. I’m sweet & everyone wants a piece of me.😊,2021-08-08 22:06:35+00:00,64912,691,1940,4852,0.14241549876339654,7.021707670043416,11.527914715306876
That Vegan Teacher,Got your vegan signs out yet? Do it! BILLIONS of suffering animals need us to be their voices!,2021-08-09 14:14:49+00:00,18725,237,276,1186,0.19983136593591905,5.0042194092827,9.073431241655541
That Vegan Teacher,Second Cup Sells Cruelty: Tell These Restaurants That Hurting Animals Is Wrong!,2021-08-09 16:02:20+00:00,25032,263,685,3092,0.08505821474773609,11.756653992395437,16.139341642697346
That Vegan Teacher,"Yes Bob, I will marry you! Just as soon as you become….VEGAN!",2021-08-09 16:37:44+00:00,74491,713,680,4124,0.17289039767216294,5.784011220196353,7.406263843954303
That Vegan Teacher,No! Brown cows don’t “give us” chocolate milk!,2021-08-09 19:58:38+00:00,55026,701,802,3927,0.17850776674306085,5.601997146932953,9.868062370515757
That Vegan Teacher,We have a climate EMERGENCY. Phuk all of you for not being vegan yet.,2021-08-10 03:45:12+00:00,59107,474,1632,7720,0.061398963730569946,16.286919831223628,16.624088517434483
That Vegan Teacher,@dharmann Please contact me before you create videos about veganism! I need to explain some things.,2021-08-10 19:20:56+00:00,56190,402,842,5146,0.078118927322192,12.800995024875622,11.372130272290443
That Vegan Teacher,@pewdiepie Please contact me so we can work towards you having your Vegan Declaration Day soon. 💚,2021-08-10 20:50:21+00:00,299711,4018,3201,16590,0.24219409282700421,4.128919860627177,7.94398603988509
That Vegan Teacher,@PewDiePie gets another A+ for this week's homework! Happy Vegan Declaration Day to all new vegans!,2021-08-11 16:00:11+00:00,143510,1370,1830,12963,0.10568541232739335,9.462043795620438,11.262629781896733
That Vegan Teacher,Let's go to Hello123 in Montreal! No animals were harmed during the making of this video!,2021-08-12 14:00:10+00:00,40023,486,476,2511,0.1935483870967742,5.166666666666667,8.677510431501887
That Vegan Teacher,Episode #18 ~ Reading Your Weird Comments During a Premiere,2021-08-12 16:00:11+00:00,44264,377,1352,3297,0.11434637549287231,8.745358090185677,11.354599674679196
That Vegan Teacher,"Song by That Vegan Teacher, Miss Kadie: The Future Is Vegan ❤️💜🧡💛💚💙",2021-08-13 14:12:52+00:00,24786,382,437,1538,0.2483745123537061,4.026178010471204,9.509400468006133
That Vegan Teacher,Song For New Vegans: Today’s The First Day of the Rest of Your Vegan Life! 💚,2021-08-14 00:07:41+00:00,18981,251,202,1035,0.242512077294686,4.123505976095617,7.839418365734155
That Vegan Teacher,@DharMann responded to @ThatVeganTeacherYouTube What happens next will shock you!,2021-08-14 01:00:11+00:00,330451,2512,2693,18632,0.1348218119364534,7.417197452229299,7.213474917612596
That Vegan Teacher,Why I No Longer Support @gretathunberg7607,2021-08-14 19:00:11+00:00,33289,337,619,2895,0.11640759930915372,8.590504451038576,11.568385953317913
That Vegan Teacher,Steal from the Rich ???,2021-08-14 20:57:21+00:00,46161,644,592,2532,0.25434439178515006,3.9316770186335406,8.162734776109703
That Vegan Teacher,Episode #19: Reading Your Weird Comments,2021-08-15 02:00:11+00:00,30405,238,685,2622,0.09077040427154844,11.016806722689076,11.659266567998685
That Vegan Teacher,TikTok Today: How To Use That Vegan Teacher's Songs To Defend Animals! 💚❤️💜🧡💛💙,2021-08-15 19:00:11+00:00,28424,235,744,2749,0.08548563113859585,11.697872340425532,13.115676892766675
That Vegan Teacher,Listening To My TikTok Songs & Reading Your Comments.,2021-08-16 03:34:24+00:00,26333,255,785,2656,0.09600903614457831,10.415686274509804,14.035620704059545
That Vegan Teacher,Can you guess how many blueberries are here? Let's count them & talk about how nutritious they are!,2021-08-16 17:30:10+00:00,17989,228,593,1864,0.1223175965665236,8.175438596491228,14.925787981544278
That Vegan Teacher,"@kallmekris Stop stealing body parts from animals! Milk, meat, eggs: are all from cycles of violence",2021-08-17 00:00:13+00:00,559786,3472,8253,50261,0.06907940550327292,14.476094470046084,11.073160100466964
That Vegan Teacher,End Speciesism: r@pe culture and why it's your fault,2021-08-18 03:45:11+00:00,21894,195,207,2587,0.07537688442211055,13.266666666666667,13.652142139398924
That Vegan Teacher,"@MrBeast No amount of ""good"" you do for the world can undo the damage you are causing.",2021-08-18 16:30:12+00:00,749893,4489,18719,41102,0.10921609654031433,9.15615950100245,8.57589016032954
That Vegan Teacher,McMurder - Don't support places that pay for cruelty to animals. Tell them to be vegan from now on!,2021-08-19 00:00:10+00:00,93571,949,2019,10355,0.09164654756156446,10.911485774499473,14.238385824667898
That Vegan Teacher,"Episode #20: No Cade, We Don't Eat Grass, Silly!",2021-08-19 16:15:11+00:00,23141,174,434,1750,0.09942857142857142,10.057471264367816,10.189706581392334
That Vegan Teacher,@annaoop Why are you continuing your veganphobic behaviour & repeatedly encouraging animal abuse?,2021-08-20 00:00:11+00:00,82907,772,1534,6274,0.12304749760918074,8.126943005181348,10.348945203661934
That Vegan Teacher,💚  Empathy: 🤗  Animals Are Not Ours. 💜  Use this song to create videos on TikTok or Instagram.,2021-08-20 13:40:36+00:00,22654,308,322,902,0.34146341463414637,2.9285714285714284,6.762602630881963
That Vegan Teacher,Painted Shirts ~ Bella Vegan Dog ~ Encouragement To Keep Going!,2021-08-20 16:15:12+00:00,16217,184,410,1828,0.10065645514223195,9.934782608695652,14.934944811000802
That Vegan Teacher,"Episode #21: @MrBeast Fans: If you don't care about the animals, WTF are you here?! Go home!",2021-08-20 23:00:11+00:00,50147,298,950,4747,0.06277649041499894,15.929530201342281,11.954852732965083
That Vegan Teacher,"That Vegan Teacher Miss Kadie: Use This Song To Create Awesome Videos For TikTok, Instagram, etc…",2021-08-21 01:58:55+00:00,36928,505,437,2196,0.22996357012750454,4.348514851485149,8.49761698440208
That Vegan Teacher,🍌Veganphobia Is Hate Speech. Don’t Be Veganphobic. 🍉 Be Veganphantastic. 🌽 Help The Helpers. 🥬,2021-08-21 15:11:02+00:00,35064,377,489,2806,0.13435495367070563,7.4429708222811675,10.472279260780287
That Vegan Teacher,Guess Where The Best Cinnamon Buns In The World Are,2021-08-21 18:10:33+00:00,27025,316,382,2629,0.1201977938379612,8.319620253164556,12.310823311748381
That Vegan Teacher,"Episode #22: No,  Amira, you can't eat eggs or cheese - they come from cycles of violence. Be vegan.",2021-08-21 21:00:09+00:00,46617,305,860,3677,0.08294805548001088,12.055737704918032,10.386768775339467
That Vegan Teacher,How To Become A Teaching Assistant In My Classroom - Explained in 59 Seconds,2021-08-22 13:45:45+00:00,30950,442,239,1146,0.3856893542757417,2.5927601809954752,5.9030694668820685
That Vegan Teacher,Episode #1: Addressing Your Veganphobic Blathering (After my 56-second video to@kallmekris),2021-08-22 14:00:11+00:00,53419,304,1399,4886,0.062218583708555056,16.07236842105263,12.3345626088096
That Vegan Teacher,For Jeremiah,2021-08-22 19:14:23+00:00,71092,1113,749,3509,0.31718438301510404,3.152740341419587,7.5549991560231815
That Vegan Teacher,Shopping From A Vegan Perspective: Thinking About the Animals and the Planet,2021-08-23 16:00:12+00:00,34723,527,663,2253,0.2339103417665335,4.275142314990513,9.915617890159261
That Vegan Teacher,Contest: Find vegan markers that state on THEIR website that NO animals are used. Post link. Go now!,2021-08-23 21:30:10+00:00,24431,172,259,1524,0.11286089238845144,8.86046511627907,8.002128443371127
That Vegan Teacher,WE HAVE A WINNER! Someone found vegan markers!! Guess who it was?!,2021-08-23 22:38:16+00:00,15464,180,111,1194,0.1507537688442211,6.633333333333334,9.602948784273151
That Vegan Teacher,Why are you saying that you want animal-defenders to die? WTF is wrong with you?,2021-08-24 00:44:06+00:00,45149,627,499,2391,0.26223337515683814,3.813397129186603,7.789762785443753
That Vegan Teacher,How Many Vegans Do You Think There Are In The World?,2021-08-24 00:45:10+00:00,26706,284,701,2871,0.09892023685127134,10.109154929577464,14.438702913203025
That Vegan Teacher,My bike brought me here today.  Why do these books categorize animals as if they are objects?,2021-08-24 11:30:10+00:00,19743,164,449,1527,0.10740013097576949,9.310975609756097,10.839284809806008
That Vegan Teacher,#3 Why Are Meat-Heads So Weird? Addressing your cognitive dissonance one comment at a time.,2021-08-24 14:00:11+00:00,19418,128,398,1351,0.09474463360473723,10.5546875,9.666289010196724
That Vegan Teacher,Episode 11 -  Reading Your Amazing Comments,2021-08-24 16:00:12+00:00,34863,298,836,2690,0.11078066914498141,9.026845637583893,10.96864871066747
That Vegan Teacher,I've been EXPOSED by @kallmekris,2021-08-25 00:00:10+00:00,835952,5936,8348,62040,0.09568020631850419,10.451482479784367,9.13018929316516
That Vegan Teacher,"Would You Eat Me? If yes, subscribe! If no, also subscribe! Talk vegan to me! Tell me why!",2021-08-25 20:30:10+00:00,27806,296,751,3026,0.09781890284203569,10.222972972972974,14.64791771560095
That Vegan Teacher,"Episode 12 - Thank you, Matilda, for trying a vegan burger!",2021-08-26 00:00:12+00:00,29375,252,768,2830,0.08904593639575972,11.23015873015873,13.106382978723405
That Vegan Teacher,Is your dog vegan yet? What are you waiting for? Bella's been vegan since Aug 2017. And you?,2021-08-26 12:30:11+00:00,35965,346,1083,4132,0.08373668925459826,11.942196531791907,15.462254970109829
That Vegan Teacher,"The spider, the skunk, the barf, Jesus & the night. Join me as I venture around my neighbourhood.",2021-08-26 20:30:10+00:00,16431,185,444,1724,0.10730858468677494,9.31891891891892,14.320491753392977
That Vegan Teacher,"@voidunit1  End ALL oppression. Everyone should be vegan regardless of race, religion, age or gender.",2021-08-27 01:00:11+00:00,31255,194,965,3023,0.06417466093284817,15.582474226804123,13.380259158534635
That Vegan Teacher,Every Morning We Are Born Again. What We Do Today Is What Matters Most. We Can Choose To Be Vegan 🤗,2021-08-27 13:41:03+00:00,22791,277,466,1564,0.17710997442455242,5.646209386281589,10.122416743451362
That Vegan Teacher,Vegan Street has great memes/posters of all kinds. I like their messages & the simplicity of the art,2021-08-28 01:30:23+00:00,16920,198,418,1829,0.1082558775287042,9.237373737373737,14.450354609929079
That Vegan Teacher,For Margo Robbie: It’s your social and moral responsibility to be vegan from now on,2021-08-28 02:29:22+00:00,50014,550,462,2882,0.19083969465648856,5.24,7.785819970408285
That Vegan Teacher,"Episode 13 - Reading Your Amazing Comments During My Last Premiere - Um... Nope, I'm not pregnant!",2021-08-28 21:30:10+00:00,26932,222,664,2347,0.0945888368129527,10.572072072072071,12.004307143918016
That Vegan Teacher,Look In The Mirror @KallMeKris & Be Vegan From Now On. Stop Paying For Sadness & Suffering.,2021-08-29 01:10:22+00:00,51251,408,542,2951,0.13825821755337173,7.232843137254902,7.611558798852705
That Vegan Teacher,End Racism. End Veganphobia. Don’t Bully Vegan Children. Subscribe to this channel to save lives.,2021-08-29 10:57:25+00:00,41205,483,469,2246,0.21504897595725736,4.650103519668737,7.761194029850746
That Vegan Teacher,​@kallmekris Hurting Animals Is Wrong. Join us. Be vegan from now on & bring your followers along.,2021-08-29 17:30:09+00:00,114481,550,1514,8126,0.06768397735663303,14.774545454545455,8.90104034730654
That Vegan Teacher,Come into my kitchen and see my scrumptious vegan snack! #ThatVeganTeacher,2021-08-29 21:35:59+00:00,129201,2459,1130,5325,0.46178403755868547,2.1655144367629116,6.899327404586651
That Vegan Teacher,"Episode 14 - Thank you, Claire, for reminding students to learn from dontwatch.org (it's only 6min).",2021-08-30 02:29:33+00:00,16623,147,255,1571,0.09357097390197326,10.687074829931973,11.869097034229682
That Vegan Teacher,"Thank u to the 90,000 haters who subscribed & allowed me to tell the animals' stories. I love you!",2021-08-30 10:45:21+00:00,26513,336,551,3165,0.1061611374407583,9.419642857142858,15.283068683287443
That Vegan Teacher,Song: There’s No Excuse For Animal Abuse,2021-08-30 13:07:42+00:00,47541,595,626,2946,0.20196877121520707,4.951260504201681,8.765065943080709
That Vegan Teacher,"Ep.12 - Why Is Veganphobic, Animal-Abuser Ethan Trace Still A Disgrace?",2021-08-30 23:30:10+00:00,26091,229,457,2866,0.0799023028611305,12.51528384279476,13.613889847073704
That Vegan Teacher,Why Are We Teaching Kids This Is Okay? We Have A Finite Planet. Stop Trashing It. Go Vegan.,2021-08-31 02:30:10+00:00,30195,310,603,3026,0.1024454725710509,9.761290322580646,13.045206159960257
That Vegan Teacher,@pancho What’s going on? Are you finally quitting your veganphobic behaviour?,2021-08-31 14:29:54+00:00,86023,1512,578,3964,0.38143289606458125,2.621693121693122,7.037652720783977
That Vegan Teacher,"@Panchooooooooooooooo: ""I don't want to be known as that guy who keeps roasting That Vegan Teacher.""  Why is that?",2021-08-31 16:15:10+00:00,50743,439,822,4005,0.10961298377028714,9.123006833712983,10.377786098575173
That Vegan Teacher,@kallmekris Here is the vegan marker you were looking for!,2021-08-31 19:36:18+00:00,43812,764,271,1731,0.4413633737723859,2.2657068062827226,6.31333881128458
That Vegan Teacher,What brand of soy milk do you have where you are in the world?,2021-08-31 19:47:37+00:00,39322,684,543,1894,0.3611404435058078,2.7690058479532165,7.937032704338538
That Vegan Teacher,Episode #1 Sing & Learn With That Vegan Teacher Miss Kadie,2021-08-31 23:15:11+00:00,35036,303,841,3674,0.08247142079477408,12.125412541254125,13.751569813905698
That Vegan Teacher,4 Ingredients. 4 Minutes. Forking Good.,2021-09-01 19:47:28+00:00,38562,692,405,1476,0.46883468834688347,2.132947976878613,6.672371764949951
That Vegan Teacher,"New video going up momentarily about @GordonRamsay, one of the most cowardly “men” on this planet.",2021-09-01 20:05:29+00:00,67150,786,466,3546,0.22165820642978004,4.511450381679389,7.145197319434103
That Vegan Teacher,GORDON RAMSAY SHOULD BE IN JAIL @gordonramsay,2021-09-01 20:30:11+00:00,126270,822,1972,11734,0.0700528379069371,14.274939172749392,11.505504078561813
That Vegan Teacher,Playdate for BellaVeganDog and Max! (With a special message for @PapaGutArchive and @teachereddiehistory ),2021-09-02 02:15:10+00:00,33256,301,727,3742,0.08043826830571886,12.43189368770764,14.3432764012509
That Vegan Teacher,Your Insane Veganphobic Comments: For the millionth time: I'm NOT pregnant! Stop believing rumours!,2021-09-02 09:30:10+00:00,35039,255,955,4173,0.06110711718188354,16.36470588235294,15.362881360769428
That Vegan Teacher,What Vegan Doctors Tell Us To Eat,2021-09-02 16:00:12+00:00,54734,338,1379,6614,0.0511037193831267,19.568047337278106,15.220886469105126
That Vegan Teacher,@SSSNIPPERWOLF is well on her way to becoming vegan! She got her first “click”! Only 99 left to go!,2021-09-03 10:49:40+00:00,694618,7537,5524,25509,0.2954643459171273,3.3845031179514398,5.552692271147595
That Vegan Teacher,Veganphobic @teachereddiehistory Fails Ethics Class - Doesn't Understand The Concept of Consent,2021-09-03 11:30:10+00:00,36845,290,756,3728,0.07778969957081545,12.855172413793104,12.956981951418104
That Vegan Teacher,@SSSniperWolf WTF: Why are you talking about punching an innocent cow?! #veganphobia #specieisism,2021-09-03 18:36:16+00:00,1335471,27175,13,51292,0.5298097169149185,1.8874701011959523,5.876578375719128
That Vegan Teacher,Weird comment of the day: “We’re no strangers to love… You know the rules & so do I …”,2021-09-04 02:15:09+00:00,61941,681,1535,4730,0.14397463002114164,6.945668135095448,11.213897095623254
That Vegan Teacher,"Episode 15 - I like this comment from a Teaching Assistant: ""My body is a garden, not a graveyard.""",2021-09-04 13:00:11+00:00,28197,276,552,2350,0.1174468085106383,8.514492753623188,11.270702557009612
That Vegan Teacher,Road Trip To The Dog Park: Bet you can't tell which dogs are vegan. Watch and try to guess!,2021-09-05 11:00:11+00:00,22712,277,351,2476,0.11187399030694668,8.938628158844764,13.66678407890102
That Vegan Teacher,Episode #6 Reacting to your veganphobic comments during a premiere: Why are you here if you hate me?,2021-09-05 16:00:12+00:00,18802,209,546,1615,0.12941176470588237,7.7272727272727275,12.605042016806722
That Vegan Teacher,@SSSniperWolf Helps Me Teach Vegan Class! Part 1.,2021-09-05 20:00:11+00:00,383529,3528,4455,23682,0.14897390423106158,6.712585034013605,8.256220520482154
That Vegan Teacher,@SSSniperWolf's fans come to my preview to tell me how much they like paying people to hurt animals.,2021-09-06 01:30:11+00:00,73420,537,1047,4867,0.11033490856790631,9.063314711359403,8.786434214110598
That Vegan Teacher,Do you suffer from vystopia? I do. But you can find ways to cope & to keep your focus on the animals,2021-09-06 14:15:11+00:00,18859,241,589,2278,0.1057945566286216,9.452282157676349,16.480195132297577
That Vegan Teacher,Ep. #2 Addressing Your Veganphobic Blathering After My Video About The School,2021-09-07 00:15:01+00:00,10341,125,170,1169,0.10692899914456801,9.352,14.157238178125905
That Vegan Teacher,Men: Grow Up. Be Brave. Be Vegan. Start Now. Help us save the animals and the planet.,2021-09-07 01:00:11+00:00,35936,310,1041,4353,0.07121525384792098,14.041935483870967,15.8726625111309
That Vegan Teacher,Why Are Meat Heads This Way?,2021-09-07 17:45:09+00:00,18580,182,416,1838,0.09902067464635474,10.098901098901099,13.110871905274488
That Vegan Teacher,"Veganphobic Neanderthal @teachereddiehistory Fails Again, but at least he takes me down TikTok Memory Lane",2021-09-08 01:00:11+00:00,29279,340,552,3052,0.11140235910878113,8.976470588235294,13.470405410020833
That Vegan Teacher,"Thank you to my 100,000 subscribers for trying your best to be as vegan as possible. 🤗",2021-09-08 02:01:26+00:00,72782,1609,887,5592,0.2877324749642346,3.4754505904288377,11.112637740100574
That Vegan Teacher,We're all born vegan. Even you. You never wanted to kill animals. It's time to return to your roots.,2021-09-08 23:30:11+00:00,35351,485,819,3212,0.15099626400996263,6.622680412371134,12.774744703120138
That Vegan Teacher,Responding to your veganphobic blathering during a premiere about why all men should be vegan.,2021-09-09 01:16:19+00:00,20748,205,398,2170,0.0944700460829493,10.585365853658537,13.365143628301524
That Vegan Teacher,10 Vegan Tips You Need To Know! Courtesy: @RainbowPlantLife,2021-09-09 16:00:13+00:00,23189,458,459,1969,0.23260538344337228,4.299126637554585,12.445556082625382
That Vegan Teacher,Ep 1. TikTok Today: God calls Miss Kadie to tell her what to do about @SSSniperWolf & @kallmekris,2021-09-10 00:00:11+00:00,54430,464,851,4900,0.0946938775510204,10.560344827586206,11.418335476759141
That Vegan Teacher,What would you have done in World War 2? Look at how you treat the animals. Therein lies the answer.,2021-09-10 02:03:48+00:00,19514,221,397,2335,0.09464668094218416,10.565610859728507,15.132725222916878
That Vegan Teacher,@MictheVegan  vs @SSSniperWolf,2021-09-10 16:00:13+00:00,107180,958,1605,9754,0.09821611646503998,10.181628392484342,11.491882813957828
That Vegan Teacher,"Yes, dogs CAN be vegan. Why pay for murder if you don’t have to?",2021-09-10 19:54:53+00:00,138802,2609,1609,6762,0.3858325939071281,2.591797623610579,7.9105488393539
That Vegan Teacher,Episode 16 - Thank you Selina White for reminding everyone not to pay for animal suffering. 💚,2021-09-10 20:00:11+00:00,57203,422,1003,5280,0.07992424242424243,12.511848341232227,11.721413212593745
That Vegan Teacher,Who is she? Why did she rip a cat picture from our fence? Is she connected to the dead-cats mystery?,2021-09-11 21:00:11+00:00,27948,353,255,2426,0.14550700741962078,6.872521246458923,10.855875196794045
That Vegan Teacher,Episode 17 - Thanks @Aylis's Spectrum for pointing out that being vegan is the right thing to do!,2021-09-12 00:00:12+00:00,29302,286,465,2550,0.11215686274509803,8.916083916083917,11.265442631902259
That Vegan Teacher,​@CoComelon Speciesism Is The First Form Of Racism. Stop Promoting It.,2021-09-12 21:15:11+00:00,344708,3141,3900,17507,0.17941394870623179,5.5737026424705505,7.121389697947249
That Vegan Teacher,Episode 18 - Thank you Alyssa for drinking soy & oat milk instead of stealing milk from cows!,2021-09-13 00:00:11+00:00,16264,161,359,1189,0.13540790580319595,7.385093167701863,10.507870142646336
That Vegan Teacher,"When the Twin Towers came down, many animal-eaters died. Was this a good thing or a bad thing?",2021-09-13 11:00:11+00:00,207625,884,3102,40750,0.021693251533742332,46.0972850678733,21.546538229981937
That Vegan Teacher,Eat Mindfully. And be vegan from now on.,2021-09-13 14:31:54+00:00,33077,585,361,1349,0.4336545589325426,2.305982905982906,6.938355957311727
That Vegan Teacher,Vegan animal-rights activists can use Miss Kadie's songs to create videos for TikTok + Instagram.,2021-09-13 16:00:11+00:00,23247,276,425,2367,0.11660329531051965,8.576086956521738,13.197401815287993
That Vegan Teacher,"Thank you for the 51,000 signatures on the petition to have #BellaVeganDog taken away from me!",2021-09-13 21:22:16+00:00,46072,957,627,2684,0.35655737704918034,2.8045977011494254,9.263761069630144
That Vegan Teacher,@vganbooty  carries a dead pig head & covers herself with blood so you can learn the truth.,2021-09-14 03:15:09+00:00,46181,431,457,3488,0.12356651376146789,8.092807424593968,9.475758428791062
That Vegan Teacher,Episode 19 - Thank you to all Teaching Assistants who educate others during premieres of my videos!,2021-09-14 16:00:10+00:00,8424,138,165,827,0.16686819830713423,5.992753623188406,13.414055080721749
That Vegan Teacher,"Humans Suck. They ""saved"" this cat's life while stuffing their faces with body parts of others.",2021-09-14 20:00:12+00:00,56082,578,1040,5154,0.11214590609235545,8.916955017301039,12.075175635676331
That Vegan Teacher,"Episode 23 - No, plants don't feel pain. Firefighters don't rescue them when houses are on fire.",2021-09-15 00:00:12+00:00,30098,304,554,2534,0.11996842936069456,8.335526315789474,11.269851817396505
That Vegan Teacher,"Watch. Then tell me what you learned, in the comments below.",2021-09-15 19:53:15+00:00,54927,915,523,2503,0.36556132640831,2.73551912568306,7.174977697671454
That Vegan Teacher,"SEPT 15, 2021 @IsaacButterfield + Woke TikTok  - Each one as bad as the next.",2021-09-15 20:00:12+00:00,28700,333,360,2310,0.14415584415584415,6.936936936936937,10.463414634146341
That Vegan Teacher,Episode 1 - You got me! You tricked me! You snuck in during a premiere and pretended to be vegan!,2021-09-16 00:00:11+00:00,17227,192,143,1081,0.17761332099907493,5.630208333333333,8.219655192430487
That Vegan Teacher,Song: Remember The Time You Did Nothing Wrong But You Were Punished Anyway?,2021-09-16 01:24:51+00:00,10917,133,228,1102,0.1206896551724138,8.285714285714286,13.401117523129063
That Vegan Teacher,Episode 20 - Thank you for reminding people that being vegan is about the animals - not about food!,2021-09-16 11:00:14+00:00,10702,196,339,849,0.2308598351001178,4.331632653061225,12.932162212670528
That Vegan Teacher,💚 Would you buy Ruby Roth's book for a child you know? Why or why not? Answer in the comments. 💚,2021-09-16 16:30:11+00:00,16450,260,230,1266,0.20537124802527645,4.869230769230769,10.674772036474165
That Vegan Teacher,"Episode #24 - Yes, you can eat whatever you want, just not WHOEVER you want.",2021-09-16 20:00:10+00:00,22588,247,460,1799,0.13729849916620346,7.283400809716599,11.094386399858331
That Vegan Teacher,This keeps me awake at night.,2021-09-17 07:00:09+00:00,20720,269,421,1556,0.17287917737789202,5.784386617100372,10.839768339768339
That Vegan Teacher,"Episode 25. You say you will never be vegan, yet here you are, day after day, in my comment section.",2021-09-17 14:00:11+00:00,14732,202,228,1006,0.20079522862823063,4.98019801980198,9.747488460494163
That Vegan Teacher,Do you like happy videos of animals not on sandwiches? I do. Here's one.,2021-09-17 16:15:11+00:00,10443,205,201,1004,0.20418326693227093,4.897560975609756,13.501867279517379
That Vegan Teacher,@MariElizabeth You can be on the right side of history!,2021-09-17 18:34:16+00:00,33314,456,404,1586,0.287515762925599,3.4780701754385963,7.342258509935763
That Vegan Teacher,"Meat, Dairy , Eggs - Speak out against them and your channel is not monetizable. Not fair. Corrupt.",2021-09-17 23:07:07+00:00,36283,488,235,1353,0.360679970436068,2.7725409836065573,5.72168784279139
That Vegan Teacher,@iNabber @JohnRobertBell: Brothers-at-Heart in The Family of Hypocrisy.,2021-09-18 00:00:12+00:00,26184,236,432,2578,0.09154383242823895,10.923728813559322,12.396883593033914
That Vegan Teacher,"Episode 21 - You're right, Joshua, the meat, dairy & egg industries should be abolished. #bevegannow",2021-09-18 12:00:10+00:00,13499,217,488,1136,0.19102112676056338,5.235023041474655,13.638047262760205
That Vegan Teacher,Hungry but only see a pharmacy? Yippy! Join me! Discover vegan foods that are cruelty-free!,2021-09-18 20:00:10+00:00,15532,284,251,1206,0.23548922056384744,4.246478873239437,11.209116662374454
That Vegan Teacher,Vegan junk food? Let's go to Montreal!,2021-09-19 01:00:12+00:00,57169,867,603,3270,0.26513761467889907,3.7716262975778547,8.291206772901399
That Vegan Teacher,"Episode 22 - Yes Mark, all animals must be saved! Happy Vegan Declaration Day to all new vegans!",2021-09-19 11:00:11+00:00,10220,199,207,861,0.2311265969802555,4.326633165829146,12.397260273972604
That Vegan Teacher,Sad Cartoon: The Truth About Eggs You Eat,2021-09-19 16:00:11+00:00,31247,553,669,2434,0.22719802793755137,4.401446654611211,11.700323231030179
That Vegan Teacher,"Episode 23 - Thanks  Vegan_Claire_USA_13 for wearing your ""uniform"" & for your participation today!",2021-09-19 20:30:10+00:00,9264,154,272,621,0.24798711755233493,4.032467532467533,11.30181347150259
That Vegan Teacher,​@SSSniperWolf + @Deep Vegan - Who is the best human? Write your answers in the comments below.,2021-09-20 00:00:11+00:00,49718,364,957,3767,0.09662861693655429,10.348901098901099,10.233718170481517
That Vegan Teacher,Vegans are winning hearts & minds. We are brave. We show up. And we never give up. 💚💜❤️🧡💛💙,2021-09-20 01:01:50+00:00,30688,422,367,1649,0.25591267434808973,3.9075829383886256,7.944473409801876
That Vegan Teacher,Change Your Religion Like You Change Your Underwear! Show God That You Really Care! #short,2021-09-20 14:03:05+00:00,83193,1137,1200,5050,0.22514851485148515,4.441512752858399,8.879352830166
That Vegan Teacher,Sept 20. Voting day in Canada. Who should I vote for? The black woman or the guy in the turban?,2021-09-20 18:30:10+00:00,15451,188,337,1415,0.13286219081272085,7.526595744680851,12.555821629667982
That Vegan Teacher,Me checking out an awesome Instagram account. Subscribe to him: @CarnismDebunked,2021-09-20 22:00:12+00:00,8746,130,108,718,0.181058495821727,5.523076923076923,10.930711182254745
That Vegan Teacher,#BellaVeganDog Asking Me To Share My Snack,2021-09-20 22:19:24+00:00,43940,986,439,1609,0.612802983219391,1.63184584178499,6.904870277651343
That Vegan Teacher,"Episode 8 - Why are you telling us you're ""from Fortnight""? Nobody cares which game you're from!",2021-09-21 00:30:10+00:00,17572,196,453,1483,0.13216453135536074,7.566326530612245,12.132938766218984
That Vegan Teacher,"Can’t sleep? Here’s a song of hope. The Future Is Vegan. Night. Lake. Montreal, Quebec. Canada.",2021-09-21 05:50:53+00:00,40672,698,751,2061,0.3386705482775352,2.9527220630372493,8.630015735641228
That Vegan Teacher,When did you stop singing and why? It's time to start again! Perfection is the enemy of good enough!,2021-09-21 16:30:10+00:00,16370,199,235,1408,0.14133522727272727,7.075376884422111,11.252290775809408
That Vegan Teacher,Not Fun But Necessary: Removing A Teaching Assistant For Stepping Out Of Line,2021-09-21 23:00:10+00:00,21278,221,469,1787,0.12367095691102406,8.085972850678733,11.64113168530877
That Vegan Teacher,"Horses are not objects. Stop eating them, riding them or using them as entertainment. Be vegan!",2021-09-22 16:30:11+00:00,26818,265,531,2554,0.10375880971025842,9.637735849056604,12.491610112610934
That Vegan Teacher,Why do you stay in “your” religion? Why not try another one? You can leave any time you want to!,2021-09-22 18:59:32+00:00,36850,588,542,1980,0.296969696969697,3.36734693877551,8.439620081411125
That Vegan Teacher,"Episode 24 - Thank you to 18-year old Lucy,  for reminding students to go to watchdominion.com ✅",2021-09-22 21:30:10+00:00,10450,147,262,969,0.15170278637770898,6.591836734693878,13.186602870813397
That Vegan Teacher,Quick informal update for Teaching Assistants while I walk Bella!,2021-09-23 02:19:15+00:00,15648,255,278,1652,0.15435835351089588,6.47843137254902,13.963445807770961
That Vegan Teacher,"Thank you to all Teaching Assistants who are wearing their ""uniforms""!",2021-09-23 16:00:11+00:00,7202,144,169,654,0.22018348623853212,4.541666666666667,13.426825881699529
That Vegan Teacher,"@GliderGuy, a 16-year old from Australia still pays people to hurt animals. Miss Kadie responds.",2021-09-23 16:54:51+00:00,28045,189,265,2343,0.08066581306017925,12.396825396825397,9.973257265109645
That Vegan Teacher,DXE Korea Gets an A+ for their incredible bravery!,2021-09-24 00:00:11+00:00,23727,386,507,1895,0.20369393139841688,4.909326424870466,11.750326632106882
That Vegan Teacher,Happy Birthday To Me!  Go Vegan for the Animals  - and Me!,2021-09-24 16:15:10+00:00,16632,408,571,1479,0.27586206896551724,3.625,14.77873977873978
That Vegan Teacher,Behind the Scenes of a Premiere : Checking on my avocado every 2 seconds to see if it’s ripe yet!,2021-09-24 19:30:09+00:00,10958,198,176,870,0.22758620689655173,4.393939393939394,11.35243657601752
That Vegan Teacher,TikTok Today: Checking Out That Vegan Teacher Andy's Account - He's got some weird stuff there!,2021-09-25 00:00:13+00:00,18872,278,411,1307,0.2127008416220352,4.701438848920863,10.576515472657906
That Vegan Teacher,"The ""Circle of Life"" argument makes NO sense - There's nothing ""natural"" about factory farms.",2021-09-25 07:30:10+00:00,13375,193,306,1257,0.15354017501988862,6.512953367875648,13.128971962616824
That Vegan Teacher,Episode 25 - Yes Sunny. You’re right. There’s no excuse for animal abuse!,2021-09-25 18:00:10+00:00,7923,118,213,661,0.17851739788199697,5.601694915254237,12.520509907863184
That Vegan Teacher,"Perfection Is The Enemy Of “Good Enough"". If you don't try, you will never succeed in this life.",2021-09-25 20:00:11+00:00,16124,210,296,1400,0.15,6.666666666666667,11.820888117092533
That Vegan Teacher,Confronting Genius Carnists Who Believe The Earth Is Flat & Plants Feel Pain. Kids: Don’t Do Dru*gs,2021-09-26 02:15:10+00:00,17903,214,454,1692,0.12647754137115838,7.906542056074766,13.182148243311175
That Vegan Teacher,Episode 9: Tough love is the only love that matters: Do the right thing. Even if it's hard.,2021-09-26 11:00:11+00:00,15423,152,412,1370,0.11094890510948906,9.013157894736842,12.539713415029501
That Vegan Teacher,"TikTok: The Good, The Bad and The Ugly",2021-09-27 00:00:12+00:00,16662,184,386,1645,0.11185410334346504,8.940217391304348,13.293722242227823
That Vegan Teacher,Plants DON'T feel pain & Santa doesn't exist. Stop believing in pseudoscience. Believe in LOGIC.,2021-09-27 11:30:11+00:00,36458,363,851,3181,0.114115058157812,8.763085399449036,12.054967359701575
That Vegan Teacher,Follow V-Gan Booty. Be brave. Be vegan. start now.,2021-09-27 13:55:54+00:00,82056,1375,566,3039,0.4524514642974663,2.2101818181818182,6.069026031003218
That Vegan Teacher,"Bad Boy @IsaacButterfield: Insults New Zealanders, Discriminates Against Uncles & is Veganphobic.",2021-09-27 21:00:12+00:00,27995,318,332,2725,0.11669724770642202,8.569182389937106,12.055724236470798
That Vegan Teacher,"Episode #27 - ""Why are students wearing a Class Uniform?"" Because this is a Vegan Classroom!",2021-09-28 01:30:10+00:00,18639,191,456,1561,0.12235746316463805,8.172774869109947,11.846129084178337
That Vegan Teacher,Am I friends with non-vegans? Here is my answer.,2021-09-28 16:44:47+00:00,44475,556,574,3286,0.16920267802799757,5.910071942446043,9.929173693086003
That Vegan Teacher,@SSSniperWolf  Thank you for saying you're sorry. But this isn't about us. It's about the animals.,2021-09-28 23:00:11+00:00,97027,1025,957,7200,0.1423611111111111,7.024390243902439,9.46334525441372
That Vegan Teacher,Veganizing Single Dads on Instagram!,2021-09-29 16:00:08+00:00,12445,177,325,1329,0.13318284424379231,7.508474576271187,14.712736038569707
That Vegan Teacher,"Episode 26 - Thank you Alejo, for your kind comment today!",2021-09-29 22:00:11+00:00,8654,131,177,707,0.18528995756718528,5.396946564885496,11.728680379015485
That Vegan Teacher,Behind the scenes as a premiere goes up: a sneak peek at my other teaching channel.,2021-09-30 11:00:11+00:00,9865,104,179,973,0.10688591983556012,9.35576923076923,12.731880385200203
That Vegan Teacher,Veganphobia:@IsaacButterfield When one of your fans hurts @vganbooty I will hold you responsible.,2021-09-30 18:15:10+00:00,25719,208,430,2399,0.08670279283034597,11.533653846153847,11.808390683930169
That Vegan Teacher,"Examining your uniforms during the premiere of the Sept 30, 2021@IsaacButterfield video.",2021-10-01 16:00:11+00:00,7922,82,129,705,0.11631205673758865,8.597560975609756,11.562736682655895
That Vegan Teacher,"Bella Vegan Dog, My Kitchen Table and a TikTok Weight-Lifting Vegan Named Hunter.",2021-10-01 20:00:11+00:00,21224,251,375,1933,0.1298499741334713,7.701195219123506,12.057105163965321
That Vegan Teacher,"Reacting To You During the Premiere of the Oct 1, 2021 Bella & TikTok Video",2021-10-01 22:30:10+00:00,15878,163,544,1305,0.12490421455938697,8.006134969325153,12.671621110971154
That Vegan Teacher,@kallmekris @SSSniperWolf Stop wearing makeup that's tested on animals. Start being vegan. Now.,2021-10-02 18:00:11+00:00,90665,836,1200,6507,0.1284770247425849,7.783492822966507,9.422599680141179
That Vegan Teacher,Animal Testing Should Be Illegal. Animals Deserve A Bill of Rights to Protect Them Under The Law,2021-10-02 20:47:38+00:00,56272,1383,552,1327,1.0422004521477015,0.9595083152566883,5.796843901052033
That Vegan Teacher,Bella. Sponge Bob. And Tofu Scramble. Subscribe to this channel. Press the notification bell.,2021-10-03 00:27:45+00:00,79394,1482,1154,2752,0.5385174418604651,1.8569500674763832,6.786407033277074
That Vegan Teacher,"Today in Comedy Class, @ryancomedyvids Presents!",2021-10-03 16:45:11+00:00,121660,2450,1101,4377,0.5597441169750971,1.786530612244898,6.516521453230315
That Vegan Teacher,"Reacting to you during the premiere of the Oct 3, 2021 @ryancomedyvids video.",2021-10-03 20:03:19+00:00,3707,57,62,327,0.1743119266055046,5.7368421052631575,12.031292149986513
That Vegan Teacher,"Episode 27 - Yes Kyle, I agree; we should stop testing cosmetics on animals.",2021-10-03 20:04:13+00:00,9003,111,127,830,0.13373493975903614,7.4774774774774775,11.86271242919027
That Vegan Teacher,"Apparently it's MY fault that his girlfriend thinks his appendage is ""meat"" & she won't go near it.",2021-10-04 01:00:10+00:00,20611,266,388,1622,0.16399506781750925,6.097744360902255,11.042647130173208
That Vegan Teacher,​@SSSniperWolf Be Vegan From Now On.,2021-10-04 12:30:12+00:00,50403,524,641,4146,0.12638687891944042,7.912213740458015,10.537071206079004
That Vegan Teacher,Veganphobic Instagram Today: You just want me to play bingo & video games?!,2021-10-04 16:00:11+00:00,11542,117,228,1022,0.11448140900195694,8.735042735042734,11.843701264945416
That Vegan Teacher,Happy Pet Path Today! The Poster Is Back Up! #short,2021-10-04 18:02:51+00:00,50230,1035,340,1720,0.6017441860465116,1.6618357487922706,6.161656380649014
That Vegan Teacher,Congratulations! You Tricked Me Again During The Premiere of the @SSSniperWolf Video.,2021-10-04 19:30:10+00:00,19349,170,191,1349,0.12601927353595255,7.935294117647059,8.837666029252157
That Vegan Teacher,@SSSniperWolf Help Us Save The Animals. Be Vegan From Now On.,2021-10-05 00:00:09+00:00,69629,453,547,5080,0.08917322834645669,11.214128035320089,8.731993853135906
That Vegan Teacher,"It Takes 100 ""Clicks"" Until You Become Vegan.",2021-10-05 11:00:08+00:00,18021,297,215,1707,0.17398945518453426,5.747474747474747,12.313412130292436
That Vegan Teacher,This Is So Embarrassing!,2021-10-05 16:00:11+00:00,35063,379,66,2460,0.1540650406504065,6.490765171503957,8.285086843681373
That Vegan Teacher,"Ep.1 - Why I Quit The Narcissistic, Veganphobic, Speciesist Public School System In Quebec, Canada",2021-10-05 19:45:10+00:00,18169,192,120,1506,0.12749003984063745,7.84375,10.006054268259122
That Vegan Teacher,Comedy Class Gone Wrong! @ryancomedyvids,2021-10-06 02:30:11+00:00,685665,8995,7185,30329,0.2965808302284942,3.371762090050028,6.7830500317210305
That Vegan Teacher,TikTok Today - That.Non.Vegan.Therapist  - Episode 1 - Vystopia,2021-10-06 16:00:09+00:00,20856,295,100,1663,0.17739025856885146,5.63728813559322,9.867663981588032
That Vegan Teacher,"Episode 27 - Thank You To JoAnn, Tim, Lucy, Joaquin, Harlow & ALL Ethical Vegan Teaching Assistants!",2021-10-06 23:30:09+00:00,11277,120,161,1106,0.10849909584086799,9.216666666666667,12.299370399929058
That Vegan Teacher,It takes nothing away from a human to be kind to an animal.,2021-10-07 12:00:10+00:00,19025,185,195,1882,0.09829968119022317,10.172972972972973,11.889618922470433
That Vegan Teacher,Pep Talk: Please Don’t Take Your Pain Out On The Animals.,2021-10-07 17:00:09+00:00,15892,189,166,1661,0.11378687537627935,8.788359788359788,12.685627988925246
That Vegan Teacher,"Meet Toby: 18, Jewish, Trans, Almost-Vegan, Cyclist. He Passed by Happy Pet Path Today!",2021-10-07 21:00:09+00:00,38507,456,285,3084,0.14785992217898833,6.7631578947368425,9.933258887994391
That Vegan Teacher,Episode 29 - During the premiere of a new TikTok account.,2021-10-08 11:45:08+00:00,21282,194,247,2398,0.08090075062552127,12.360824742268042,13.33991166243774
That Vegan Teacher,Meat The Victims,2021-10-08 17:45:10+00:00,61308,420,507,5035,0.08341608738828203,11.988095238095237,9.724668884974228
That Vegan Teacher,Today's Rant: Why Women Suck & Other Shocking Things,2021-10-08 23:00:11+00:00,61585,635,1111,6316,0.10053831538948702,9.946456692913387,13.090850044653731
That Vegan Teacher,The Insanity of Therapy in a Non-Vegan World,2021-10-09 22:30:23+00:00,16583,195,447,1809,0.1077943615257048,9.276923076923078,14.780196586866069
That Vegan Teacher,Racism Works Both Ways @CarnismDebunked,2021-10-10 01:00:02+00:00,30871,207,553,2972,0.06965006729475101,14.357487922705314,12.089015580965954
That Vegan Teacher,"@SSSniperWolf Hurting Animals Is Wrong, Lia.",2021-10-10 19:00:10+00:00,93476,828,909,8772,0.09439124487004104,10.594202898550725,11.242457957122683
That Vegan Teacher,"Suyai: Thank you for reminding students that animals are here WITH us, not FOR us.",2021-10-10 23:45:11+00:00,19352,167,624,1854,0.09007551240560949,11.10179640718563,13.667837949565936
That Vegan Teacher,💚  Bella at the Dog Park! Can you guess which of her friends are vegan? 💚,2021-10-11 20:00:12+00:00,18949,291,509,1813,0.16050744622173194,6.230240549828179,13.789645891603778
That Vegan Teacher,"Episode 5: Veganphobic Roseleigh tells us she subscribes, just so she can be rude. Lovely.",2021-10-11 23:30:10+00:00,12115,136,442,1357,0.10022107590272661,9.977941176470589,15.971935617003716
That Vegan Teacher,@SSSniperWolf makes me cry.,2021-10-12 12:00:09+00:00,82454,525,1460,6746,0.07782389564186185,12.84952380952381,10.58893443617047
That Vegan Teacher,That Vegan Teacher - Looking for vegan clothes at the mall!,2021-10-12 17:00:09+00:00,30878,343,669,2999,0.11437145715238413,8.743440233236152,12.989830947600234
That Vegan Teacher,@SSSniperWolf Your dogs should be vegan by now! Stop feeding them chopped up body parts.,2021-10-13 16:00:10+00:00,26506,261,503,2587,0.10088906068805566,9.911877394636015,12.642420584018712
That Vegan Teacher,@MrBeast Rap​,2021-10-14 00:00:11+00:00,120977,860,1774,11802,0.07286900525334689,13.723255813953488,11.932846739462873
That Vegan Teacher,@CoComelon - They Finally Passed! A+ This Time!,2021-10-14 16:00:11+00:00,366472,4705,3756,15245,0.308625778943916,3.240170031880978,6.4687070226374725
That Vegan Teacher,"Your Body, Ugly Leaves & Speciesism",2021-10-14 20:00:08+00:00,13069,182,327,1108,0.16425992779783394,6.087912087912088,12.372790573111944
That Vegan Teacher,Newest TikTok - Bella Vegan Dog At The Lake,2021-10-14 23:42:40+00:00,13970,320,299,1002,0.3193612774451098,3.13125,11.603435934144596
That Vegan Teacher,"Episode 6 - Religion, Circumcision, Fake Mods ...",2021-10-15 00:11:34+00:00,13463,115,366,1246,0.09229534510433386,10.834782608695653,12.827750129985887
That Vegan Teacher,"​@kallmekris If you didn't like it done to you, why are you paying for it to be done to others?",2021-10-15 15:18:09+00:00,110245,0,1,8889,0.0,,8.063857771327498
That Vegan Teacher,@MrBeast  WTF is on your plate?,2021-10-15 20:00:10+00:00,64979,410,891,5540,0.0740072202166065,13.512195121951219,10.528016743871097
That Vegan Teacher,@gordonramsay Who is this coward?,2021-10-15 23:00:09+00:00,39844,276,552,3439,0.08025588833963361,12.460144927536232,10.709266137937957
That Vegan Teacher,@JoeyCarbstrong- What's going on behind the walls.,2021-10-16 00:00:12+00:00,12899,149,358,1147,0.12990409764603314,7.697986577181208,12.822699434064655
That Vegan Teacher,Spotify Song: Heaven is Vegan - That Vegan Teacher Miss Kadie,2021-10-16 08:21:30+00:00,14242,128,440,1388,0.09221902017291066,10.84375,13.734026119926975
That Vegan Teacher,"EPISODE 7 - Yes, it's true what they say about the baby boy chicks.",2021-10-16 13:15:11+00:00,7457,77,329,748,0.10294117647058823,9.714285714285714,15.475392248893657
That Vegan Teacher,What are you giving away today?,2021-10-16 16:45:09+00:00,11521,155,391,1048,0.14790076335877864,6.7612903225806456,13.8356045482163
That Vegan Teacher,Vegans: Come Teach Vegan Facts!,2021-10-16 19:19:29+00:00,55204,985,406,1751,0.5625356938892062,1.7776649746192894,5.6916165495253965
That Vegan Teacher,@FamilyFizz  LOVE YOU GUYS!,2021-10-16 20:15:11+00:00,99293,1580,948,4836,0.3267162944582299,3.060759493670886,7.41643418972133
That Vegan Teacher,Episode #10 - My comments about your comments during today's @FamilyFizz premiere.,2021-10-17 01:30:09+00:00,24942,202,589,2465,0.081947261663286,12.202970297029703,13.05428594338866
That Vegan Teacher,Guess How Many!,2021-10-17 17:30:10+00:00,28903,352,567,2089,0.1685016754427956,5.934659090909091,10.407224163581635
That Vegan Teacher,That Vegan Teacher Sings About @PewDiePie,2021-10-18 03:45:09+00:00,57298,508,877,4382,0.11592879963486992,8.625984251968504,10.064923732067436
That Vegan Teacher,"TikTokToday - That.Non.Vegan.Therapist - Oct 18, 2021",2021-10-18 17:30:09+00:00,21030,174,194,1650,0.10545454545454545,9.482758620689655,9.595815501664289
That Vegan Teacher,Episode 8 -  @Vegan_Amber_Brighton_England_12 Thank you for dedication to veganism!,2021-10-18 20:00:08+00:00,11723,139,377,1067,0.1302717900656045,7.676258992805756,13.503369444681395
That Vegan Teacher,My Life As An Undercover Investigator - By Cody Carlson,2021-10-19 16:00:11+00:00,8734,145,240,833,0.17406962785114047,5.744827586206896,13.945500343485232
That Vegan Teacher,@Repzion Fails Ethics Class.,2021-10-19 21:30:10+00:00,17100,210,397,1684,0.12470308788598575,8.019047619047619,13.39766081871345
That Vegan Teacher,"Me, Behind the Scene, During the Oct 19, 2021 Premiere",2021-10-20 06:30:08+00:00,10182,138,204,1069,0.12909260991580918,7.746376811594203,13.857788253781184
That Vegan Teacher,All Women Should Be Vegan.,2021-10-20 17:33:23+00:00,26606,252,731,3093,0.08147429679922405,12.273809523809524,15.319852664812448
That Vegan Teacher,All LGBTQ+ Should Be Vegan.,2021-10-21 00:30:09+00:00,51663,440,1165,5897,0.07461421061556724,13.402272727272727,14.521030524746918
That Vegan Teacher,@DoctorMike Eating Animals is Wrong!,2021-10-21 12:00:12+00:00,175397,1688,2395,10615,0.15902025435704192,6.2885071090047395,8.379846861690906
That Vegan Teacher,"Episode 11 - SNAKES ARE NOT ""PETS"". LEAVE ANIMALS THE F ALONE!",2021-10-21 16:00:10+00:00,13835,123,313,1296,0.09490740740740741,10.536585365853659,12.518973617636428
That Vegan Teacher,Reacting To You As You Try To Convince Yourself That You Don't Like Me,2021-10-21 20:00:10+00:00,14539,138,565,1307,0.10558530986993114,9.471014492753623,13.82488479262673
That Vegan Teacher,Silk Presentation By Cassie! @DirectActionEverywhere,2021-10-22 17:15:10+00:00,18743,359,155,1147,0.3129904097646033,3.1949860724233985,8.861975137384624
That Vegan Teacher,"Episode 10 - Another Fake, Non-Vegan Moderators Infiltrates!",2021-10-22 21:15:10+00:00,8268,110,85,721,0.15256588072122051,6.554545454545455,11.078858248669569
That Vegan Teacher,@SSSniperWolf Gets 6 Check Marks!,2021-10-23 00:30:10+00:00,182051,2445,2212,11387,0.21471853868446475,4.657259713701431,8.812915062262773
That Vegan Teacher,@AddisonRae Is Making Me Famous On TikTok!,2021-10-23 17:30:10+00:00,363684,4822,2079,10903,0.44226359717508945,2.261094981335545,4.895458694910967
That Vegan Teacher,Thoughts & Songs: Bet you can't tell which dog is vegan!,2021-10-24 00:00:09+00:00,22006,219,323,2102,0.10418648905803997,9.598173515981735,12.014905025902028
That Vegan Teacher,Ep.13 - Ethan Trace is a Disgrace - Continues to Promote Animal Abuse on TikTok.,2021-10-24 12:15:10+00:00,15266,144,334,1653,0.08711433756805807,11.479166666666666,13.959124852613652
That Vegan Teacher,Toxic Halloween. WTF Is Wrong With Humans?,2021-10-24 17:30:09+00:00,36070,331,979,3942,0.08396752917300862,11.909365558912386,14.560576656501247
That Vegan Teacher,"Ep.11 - Sorry, But You Are WRONG - Animals DO Suffer TERRIBLY. Learn the Truth: watchdominion.com",2021-10-24 20:45:08+00:00,14545,127,226,1409,0.09013484740951029,11.094488188976378,12.114128566517705
That Vegan Teacher,@SSSniperWolf & @kallmekris Your Dogs Can Be Vegan Too!,2021-10-25 17:45:08+00:00,36633,332,741,3015,0.11011608623548923,9.081325301204819,11.159337209619743
That Vegan Teacher,Ep.14 - Ethan Trace is a Disgrace - Cognitive Dissonance,2021-10-26 02:30:08+00:00,13336,133,232,1426,0.09326788218793829,10.721804511278195,13.42981403719256
That Vegan Teacher,@NikocadoAvocado Enough Now! Time To Turn Your Life Around!,2021-10-26 16:00:13+00:00,240327,4711,2798,12194,0.38633754305396095,2.588410104011887,8.198412995626791
That Vegan Teacher,"Ep.30 - Luka, Yes, We Should Be Kind To Animal Defenders",2021-10-27 01:30:08+00:00,12484,164,419,1034,0.15860735009671179,6.304878048780488,12.952579301505928
That Vegan Teacher,​@DrGrande I composed a song for you! Come and listen to it! 💚,2021-10-27 17:15:08+00:00,14350,162,259,1443,0.11226611226611227,8.907407407407407,12.989547038327526
That Vegan Teacher,#BellaVeganDog - Eating Vegan Kibble Since August 2017 & Not Dead Yet! 💚💜❤️💛💙😊,2021-10-27 18:58:27+00:00,31810,533,420,1489,0.3579583613163197,2.793621013133208,7.676831185161899
That Vegan Teacher,Animals Need A Bill Of Rights,2021-10-28 00:39:37+00:00,14094,150,257,1454,0.1031636863823934,9.693333333333333,13.204200368951327
That Vegan Teacher,Happy Vegan Declaration Day! Like and Subscribe.✅ Help Save Animals! ✅,2021-10-28 02:22:24+00:00,45506,887,508,2018,0.43954410307234887,2.2750845546786924,7.500109875620797
That Vegan Teacher,"My Response To @dazgames and his daughter, Sarah's TikTok video.",2021-10-28 12:30:11+00:00,88203,539,1506,9722,0.05544126722896523,18.037105751391465,13.34081607201569
That Vegan Teacher,@IsaacButterfield is a hypocrite; he doesn't actually believe in free speech.,2021-10-28 17:14:15+00:00,27911,408,208,1189,0.34314550042052144,2.9142156862745097,6.466984343090537
That Vegan Teacher,@IsaacButterfield Apologizes & Defends Miss Kadie,2021-10-28 17:30:09+00:00,26173,241,306,2160,0.11157407407407408,8.962655601659751,10.342719596530776
That Vegan Teacher,TikTok Today. Like and Subscribe.✅,2021-10-29 09:40:47+00:00,28883,394,299,1347,0.2925018559762435,3.418781725888325,7.062978222483814
That Vegan Teacher,Ep.31 Thank you to my AMAZING Teaching Assistants for reminding guests not to be veganphobic!,2021-10-29 17:20:32+00:00,10351,137,436,1019,0.13444553483807656,7.437956204379562,15.380156506617718
That Vegan Teacher,I Have A Question For You!,2021-10-30 00:15:09+00:00,21964,274,563,2242,0.12221231043710973,8.182481751824817,14.01839373520306
That Vegan Teacher,Ep.12 - Reacting To You During The Premiere,2021-10-30 13:11:50+00:00,9847,98,262,1008,0.09722222222222222,10.285714285714286,13.892556108459427
That Vegan Teacher,@PewDiePie Feeds His Dog Vegan Food!,2021-10-30 23:30:11+00:00,41966,596,518,3212,0.1855541718555417,5.389261744966443,10.308344850593338
That Vegan Teacher,@SSSniperWolf Why are you laughing when this dog is afraid?,2021-10-31 03:00:10+00:00,88019,711,1249,7789,0.09128257799460777,10.954992967651195,11.07601767800134
That Vegan Teacher,Find the fake moderator. It's subtle and I never mention it but it's there... Can you find it?,2021-10-31 14:30:10+00:00,12910,145,357,1043,0.13902205177372962,7.1931034482758625,11.967467079783114
That Vegan Teacher,@Walmart Why Is There A Bug In This Rice?!,2021-10-31 21:30:10+00:00,17251,207,566,1442,0.1435506241331484,6.966183574879227,12.8398353718625
That Vegan Teacher,"Ep.32 THANK YOU! To JoAnn, Alyssa, Lea, Luka , Liv, Kalisa & ALL my WONDERFUL Teaching Assistants! 💚",2021-11-01 02:00:10+00:00,10131,118,243,991,0.11907164480322906,8.398305084745763,13.34517816602507
That Vegan Teacher,Use this song on TikTok to create your own video. Search That Vegan Teacher Miss Kadie under songs.,2021-11-01 12:38:54+00:00,31589,497,282,1355,0.36678966789667894,2.72635814889336,6.755516160688847
That Vegan Teacher,"TIKTOK TODAY. NOV 1, 2021: Veganphobia, Discrimination, Racism & Songs",2021-11-01 18:00:09+00:00,11418,123,175,1278,0.09624413145539906,10.390243902439025,13.802767559992994
That Vegan Teacher,Don't Be Vegetarian!,2021-11-01 21:53:10+00:00,44220,460,799,4144,0.111003861003861,9.008695652173913,12.218453188602442
That Vegan Teacher,@CoComelon Old McDonald's Farm No Longer Exists,2021-11-02 16:00:11+00:00,164864,1806,2678,12072,0.1496023856858847,6.6843853820598005,10.042216614906833
That Vegan Teacher,Why Are Carnists Like This?,2021-11-02 22:00:08+00:00,17771,188,501,2450,0.07673469387755102,13.03191489361702,17.663609251026955
That Vegan Teacher,"November 3, 2021 #shorts From TikTok Today",2021-11-03 12:50:38+00:00,26470,448,226,981,0.4566768603465851,2.189732142857143,6.252361163581413
That Vegan Teacher,From Me To @DharMann,2021-11-03 16:00:12+00:00,34785,396,621,2641,0.14994320333207117,6.66919191919192,10.51602702314216
That Vegan Teacher,"Reading Comments Thank you, Huy Nha Bui for telling me you are always excited to see my videos! 💚",2021-11-03 20:15:09+00:00,17336,192,483,1634,0.1175030599755202,8.510416666666666,13.319104753114905
That Vegan Teacher,Anna Oop Is A Veganphobic Poop - Theme Song -  Don't Be Racist Towards Animals @annaoop,2021-11-04 16:00:09+00:00,94742,728,1141,8253,0.08821034775233248,11.336538461538462,10.683751662409492
That Vegan Teacher,EP. 13 Reacting to Your Comments During the @DharMann Premiere,2021-11-04 18:30:08+00:00,7490,89,139,741,0.12010796221322537,8.325842696629213,12.937249666221629
That Vegan Teacher,"Quickie Video - Answering One Question Only - Nov 4, 2021",2021-11-04 20:30:09+00:00,9222,131,257,726,0.18044077134986225,5.541984732824427,12.07980915202776
That Vegan Teacher,Change Your Religion If It Tells You To Be Cruel,2021-11-05 01:28:15+00:00,42129,329,878,3997,0.08231173380035026,12.148936170212766,12.352536257684731
That Vegan Teacher,"Ep.14 Reacting To You During The Premiere - Yes, Shelby, popcorn is vegan! Just use vegan butter!",2021-11-05 16:30:09+00:00,8052,83,148,735,0.11292517006802721,8.855421686746988,11.997019374068554
That Vegan Teacher,"November 5, 2021 How Can I Help You?",2021-11-05 19:02:50+00:00,56453,1239,868,2611,0.4745308310991957,2.1073446327683616,8.357394646874392
That Vegan Teacher,Your Non-Vegan Family & How To Cope,2021-11-05 21:00:13+00:00,20776,259,424,2059,0.12578921806702284,7.94980694980695,13.197920677705044
That Vegan Teacher,Use Capitalism To End Speciesism,2021-11-06 02:59:27+00:00,40786,706,381,1805,0.3911357340720222,2.556657223796034,7.090668366596381
That Vegan Teacher,Look Closely. Is This You?,2021-11-06 04:44:38+00:00,71181,615,782,4615,0.13326110509209102,7.504065040650406,8.446074092805663
That Vegan Teacher,"Ep.12 No, silly! Veganism should NOT be a ""choice""!",2021-11-06 15:00:11+00:00,20368,163,405,1880,0.08670212765957447,11.533742331288343,12.018853102906519
That Vegan Teacher,Answering Your Questions on TikTok! Today!,2021-11-07 00:48:24+00:00,21794,263,585,2156,0.12198515769944342,8.197718631178708,13.78361016793613
That Vegan Teacher,"Terrible Tragedy - Fan's Last Words Were ""I Can't Breathe""",2021-11-07 19:00:10+00:00,34587,350,885,4019,0.08708633988554366,11.482857142857142,15.19067857865672
That Vegan Teacher,Bella Vegan Dog Goes To The Dog Park.,2021-11-08 04:45:09+00:00,18147,352,487,1646,0.21385176184690158,4.676136363636363,13.693723480465092
That Vegan Teacher,Song: Thank you for being veganphantastic!,2021-11-08 12:22:33+00:00,29717,463,302,1476,0.3136856368563686,3.187904967602592,7.541138069118686
That Vegan Teacher,Ep.28 - Reading Your Weird Comments - Why are you afraid of me?! I'm just defending animals!,2021-11-08 17:00:11+00:00,14574,144,327,1223,0.11774325429272281,8.493055555555555,11.623439000960614
That Vegan Teacher,Ep.4 - What Broke Vegans Eat On Facebook!,2021-11-08 21:00:10+00:00,13559,241,184,1179,0.20441051738761662,4.8921161825726145,11.829780957297736
That Vegan Teacher,TikTokToday: @NikocadoAvocado Goes to Therapy.,2021-11-08 23:04:30+00:00,42973,442,353,3279,0.13479719426654468,7.418552036199095,9.480371395992833
That Vegan Teacher,@MarkRober Fails Ethics Class - Still Not Vegan After Everything He Knows!  Disgraceful.,2021-11-09 17:00:13+00:00,179998,1677,2398,14357,0.1168071324092777,8.561121049493142,10.24011377904199
That Vegan Teacher,IT'S NOT YOUR FAULT that they shoved body parts into you when you were little!,2021-11-09 21:00:08+00:00,23752,260,565,2565,0.10136452241715399,9.865384615384615,14.272482317278545
That Vegan Teacher,Today’s Teaching Assistant Award Goes To… Vegan_JoAnn for her exemplary work in the comment section!,2021-11-10 03:30:08+00:00,11442,118,226,1153,0.1023417172593235,9.771186440677965,13.083377031987414
That Vegan Teacher,The Bigotry of Low Expectations - Let's Learn About It!,2021-11-10 17:15:10+00:00,12224,136,323,1771,0.07679277244494635,13.022058823529411,18.24280104712042
That Vegan Teacher,@SSSniperWolf Excuses. Excuses. Excuses. I address them all. One by one.,2021-11-10 22:30:08+00:00,68867,569,1742,8371,0.06797276311073945,14.711775043936731,15.511057545704038
That Vegan Teacher,​@SSSniperWolf & @kallmekris were right!,2021-11-11 17:15:11+00:00,119583,1148,1282,6644,0.17278747742323902,5.7874564459930316,7.58803508859955
That Vegan Teacher,Don't be speciesist!,2021-11-12 00:26:43+00:00,43422,750,621,1615,0.46439628482972134,2.1533333333333333,6.876698447791442
That Vegan Teacher,Nobody Should Have Kids! Agree or disagree? Write your ideas in the comments!,2021-11-12 01:00:09+00:00,56387,509,1559,5783,0.08801660038042539,11.361493123772101,13.923422065369678
That Vegan Teacher,Ep.29 - Why are you trying to find excuses for animal abuse?!,2021-11-12 17:00:10+00:00,15447,169,362,1263,0.13380839271575615,7.4733727810650885,11.61390561274034
That Vegan Teacher,@RaleighLink  Why are you so mean?  Stop pretending to be vegan when you are clearly not!,2021-11-12 21:00:12+00:00,33961,381,601,2792,0.13646131805157594,7.328083989501312,11.112746974470717
That Vegan Teacher,@SSSniperWolf @kallmekris It's time to be vegan. Which one of you is the most compassionate?,2021-11-13 12:30:09+00:00,39948,352,445,2307,0.15257910706545297,6.5539772727272725,7.770101131470912
That Vegan Teacher,Today's Premiere About @SSSniperWolf - My Point of View,2021-11-13 15:50:48+00:00,16888,142,229,1388,0.10230547550432277,9.774647887323944,10.415679772619612
That Vegan Teacher,Vegans: Don’t sign your organ donor card.,2021-11-13 19:00:10+00:00,30443,366,849,3596,0.1017797552836485,9.825136612021858,15.803304536346616
That Vegan Teacher,My Bullsh!t Detector Just Went Off,2021-11-13 19:28:12+00:00,26235,330,296,1397,0.23622047244094488,4.233333333333333,7.711072994091863
That Vegan Teacher,TikTok Today - Song - You Can Be Vegan,2021-11-13 21:29:05+00:00,22118,341,308,1274,0.26766091051805335,3.7360703812316713,8.694276155167737
That Vegan Teacher,I Agree With @kallmekris ! 😊,2021-11-14 16:00:11+00:00,84110,1022,795,3856,0.2650414937759336,3.7729941291585125,6.744739032219712
That Vegan Teacher,Reacting to you during the premiere for @SSSniperWolf and @kallmekris (where I showed dontwatch.org),2021-11-15 01:00:09+00:00,17736,153,226,1194,0.12814070351758794,7.803921568627451,8.868967072620658
That Vegan Teacher,TikTok Today: Amazing Vegan Cinnamon Buns!,2021-11-15 11:00:32+00:00,8888,118,181,591,0.1996615905245347,5.008474576271187,10.013501350135014
That Vegan Teacher,Today's Premiere About Having Kids. My Point Of View.,2021-11-15 15:30:08+00:00,13893,101,259,1106,0.09132007233273057,10.950495049504951,10.552076585330743
That Vegan Teacher,This Made Me Cry Today. I thought of you @kallmekris @SSSniperWolf @gordonramsay @NikocadoAvocado,2021-11-16 01:00:08+00:00,97704,840,1881,4868,0.1725554642563681,5.795238095238095,7.767338082371243
That Vegan Teacher,The Cocomelon Kids Should be Taken Away by Child Protection Services! @CoComelon,2021-11-16 17:00:12+00:00,133693,1524,1696,7350,0.2073469387755102,4.822834645669292,7.906173098067962
That Vegan Teacher,Baby Chicks in the Classroom? Noooooooo,2021-11-16 20:30:09+00:00,12999,176,238,930,0.18924731182795698,5.284090909090909,10.339256865912763
That Vegan Teacher,Happy Pet Path Today! 😊 Do you recognize the names of any famous vegans?,2021-11-16 23:01:14+00:00,22642,370,160,760,0.4868421052631579,2.054054054054054,5.697376556841268
That Vegan Teacher,Reacting To Your Comments During Video Premiere About @kallmekris,2021-11-17 00:15:09+00:00,14403,146,265,1149,0.12706701479547433,7.86986301369863,10.83107685898771
That Vegan Teacher,​ @anna oop  Is becoming vegan! Let's dance!,2021-11-17 14:00:11+00:00,47952,452,628,4034,0.11204759543877045,8.924778761061948,10.664831498164832
That Vegan Teacher,For @SSSniperWolf and @kallmekris Racism Is Wrong.,2021-11-17 17:00:11+00:00,33758,226,550,2517,0.08978943186332936,11.13716814159292,9.754724805971918
That Vegan Teacher,"No, I Don't Want To Have My Picture Taken With You! I'm Nobody Special!",2021-11-17 23:00:11+00:00,16643,234,344,1037,0.2256509161041466,4.431623931623932,9.703779366700715
That Vegan Teacher,Answer For Amber_Vegan_Brighton_England_12 💚,2021-11-17 23:50:40+00:00,9709,101,226,847,0.1192443919716647,8.386138613861386,12.091873519414975
That Vegan Teacher,Let's Read Your Comments Together!,2021-11-18 13:30:09+00:00,13547,151,247,1026,0.14717348927875243,6.7947019867549665,10.511552373219162
That Vegan Teacher,"Story Time: The Awful Vegetarian and the ""Nice Vegan"" I Met At The Mall Today.",2021-11-18 17:15:10+00:00,22275,269,330,1930,0.1393782383419689,7.174721189591078,11.353535353535353
That Vegan Teacher,TikTok Today Featuring the Account Called I.Love.Bella.Vegan.Dog!,2021-11-19 01:00:09+00:00,14290,168,326,1325,0.12679245283018867,7.886904761904762,12.729181245626311
That Vegan Teacher,"Responding To You All During The Nov 17, 2021 Premiere",2021-11-19 14:30:11+00:00,6090,97,191,565,0.17168141592920355,5.824742268041237,14.006568144499179
That Vegan Teacher,To @DylanPidge,2021-11-19 16:09:48+00:00,37260,735,702,1408,0.5220170454545454,1.9156462585034013,7.635534084809448
That Vegan Teacher,SCREAM,2021-11-19 17:00:12+00:00,80946,681,1381,4361,0.15615684476037606,6.403817914831131,7.934919576013638
That Vegan Teacher,Ep.14 - Responding to you about the hypocrisy of@MrBeast during a premiere.,2021-11-19 20:50:22+00:00,11864,81,272,1049,0.07721639656816015,12.950617283950617,11.81726230613621
That Vegan Teacher,Bella Vegan Dog Is Asleep for The Night. 💚,2021-11-20 02:16:32+00:00,35657,887,641,1092,0.8122710622710623,1.2311161217587374,7.347785848500996
That Vegan Teacher,@ThoseAnnoyingVegans  Who Aren't Even Vegan!,2021-11-20 02:45:11+00:00,23689,236,440,2219,0.10635421360973411,9.402542372881356,12.220862003461521
That Vegan Teacher,@CoComelon  WTF Aren't You Vegan Yet?!,2021-11-20 18:15:10+00:00,1398922,11514,25045,51479,0.22366401833757454,4.470991836025708,6.293274392710958
That Vegan Teacher,Ep.14 - Reacting To You During A Premiere About @CoComelon,2021-11-20 18:22:37+00:00,6680,90,108,582,0.15463917525773196,6.466666666666667,11.676646706586826
That Vegan Teacher,"To Moderators and Teaching Assistants - If your name is not in blue, don't worry, I still love you!",2021-11-20 22:00:11+00:00,10326,159,336,933,0.17041800643086816,5.867924528301887,13.829169087739688
That Vegan Teacher,Little Bird Is Excited About Newest  @Dharmann Video!,2021-11-20 23:43:40+00:00,47759,851,335,2017,0.42191373326722853,2.3701527614571094,6.706589333947528
That Vegan Teacher,Ep.30 - Reading Your Weird Comments,2021-11-21 08:06:00+00:00,13013,148,202,855,0.17309941520467836,5.777027027027027,9.259970798432336
That Vegan Teacher,Don’t Remain In The Dark. Go vegan.,2021-11-21 11:11:54+00:00,30153,609,450,1165,0.5227467811158798,1.9129720853858785,7.3757171757370745
That Vegan Teacher,"At The Mall: Vegan Clothes, Vegan Toys & Pre-Vegan Teens",2021-11-21 12:00:10+00:00,11614,161,149,907,0.17750826901874311,5.633540372670807,10.47873256414672
That Vegan Teacher,"Ep.15 - Behind the scenes during the premiere, on Nov 21, 2021",2021-11-21 12:36:51+00:00,6984,73,165,636,0.11477987421383648,8.712328767123287,12.514318442153494
That Vegan Teacher,Why It’s Immoral To Eat Turkey at Thanksgiving Or Any other Time,2021-11-21 20:00:08+00:00,20082,206,403,1317,0.15641609719058466,6.393203883495145,9.590678219300866
That Vegan Teacher,"Is he a robot? Do you think he got a vegan ""click""?",2021-11-21 22:30:08+00:00,8531,110,87,666,0.16516516516516516,6.054545454545455,10.116047356699097
That Vegan Teacher,"I just checked with a mirror and no, there’s no fat down there. It looks pretty good to me!",2021-11-21 22:59:12+00:00,40749,727,500,1358,0.5353460972017673,1.8679504814305365,6.343713956170703
That Vegan Teacher,@annaoop Face Reveal.,2021-11-22 01:00:10+00:00,35705,322,616,2841,0.11334037310806054,8.822981366459627,10.583951827475143
That Vegan Teacher,Ep. 34 - Reading Your Amazing Comments During A Premiere,2021-11-22 15:00:09+00:00,8783,114,170,706,0.16147308781869688,6.192982456140351,11.271775019924855
That Vegan Teacher,🏳️‍🌈  For the LGBTQ Community! 🏳️‍🌈,2021-11-22 17:15:10+00:00,41808,400,1139,4575,0.08743169398907104,11.4375,14.623995407577498
That Vegan Teacher,Welcome to “Random Things Day!”,2021-11-22 21:30:09+00:00,14113,163,232,1016,0.16043307086614172,6.233128834355829,9.997874300290514
That Vegan Teacher,"Khaby Lame  Official  Sorry, but you failed ethics class. Please be vegan from now on.",2021-11-23 01:00:11+00:00,41113,444,809,3808,0.11659663865546219,8.576576576576576,12.309974947097025
That Vegan Teacher,A Premiere Is Going Up Right Now!,2021-11-23 17:05:08+00:00,55765,1127,227,1723,0.6540917005223448,1.528837622005324,5.5177979019098
That Vegan Teacher,​@DharMann It's Time To Be 100% Vegan From Now On. Here's Why.,2021-11-23 17:15:10+00:00,49284,368,421,2761,0.1332850416515755,7.502717391304348,7.203149095040986
That Vegan Teacher,@NikocadoAvocado Needs To Be Removed From Society,2021-11-23 22:30:11+00:00,520478,6234,5811,19893,0.31337656462072083,3.1910490856592877,6.13628241731639
That Vegan Teacher,Crocodiles Attack A Dog!,2021-11-24 19:00:11+00:00,24083,351,503,1942,0.18074150360453142,5.532763532763533,11.60984927127019
That Vegan Teacher,@freeleeTheBananaGirl- A Vegan Living in the Jungle,2021-11-24 22:30:11+00:00,36958,488,480,1950,0.25025641025641027,3.9959016393442623,7.895448887926835
That Vegan Teacher,"Ep.35 Reading Your Amazing Comments: Thank you for being here, everyone!",2021-11-25 19:15:10+00:00,7632,131,169,533,0.24577861163227016,4.068702290076335,10.914570230607966
That Vegan Teacher,To @DhananjayMohite - You we’re asking why you should trust me. Here is my answer.,2021-11-25 20:14:39+00:00,12819,145,177,1001,0.14485514485514486,6.903448275862069,10.320617832904283
That Vegan Teacher,GROSS! MEAT IN MY KITCHEN!,2021-11-25 22:30:10+00:00,76151,769,847,5036,0.15270055599682286,6.548764629388817,8.735275964859293
That Vegan Teacher,@KearaGraves Fails Ethics Class: Pays People to Hurt Innocent Animals,2021-11-26 18:15:10+00:00,16116,176,340,1145,0.1537117903930131,6.505681818181818,10.306527674360884
That Vegan Teacher,Please help me share this with Khabe Lame. Thank you!,2021-11-26 23:00:10+00:00,40213,489,625,3079,0.1588177979863592,6.296523517382413,10.426976350931291
That Vegan Teacher,For @DharMann - Time to make one of the characters in your videos become vegan!,2021-11-27 01:45:12+00:00,36125,301,525,2284,0.1317863397548161,7.588039867109635,8.608996539792388
That Vegan Teacher,Behind The Scenes,2021-11-27 14:45:09+00:00,15364,170,390,1077,0.15784586815227483,6.3352941176470585,10.654777401718302
That Vegan Teacher,💚 Max Plays With Bella Vegan Dog At Nonna Rita's House! 💚,2021-11-27 19:00:10+00:00,20557,278,557,1503,0.18496340652029275,5.406474820143885,11.373254852361727
That Vegan Teacher,@benoftheweek Lies About Being Vegan & Pays People To Hurt Animals,2021-11-28 15:00:10+00:00,142416,1456,2820,10257,0.14195183776932827,7.044642857142857,10.20461184136614
That Vegan Teacher,"Behind The Scenes During a Premiere - No, Connor, I'm not going to give you a ""shout out"".",2021-11-28 21:30:09+00:00,16023,175,532,1312,0.13338414634146342,7.497142857142857,12.600636584909191
That Vegan Teacher,For @kallmekris and @SSSniperWolf - A Cartoon About Why You Shouldn't Drink Milk From Cows,2021-11-29 17:00:11+00:00,34814,469,570,1831,0.2561441835062807,3.9040511727078893,8.243809961509738
That Vegan Teacher,Ep.31 - Reading Your Weird Comments During the Premiere About @benoftheweek,2021-11-29 22:30:08+00:00,16123,203,349,1027,0.1976630963972736,5.059113300492611,9.793462755070397
That Vegan Teacher,Song by Miss Kadie: Find The Courage To Feel,2021-11-30 01:00:09+00:00,16508,174,437,1299,0.13394919168591224,7.4655172413793105,11.570147807123819
That Vegan Teacher,"Do you suffer from vystopia? If so, how do you cope? Write your answer in the comments below.",2021-11-30 13:30:08+00:00,8779,111,215,614,0.18078175895765472,5.531531531531532,10.707369859892927
That Vegan Teacher,Are you broke? Let's check out What Broke Vegans Eat on Facebook!,2021-11-30 17:00:09+00:00,12264,173,220,657,0.2633181126331811,3.7976878612716765,8.561643835616438
That Vegan Teacher,@BenShapiro: Be A Good Jew - Be Morally Consistent - Be Vegan From Now On!,2021-12-01 00:00:09+00:00,26524,251,677,2004,0.125249500998004,7.98406374501992,11.054139647112049
That Vegan Teacher,"Seeing This Made Me Very Sad. How Does It Make You Feel, @kallmekris?",2021-12-01 17:00:11+00:00,166937,863,2097,4705,0.18342189160467587,5.451911935110081,4.5915525018420125
That Vegan Teacher,My Hubby’s Vegan Snack! 💜,2021-12-01 17:37:25+00:00,54270,1060,461,1508,0.7029177718832891,1.4226415094339622,5.5813524967753825
That Vegan Teacher,"Ep.16 - Why Are Meat-Heads So Weird? No, I am NOT Lord Voldemort!",2021-12-01 21:30:09+00:00,11415,110,332,709,0.15514809590973203,6.445454545454545,10.083223828296102
That Vegan Teacher,@NasDaily Pays People To Hurt Animals,2021-12-02 05:30:10+00:00,55255,509,986,4468,0.1139212175470009,8.777996070726916,10.79178354900009
That Vegan Teacher,💚 It's Midnight! Are you vegan yet? What are you waiting for?!  💚,2021-12-02 14:45:02+00:00,10765,108,260,701,0.15406562054208273,6.4907407407407405,9.93032977241059
That Vegan Teacher,"Santa, Underwear, Fake Fur and Vegan Shoes",2021-12-03 04:30:10+00:00,18989,395,261,896,0.4408482142857143,2.268354430379747,8.17315287798199
That Vegan Teacher,Ep. 32 - Reading Your Weird Comments During a Premiere,2021-12-03 12:00:33+00:00,14994,168,192,652,0.25766871165644173,3.880952380952381,6.749366413231959
That Vegan Teacher,Don't Ask Santa For This!,2021-12-03 16:00:10+00:00,54455,558,817,2640,0.21136363636363636,4.731182795698925,7.373060325039023
That Vegan Teacher,91 Vegan Things At Walmart - Episode 1.,2021-12-04 03:30:09+00:00,35629,538,628,1830,0.2939890710382514,3.4014869888475836,8.408880406410509
That Vegan Teacher,My Dance Response to @annaoop's Face Reveal Lie,2021-12-04 23:15:11+00:00,33398,384,552,1688,0.22748815165876776,4.395833333333333,7.856757889693994
That Vegan Teacher,Finally! After 9 1/2 Years!,2021-12-05 03:30:10+00:00,66061,1567,1107,1996,0.7850701402805611,1.2737715379706445,7.069223899123537
That Vegan Teacher,Spain Needs to Stop This,2021-12-05 17:00:11+00:00,20853,229,377,1122,0.20409982174688057,4.899563318777292,8.2865774708675
That Vegan Teacher,Your Live Comments During My @annaoop Response Premiere,2021-12-05 20:48:35+00:00,23784,220,568,1654,0.13301088270858524,7.5181818181818185,10.267406659939455
That Vegan Teacher,"Rich People, The Golf Ball & Bacon",2021-12-06 17:00:11+00:00,19463,235,594,1074,0.21880819366852886,4.5702127659574465,9.777526588912295
That Vegan Teacher,@benoftheweek's Multiple Lies,2021-12-07 03:20:33+00:00,69220,487,791,4257,0.11439981207423068,8.741273100616016,7.996243860156024
That Vegan Teacher,Why We Need A Vegan World,2021-12-07 14:34:02+00:00,73792,1303,590,2765,0.47124773960217,2.1220260936300845,6.3123373807458805
That Vegan Teacher,@DharMann This Made Me Cry Today,2021-12-07 20:00:10+00:00,55660,522,943,2184,0.23901098901098902,4.183908045977011,6.555874955084441
That Vegan Teacher,"COUNT & WIN! How Many Vegan Things Did I Mention Finding, in this Pharmacy? Write your answer below!",2021-12-08 01:00:09+00:00,15341,267,345,806,0.33126550868486354,3.0187265917602994,9.243204484714166
That Vegan Teacher,TikTok Today: Your Culture Is NO Excuse - Everyone Can and SHOULD Be Vegan!,2021-12-08 17:15:09+00:00,26406,331,592,1356,0.24410029498525074,4.096676737160121,8.630614254336136
That Vegan Teacher,For @DharMann  - It's Confirmed by @kurzgesagt - Meat Is TERRIBLE for the Planet!,2021-12-09 00:30:19+00:00,36022,436,801,2021,0.21573478476001978,4.635321100917431,9.044472822164233
That Vegan Teacher,@iamtabithabrown Stop Being a Brownnoser & Start Defending Animals,2021-12-09 18:00:10+00:00,23196,186,453,1376,0.13517441860465115,7.397849462365591,8.686842559061906
That Vegan Teacher,"My 81-Year Old Mother-in-Law, Won't Leave My Kitchen! 💚",2021-12-10 00:00:12+00:00,18650,313,305,766,0.4086161879895561,2.4472843450479234,7.4209115281501346
That Vegan Teacher,Vystopia During the Holidays - How you can help your vegan friend or family member.,2021-12-10 04:00:09+00:00,9925,129,368,710,0.18169014084507043,5.503875968992248,12.161209068010075
That Vegan Teacher,Are You Ready To Stop Eating Animals Now?,2021-12-10 17:00:12+00:00,34991,466,1104,2253,0.20683533067021748,4.834763948497854,10.925666599982852
That Vegan Teacher,@SSSniperWolf Should Be As Brave As This Guy,2021-12-11 17:15:11+00:00,21304,250,429,1171,0.2134927412467976,4.684,8.6838152459632
That Vegan Teacher,"Why are people still eating flesh, wearing fur and objectifying animals?",2021-12-11 23:15:09+00:00,40488,492,900,2197,0.22394173873463813,4.465447154471545,8.864354870578937
That Vegan Teacher,Can you tell which dogs are vegan? Take a guess!,2021-12-12 17:30:09+00:00,13502,203,331,757,0.26816380449141347,3.729064039408867,9.561546437564806
That Vegan Teacher,That Vegan Teacher In The Dark,2021-12-13 01:00:09+00:00,21351,328,521,1071,0.3062558356676004,3.2652439024390243,8.992553042012084
That Vegan Teacher,"""Plants Don't Feel Pain"" - Reacting to you During a Premiere",2021-12-13 12:10:12+00:00,13749,160,264,605,0.2644628099173554,3.78125,7.484180667684923
That Vegan Teacher,What Broke Vegans Eat on Facebook!,2021-12-13 19:00:11+00:00,15729,271,420,890,0.3044943820224719,3.284132841328413,10.051497234407782
That Vegan Teacher,"@NoDogsLeftBehind - Animals Are Not Ours To Eat, Wear, or Use",2021-12-14 17:00:12+00:00,11019,218,433,575,0.3791304347826087,2.6376146788990824,11.12623650058989
That Vegan Teacher,💚  Join We The Free To Learn How To Help Save Animals 💚,2021-12-14 21:00:11+00:00,8005,125,352,474,0.26371308016877637,3.792,11.880074953154278
That Vegan Teacher,Responding To Your Bizarre Comments During A Live Premiere,2021-12-15 02:00:12+00:00,13709,260,433,797,0.32622333751568383,3.0653846153846156,10.86877233933912
That Vegan Teacher,This Student Thinks He Knows What's Best For Me!,2021-12-15 17:00:13+00:00,113211,1497,1282,4729,0.31655741171495033,3.158984635938544,6.6318643948026255
That Vegan Teacher,Responding To Your Bizarre Comments During A Live Premiere,2021-12-15 23:30:11+00:00,21585,300,1024,1217,0.2465078060805259,4.056666666666667,11.772063933287006
That Vegan Teacher,What Do You Think About Martin's Views? https://www.instagram.com/deep_vegan/,2021-12-16 21:00:09+00:00,12308,111,325,564,0.19680851063829788,5.081081081081081,8.124796880077998
That Vegan Teacher,Reacting To You During a Live Premiere,2021-12-17 05:22:14+00:00,9370,132,257,535,0.2467289719626168,4.053030303030303,9.861259338313767
That Vegan Teacher,Slice. Cut. Stab. Cry. Change.,2021-12-17 17:00:11+00:00,37598,355,679,1501,0.23650899400399733,4.228169014084507,6.7423799138252045
That Vegan Teacher,"2 DOGS AND A GRANDMA: BELLA, MAX AND NONNA RITA",2021-12-18 00:38:14+00:00,11322,183,351,566,0.32332155477031804,3.092896174863388,9.715597950892068
That Vegan Teacher,Are You On TikTok? Do you know this guy?,2021-12-18 16:03:56+00:00,10947,115,139,378,0.30423280423280424,3.2869565217391306,5.773271215858226
That Vegan Teacher,I'm Sorry! I Messed Up! This Is So Embarrassing!,2021-12-18 17:00:10+00:00,41580,592,620,1865,0.31742627345844504,3.1503378378378377,7.4001924001924
That Vegan Teacher,Crystal Stocks Likes Topless Vegans,2021-12-18 20:12:34+00:00,37177,642,325,1271,0.5051140833988985,1.9797507788161994,6.0198509831347335
That Vegan Teacher,@VeganGains won the debate. ​ @Isaac Butterfield lost.,2021-12-19 06:00:09+00:00,13884,165,311,792,0.20833333333333334,4.8,9.132814750792278
That Vegan Teacher,Responding To Your Live Comments During A Premiere,2021-12-19 17:38:55+00:00,15395,210,634,913,0.23001095290251916,4.347619047619047,11.412796362455342
That Vegan Teacher,"Stop This: Fur, Feathers, Meat, Dairy, Eggs ...",2021-12-20 03:30:08+00:00,28904,318,654,1503,0.21157684630738524,4.726415094339623,8.56282867423194
That Vegan Teacher,Do You REALLY Want To Hurt Animal-Defenders? Are You Okay? Do You Need Therapy?,2021-12-20 17:30:11+00:00,13403,176,454,624,0.28205128205128205,3.5454545454545454,9.356114302768038
That Vegan Teacher,Meat Eaters: Show Me Your Fangs!,2021-12-20 22:00:33+00:00,28907,346,573,1308,0.26452599388379205,3.7803468208092488,7.704016328224997
That Vegan Teacher,"In The Line of Fire - Speciesism, The Morning Sky & Asking You Why",2021-12-21 17:15:09+00:00,9181,180,285,455,0.3956043956043956,2.5277777777777777,10.020694913408125
That Vegan Teacher,💚  Let's Read Your Comments Together!  💚,2021-12-21 22:00:12+00:00,11555,161,360,434,0.3709677419354839,2.6956521739130435,8.26482042405885
That Vegan Teacher,Why does “Uncle Dave” want me to perish in a fire?,2021-12-21 22:26:15+00:00,30856,649,502,855,0.7590643274853801,1.3174114021571648,6.501166709878143
That Vegan Teacher,DXE Actors: Stop Apologizing for Saving Animals! Students: Let's Evaluate This Mini-Play Together!,2021-12-22 01:45:10+00:00,12868,173,372,698,0.24785100286532952,4.034682080924855,9.659620764687597
That Vegan Teacher,Their First and Last Day Together - Be Fair. Be Vegan. Subscribe. Help me save them.,2021-12-22 15:46:51+00:00,12375,152,280,547,0.27787934186471663,3.598684210526316,7.9111111111111105
That Vegan Teacher,Ex-Meat-Eaters: What Made You Change?,2021-12-22 22:15:08+00:00,9119,190,273,531,0.3578154425612053,2.794736842105263,10.900318017326462
That Vegan Teacher,Dr.Wimp is at it again. @DoctorMike: Stop being a weak hypocrite! Be vegan from now on!,2021-12-22 23:14:13+00:00,78492,907,934,3736,0.2427730192719486,4.119073869900772,7.10518269377771
That Vegan Teacher,Ep.33 - Reading Your Weird Comments During Today's Premiere,2021-12-23 01:00:09+00:00,15983,176,574,849,0.20730270906949352,4.823863636363637,10.004379653381717
That Vegan Teacher,@SSSniperWolf Stop Paying People To Hurt Baby Cows - Help Us Save Them - Be Vegan. Start Now.,2021-12-23 15:00:11+00:00,42729,398,840,2063,0.19292292777508482,5.183417085427136,7.725432376137986
That Vegan Teacher,Costco Cruelty - WTF Aren't You Vegan Yet?,2021-12-24 02:00:11+00:00,40448,448,1031,1844,0.24295010845986983,4.116071428571429,8.21548655063291
That Vegan Teacher,"Behind The Scenes of A Premiere: No, actually, @SSSniperWolf is NOT ""amazing"".",2021-12-24 16:40:11+00:00,11995,128,325,649,0.19722650231124808,5.0703125,9.187161317215505
That Vegan Teacher,Happy Vegan Shopping!,2021-12-25 04:31:21+00:00,24396,444,424,824,0.5388349514563107,1.8558558558558558,6.935563207083129
That Vegan Teacher,To Meat-Eaters On Xmas Morning,2021-12-25 14:39:20+00:00,32262,443,837,1821,0.24327292696320704,4.110609480812641,9.611927344863927
That Vegan Teacher,Snow Storm - A song I composed that we sing at xmas. Thank you for sharing with family & friends.❤️,2021-12-26 07:18:24+00:00,7949,161,142,361,0.44598337950138506,2.2422360248447206,8.353251981381305
That Vegan Teacher,"@SSSniperWolf - Good News! If You're Not A Psychopath, You Can Be Rehabilitated.",2021-12-26 15:00:11+00:00,49468,477,1089,1809,0.263681592039801,3.792452830188679,6.822592382954637
That Vegan Teacher,❤️ 💚 ❤️  Thank you for your private messages! ❤️ 💚 ❤️,2021-12-26 21:09:44+00:00,45901,1082,478,1540,0.7025974025974026,1.423290203327172,6.7536654974837145
That Vegan Teacher,Ep.35 - Reading Your Weird Comments During Today’s @SSSniperWolf Video.,2021-12-26 22:00:10+00:00,16692,163,490,736,0.22146739130434784,4.515337423312883,8.32135154565061
That Vegan Teacher,"@DoctorMike - Stop Paying People To Destroy Animals - Save Them Instead, Like This Woman Did!",2021-12-27 17:00:12+00:00,25424,370,421,939,0.39403620873269435,2.537837837837838,6.804594084329767
That Vegan Teacher,Ep.35 - Reading Your Weird Comments During Today's Premiere About the New York Chicken,2021-12-27 23:00:21+00:00,15888,197,435,750,0.26266666666666666,3.8071065989847717,8.698388721047332
That Vegan Teacher,For @kallmekris - Stop Hurting Animals. Be Kinder. Be Vegan. Start Now.,2021-12-28 08:00:08+00:00,148030,692,1803,4265,0.1622508792497069,6.163294797687861,4.566641896912788
That Vegan Teacher,"Ep.36 If You Think Your ""Allah/God"" Wants You To Hurt Animals, It's Time For A New Religion.",2021-12-28 20:38:10+00:00,31296,223,758,1603,0.13911416094822207,7.188340807174888,8.256646216768916
That Vegan Teacher,"Cute, Sexy Dude Says He ""Respects"" Me. @IballrightCelebs",2021-12-30 00:30:10+00:00,183557,4140,3736,8261,0.501149981842392,1.9954106280193236,8.791274644933182
That Vegan Teacher,"Ep.40 - Reading your amazing comments during the @IballrightCelebs premiere from Dec 29, 2021",2021-12-30 15:00:08+00:00,15568,210,296,672,0.3125,3.2,7.566803699897225
That Vegan Teacher,Test: Which Dogs Are Vegan? Can you guess? Write your answers below!,2021-12-30 23:00:11+00:00,22831,277,782,1205,0.22987551867219916,4.350180505415162,9.916341815951995
That Vegan Teacher,Me Reading Your Crazy Comments During A Premiere About Vegan Dogs,2021-12-31 14:34:22+00:00,19577,196,522,896,0.21875,4.571428571428571,8.244368391479798
That Vegan Teacher,💚 💛 💙  HAPPY VEGAN DECLARATION YEAR 2022!  💜 💚 🧡,2022-01-01 01:30:11+00:00,18219,263,539,866,0.30369515011547343,3.2927756653992395,9.155277457599208
That Vegan Teacher,Ep.37 - Reading Your Weird Comments During a Premiere.,2022-01-01 14:09:12+00:00,9635,115,209,411,0.2798053527980535,3.5739130434782607,7.6284379865075245
That Vegan Teacher,Why are you walking your dog with another dog around your neck?,2022-01-01 20:00:09+00:00,19039,274,371,860,0.3186046511627907,3.1386861313868613,7.90482693418772
That Vegan Teacher,"@MrBeast - @MrBeastGaming Pretends to be generous but pays for rape, torture, kidnapping & murder.",2022-01-02 01:30:09+00:00,71806,621,1330,4359,0.14246386785960083,7.019323671497585,8.787566498621285
That Vegan Teacher,Ep.41 Reading Your Amazing Comments! Someone Named Jesus Showed Up Today!,2022-01-02 15:00:10+00:00,9836,151,255,449,0.3363028953229399,2.9735099337748343,8.692557950386336
That Vegan Teacher,Why Are Meat-Eaters SoTwisted & Sick In The Head?,2022-01-02 17:06:36+00:00,25552,405,199,859,0.47147846332945287,2.1209876543209876,5.725579211020664
That Vegan Teacher,"Empathy for Animals - Flashback to summer, bare feet, & singing on my porch.",2022-01-02 17:07:34+00:00,19766,294,310,621,0.47342995169082125,2.1122448979591835,6.197510877263988
That Vegan Teacher,Responding To TikTok Today,2022-01-02 23:32:31+00:00,36418,745,361,1231,0.6051990251827782,1.6523489932885906,6.417156351254874
That Vegan Teacher,@IsaacButterfield Invites Me To His Podcast & Instantly Regrets It. @vganbooty @VeganGains,2022-01-03 00:00:10+00:00,20181,207,420,922,0.2245119305856833,4.454106280193237,7.675536395619642
That Vegan Teacher,"🧡💚❤️ My Kitchen Table, Some Songs & Some Snacks! 💜💙💛",2022-01-03 21:30:09+00:00,13935,280,280,507,0.5522682445759369,1.8107142857142857,7.656978830283459
That Vegan Teacher,💚 ❤️ 💛  Bella Vegan Dog In My Kitchen!  💙 💜 🧡,2022-01-03 22:03:18+00:00,31267,895,541,1107,0.8084914182475158,1.2368715083798882,8.13317555249944
That Vegan Teacher,💚❤️💛 Behind the Scenes of a Premiere & The Vegan Ice Cream in My Freezer! 💙💜🧡,2022-01-04 02:00:09+00:00,8558,133,259,372,0.3575268817204301,2.7969924812030076,8.927319467165226
That Vegan Teacher,"January 4, 2022 A Post From My From TikTok Today",2022-01-04 17:23:04+00:00,12917,259,118,358,0.723463687150838,1.3822393822393821,5.690175737400325
That Vegan Teacher,WTF can a lady in lingerie do to help the animals? Everything! @Stefania.Ferrario,2022-01-04 18:30:10+00:00,17838,236,235,594,0.39730639730639733,2.516949152542373,5.970400269088462
That Vegan Teacher,@ryancomedyvids Presents In Comedy Class Today!,2022-01-05 00:00:10+00:00,145127,2500,1042,5709,0.43790506218251884,2.2836,6.3744168900342455
That Vegan Teacher,@SSSniperWolf & @gordonramsay: Keep your pants on in class with @vganbooty * @Stefania.Ferrario,2022-01-05 17:00:12+00:00,48901,401,948,1999,0.20060030015007504,4.985037406483791,6.8464857569374855
That Vegan Teacher,"Just for you, TikTok; I left the last note as annoying & out-of-tune as possible.",2022-01-05 17:19:51+00:00,38054,1081,362,1391,0.7771387491013659,1.2867715078630897,7.447311714931414
That Vegan Teacher,EP.42 - Reading Your Amazing Comments During The Premiere About @Stefania.Ferrario,2022-01-05 23:30:08+00:00,12194,156,286,458,0.3406113537117904,2.9358974358974357,7.380679022470067
That Vegan Teacher,"@DharMann, Meet Professor @GaryLFrancioneVegan & Start Making Vegan Videos!",2022-01-06 19:00:12+00:00,28046,256,459,899,0.28476084538375973,3.51171875,5.754831348498895
That Vegan Teacher,Ep.38 - Reading Your Weird Comments Behind The Scenes During The @ryancomedyvids Premiere.,2022-01-07 03:00:11+00:00,11611,158,232,427,0.3700234192037471,2.7025316455696204,7.036430970631298
That Vegan Teacher,Be A SANE Vegan! Follow  @PhysiciansCommittee For Responsible Medicine &  @HappyHealthyVegan,2022-01-07 15:30:09+00:00,12597,153,296,506,0.30237154150197626,3.30718954248366,7.581170119869811
That Vegan Teacher,TikTok Today! Heaven Is Vegan @ Häagen-Dazs - Use this song for free! Create your own TikTok videos!,2022-01-07 20:25:25+00:00,46200,802,434,1371,0.5849744711889132,1.7094763092269327,5.642857142857142
That Vegan Teacher,Why Is YouTube Sending Me This???  AM I FIRED ? ? @YouTube,2022-01-08 00:30:10+00:00,71907,1281,1368,3310,0.38700906344410874,2.5839188134270104,8.287093050746103
That Vegan Teacher,Don't Wait Too Long! Be Vegan From Now On!,2022-01-08 21:00:09+00:00,11711,179,499,620,0.2887096774193548,3.463687150837989,11.083596618563742
That Vegan Teacher,@mirandasings Invites That Vegan Teacher Into Her House!,2022-01-09 03:30:32+00:00,39523,566,483,1074,0.527001862197393,1.8975265017667844,5.371555802950181
That Vegan Teacher,"Reading Your Carnist, Meat-Head Comments",2022-01-09 16:38:37+00:00,13622,185,413,693,0.26695526695526695,3.745945945945946,9.477316106298634
That Vegan Teacher,Reposting with the error fixed! Thank you to the person who pointed out that the icing WAS vegan! 💚,2022-01-10 15:05:01+00:00,10628,180,96,345,0.5217391304347826,1.9166666666666667,5.843056078283778
That Vegan Teacher,How would you edit this video?,2022-01-10 17:00:10+00:00,21355,263,360,741,0.3549257759784076,2.817490494296578,6.387262936080543
That Vegan Teacher,TikTok Today: Why are you being so silly?,2022-01-10 17:48:06+00:00,75597,1605,475,1891,0.8487572712850344,1.1781931464174455,5.252853949230789
That Vegan Teacher,Find Out Why Alex Hates My Guts,2022-01-12 00:00:11+00:00,15949,204,630,637,0.3202511773940345,3.122549019607843,9.22314878675779
That Vegan Teacher,Ep.39 - You guys say the weirdest stuff- Why are you talking about kissing the floor???,2022-01-12 16:30:16+00:00,10171,152,287,358,0.4245810055865922,2.3552631578947367,7.836004326024973
That Vegan Teacher,First @SSSniperWolf pays people to hurt animals - and now she's doing WHAT??,2022-01-13 01:30:11+00:00,346928,3153,4937,10430,0.3023010546500479,3.3079606723755153,5.338283447862381
That Vegan Teacher,Are you open-minded or do you like to remain uneducated? Click on this video if you are smart.,2022-01-13 14:30:10+00:00,5127,107,143,211,0.5071090047393365,1.97196261682243,8.99161302906183
That Vegan Teacher,NEVER GONNA GIVE YOU UP! NEVER GONNA LET YOU DOWN! OMG I love this song! @RickAstleyYT,2022-01-13 16:22:28+00:00,33926,469,443,1109,0.42290351668169524,2.3646055437100215,5.957083063137417
That Vegan Teacher,Gordon Ramsay is a TERRIBLE chef. @gordonramsay,2022-01-13 17:00:12+00:00,180930,1335,2737,7102,0.18797521824838073,5.319850187265917,6.175869120654396
That Vegan Teacher,Bella Vegan Dog is Still Alive! @SSSniperWolf and @kallmekris Time for your dogs to be vegan too! ❤️,2022-01-13 19:00:29+00:00,24056,742,327,773,0.9598965071151359,1.04177897574124,7.657133355503825
That Vegan Teacher,"Thank you for 160,000 subscribers! Now, let's read your comments during today's premiere!",2022-01-13 21:00:08+00:00,15133,176,365,607,0.2899505766062603,3.4488636363636362,7.586070177757219
That Vegan Teacher,"Do you also study, relax & create while listening to @LofiGirl ? Tell me about it in the comments!",2022-01-14 15:30:09+00:00,20359,253,170,456,0.5548245614035088,1.8023715415019763,4.317500859570706
That Vegan Teacher,What are you in the dark about?,2022-01-14 15:59:58+00:00,19517,346,193,645,0.5364341085271318,1.8641618497109826,6.066506122867244
That Vegan Teacher,"Pretty People With Ugly Hearts: @SSSniperWolf Narcissist Still Pays for Fear, Sadness and Pain",2022-01-14 17:30:09+00:00,47577,445,912,2467,0.18038102959059588,5.543820224719101,8.037497109948085
That Vegan Teacher,"My First Mukbang! Product Review: Enjoy Life Cookies: Nut-Free, Gluten-Free, No-egg, No-dairy Vegan!",2022-01-15 00:30:08+00:00,19551,547,320,557,0.9820466786355476,1.0182815356489945,7.283514909723287
That Vegan Teacher,​@JoshuaWeissman - Just another unethical cook who thinks that animals are food.,2022-01-15 01:38:35+00:00,42666,275,885,3147,0.08738481093104544,11.443636363636363,10.094688979515306
That Vegan Teacher,"Thank you, Teaching Assistants who help so much by typing vegan facts during these premieres!",2022-01-15 14:35:36+00:00,9171,123,115,373,0.3297587131367292,3.032520325203252,6.662305092138261
That Vegan Teacher,Thank you for subscribing to this channel - especially those who hate me. You are all my teachers.,2022-01-15 20:30:08+00:00,8740,113,353,446,0.2533632286995516,3.9469026548672566,10.434782608695652
That Vegan Teacher,Why do you eat the animals that you eat? @DharMann: Time to talk about veganism in your videos.,2022-01-16 01:30:07+00:00,17633,219,493,845,0.2591715976331361,3.858447488584475,8.830034594226733
That Vegan Teacher,Chillin' with the @LofiGirl crowd. The music is great and there are a few vegans over there! 💚,2022-01-16 14:24:57+00:00,17152,223,228,402,0.554726368159204,1.8026905829596414,4.9731809701492535
That Vegan Teacher,💚  Come With Me To See What Broke Vegans Eat! 💚,2022-01-16 17:15:10+00:00,18391,359,511,725,0.49517241379310345,2.01949860724234,8.672720352346257
That Vegan Teacher,TikTok Today - There’s No Excuse For Animal Abuse.,2022-01-16 20:09:58+00:00,20719,367,271,769,0.47724317295188556,2.095367847411444,6.790868285148897
That Vegan Teacher,Yay! Her Babies Are Vegan!!!  @mirandasings & @ColleenVlogs,2022-01-17 17:34:08+00:00,29565,286,482,1319,0.2168309325246399,4.611888111888112,7.059022492812447
That Vegan Teacher,@DoctorMike @kallmekris - Don't Eat Eggs,2022-01-18 00:00:08+00:00,39229,278,543,1385,0.2007220216606498,4.982014388489208,5.623390858803436
That Vegan Teacher,"Unless your language is MOO, cow’s milk’s not for you!",2022-01-18 14:26:32+00:00,9617,129,244,314,0.410828025477707,2.434108527131783,7.143599875220962
That Vegan Teacher,Nothing exciting. Just 60 seconds of BellaVeganDog calmly eating her no-cruelty vegan kibble.,2022-01-18 20:57:41+00:00,19115,255,513,826,0.30871670702179177,3.23921568627451,8.339000784724039
That Vegan Teacher,"I have a fever, headache & knives in my throat. But anyway, here’s a rap I’m working on.",2022-01-19 17:00:10+00:00,29441,511,622,731,0.6990424076607387,1.4305283757338552,6.331306681158928
That Vegan Teacher,I'm sick. I have a fever & can't talk. Here is an old song I composed. Please create a video for it.,2022-01-19 21:30:09+00:00,19715,292,434,582,0.5017182130584192,1.9931506849315068,6.634542226730916
That Vegan Teacher,I’m still a little sick today but I ate this blended oatmeal minus the nuts & fruit.,2022-01-20 21:02:45+00:00,14169,252,123,363,0.6942148760330579,1.4404761904761905,5.208553885242431
That Vegan Teacher,What's In The Truck?,2022-01-20 23:00:11+00:00,25870,306,495,769,0.39791937581274384,2.5130718954248366,6.068805566293004
That Vegan Teacher,Nothing much. Just BellaVeganDog snacking on peanut butter.,2022-01-21 00:42:36+00:00,28610,626,266,595,1.0521008403361345,0.950479233226837,5.1974833974134915
That Vegan Teacher,Ep.43 - Are Teaching Assistants Stella & Mark getting together?! How fun would that be??!,2022-01-21 01:45:10+00:00,11049,160,274,333,0.4804804804804805,2.08125,6.941804688207077
That Vegan Teacher,MEAT FLYERS,2022-01-21 19:00:11+00:00,24296,321,114,952,0.33718487394957986,2.965732087227414,5.70875864339809
That Vegan Teacher,@BenShapiro @DoctorMike @SSSniperWolf @DharMann @kallmekris Why Don't You Eat Dogs?,2022-01-22 03:45:08+00:00,21501,226,612,789,0.2864385297845374,3.4911504424778763,7.567089902795218
That Vegan Teacher,This is Rita. She's my hubby's Mom. She lives with me & makes apple sauce. Do you have a Rita too?,2022-01-22 18:30:10+00:00,14864,374,191,316,1.1835443037974684,0.8449197860962567,5.927072120559742
That Vegan Teacher,TikTok Today,2022-01-22 22:44:59+00:00,38397,689,488,1315,0.5239543726235741,1.9085631349782293,6.4900903716436185
That Vegan Teacher,Nazi Betty @DharMann @kallmekris @SSSniperWolf @MrBeast @DoctorMike - Stop Abusing Animals.,2022-01-23 02:30:12+00:00,37352,320,769,2483,0.1288763592428514,7.759375,9.563075605054616
That Vegan Teacher,Where Miyoko Vegan Cheese Comes From!,2022-01-23 19:00:11+00:00,9392,205,289,382,0.5366492146596858,1.8634146341463416,9.327086882453152
That Vegan Teacher,"Ep.44 - Yes, Atti, Vegan Cinnamon Rolls Are A Great Treat.",2022-01-24 00:47:53+00:00,8999,150,239,402,0.373134328358209,2.68,8.789865540615624
That Vegan Teacher,"Bella, Bella's Grandma, My Hubby & Me.",2022-01-24 20:03:46+00:00,10472,160,351,353,0.45325779036827196,2.20625,8.25057295645531
That Vegan Teacher,Responding to Uneducated Veganphobic Carnists on TikTok Today. Good times.,2022-01-25 04:30:09+00:00,13146,206,470,751,0.27430093209054596,3.645631067961165,10.855012931690249
That Vegan Teacher,A Rooster Walks Into Your House.... What Do You Do?,2022-01-25 16:30:09+00:00,16334,268,607,571,0.46935201401050786,2.1305970149253732,8.852699889800416
That Vegan Teacher,Why are you racist towards animals? @SSSniperWolf @kallmekris @DoctorMike @DharMann,2022-01-25 21:45:09+00:00,18091,216,520,687,0.314410480349345,3.1805555555555554,7.865789619147642
That Vegan Teacher,You Caught Me. I Admit It. @IballrightCelebs,2022-01-26 03:00:13+00:00,25988,305,479,914,0.3336980306345733,2.99672131147541,6.533784823764814
That Vegan Teacher,Are @AbaNPreach Vegan Yet? Let's Check!,2022-01-26 18:00:12+00:00,23126,275,385,1269,0.21670606776989756,4.614545454545454,8.341260918446771
That Vegan Teacher,"EP.45: Congratulations for getting a ""click"" today, Moon! So proud of you!",2022-01-26 20:11:07+00:00,6891,103,154,266,0.38721804511278196,2.5825242718446604,7.589609635756784
That Vegan Teacher,@ryancomedyvids Is This Funny?,2022-01-27 04:30:08+00:00,40229,428,637,1300,0.3292307692307692,3.0373831775700935,5.878843620273932
That Vegan Teacher,@LofiGirl Defending Animals Should Be A Normal Part of Each day. Show up. Speak up. Never give up.,2022-01-27 15:00:12+00:00,12939,149,245,490,0.3040816326530612,3.2885906040268456,6.8320581188654455
That Vegan Teacher,"TikTok Today - Answering A Random Question, From A Random Person.",2022-01-27 16:30:31+00:00,13302,141,406,645,0.2186046511627907,4.574468085106383,8.961058487445497
That Vegan Teacher,Spotify/Apple Music/ TikTok Song: Thank you for being veganphantastic!,2022-01-27 21:46:38+00:00,26837,437,463,1038,0.4210019267822736,2.3752860411899315,7.221373476916197
That Vegan Teacher,An Ethics Class For @kallmekris,2022-01-28 19:15:09+00:00,32395,311,378,1271,0.24468922108575925,4.086816720257235,6.05031640685291
That Vegan Teacher,@IsaacButterfield F U TO MERCURY & BACK,2022-01-29 01:30:11+00:00,23607,275,452,1186,0.2318718381112985,4.3127272727272725,8.103528614394035
That Vegan Teacher,"If You're Vegan, Get On TikTok. Here Are Some Examples You Can Create.",2022-01-29 20:00:09+00:00,11738,160,252,501,0.3193612774451098,3.13125,7.778156415062192
That Vegan Teacher,Meat “By Mistake” - Don’t Do What I Used To Do,2022-01-30 05:45:08+00:00,11891,232,278,497,0.46680080482897385,2.1422413793103448,8.468589689681272
That Vegan Teacher,Happy Vegan Pride Day,2022-01-30 15:57:21+00:00,9449,181,124,355,0.5098591549295775,1.9613259668508287,6.984866123399301
That Vegan Teacher,@JamesCharles Happy Vegan Pride Day! LGBTQ: You Were Born Vegan! Come On Out Of The Pantry!,2022-01-30 17:00:10+00:00,29160,295,581,1290,0.22868217054263565,4.372881355932203,7.42798353909465
That Vegan Teacher,I’m coming back as fast as I can!,2022-01-31 03:28:55+00:00,12185,312,162,540,0.5777777777777777,1.7307692307692308,8.321707016823963
That Vegan Teacher,For @NikocadoAvocado and his millions of subscribers; stop supporting him & help me save animals.,2022-01-31 04:00:08+00:00,22703,328,539,865,0.3791907514450867,2.6371951219512195,7.62894771616086
That Vegan Teacher,"💚 Just Wishing You A Wonderful Day, Everyone! Remember: You're Not Alone. I'm Here & I Understand. 💚",2022-01-31 14:45:09+00:00,9074,197,292,428,0.4602803738317757,2.1725888324873095,10.105796782014547
That Vegan Teacher,"Behind The Scenes - The Jan 30, 2022 Premiere - My Point of View @JamesCharles",2022-02-01 02:13:42+00:00,6378,87,164,301,0.28903654485049834,3.4597701149425286,8.65475070555033
That Vegan Teacher,Cashew-Nooch Vegan Cheese Featuring @RainbowPlantLife,2022-02-01 19:00:25+00:00,7963,174,185,397,0.43828715365239296,2.281609195402299,9.493909330654276
That Vegan Teacher,"Responding To Your Comments On TikTok Today - February 1st, 2021",2022-02-02 04:44:58+00:00,12844,194,336,577,0.3362218370883882,2.9742268041237114,8.618810339458113
That Vegan Teacher,@IsaacButterfield - What do my bo*bs  and b*m have to do with saving animals from hell?,2022-02-02 17:00:21+00:00,12627,211,332,549,0.3843351548269581,2.6018957345971563,8.648134948918983
That Vegan Teacher,@SSSniperWolf Makes Me Cry - This Is So Sad.,2022-02-02 22:00:12+00:00,43635,463,733,1483,0.3122049898853675,3.203023758099352,6.139566861464421
That Vegan Teacher,Yes. You’re right. Bella might die this year. (Video from one of my TikTok accounts).,2022-02-03 04:42:50+00:00,20570,458,152,661,0.6928895612708018,1.443231441048035,6.178901312591152
That Vegan Teacher,"Bart Simpson is vegan now, and so is Lisa!",2022-02-03 07:19:29+00:00,17953,235,191,608,0.38651315789473684,2.5872340425531917,5.759483094747396
That Vegan Teacher,"💚🧡❤️💜💛💙 Morning Pep Talk, To The Teenage Girl Who Wrote Me On Instagram",2022-02-03 17:00:11+00:00,7323,158,167,278,0.5683453237410072,1.759493670886076,8.23433019254404
That Vegan Teacher,TikTok Today: Change Your Religion If It Tells You To Be Cruel.,2022-02-03 18:44:20+00:00,24576,372,321,1114,0.3339317773788151,2.9946236559139785,7.352701822916667
That Vegan Teacher,FULL VIDEO - Not cut off this time. 🙃 @IsaacButterfield,2022-02-04 01:00:12+00:00,20308,295,305,640,0.4609375,2.169491525423729,6.105968091392555
That Vegan Teacher,"Responding To You On TikTok Today: Feb 3, 2022. What's your TikTok Channel? Let me know!",2022-02-04 03:00:08+00:00,12749,148,345,483,0.3064182194616977,3.2635135135135136,7.655502392344498
That Vegan Teacher,Why Does @DoctorMike Hate Animals? This video is not monetized. Thank you for supporting my Patreon,2022-02-04 17:00:13+00:00,31887,229,424,1402,0.16333808844507847,6.122270742358078,6.444632608900179
That Vegan Teacher,My New TikTok - RyanComedyOfficialVegan and His: RyanComedyOfficial,2022-02-05 03:00:12+00:00,26136,276,414,941,0.29330499468650373,3.4094202898550723,6.240434649525558
That Vegan Teacher,@RaleighLink Is wrong. @VeganGains is right. Vegan pets can thrive.,2022-02-05 18:30:10+00:00,11075,168,327,593,0.28330522765598654,3.5297619047619047,9.82392776523702
That Vegan Teacher,TIkTok Today- Why are you vegan? Good question!,2022-02-05 22:17:16+00:00,17871,384,194,525,0.7314285714285714,1.3671875,6.172010519836607
That Vegan Teacher,@annaoop Says she'll be vegan if I'm nicer to her. Do you believe her? Write your answers below!,2022-02-06 15:00:12+00:00,17015,212,342,613,0.3458401305057096,2.891509433962264,6.858654128709962
That Vegan Teacher,There’s No Excuse For Animal Abuse,2022-02-06 21:08:32+00:00,15835,243,199,547,0.44424131627056673,2.251028806584362,6.245658351752447
That Vegan Teacher,"TIKTOK TODAY  Feb 6, 2022 - Stitching with@ryancomedyvids - dancing & answering his follower's comments!",2022-02-07 01:30:11+00:00,17989,225,253,510,0.4411764705882353,2.2666666666666666,5.49224526099283
That Vegan Teacher,❤️ Responding to one last TikTok before midnight in the cold Canadian air. ❤️,2022-02-07 05:11:18+00:00,9523,129,159,339,0.3805309734513274,2.627906976744186,6.584059645069831
That Vegan Teacher,Reacting To @PewDiePie's Presentation,2022-02-08 01:00:11+00:00,96244,870,1201,4618,0.18839324382849718,5.308045977011494,6.950043639083995
That Vegan Teacher,This showed up at my door today!,2022-02-08 20:00:12+00:00,10030,200,176,371,0.5390835579514824,1.855,7.44765702891326
That Vegan Teacher,I’m coming as fast as I can! Thank you for being veganphantastic!,2022-02-09 04:21:09+00:00,5286,110,64,175,0.6285714285714286,1.5909090909090908,6.602345819144912
That Vegan Teacher,"Answering Your Crazy Comments on TikTok Today - Feb 8, 2022",2022-02-09 04:45:10+00:00,13094,134,243,538,0.24907063197026022,4.014925373134329,6.987933404612799
That Vegan Teacher,Did you eat your chia and flax seeds yet?,2022-02-09 12:30:16+00:00,9446,165,170,309,0.5339805825242718,1.8727272727272728,6.817700614016515
That Vegan Teacher,Just A Video Of BellaVeganDog Eating On The Porch. Why pay for murder if you don’t have to?,2022-02-09 21:22:18+00:00,11632,204,187,334,0.6107784431137725,1.6372549019607843,6.232806052269601
That Vegan Teacher,"Ep.41 Reading Your Weird Comments - No, Cop, being vegan is NOT expensive. Oats, lentils, beans...",2022-02-10 03:00:11+00:00,13266,110,368,489,0.2249488752556237,4.445454545454545,7.289311020654305
That Vegan Teacher,Is your lipstick vegan or was it shoved into a rabbit's eye? @mirandasings @PsychoSoprano,2022-02-10 16:50:10+00:00,15327,289,144,602,0.48006644518272423,2.083044982698962,6.752789195537287
That Vegan Teacher,@JordanBPeterson  Snap out of your cognitive dissonance. It’s time to be vegan now.,2022-02-10 18:08:26+00:00,10506,185,74,418,0.44258373205741625,2.2594594594594595,6.44393679802018
That Vegan Teacher,Why is @ryancomedyvids  racist towards animals?,2022-02-10 19:14:33+00:00,44625,675,425,1916,0.3522964509394572,2.8385185185185184,6.758543417366947
That Vegan Teacher,Why pay for murder if you don't have to?,2022-02-11 02:00:11+00:00,13824,224,326,606,0.3696369636963696,2.705357142857143,8.362268518518519
That Vegan Teacher,@PsychoSoprano @ColleenVlogs @mirandasings,2022-02-11 17:00:11+00:00,23954,294,467,906,0.32450331125827814,3.0816326530612246,6.959171745846206
That Vegan Teacher,"EP.46 Behind The Scenes of Today’s Premiere: Goldfish, Coconut Milk & Amazing Teaching Assistants!",2022-02-11 22:00:38+00:00,9820,121,215,443,0.27313769751693,3.6611570247933884,7.932790224032586
That Vegan Teacher,Why Should You Care? You Stab Animals With A Fork Every Day.,2022-02-12 17:00:12+00:00,17767,279,484,678,0.41150442477876104,2.4301075268817205,8.11054201609726
That Vegan Teacher,Got Questions? Come Ask Me On TikTok!,2022-02-13 03:30:10+00:00,17571,227,302,643,0.35303265940902023,2.8325991189427313,6.670081384098799
That Vegan Teacher,TikTok Activism Idea: Dance With Animal-Abusers While Wearing Vegan Clothing.,2022-02-13 21:18:34+00:00,14252,239,89,379,0.6306068601583114,1.5857740585774058,4.960707269155206
That Vegan Teacher,Would You Eat This?,2022-02-13 22:30:09+00:00,17291,298,397,680,0.43823529411764706,2.2818791946308723,7.952113816436296
That Vegan Teacher,TikTok Today: If You Don’t Like Factory Farming Why Aren’t You Vegan Yet?,2022-02-14 14:50:23+00:00,7131,136,89,242,0.5619834710743802,1.7794117647058822,6.548871126069275
That Vegan Teacher,TikTok Today: Every Pre-Vegan Said This!,2022-02-14 14:59:20+00:00,11120,187,126,343,0.5451895043731778,1.8342245989304813,5.899280575539569
That Vegan Teacher,A Cow's Life. Would you show this to a kid? Tell me in the comments.,2022-02-15 01:00:11+00:00,23377,338,284,852,0.3967136150234742,2.5207100591715976,6.3053428583650595
That Vegan Teacher,Shower Thoughts About Roofers,2022-02-15 15:32:19+00:00,30498,444,356,1001,0.4435564435564436,2.2545045045045047,5.905305265919076
That Vegan Teacher,Why What @Kallmekris Said About The Marker Caused So Much Harm To The Animals-Rights Movement,2022-02-15 17:00:12+00:00,39112,369,659,1196,0.3085284280936455,3.241192411924119,5.68623440376355
That Vegan Teacher,TikTok Today: I Don’t Think About Gay People,2022-02-16 01:02:32+00:00,23767,543,229,580,0.9362068965517242,1.0681399631675874,5.688559767745193
That Vegan Teacher,✅ TIKTOK Today - Responding to Questions by @ryancomedyvids's Fans. ✅,2022-02-16 05:15:08+00:00,12685,171,170,483,0.35403726708074534,2.824561403508772,6.495861253448955
That Vegan Teacher,@AbaNPreach Chinchillas are not yours to eat or wear. Eat vegan food with me in Montreal instead!,2022-02-16 21:00:20+00:00,20985,223,409,1063,0.20978363123236124,4.766816143497758,8.077197998570407
That Vegan Teacher,"A 3-Minute Story, About The Vegetarian Who Didn’t Know",2022-02-17 08:24:47+00:00,7856,155,131,301,0.5149501661129569,1.9419354838709677,7.471995926680244
That Vegan Teacher,Why I’m Not Proud To Be A Canadian.,2022-02-17 12:09:54+00:00,23232,214,608,752,0.2845744680851064,3.514018691588785,6.775137741046831
That Vegan Teacher,TikTok Today: Public Service Announcement,2022-02-17 19:41:07+00:00,26398,496,297,1146,0.4328097731239092,2.310483870967742,7.345253428290022
That Vegan Teacher,Check Out What @Animal.Rising is doing. What Do You Think Of This Idea? Write Your Opinion Below!,2022-02-17 22:00:13+00:00,11867,193,382,555,0.34774774774774775,2.8756476683937824,9.522204432459763
That Vegan Teacher,Are You Doing Vegan Activism on TikTok Yet? Come See One Of My Accounts For Ideas!@ryancomedyvids,2022-02-18 17:00:12+00:00,28118,269,697,972,0.2767489711934156,3.613382899628253,6.892382103990327
That Vegan Teacher,​Meet Our New Student @internetajay! Let's Evaluate His Presentation!,2022-02-19 23:30:10+00:00,22667,270,503,1326,0.20361990950226244,4.911111111111111,9.26015793885384
That Vegan Teacher,Episode 3. Polite Worldwide Vegan Education With @LofiGirl. 💚,2022-02-20 02:30:11+00:00,10662,122,291,401,0.30423940149625933,3.2868852459016393,7.634590133183268
That Vegan Teacher,What Do You Think Of Wearing Animals As Decorations?,2022-02-20 18:30:11+00:00,16202,179,417,752,0.23803191489361702,4.201117318435754,8.319960498703864
That Vegan Teacher,TikTok Today: You Can Be Vegan!,2022-02-21 02:24:50+00:00,3092,82,68,188,0.43617021276595747,2.292682926829268,10.93143596377749
That Vegan Teacher,TikTok Today: Be Kind Be Vegan!,2022-02-21 02:24:55+00:00,6733,131,156,321,0.40809968847352024,2.450381679389313,9.03015000742611
That Vegan Teacher,How Many Animals Could You Have Saved? Let's Count.,2022-02-21 18:00:12+00:00,8915,148,325,338,0.4378698224852071,2.2837837837837838,9.097027481772294
That Vegan Teacher,​A Rap For @AbaNPreach. Don't Be Rac!5t Towards Animals.,2022-02-22 04:22:42+00:00,15824,160,325,759,0.21080368906455862,4.74375,7.861476238624873
That Vegan Teacher,Bella Vegan Dog Is Still Alive & I Eat Cookies For Breakfast,2022-02-22 17:01:01+00:00,10431,175,346,447,0.39149888143176736,2.5542857142857143,9.280030677787364
That Vegan Teacher,TikTok Today: Your Weird Comments,2022-02-23 03:15:08+00:00,12674,162,334,563,0.2877442273534636,3.4753086419753085,8.35568881174057
That Vegan Teacher,"TikTok - Censorship has reached new levels of insanity - February 23, 2022",2022-02-23 15:55:36+00:00,9793,164,60,300,0.5466666666666666,1.829268292682927,5.350760747472685
That Vegan Teacher,Would You Donate To This Florida Sanctuary? Are They Even Vegan?? @AlyssasAnimalSanctuary​,2022-02-23 17:00:10+00:00,8138,127,279,314,0.40445859872611467,2.47244094488189,8.84738264929958
That Vegan Teacher,Happy Vegan Pride Day! @LGBTQ Tiktok Compilation @LGBTQTiktoks7,2022-02-24 01:15:10+00:00,22941,251,598,1100,0.22818181818181818,4.382470119521912,8.495706377228544
That Vegan Teacher,Episode 4. Polite Worldwide Vegan Education With  @Lofi Girl . 💚,2022-02-24 17:30:10+00:00,9795,98,321,338,0.28994082840236685,3.4489795918367347,7.728432873915263
That Vegan Teacher,Why is @ryancomedyvids lying in his thumbnail? I would never hurt him! (Part 1),2022-02-25 04:01:36+00:00,25506,375,596,979,0.3830439223697651,2.6106666666666665,7.64525993883792
That Vegan Teacher,Why is  @RYANcomedy  lying in his thumbnail? I would never hurt him! (Part 2),2022-02-26 01:00:17+00:00,16632,220,259,541,0.4066543438077634,2.459090909090909,6.132756132756133
That Vegan Teacher,Come see Bella and her friends! Can you tell which of the other dogs are vegan?,2022-02-26 13:30:10+00:00,10476,217,426,376,0.5771276595744681,1.7327188940092166,9.726995036273387
That Vegan Teacher,People Are Strange. Why Do Veganphobic Carnists Bother Coming To My Channel If They Hate Me?,2022-02-26 22:10:15+00:00,6937,88,264,250,0.352,2.840909090909091,8.678102926337033
That Vegan Teacher,"February 26, 2022",2022-02-27 02:47:58+00:00,6318,81,101,193,0.41968911917098445,2.382716049382716,5.935422602089268
That Vegan Teacher,"February 26, 2022",2022-02-27 02:56:31+00:00,16167,142,270,524,0.27099236641221375,3.6901408450704225,5.7895713490443494
That Vegan Teacher,@internetajay  So you pay people to hurt animals. Do you also eat cats? What about dogs?,2022-02-27 15:30:12+00:00,17639,161,575,627,0.2567783094098884,3.8944099378881987,7.727195419241453
That Vegan Teacher,@BallingerFamily @PsychoSoprano Stop Being Cruel To Animals & Kids. Be Vegan & Nobody Gets Hurt,2022-02-28 17:03:10+00:00,9316,104,384,423,0.2458628841607565,4.0673076923076925,9.778875053671102
That Vegan Teacher,"@DannyIshay Points Out The Shallow, Selfish, Cruelty Of @BernieSanders",2022-02-28 21:30:11+00:00,6775,171,239,290,0.5896551724137931,1.695906432748538,10.33210332103321
That Vegan Teacher,"@CarnismDebunked Reminds Us That Everyone Can And SHOULD Be Vegan! Yes, Even You, ""Woke"" People!",2022-03-01 03:00:11+00:00,8828,174,294,420,0.4142857142857143,2.413793103448276,10.058903488898958
That Vegan Teacher,@ColleenVlogs @PsychoSoprano @mirandasings Stop Promoting This. Be Vegan From Now On.,2022-03-01 17:00:10+00:00,11581,128,428,442,0.2895927601809955,3.453125,8.61756325015111
That Vegan Teacher,"TikTok Today: No, I haven’t always been vegan.",2022-03-02 00:02:12+00:00,8964,203,122,300,0.6766666666666666,1.477832512315271,6.972333779562695
That Vegan Teacher,"TikTok Today: Russia, Ukraine And The Circle Of Life",2022-03-02 02:53:03+00:00,17055,324,342,1019,0.3179587831207066,3.1450617283950617,9.87980064497215
That Vegan Teacher,TikTok Today: It takes 100 “clicks” to become vegan.,2022-03-02 11:06:55+00:00,6923,166,99,372,0.44623655913978494,2.2409638554216866,9.201213346814964
That Vegan Teacher,TikTok Today: Happy Vegan Declaration Day!,2022-03-02 18:22:08+00:00,7446,183,114,406,0.45073891625615764,2.2185792349726774,9.441310770883696
That Vegan Teacher,TikTok Today: Don’t Be Rac!5t Towards Animals,2022-03-02 19:30:02+00:00,16583,291,246,592,0.49155405405405406,2.0343642611683848,6.808177048784899
That Vegan Teacher,"My Weird Neighbour's Cognitive Dissonance, Excuses and Juggling Act",2022-03-03 01:45:29+00:00,11218,187,315,537,0.34823091247672255,2.871657754010695,9.261900517026207
That Vegan Teacher,"Let's Talk To: Sexist, Misogynist, Animals-Abuser:@IsaacButterfield",2022-03-03 17:00:10+00:00,9603,138,306,487,0.28336755646817247,3.528985507246377,9.694887014474643
That Vegan Teacher,"@ryancomedyvids Congratulations! You passed the presentation. I'm not sure exactly how, but ya did!",2022-03-03 22:00:14+00:00,24152,363,500,705,0.5148936170212766,1.9421487603305785,6.492215965551507
That Vegan Teacher,@BenShapiro is a right-wing political commentator who has admitted he should be vegan.,2022-03-04 20:30:09+00:00,8682,100,200,272,0.36764705882352944,2.72,6.5883436996083855
That Vegan Teacher,"@laurenchen - Trans Rights, Pronouns, Childish College Students, Animal Rights & Bella Vegan Dog.",2022-03-05 03:30:10+00:00,12624,171,376,484,0.35330578512396693,2.8304093567251463,8.166983523447403
That Vegan Teacher,74%  of you apparently want me banned. But do you really? Or do u just want to stop feeling guilty?,2022-03-05 23:15:24+00:00,29672,395,861,1288,0.30667701863354035,3.260759493670886,8.573739552440012
That Vegan Teacher,Can you spot the non-vegan things in here? Write your answers in the comment below.,2022-03-06 18:02:45+00:00,8263,105,237,326,0.3220858895705521,3.104761904761905,8.084230908870872
That Vegan Teacher,Why Do People Still Eat Here?,2022-03-07 01:30:09+00:00,24417,319,805,1115,0.2860986547085202,3.4952978056426334,9.169840684768808
That Vegan Teacher,BELLA VEGAN DOG MEETS YOUR DINNER,2022-03-08 00:00:10+00:00,21268,362,609,684,0.5292397660818714,1.8895027624309393,7.781643784088772
That Vegan Teacher,💚  Have you ever been here before? You can do polite vegan activism online here!@LofiGirl,2022-03-08 17:00:12+00:00,7580,77,249,267,0.2883895131086142,3.4675324675324677,7.823218997361478
That Vegan Teacher,McMurder in Russia @mcdonalds_br  @McDonalds @Vkusno-itochka @Mcdonaldsarabia1993,2022-03-09 02:45:10+00:00,22213,289,600,948,0.3048523206751055,3.2802768166089966,8.269932021789042
That Vegan Teacher,What do you think about the pig-heart transplant? Do you think the person still ate bacon after?,2022-03-09 17:00:11+00:00,7764,125,227,349,0.35816618911174786,2.792,9.028851107676456
That Vegan Teacher,You're paying someone else to do it. You're not innocent. You're guilty of the brutality.,2022-03-09 20:11:25+00:00,4255,105,63,119,0.8823529411764706,1.1333333333333333,6.7450058754406585
That Vegan Teacher,Thank you for listening - even though you don't want to. Thank you for being open & for being here.,2022-03-09 21:30:07+00:00,4521,103,40,145,0.7103448275862069,1.4077669902912622,6.370272063702721
That Vegan Teacher,TikTok Today - Where do bison get their protein? From plants! Just like many top athletes do!,2022-03-09 22:26:43+00:00,4272,88,71,93,0.946236559139785,1.0568181818181819,5.8988764044943816
That Vegan Teacher,TikTok Today: Why do you feel so threatened? I'm just a grandmother talking to my camera on TikTok!,2022-03-09 23:15:01+00:00,7047,144,77,253,0.5691699604743083,1.7569444444444444,6.726266496381439
That Vegan Teacher,"TikTok Today: No, being vegetarian is not good enough. Eating cheese & eggs hurts causes suffering.",2022-03-10 00:00:10+00:00,9440,218,106,381,0.5721784776902887,1.7477064220183487,7.46822033898305
That Vegan Teacher,"TikTok Today - I know you love horses, but the truth is that when we ride them, we abuse them.",2022-03-10 00:45:01+00:00,15659,290,219,479,0.605427974947808,1.6517241379310346,6.3094705919918255
That Vegan Teacher,Zen And The Art of Vegan Shopping. @Trend-Plus,2022-03-10 03:00:19+00:00,10763,168,222,393,0.42748091603053434,2.3392857142857144,7.27492334850878
That Vegan Teacher,@DharMann Time to talk about the 6TH MASS EXTINCTION of animals & tell your wife to wake up.,2022-03-10 23:30:09+00:00,20347,206,340,785,0.2624203821656051,3.8106796116504853,6.541504890155797
That Vegan Teacher,💜  TIKTOK Today 💛   Answering 8 of your comments (and singing in between)!  💚,2022-03-12 00:00:09+00:00,9369,136,563,400,0.34,2.9411764705882355,11.730173978012596
That Vegan Teacher,TikTok Today: Responding To Your Questions And Comments,2022-03-12 16:09:25+00:00,9744,184,132,349,0.5272206303724928,1.8967391304347827,6.824712643678161
That Vegan Teacher,Everyone Can Be Vegan- Even You!,2022-03-12 21:20:54+00:00,5612,111,91,211,0.5260663507109005,1.9009009009009008,7.359230220955096
That Vegan Teacher,TikTok Today: I Don’t Really Care If Quebec Separates,2022-03-12 21:56:37+00:00,13065,216,135,497,0.4346076458752515,2.300925925925926,6.49062380405664
That Vegan Teacher,Leather Is For Losers,2022-03-13 00:30:12+00:00,11967,193,330,512,0.376953125,2.6528497409326426,8.648784156430182
That Vegan Teacher,"Welcome to my kitchen! Veganphobic people: If you need to barf, the toilet's down the hall.",2022-03-13 18:00:10+00:00,11806,194,301,479,0.40501043841336115,2.4690721649484537,8.250042351346773
That Vegan Teacher,Are you overweight? How many innocent animal corpses are in you right now?,2022-03-14 01:30:11+00:00,10422,127,427,449,0.2828507795100223,3.5354330708661417,9.623872577240453
That Vegan Teacher,How can you love someone and also pay people to hurt them? !,2022-03-14 20:15:09+00:00,6300,98,224,313,0.31309904153354634,3.193877551020408,10.079365079365079
That Vegan Teacher,This made me cry. This is for @SSSniperWolf @kallmekris @Panchooooooooooooooo  so you can rejoice at my sadness.,2022-03-14 23:30:11+00:00,28966,377,682,753,0.50066401062417,1.9973474801061009,6.255610025547194
That Vegan Teacher,"TikTok Today: That Vegan Teacher Reacts To Your Questions, Comments & Silly Animal-Abusing Excuses",2022-03-15 16:00:10+00:00,7399,122,396,350,0.3485714285714286,2.8688524590163933,11.731315042573321
That Vegan Teacher,They All Agree With Me! @IsaacButterfield @SSSniperWolf @gordonramsay @ryancomedyvids @kallmekris,2022-03-16 02:15:10+00:00,34828,330,749,1329,0.24830699774266365,4.027272727272727,6.913977259676122
That Vegan Teacher,@PsychoSoprano @mirandasings   - Are you courageous enough to feel what the animals go through?,2022-03-16 16:30:09+00:00,11408,108,283,436,0.24770642201834864,4.037037037037037,7.24929873772791
That Vegan Teacher,Songs & Reacting to Your Comments on Instagram. 💜 Thank you for being as vegan as possible! ✅,2022-03-17 02:30:08+00:00,6535,98,277,305,0.32131147540983607,3.1122448979591835,10.405508798775823
That Vegan Teacher,@AbaNPreach  Do you REALLY want me on your podcast? Or are you just planning to be veganphobic?,2022-03-17 23:00:11+00:00,5726,104,138,228,0.45614035087719296,2.1923076923076925,8.208173244848062
That Vegan Teacher,Have you seen this TV ad? What do you think of it?,2022-03-18 01:30:12+00:00,12575,150,508,529,0.2835538752362949,3.526666666666667,9.439363817097416
That Vegan Teacher,Today we visit What Broke Vegans Eat on Facebook!! Have you been to their group yet?,2022-03-18 23:30:12+00:00,10813,193,299,423,0.4562647754137116,2.1917098445595853,8.462036437621382
That Vegan Teacher,Responding To Instagram Peeps,2022-03-19 16:41:11+00:00,9234,159,114,59,2.694915254237288,0.3710691823899371,3.595408273770847
That Vegan Teacher,@DeadMeat Can you answer these 7 questions?,2022-03-19 19:30:09+00:00,13076,161,401,606,0.26567656765676567,3.7639751552795033,8.932395227898441
That Vegan Teacher,They Think I Did WHAAT??,2022-03-20 00:30:11+00:00,28206,385,732,984,0.391260162601626,2.555844155844156,7.448769765298163
That Vegan Teacher,You Are Suffering From Cognitive Dissonance,2022-03-20 17:14:33+00:00,9562,157,98,310,0.5064516129032258,1.9745222929936306,5.908805689186362
That Vegan Teacher,Don’t Ride Horses,2022-03-20 22:00:13+00:00,28929,482,367,956,0.50418410041841,1.983402489626556,6.239413737080438
That Vegan Teacher,@DoctorMike :End The War On Animals. Stop paying people to murder for you.,2022-03-21 02:15:10+00:00,24395,218,517,1302,0.1674347158218126,5.972477064220183,8.350071736011477
That Vegan Teacher,Why has Bella been vegan since Aug 2027?  Simple. We don't want to kill her friends.,2022-03-21 09:05:58+00:00,18140,306,242,655,0.467175572519084,2.1405228758169934,6.631753031973539
That Vegan Teacher,Food. Food. And more food. With  ethical vegan chef @gazoakleychef,2022-03-21 22:00:11+00:00,10961,169,493,449,0.37639198218262804,2.6568047337278107,10.135936502143965
That Vegan Teacher,@khabylame8481 Is That Soy Milk In Your Video?,2022-03-23 01:00:12+00:00,19449,223,488,840,0.2654761904761905,3.766816143497758,7.9747030695665595
That Vegan Teacher,Bart Simpson Is Vegan Now + 9 minutes of other TikTok & Spotify Songs You May Have Missed,2022-03-24 02:45:08+00:00,12487,155,451,547,0.283363802559415,3.529032258064516,9.233602947064949
That Vegan Teacher,"@BrookeGoldnerMD One day, eating animals will be as weird as smoking was!",2022-03-24 16:15:12+00:00,7538,115,276,345,0.3333333333333333,3.0,9.763863093658795
That Vegan Teacher,💛  Have you ever been here before? You can do polite vegan activism online here! @Lofi Girl ​,2022-03-25 02:00:13+00:00,9101,126,369,314,0.4012738853503185,2.492063492063492,8.889133062300845
That Vegan Teacher,@AbaNPreach When are you guys going to join me for a vegan meal in Montreal?,2022-03-26 00:00:12+00:00,12904,162,453,633,0.2559241706161137,3.9074074074074074,9.671419714817112
That Vegan Teacher,@peta  Says Animal Testing Is Cruel and Unnecessary,2022-03-27 02:56:44+00:00,10152,141,196,341,0.41348973607038125,2.4184397163120566,6.678486997635933
That Vegan Teacher,Do you know anyone who has taken the Liberation Pledge?,2022-03-27 14:00:10+00:00,6318,102,236,326,0.3128834355828221,3.196078431372549,10.509654954099398
That Vegan Teacher,All About Cats: Which vegan foods do your cats eat? What kind of kitty litter do you use?,2022-03-28 20:35:33+00:00,11124,166,350,563,0.29484902309058614,3.391566265060241,9.699748291981301
That Vegan Teacher,Should Will Smith have been arrested for assault? Should his Oscar be given to Chris Rock?,2022-03-29 16:00:12+00:00,10562,160,427,471,0.33970276008492567,2.94375,10.017042226850975
That Vegan Teacher,Did you know they do this to animals in experiments? It’s super sad…,2022-03-30 16:30:10+00:00,7298,135,393,254,0.531496062992126,1.8814814814814815,10.715264456015348
That Vegan Teacher,@kallmekris Easter is coming. Who will you be eating? Will you choose cruelty or compassion?,2022-03-30 23:15:11+00:00,7400,89,234,365,0.24383561643835616,4.101123595505618,9.297297297297296
That Vegan Teacher,Did you know about this live stream of an eagle’s nest? Come see! @ExploreLiveNatureCams,2022-03-31 04:00:10+00:00,4450,106,112,188,0.5638297872340425,1.7735849056603774,9.123595505617978
That Vegan Teacher,Meet Alex. He’s been rescued from someone like you who wanted to eat and wear him.,2022-03-31 14:30:11+00:00,7658,132,269,220,0.6,1.6666666666666667,8.109166884303995
That Vegan Teacher,TikTok Today: Responding to your comments.,2022-03-31 19:21:52+00:00,9825,238,145,373,0.6380697050938338,1.5672268907563025,7.694656488549619
That Vegan Teacher,Responding To Your Comments About @WillSmith And Chris Rock,2022-04-01 01:30:11+00:00,18883,190,275,684,0.2777777777777778,3.6,6.084838214266801
That Vegan Teacher,TikTok Today : Responding to your comments. 🌱 Have you seen Dominion yet?,2022-04-01 11:16:27+00:00,7790,199,106,312,0.6378205128205128,1.5678391959798994,7.920410783055198
That Vegan Teacher,"Veganphobia, like racism, sexism and homophobia is cruel and wrong. Be veganphantastic instead.",2022-04-01 18:05:59+00:00,4726,60,147,181,0.3314917127071823,3.0166666666666666,8.209902666102412
That Vegan Teacher,@CarnismDebunked & @ThatVeganTeacherYouTube Review @CandaceOwensPodcast Anti-Speciesist Comments 💚,2022-04-01 20:00:14+00:00,8426,137,265,297,0.4612794612794613,2.167883211678832,8.29575124614289
That Vegan Teacher,TikTok Today: Responding to your comment about your excuse.,2022-04-01 23:26:39+00:00,8217,162,76,319,0.5078369905956113,1.9691358024691359,6.778629670195935
That Vegan Teacher,TikTok Today: Responding to your comment about crop deaths.,2022-04-02 12:00:51+00:00,9092,205,118,256,0.80078125,1.248780487804878,6.368235811702595
That Vegan Teacher,TikTok Today: Responding to your comment about being veganphantastic.,2022-04-02 18:00:19+00:00,8191,194,100,221,0.8778280542986425,1.1391752577319587,6.2873885972408745
That Vegan Teacher,The animals need your voice. They cannot be heard behind bars. @LofiGirl,2022-04-02 18:30:09+00:00,7195,85,147,605,0.14049586776859505,7.117647058823529,11.63307852675469
That Vegan Teacher,TikTok Today: Responding to your comment about speciesism.,2022-04-02 21:00:19+00:00,9204,211,114,289,0.7301038062283737,1.3696682464454977,6.671012603215994
That Vegan Teacher,Don’t choose “happy music” when you post slaughterhouse footage. Use sad music to make your point.,2022-04-03 00:54:11+00:00,7943,101,198,284,0.35563380281690143,2.8118811881188117,7.33979604683369
That Vegan Teacher,TikTok Today: Responding to your comment about why it's important to be vegan.,2022-04-03 02:00:09+00:00,13976,279,211,530,0.5264150943396226,1.8996415770609318,7.298225529479108
That Vegan Teacher,@RealCandaceO should be vegan but she's not yet educated. Watch this 6 min video: dontwatch.org,2022-04-03 14:24:25+00:00,8328,92,218,930,0.0989247311827957,10.108695652173912,14.8895292987512
That Vegan Teacher,The writing on my jacket is actually backwards in real life so I don’t have to flip it on TikTok! 🌱,2022-04-03 22:33:16+00:00,13711,280,119,382,0.7329842931937173,1.3642857142857143,5.69615637079717
That Vegan Teacher,@CandaceOwensPodcast Time To Stop Hurting Animals! Here Are Some Shopping Ideas,2022-04-04 02:25:22+00:00,6465,131,203,258,0.5077519379844961,1.9694656488549618,9.156999226604794
That Vegan Teacher,TikTok Comment - Reminder: Don't join cults. Don't eat animals. Don't steal from animals. Be vegan.,2022-04-04 13:30:38+00:00,5040,71,166,630,0.1126984126984127,8.873239436619718,17.202380952380953
That Vegan Teacher,@RealCandaceO @CandaceOwensPodcast Time to grow up and stop drinking baby cow milk.,2022-04-04 20:17:07+00:00,8452,165,108,73,2.26027397260274,0.44242424242424244,4.0937056318031235
That Vegan Teacher,DEEP VEGAN & CARNISM DEBUNKED invite you to answer some questions about the animals you eat.,2022-04-05 00:45:11+00:00,8683,149,468,762,0.19553805774278216,5.114093959731544,15.881607739260625
That Vegan Teacher,Why are children being taught to hurt animals?  Why do bake sale products contain body parts?,2022-04-05 16:00:12+00:00,15649,275,567,1307,0.21040550879877581,4.752727272727273,13.732506869448526
That Vegan Teacher,Creating the next @SSSniperWolf video which will be released later today.,2022-04-05 18:45:41+00:00,15796,192,92,154,1.2467532467532467,0.8020833333333334,2.7728538870600152
That Vegan Teacher,"@SSSniperWolf might seem nice because she's pretty, but is she really? What makes someone good?",2022-04-06 00:00:09+00:00,48795,435,765,5372,0.08097542814594193,12.349425287356322,13.468593093554668
That Vegan Teacher,"What would you have said to them, if you were in my position?",2022-04-06 16:00:10+00:00,12132,183,316,1516,0.12071240105540897,8.28415300546448,16.608968018463568
That Vegan Teacher,@CandaceOwensPodcast  Imagine blocking vegans because you're too afraid to lose a debate. @CarnismDebunked,2022-04-07 00:00:11+00:00,12014,155,242,1382,0.11215629522431259,8.916129032258064,14.807724321624772
That Vegan Teacher,TikTok Today. You’re right. But you’re also wrong.,2022-04-07 01:00:05+00:00,21805,326,259,1635,0.19938837920489297,5.015337423312883,10.181151112130244
That Vegan Teacher,Do kids addicted to @CoComelon become brats who always expect to be entertained?,2022-04-08 00:00:11+00:00,39663,468,505,1619,0.2890673255095738,3.4594017094017095,6.535057862491491
That Vegan Teacher,@DharMann You're going the wrong way! Vegetarians are the enemy! Quick! Fix this now! No eggs!,2022-04-09 00:00:13+00:00,71604,693,1064,4424,0.15664556962025317,6.383838383838384,8.632199318473829
That Vegan Teacher,About Bella Vegan Dog’s Food,2022-04-09 11:14:32+00:00,12021,155,224,317,0.4889589905362776,2.0451612903225804,5.789867731469927
That Vegan Teacher,"Random Things: Food, Songs, and Matt The Teaching Assistant",2022-04-10 01:00:10+00:00,10286,117,393,1136,0.10299295774647887,9.709401709401709,16.002333268520317
That Vegan Teacher,Classic TikTok: God Call Miss Kadie On Her  Banana Phone,2022-04-10 23:47:22+00:00,24706,494,392,283,1.745583038869258,0.5728744939271255,4.731644135027929
That Vegan Teacher,The Best Tofu Scramble Ever! @Simnettnutrition,2022-04-11 02:30:14+00:00,14457,267,284,515,0.5184466019417475,1.9288389513108615,7.373590648128935
That Vegan Teacher,Morning Pep Talk.  Winners Never Quit! Don't Give Up! For: @DharMann @kallmekris @DoctorMike,2022-04-11 16:15:10+00:00,12085,150,361,1510,0.09933774834437085,10.066666666666666,16.72321059164253
That Vegan Teacher,Tofu Scramble Dance for @sssniperwolf @kallmekris @DoctorMike @NikocadoAvocado @MrBeast@PewDiePie,2022-04-12 23:38:19+00:00,15559,228,151,1030,0.22135922330097088,4.517543859649122,9.05585191850376
That Vegan Teacher,Responding to your comments while on my way to get vegan ice cream ✅,2022-04-13 01:00:11+00:00,23918,386,805,2989,0.1291401806624289,7.743523316062176,17.47637762354712
That Vegan Teacher,What next? Will @DoctorMike  be taking money from Big Pharma?,2022-04-14 01:00:08+00:00,19675,196,556,856,0.22897196261682243,4.36734693877551,8.172808132147395
That Vegan Teacher,Vegans Have A Crazy Idea,2022-04-15 02:00:01+00:00,13521,216,200,253,0.8537549407114624,1.1712962962962963,4.947858886177058
That Vegan Teacher,Responding To Your Crazy YouTube Comments While On My Daily Walk,2022-04-15 02:30:25+00:00,15342,193,491,1458,0.13237311385459533,7.55440414507772,13.961673836527181
That Vegan Teacher,Responding To Today's Comments,2022-04-16 02:30:10+00:00,23038,348,575,2879,0.12087530392497395,8.272988505747126,16.50316867783662
That Vegan Teacher,"Would you buy this book for 50 cents? I did, but I'm not happy with all parts of it. And you?",2022-04-17 01:30:10+00:00,11971,180,490,623,0.28892455858747995,3.4611111111111112,10.801102664773202
That Vegan Teacher,"@MattWalsh and everyone at @DailyWirePlus, be braver than @BenShapiro",2022-04-17 13:47:04+00:00,10516,170,149,239,0.7112970711297071,1.4058823529411764,5.306200076074553
That Vegan Teacher,​@BenShapiro @MattWalsh @RealCandaceO @DailyWirePlus @laurenchen: Be Braver From Now On.,2022-04-18 02:00:09+00:00,9416,125,328,1176,0.10629251700680271,9.408,17.30033984706882
That Vegan Teacher,Ask me anything! I’ll be answering your questions & comments later in today’s YouTube video.,2022-04-18 13:03:14+00:00,16950,383,482,2117,0.18091639111950875,5.527415143603133,17.5929203539823
That Vegan Teacher,Responding To Today's Comments,2022-04-19 02:30:11+00:00,17360,269,651,1167,0.23050556983718937,4.338289962825279,12.021889400921658
That Vegan Teacher,😊 Vegan Muscle Minute Club! 🥦 Let’s Go! Move it! ✅,2022-04-19 19:36:20+00:00,14870,304,242,1857,0.16370490037695207,6.108552631578948,16.1600537995965
That Vegan Teacher,Here's some of what I saw on social media today. And you? Do you follow any of these accounts?,2022-04-20 01:00:10+00:00,7331,128,318,879,0.14562002275312855,6.8671875,18.07393261492293
That Vegan Teacher,Why is @DharMann still paying for animals to suffer? Subscribe for follow up videos.,2022-04-20 21:00:12+00:00,39625,367,831,4952,0.07411147011308562,13.493188010899182,15.520504731861198
That Vegan Teacher,Responding to your comments: Why does everyone always think I'm dead?,2022-04-22 01:00:11+00:00,24606,293,605,2760,0.10615942028985507,9.419795221843003,14.866292774120133
That Vegan Teacher,@ryancomedyvids Came back to class! Guess what his grade is this time?!,2022-04-23 00:00:12+00:00,37314,624,1077,1634,0.3818849449204406,2.6185897435897436,8.937664147504957
That Vegan Teacher,"Responding to your questions and comments. Nope, I'm not dead. But the animals in your stomach are.",2022-04-23 22:00:08+00:00,15666,178,410,711,0.25035161744022505,3.99438202247191,8.29184220605132
That Vegan Teacher,"Everyone thinks I died, so God woke me in the middle of the night and told me to write this song. 😇",2022-04-24 06:34:34+00:00,19820,328,280,1348,0.2433234421364985,4.109756097560975,9.868819374369323
That Vegan Teacher,"Reacting to your comments from downtown, Montreal.",2022-04-24 22:00:10+00:00,11003,176,301,1015,0.17339901477832512,5.767045454545454,13.559938198673088
That Vegan Teacher,Responding to Today's Comments. Keep 'em coming!,2022-04-26 01:00:10+00:00,10100,136,640,421,0.32304038004750596,3.0955882352941178,11.85148514851485
That Vegan Teacher,@kallmekris has got me thinking,2022-04-26 03:19:47+00:00,26056,447,196,1730,0.2583815028901734,3.8702460850111855,9.107307338041142
That Vegan Teacher,"@kallmekris From my porch, from one Canadian woman to the other... Let's save animals together!",2022-04-26 20:30:30+00:00,20460,221,437,2555,0.08649706457925636,11.561085972850679,15.703812316715544
That Vegan Teacher,"Responding to Your Fascinating TikTok Comments Today  -  April 26, 2022",2022-04-27 22:30:08+00:00,10132,135,286,1174,0.11499148211243612,8.696296296296296,15.742202921437032
That Vegan Teacher,TikTok From Bed,2022-04-27 23:16:26+00:00,16064,285,211,1906,0.1495278069254984,6.687719298245614,14.952689243027889
That Vegan Teacher,"The great BS excuse for people who want to keep eating animals and still pretend to be ""good"".",2022-04-28 16:00:19+00:00,13722,165,503,1115,0.14798206278026907,6.757575757575758,12.993732692027402
That Vegan Teacher,"Happy Song: A Vegan World is Coming Soon! Come dance with me! Don’t worry, nobody is watching! 🍓🍏",2022-04-29 01:20:04+00:00,15603,230,235,1948,0.11806981519507187,8.469565217391304,15.464974684355573
That Vegan Teacher,Avoid the Nirvana Fallacy,2022-04-29 02:45:01+00:00,14257,180,206,1781,0.10106681639528355,9.894444444444444,15.19955109770639
That Vegan Teacher,Hypocrite @BenShapiro admitted he should be vegan but has been too busy fighting abortion instead.,2022-04-30 02:00:09+00:00,9974,120,316,852,0.14084507042253522,7.1,12.913575295769
That Vegan Teacher,💚 A Mama Robin and Her Eggs Under My Porch 💚,2022-04-30 16:00:12+00:00,10674,306,288,465,0.6580645161290323,1.5196078431372548,9.921304103428891
That Vegan Teacher,18 New Vegan Costco Products! Which ones have you tried? Let us know in the comments below!,2022-04-30 23:30:20+00:00,7674,121,154,297,0.4074074074074074,2.4545454545454546,7.453739900964294
That Vegan Teacher,Look What I Found In The Garbage (Book Review),2022-05-01 23:30:10+00:00,9981,158,262,1236,0.127831715210356,7.822784810126582,16.59152389540126
That Vegan Teacher,"Mama chicken, raising ducklings, protects them from “scary” dog. Do you eat these animals? Why?",2022-05-02 16:00:11+00:00,7449,133,229,329,0.40425531914893614,2.473684210526316,9.276412941334407
That Vegan Teacher,Answering Your TikTok Question With Songs,2022-05-02 23:30:11+00:00,7611,103,178,429,0.2400932400932401,4.165048543689321,9.328603337274997
That Vegan Teacher,End The Animal Holoca*st -Dance For Their Freedom,2022-05-03 14:34:31+00:00,6762,105,123,583,0.18010291595197256,5.552380952380952,11.99349304939367
That Vegan Teacher,From my TikTok account - Being vegan is not expensive. 💚,2022-05-03 15:30:59+00:00,7439,148,79,120,1.2333333333333334,0.8108108108108109,4.6646054577228115
That Vegan Teacher,From my TikTok account: This person wants to be paid to be good.,2022-05-03 16:00:01+00:00,9316,195,125,254,0.7677165354330708,1.3025641025641026,6.161442679261485
That Vegan Teacher,From my TikTok account - About Guilt,2022-05-03 17:00:18+00:00,12216,228,128,207,1.1014492753623188,0.9078947368421053,4.608709888670596
That Vegan Teacher,"@DoctorMike, I Challenge You: Let's Meet In The Boxing Ring!",2022-05-04 02:00:10+00:00,41619,403,1183,1782,0.22615039281705948,4.421836228287841,8.092457771690814
That Vegan Teacher,Are you suffering from vystopia? Yes? Me too.,2022-05-05 02:30:11+00:00,8064,124,298,744,0.16666666666666666,6.0,14.459325396825399
That Vegan Teacher,Be kinder. Be morally consistent. Be vegan. Start now.,2022-05-05 05:55:20+00:00,7174,106,82,540,0.1962962962962963,5.09433962264151,10.147755784778365
That Vegan Teacher,"💚 Good Morning from Montreal, Quebec, Canada! Subscribe for more vegan pep talks! 💚",2022-05-05 11:05:32+00:00,7007,147,65,43,3.4186046511627906,0.2925170068027211,3.6392179249322107
That Vegan Teacher,Good Morning! You asked me how I compose TikTok Songs. Here's my answer!,2022-05-05 12:30:11+00:00,7153,142,189,293,0.48464163822525597,2.063380281690141,8.723612470292185
That Vegan Teacher,TikTok Today: Releasing The Animals,2022-05-05 22:45:00+00:00,7776,146,54,4,36.5,0.0273972602739726,2.6234567901234565
That Vegan Teacher,Just chllin' while reacting to your comments during the premiere about @DoctorMike,2022-05-06 00:00:10+00:00,5586,69,179,388,0.17783505154639176,5.6231884057971016,11.385606874328678
That Vegan Teacher,TikTok Today - Responding to your comments.,2022-05-06 02:01:16+00:00,9574,199,135,200,0.995,1.0050251256281406,5.57760601629413
That Vegan Teacher,TikTok Today - Responding to your comments.,2022-05-06 03:00:08+00:00,12217,240,104,1526,0.15727391874180865,6.358333333333333,15.306540067119586
That Vegan Teacher,4 Baby Birds Under My Porch. Watch as their mama comes to feed them.,2022-05-06 12:30:09+00:00,8498,188,186,654,0.2874617737003058,3.478723404255319,12.096963991527417
That Vegan Teacher,TikTok Today - Responding to your comments.,2022-05-06 18:52:10+00:00,14759,297,178,1844,0.16106290672451193,6.2087542087542085,15.712446642726471
That Vegan Teacher,TikTok Today - Responding to your comments.,2022-05-07 02:10:26+00:00,17395,367,250,2173,0.1688909341923608,5.920980926430517,16.039091693015234
That Vegan Teacher,Eating Vegan Snacks and Evaluating @ed.winters,2022-05-07 16:00:24+00:00,8692,172,371,229,0.7510917030567685,1.3313953488372092,8.881730326737229
That Vegan Teacher,TikTok Today - Responding to your comments.,2022-05-08 00:33:46+00:00,14674,274,92,1242,0.22061191626409019,4.532846715328467,10.958157284993867
That Vegan Teacher,TikTok Today - Responding to your comments.,2022-05-08 02:06:35+00:00,18789,440,293,1305,0.3371647509578544,2.965909090909091,10.846772047474586
That Vegan Teacher,Miss Kadie Reacts To Your Weird and Wonderful Comments During Today's Premiere,2022-05-08 02:35:16+00:00,9277,114,204,444,0.25675675675675674,3.8947368421052633,8.21386223994826
That Vegan Teacher,At Parades Go Against The Flow,2022-05-08 16:00:11+00:00,7333,121,266,499,0.24248496993987975,4.12396694214876,12.08236738033547
That Vegan Teacher,Both @DharMann + @ryancomedyvids are slowly coming out of the closet as vegans! Who will be out first?,2022-05-09 03:57:23+00:00,12476,179,369,1558,0.11489088575096278,8.703910614525139,16.880410387944856
That Vegan Teacher,This Made Me Cry. And you? @kallmekris @PsychoSoprano @SSSniperWolf @AbaNPreach @DharMann,2022-05-09 20:00:10+00:00,36848,396,904,4605,0.08599348534201955,11.628787878787879,16.02529309596179
That Vegan Teacher,Your ED Is Not The Animals' Fault,2022-05-11 02:00:23+00:00,13146,174,456,970,0.17938144329896907,5.574712643678161,12.17100258633805
That Vegan Teacher,"Great! Another non-vegan, non-trans, makeup tutorial? Fantastic! Just what the world needed! (not).",2022-05-11 23:00:12+00:00,14279,156,431,1398,0.11158798283261803,8.961538461538462,13.9015337208488
That Vegan Teacher,16-year old interrupts my video because he wants to take a photo with me. Here's my reaction.,2022-05-13 00:00:11+00:00,38579,663,601,1491,0.44466800804828976,2.248868778280543,7.141190803286762
That Vegan Teacher,Check out these massive hypocrites: @TheYoungTurks @BenShapiro You're all the same.,2022-05-14 00:00:11+00:00,8333,137,262,1041,0.13160422670509125,7.598540145985401,17.280691227649108
That Vegan Teacher,My Kale Smoothie Today,2022-05-14 11:23:49+00:00,14710,303,198,450,0.6733333333333333,1.4851485148514851,6.4649898028552
That Vegan Teacher,Bella and Max Playdate & Wrestling Match,2022-05-15 02:45:08+00:00,8388,141,285,779,0.1810012836970475,5.524822695035461,14.365760610395803
That Vegan Teacher,Have you never suffered? Have you never felt alone or in pain? Why do you not have empathy?,2022-05-15 12:51:04+00:00,22087,343,598,696,0.492816091954023,2.0291545189504374,7.411599583465386
That Vegan Teacher,Your Comments - Why were they different this time? Why so much compassion all of a sudden?,2022-05-16 22:00:11+00:00,9549,244,323,1193,0.20452640402347025,4.889344262295082,18.431249345481202
That Vegan Teacher,"If you wouldn’t want this done to your mom, why pay someone to do it to other moms?",2022-05-17 01:00:11+00:00,8665,114,481,949,0.12012644889357219,8.324561403508772,17.818811309867282
That Vegan Teacher,@DoctorMike Promoting Cruelty & Lovin' It - Winner of Most Narcissistic Doctor of the Year Award,2022-05-18 02:30:08+00:00,39989,433,665,1405,0.3081850533807829,3.2448036951501154,6.259221285853609
That Vegan Teacher,Resources Needed to Produce a Steak,2022-05-18 18:48:23+00:00,7209,148,102,118,1.2542372881355932,0.7972972972972973,5.104730198363157
That Vegan Teacher,"Do you know what ""You've Been Tindled!"" means?",2022-05-18 20:00:10+00:00,7375,134,160,921,0.1454940282301846,6.873134328358209,16.474576271186443
That Vegan Teacher,"Baby Bird Found Barely Alive In My Yard - Please pray for her if you have a connection to ""God"".",2022-05-19 01:00:09+00:00,15971,364,522,827,0.44014510278113667,2.271978021978022,10.725690313693569
That Vegan Teacher,Responding To Your Nonsense On My TikTok Account: its.that.vegan.teacher,2022-05-20 01:00:10+00:00,16469,202,536,2058,0.09815354713313897,10.188118811881187,16.97735138745522
That Vegan Teacher,"💚 A quick video about why I admire my Italian, vegan, mother-in-law. 💚",2022-05-21 01:15:10+00:00,10636,203,230,1329,0.1527464258841234,6.54679802955665,16.56637833772095
That Vegan Teacher,"Oh yeah, and also TikTok banned one of my videos!",2022-05-22 03:41:32+00:00,12649,212,499,1037,0.20443587270973965,4.8915094339622645,13.81927425092893
That Vegan Teacher,My 82-year-old mother-in-law in the kitchen with Frank Sinatra.,2022-05-22 15:06:53+00:00,16998,333,172,171,1.9473684210526316,0.5135135135135135,3.976938463348629
That Vegan Teacher,"No, the earth isn't flat, no jesus didn't walk on water and no, the animals aren't objects.",2022-05-22 22:30:11+00:00,17945,259,698,2242,0.11552185548617305,8.656370656370656,17.826692672053497
That Vegan Teacher,Welcome To Your Vegan Muscle Minute Class! Time To Get Up And Move Your Ass! 💚,2022-05-23 13:02:39+00:00,31622,474,318,2055,0.23065693430656933,4.3354430379746836,9.003225602428689
That Vegan Teacher,The Sky From My Porch,2022-05-23 16:00:11+00:00,9842,113,309,438,0.2579908675799087,3.8761061946902653,8.738061369640317
That Vegan Teacher,Why are @SSSniperWolf And Her Fans Still Talking About Me?,2022-05-25 02:00:09+00:00,25347,291,626,2680,0.1085820895522388,9.209621993127147,14.191028524085691
That Vegan Teacher,A stick. A lake. And a dog who only eats plants.,2022-05-25 22:22:46+00:00,21617,542,259,1209,0.44830438378825477,2.2306273062730626,9.298237498265253
That Vegan Teacher,"Why does @JoeBartolozzi who has 18 million subs on TikTok, seem so oblivious to animal suffering?",2022-05-26 00:00:11+00:00,23703,214,629,2312,0.092560553633218,10.80373831775701,13.310551406994895
That Vegan Teacher,"Is That Vegan Teacher's Dog Still Alive? Yup, Bella Vegan Dog Is Still Alive! #VeganSinceAug2017",2022-05-26 18:09:10+00:00,25801,595,439,677,0.8788774002954209,1.1378151260504201,6.631525909848455
That Vegan Teacher,@PsychoSoprano Still paying for baby boy animals to be harmed - just for her taste pleasure.,2022-05-27 01:15:34+00:00,16841,138,557,680,0.20294117647058824,4.927536231884058,8.164598301763554
That Vegan Teacher,"Oops I posted this video twice by mistake but since people already commented, I'll leave it here.",2022-05-27 23:30:43+00:00,6529,90,177,219,0.410958904109589,2.433333333333333,7.443712666564559
That Vegan Teacher,Reacting to your crazy and cool comments during the  @PsychoSoprano   video.,2022-05-28 00:00:11+00:00,7681,78,159,848,0.09198113207547169,10.871794871794872,14.125764874365318
That Vegan Teacher,This video was banned from TiKTok for harassment. Sarcasm and free speech are a thing of the past.,2022-05-28 10:10:25+00:00,49611,1023,487,4388,0.23313582497721058,4.289345063538612,11.888492471427707
That Vegan Teacher,Is It Wrong To Eat Double The Animals? @NikocadoAvocado What do you think?,2022-05-29 01:01:04+00:00,17347,192,402,965,0.19896373056994818,5.026041666666667,8.987144751253819
That Vegan Teacher,"Yes, dogs can be vegan, and so can you! @ryancomedyvids @PsychoSoprano @gordonramsay @benoftheweek",2022-05-29 14:00:11+00:00,17354,213,634,2169,0.09820193637621023,10.183098591549296,17.3792785524951
That Vegan Teacher,"Are you for or against violence towards animals? If you are against it, then you know what to do.",2022-05-31 01:15:08+00:00,10221,171,567,463,0.3693304535637149,2.7076023391812867,11.750317972801096
That Vegan Teacher,"If you hate ur kids, let them watch  @CoComelon They promote cruelty.",2022-06-01 00:23:41+00:00,111288,1104,1637,4420,0.2497737556561086,4.003623188405797,6.4346560276040545
That Vegan Teacher,"Songs, Stickers, Solomon, and Uneducated, Veganphobic, Comments Answered",2022-06-02 01:15:11+00:00,10477,148,370,1083,0.13665743305632502,7.3175675675675675,15.2810919156247
That Vegan Teacher,STOP SENDING ME THIS CRAP!,2022-06-03 02:00:08+00:00,43966,531,990,2550,0.20823529411764705,4.80225988700565,9.259427739616976
That Vegan Teacher,"Today: Your comments, tiktok today, kosher question, religion, lgbtq & my backwards necklace thingy.",2022-06-04 00:28:34+00:00,11351,152,353,467,0.32548179871520344,3.0723684210526314,8.563122191877367
That Vegan Teacher,TikTok Today: My Reaction To Your Nonsense,2022-06-05 00:15:10+00:00,15926,244,595,1767,0.1380871533672892,7.241803278688525,16.3631797061409
That Vegan Teacher,"Meeting So-Called ""Fans"" While Out Filming For You Guys. (They want to take my picture.) But why??",2022-06-06 02:00:10+00:00,19000,322,457,730,0.4410958904109589,2.267080745341615,7.942105263157895
That Vegan Teacher,You Want To Do What??!!,2022-06-07 01:45:08+00:00,20490,251,584,1487,0.16879623402824478,5.924302788844622,11.332357247437773
That Vegan Teacher,This Made Me Cry. This video is not monetized: the meat industry does not want you to see this.,2022-06-08 00:00:11+00:00,21580,227,638,924,0.24567099567099568,4.070484581497797,8.290083410565337
That Vegan Teacher,Responding To Your Cool And Crazy Comments,2022-06-08 16:00:15+00:00,10767,164,292,1237,0.13257881972514146,7.5426829268292686,15.723971394074487
That Vegan Teacher,Welcome to your Vegan Muscle Minute Class! Time to get up!,2022-06-09 01:36:09+00:00,12082,199,181,59,3.3728813559322033,0.2964824120603015,3.6335043866909453
That Vegan Teacher,"You're saying ""No""?  Cool. I say no to animal abuse all the time too!",2022-06-09 13:29:21+00:00,5738,105,72,31,3.3870967741935485,0.29523809523809524,3.6249564308121296
That Vegan Teacher,Nope! You don't need protein from animals!,2022-06-09 14:29:03+00:00,5882,111,88,24,4.625,0.21621621621621623,3.791227473648419
That Vegan Teacher,"Who makes me happy? Nobody ""makes"" me happy.",2022-06-09 14:29:46+00:00,5858,128,90,3,42.666666666666664,0.0234375,3.772618641174462
That Vegan Teacher,You're Eating Vegan Chicken? Cool!,2022-06-09 15:22:04+00:00,7987,146,68,65,2.246153846153846,0.4452054794520548,3.493176411668962
That Vegan Teacher,Drink water? You want people to drink water? That's a great idea!,2022-06-09 17:00:11+00:00,9042,232,128,159,1.4591194968553458,0.6853448275862069,5.739880557398806
That Vegan Teacher,"What is a woman? Reacting to @MattWalsh and @doctorforcier about trans stuff, chickens & religion.",2022-06-09 20:00:11+00:00,15567,202,440,1808,0.11172566371681415,8.950495049504951,15.738421018821866
That Vegan Teacher,"So you support me, but you don't want me to talk or defend the innocent? Did I get that right?",2022-06-10 17:58:23+00:00,7908,160,84,128,1.25,0.8,4.704097116843703
That Vegan Teacher,Responding to your question from TikTok with the lyrics to a song.,2022-06-10 18:03:12+00:00,10686,176,190,327,0.5382262996941896,1.8579545454545454,6.485120718697361
That Vegan Teacher,You're going out to a restaurant and you want to know what I'd like? I'd like anything vegan!,2022-06-10 21:00:25+00:00,10396,225,94,41,5.487804878048781,0.18222222222222223,3.462870334744132
That Vegan Teacher,Responding to your questions and comments from TikTok.,2022-06-10 21:30:07+00:00,11238,209,147,47,4.446808510638298,0.22488038277511962,3.5860473393842325
That Vegan Teacher,edb562dac2cd91ca8b2651a23dd0ad4e,2022-06-10 22:00:16+00:00,16913,251,214,420,0.5976190476190476,1.6733067729083666,5.232661266481404
That Vegan Teacher,Speciesism is the first form of racism. It starts by teaching kids to be cruel to animals.,2022-06-11 03:45:09+00:00,18980,234,579,1328,0.17620481927710843,5.6752136752136755,11.280295047418335
That Vegan Teacher,Responding to your cool & crazy comments. Subscribe so I can to notice your comments too. 💚,2022-06-11 14:00:10+00:00,13459,168,684,694,0.2420749279538905,4.130952380952381,11.486737499071253
That Vegan Teacher,Responding to your questions and comments from TikTok.,2022-06-11 18:30:06+00:00,22364,406,302,2261,0.17956656346749225,5.568965517241379,13.275800393489536
That Vegan Teacher,Step by step you’re on your way. Step by step a little each day. #SilkMilk #EarthsOwn #NotMilk,2022-06-11 21:05:59+00:00,19481,225,330,1841,0.12221618685497013,8.182222222222222,12.29916328730558
That Vegan Teacher,"Vegetarian Book Review - The Worst People Are Those Who Know About Abuse, Yet Keep Paying For It.",2022-06-13 03:15:08+00:00,18042,180,730,1086,0.16574585635359115,6.033333333333333,11.063075047112294
That Vegan Teacher,Here’s a song to dance to while you clean up the kitchen! ❤️,2022-06-13 22:24:51+00:00,18411,275,174,1932,0.14233954451345757,7.025454545454545,12.9324860137961
That Vegan Teacher,Responding To Your Cool and Crazy Comments From A Parking Lot,2022-06-14 03:15:07+00:00,11454,173,292,1431,0.12089447938504543,8.271676300578035,16.55316919853326
That Vegan Teacher,"A Sad Day: Do you believe that ""God"" is here to help this little mouse who is suffering?",2022-06-14 16:30:09+00:00,21081,293,557,2104,0.13925855513307986,7.180887372013652,14.012617997248707
That Vegan Teacher,"Gay Pride, 7 Deadly Sins, 15,000 Sheep, Baby Birds, Bella Vegan Dog & @NikocadoAvocado",2022-06-15 22:00:08+00:00,43328,387,1132,1700,0.22764705882352942,4.392764857881137,7.4293759231905465
That Vegan Teacher,There are 2 types of people in the world. Which one are you?,2022-06-16 01:31:42+00:00,29724,511,542,2676,0.19095665171898354,5.236790606653621,12.545417844166328
That Vegan Teacher,Responding To Your Cool & Crazy Comments on @gordonramsay TikTok Channel.,2022-06-17 02:00:08+00:00,14553,197,623,742,0.26549865229110514,3.766497461928934,10.733182161753591
That Vegan Teacher,"Today: Responding To You - Dancing - Bella's Friend Snowshoes Sneaks Over, Vegan Food Ideas + Songs.",2022-06-18 02:45:08+00:00,10294,131,369,692,0.1893063583815029,5.282442748091603,11.579560909267535
That Vegan Teacher,"Your comments. My responses. Religion, LGBTQ, circumcision, popularity and your silliness. @djcook",2022-06-19 02:00:08+00:00,48354,337,966,2704,0.1246301775147929,8.02373887240356,8.286801505563139
That Vegan Teacher,Responding to your comments: For the millionth time: I'M NOT FORCING YOU TO BE VEGAN!,2022-06-20 02:30:07+00:00,12843,181,392,793,0.22824716267339218,4.3812154696132595,10.63614420306782
That Vegan Teacher,@djcook thinks it's funny to be ageist towards women and rac!st towards animals. Let's change that.,2022-06-20 16:15:10+00:00,36218,224,759,165,1.3575757575757577,0.7366071428571429,3.1696946269810593
That Vegan Teacher,It's amazing what you can do when you set your mind to it! You have so much power! Use it! Be vegan!,2022-06-21 00:30:08+00:00,7972,96,265,461,0.20824295010845986,4.802083333333333,10.311088810837933
That Vegan Teacher,It's The Middle Of The Night and I can't sleep.,2022-06-22 02:30:08+00:00,20331,225,355,897,0.2508361204013378,3.986666666666667,7.2647680881412615
That Vegan Teacher,"Ex-Vegan Becomes Vegan Again! If he can be vegan, so can you!",2022-06-23 02:00:10+00:00,8401,155,113,417,0.37170263788968827,2.6903225806451614,8.153791215331509
That Vegan Teacher,I ask @kallmekris @SSSniperWolf @gordonramsay @dazgames @ryancomedyvids to speak out against this.,2022-06-23 16:24:39+00:00,27426,214,374,1036,0.20656370656370657,4.841121495327103,5.921388463501787
That Vegan Teacher,"Psychological Analysis of People I Interacted With Today: One Student, Two Teachers & A TikTok Model",2022-06-24 02:00:11+00:00,8687,140,341,531,0.263653483992467,3.7928571428571427,11.64959134338667
That Vegan Teacher,Please Stop Being Veganphobic and Attacking Our Home.,2022-06-24 23:30:10+00:00,24887,398,463,706,0.5637393767705382,1.7738693467336684,6.296459999196367
That Vegan Teacher,For the millionth time… I’M NOT DEAD YET!,2022-06-25 17:08:41+00:00,18787,364,225,897,0.4057971014492754,2.4642857142857144,7.909724809708842
That Vegan Teacher,@augusttheduck,2022-06-26 01:30:08+00:00,21987,245,729,209,1.1722488038277512,0.8530612244897959,5.380452085323145
That Vegan Teacher,Welcome to my porch and to my Vegan NiceCream dessert.,2022-06-26 17:13:13+00:00,8765,192,117,107,1.794392523364486,0.5572916666666666,4.746149458071876
That Vegan Teacher,Responding to Your Cool and Crazy Comments,2022-06-26 23:00:08+00:00,7683,118,217,960,0.12291666666666666,8.135593220338983,16.85539502798386
That Vegan Teacher,You DO pay for the suffering - it’s called “supply and demand”.,2022-06-27 13:32:27+00:00,6383,137,98,101,1.3564356435643565,0.7372262773722628,5.263982453391821
That Vegan Teacher,Wimp Alert.,2022-06-27 16:36:30+00:00,32442,818,334,1023,0.7996089931573802,1.2506112469437654,6.704272239689292
That Vegan Teacher,@TimHortons I still have old gift cards!,2022-06-27 16:57:29+00:00,6156,144,51,64,2.25,0.4444444444444444,4.207277452891487
That Vegan Teacher,"Reacting To Your Comments on My Vegan Declaration Day (Since June 27, 2016 - It’s Been 6 Years!)",2022-06-27 23:51:00+00:00,4927,102,45,82,1.2439024390243902,0.803921568627451,4.6478587375685
That Vegan Teacher,"Reacting To Your Comments on My Vegan Declaration Day (Since June 27, 2016 - It’s Been 6 Years!)",2022-06-28 00:15:01+00:00,16370,292,145,39,7.487179487179487,0.13356164383561644,2.9077580940745267
That Vegan Teacher,"Reacting To Your Comments on My Vegan Declaration Day (Since June 27, 2016 - It’s Been 6 Years!)",2022-06-28 00:30:22+00:00,5925,94,42,28,3.357142857142857,0.2978723404255319,2.7679324894514767
That Vegan Teacher,"Reacting To Your Comments on My Vegan Declaration Day (Since June 27, 2016 - It’s Been 6 Years!)",2022-06-28 00:40:00+00:00,9602,171,88,63,2.7142857142857144,0.3684210526315789,3.353468027494272
That Vegan Teacher,"Reacting To Your Comments on My Vegan Declaration Day (Since June 27, 2016 - It’s Been 6 Years!)",2022-06-28 01:00:09+00:00,11322,226,70,29,7.793103448275862,0.12831858407079647,2.8705175763999295
That Vegan Teacher,"Yes Vegan Walmart Workers Exist! And No, They Don’t Buy Lamb Chops - They Buy Tofu!",2022-06-28 01:30:08+00:00,17859,255,481,753,0.3386454183266932,2.9529411764705884,8.337532896578756
That Vegan Teacher,"Responding To You :Tube Feedings, TikTok, Fat & Skinny Vegans, Lame Excuses , My 5hr Live, Discord..",2022-06-29 03:06:52+00:00,8645,132,115,426,0.30985915492957744,3.227272727272727,7.784846732215153
That Vegan Teacher,My first “Short” directly from here- not copied from TiKTok.,2022-06-29 18:14:39+00:00,7484,195,82,87,2.2413793103448274,0.4461538461538462,4.863709246392304
That Vegan Teacher,"Six Legs, Three Girls, A Parking Lot And Some Vegan Facts",2022-06-30 02:15:09+00:00,6845,97,103,579,0.16753022452504318,5.969072164948454,11.380569758948138
That Vegan Teacher,TikTok Today,2022-06-30 03:03:31+00:00,6310,93,36,0,,0.0,2.0443740095087164
That Vegan Teacher,"Ignoring veganphobia because they don’t hate you, they’r jealous of you, for being a better human.",2022-06-30 03:15:39+00:00,8188,85,47,473,0.17970401691331925,5.564705882352941,7.388861748900831
That Vegan Teacher,"Obese, uneducated Dad, offers his kids cancer-causing bacon at Subway restaurant.",2022-06-30 03:23:15+00:00,9861,173,221,1131,0.15296198054818744,6.53757225433526,15.46496298549843
That Vegan Teacher,You don’t need makeup. You don’t need to colour your hair. But you do need to be vegan!,2022-06-30 03:27:33+00:00,10058,202,97,812,0.24876847290640394,4.01980198019802,11.045933585205807
That Vegan Teacher,TikTok Today,2022-06-30 06:30:04+00:00,9179,167,136,168,0.9940476190476191,1.0059880239520957,5.131277916984421
That Vegan Teacher,TikTok Today,2022-06-30 07:30:06+00:00,11114,167,105,235,0.7106382978723405,1.407185628742515,4.561813928378622
That Vegan Teacher,A question for those who saw me live on TikTok.,2022-06-30 10:55:19+00:00,9926,186,51,841,0.2211652794292509,4.521505376344086,10.860366713681241
That Vegan Teacher,Watching you guys make fun of me on TikTok.,2022-06-30 10:55:47+00:00,12220,187,49,131,1.4274809160305344,0.7005347593582888,3.0032733224222588
That Vegan Teacher,My “Fast Food”: 2 Bananas!,2022-06-30 10:57:28+00:00,19425,355,232,312,1.1378205128205128,0.8788732394366198,4.628056628056628
That Vegan Teacher,Bella Vegan Dog & My Broken Computer Cover,2022-06-30 11:15:01+00:00,18801,343,272,2070,0.16570048309178745,6.034985422740525,14.281155257699057
That Vegan Teacher,Canadians Don't Need To Be Cruel To Animals. It's time to be vegan and stop this insanity.,2022-06-30 16:00:10+00:00,11348,91,350,389,0.23393316195372751,4.274725274725275,7.314064152273528
That Vegan Teacher,"Nope! That wasn’t me at McDonald’s! Nice try though, Mr. Veganphobic!",2022-06-30 19:16:59+00:00,21433,355,224,2499,0.14205682272909165,7.03943661971831,14.361032053375636
That Vegan Teacher,"💚 Thank you to all vegan, animal-defenders, here, on TikTok, Instagram and all over the world! 💚",2022-06-30 20:00:02+00:00,15623,230,119,427,0.5386416861826698,1.8565217391304347,4.967035780579914
That Vegan Teacher,Reposted with sound after technical error with new program we were trying. Sorry about that.,2022-06-30 20:13:09+00:00,15162,126,274,801,0.15730337078651685,6.357142857142857,7.9211185859385305
That Vegan Teacher,Embarrassing Moment Alert! Moral of the story? Technical troubles happen. Chin up. Carry on.,2022-06-30 21:45:19+00:00,30231,519,232,3778,0.13737427210164108,7.279383429672447,14.98131057523734
That Vegan Teacher,New Video Going Up. I’m inviting @mattwalsh to class. @CarnismDebunked is there to help.,2022-07-01 22:38:59+00:00,19432,291,150,1465,0.19863481228668942,5.034364261168385,9.808563194730342
That Vegan Teacher,@MattWalsh You like the truth? Here you go! Listen to TikTok's@CarnismDebunked for a few minutes.,2022-07-01 22:45:09+00:00,12292,114,343,516,0.22093023255813954,4.526315789473684,7.915717539863326
That Vegan Teacher,Second-Hand Shopping With Miss Kadie! (With The Animals In Mind.),2022-07-02 14:00:09+00:00,16563,212,197,802,0.26433915211970077,3.7830188679245285,7.311477389361832
That Vegan Teacher,Responding To Your Cognitive Dissonance and Pretzel-Twisting Mental Gymnastics on TikTok,2022-07-03 23:30:08+00:00,10812,137,167,769,0.17815344603381014,5.613138686131387,9.924158342582317
That Vegan Teacher,"Why are there dead animal bodies in this Catholic church, and where exactly is ""God"" these days?",2022-07-04 16:15:09+00:00,23215,272,663,863,0.31517960602549244,3.172794117647059,7.744992461770408
That Vegan Teacher,Ben Shapiro: Protects baby boys in the womb but comes after them with knife when they're out.,2022-07-06 00:00:09+00:00,15825,147,465,397,0.3702770780856423,2.7006802721088436,6.375987361769352
That Vegan Teacher,Shopping and Answering Your Cool and Crazy Comments. Moral of the story? Go vegan. Start now.,2022-07-07 00:00:11+00:00,15519,204,566,635,0.32125984251968503,3.1127450980392157,9.053418390360203
That Vegan Teacher,Christian men: Are they brave enough to evolve & care beyond themselves to do the right thing?,2022-07-08 01:15:09+00:00,14220,167,950,1114,0.14991023339317774,6.6706586826347305,15.68917018284107
That Vegan Teacher,Responding To Your Cool and Crazy Comments,2022-07-09 03:45:08+00:00,19409,236,1052,2214,0.10659439927732611,9.38135593220339,18.04317584625689
That Vegan Teacher,Vegan Dogs and Non Vegan Restaurants,2022-07-10 03:00:08+00:00,17139,212,569,1829,0.11591033351558229,8.627358490566039,15.228426395939088
That Vegan Teacher,"In a video he did about me, @JoeBartolozzi adds to my rap song by saying, ""Be Fawking Vegan"".",2022-07-11 03:35:08+00:00,31738,276,717,2044,0.1350293542074364,7.405797101449275,9.56897094965026
That Vegan Teacher,"@Panchooooooooooooooo - 20 Going On 12. Come on ""bro""... time to grow up and stop with the veganphobic nonsense.",2022-07-11 20:00:10+00:00,23607,237,890,1232,0.19237012987012986,5.198312236286919,9.992798746134621
That Vegan Teacher,Adults at The Calgary Stampede and Children at the Lake - Canadians are Oblivious to the Suffering,2022-07-13 01:00:09+00:00,14738,121,790,1094,0.11060329067641682,9.041322314049587,13.604288234495861
That Vegan Teacher,Today Another Teenager Asked For A Selfie With Me. Here's What Happened.,2022-07-14 00:30:09+00:00,18662,239,542,1041,0.22958693563880883,4.355648535564853,9.763155074482906
That Vegan Teacher,Behind the Scenes - Editing for today’s video.,2022-07-14 14:02:29+00:00,15695,271,166,340,0.7970588235294118,1.2546125461254614,4.950621216948073
That Vegan Teacher,Veganism Isn't Extreme. Teaching kids to love animals + then teaching them to harm those we love is.,2022-07-14 16:00:10+00:00,25643,238,766,1173,0.2028985507246377,4.928571428571429,8.489646297235112
That Vegan Teacher,"My Porch, Your Comments, A Baby Cow Being Torn Away from His Sad Mother & a Ukulele Song",2022-07-16 00:00:12+00:00,14864,149,490,846,0.17612293144208038,5.677852348993288,9.990581270182993
That Vegan Teacher,"Dog Park, Answering Your Cool Comments + Grocery Haul",2022-07-17 03:50:07+00:00,10414,162,229,748,0.21657754010695188,4.617283950617284,10.937199923180334
That Vegan Teacher,Book review about a gorilla who lived in a shopping mall: The One and Only Ivan,2022-07-18 02:00:08+00:00,10659,129,217,1161,0.1111111111111111,9.0,14.138286893704851
That Vegan Teacher,"July 18, 2022",2022-07-18 12:02:55+00:00,36310,691,470,2609,0.2648524338827137,3.7756874095513746,10.382814651611126
That Vegan Teacher,Are vegans BETTER than you? @SSSniperWolf @kallmekris @gordonramsay @JoeBartolozzi,2022-07-18 23:00:11+00:00,26834,289,669,1978,0.14610717896865522,6.844290657439446,10.941343072221809
That Vegan Teacher,TikTok Dance Party - July 18,2022-07-19 02:30:51+00:00,19907,365,223,2168,0.1683579335793358,5.93972602739726,13.844376350027629
That Vegan Teacher,All Vegans (And Pre-Vegans) Should Know About This Group - @DirectActionEverywhere,2022-07-19 20:00:09+00:00,10728,123,244,1296,0.09490740740740741,10.536585365853659,15.501491424310215
That Vegan Teacher,@kallmekris Duets a weird TikTok dance - but wait... are those vegan chips??? Quick someone check!!,2022-07-21 00:00:08+00:00,31280,261,468,2371,0.11008013496415014,9.084291187739463,9.910485933503836
That Vegan Teacher,Politely Trolling News Channels To Teach Vegan Facts. Who's in?,2022-07-22 01:00:10+00:00,11966,143,470,1495,0.09565217391304348,10.454545454545455,17.616580310880828
That Vegan Teacher,Church #2: Searching For God,2022-07-23 00:00:10+00:00,22684,209,367,861,0.24274099883855982,4.119617224880383,6.334861576441544
That Vegan Teacher,Responding To You From My Neighborhood,2022-07-24 03:00:08+00:00,10917,124,237,942,0.1316348195329087,7.596774193548387,11.935513419437575
That Vegan Teacher,Would You Buy This? Let's review this book. Tell me what you think in the comments below!,2022-07-25 00:00:10+00:00,10370,114,210,640,0.178125,5.614035087719298,9.296046287367405
That Vegan Teacher,Why do people always interrupt to ask to take my photo when I'm out trying to work making videos?,2022-07-26 03:00:08+00:00,16590,220,208,1218,0.180623973727422,5.536363636363636,9.921639541892706
That Vegan Teacher,A 12-Year-Old Fan Wants My Picture. Here's What Happens.,2022-07-27 03:15:09+00:00,19629,324,199,2291,0.14142295940637276,7.070987654320987,14.33593152987926
That Vegan Teacher,That Vegan Teacher Without A Filter,2022-07-28 03:00:10+00:00,10508,144,351,1259,0.11437648927720413,8.743055555555555,16.69204415683289
That Vegan Teacher,"Yes, I’ll try too go live on TikTok again soon! 🥰",2022-07-28 15:58:26+00:00,24556,397,217,810,0.4901234567901235,2.040302267002519,5.7989900635282625
That Vegan Teacher,"Yes, I know you can choose to be cruel to animals, but why would you want to? Be vegan instead!",2022-07-28 16:15:10+00:00,14101,198,635,971,0.203913491246138,4.904040404040404,12.793418906460536
That Vegan Teacher,Guess Where The Best Vegan Cinnamon Buns In The World Are?,2022-07-30 01:00:08+00:00,9553,167,318,1107,0.15085817524841916,6.62874251497006,16.664922014027006
That Vegan Teacher,Responding to TikTok Today.,2022-07-30 11:32:23+00:00,40872,790,886,5108,0.15465935787000784,6.465822784810126,16.59816010961049
That Vegan Teacher,"Road Trip, Frozen Peas as Fast Food, A Corn Field and Your Cool & Crazy Comments",2022-07-30 14:00:08+00:00,9651,130,395,1071,0.12138188608776844,8.238461538461538,16.53714640969848
That Vegan Teacher,A Fan Approaches And Wants A Selfie With Me -  Here's What Happens Next!,2022-07-31 16:00:10+00:00,29526,396,595,2585,0.15319148936170213,6.527777777777778,12.111359479780532
That Vegan Teacher,Minister Scott admits he shouldn't be consuming animal products! Scott: Go Vegan!,2022-08-02 02:30:08+00:00,8572,158,332,774,0.2041343669250646,4.89873417721519,14.745683621091926
That Vegan Teacher,Cool & Crazy Comments From TikTok.com/ @musicbythatveganteacher,2022-08-02 20:00:10+00:00,11818,167,534,1477,0.11306702775897089,8.844311377245509,18.429514300220003
That Vegan Teacher,"August 3, 2022 - Spinach Salad for Breakfast? Why not? Nothing tastes as good as vegan feels!",2022-08-03 11:43:31+00:00,17060,297,202,2132,0.13930581613508441,7.178451178451178,15.422039859320048
That Vegan Teacher,"August 3, 2022  Mini-Song About Bees - The Most Beautiful Art in the World",2022-08-03 14:00:17+00:00,21266,340,401,1088,0.3125,3.2,8.60058309037901
That Vegan Teacher,For @BenShapiro and Everyone at @DailyWirePlus,2022-08-04 02:00:08+00:00,10843,126,381,725,0.17379310344827587,5.753968253968254,11.362169141381537
That Vegan Teacher,The Cow Who Escaped,2022-08-04 19:35:32+00:00,68158,1324,975,5722,0.23138762670394966,4.3217522658610275,11.768244373367763
That Vegan Teacher,TikToks from bed (with a 60-second mini-explanation expressing my degree of love for@dazgames).,2022-08-04 22:00:08+00:00,13990,176,370,1588,0.11083123425692695,9.022727272727273,15.25375268048606
That Vegan Teacher,"@realmishapetrov Abortion, LGBTQ, BLM, Gun Laws, Wage Gap and Your Future as a Vegan Animal-Defender.",2022-08-06 01:00:09+00:00,14159,137,489,724,0.18922651933701656,5.2846715328467155,9.534571650540293
That Vegan Teacher,"Come meet Athena, Mia and Suzana, 3 smart, healthy, ladies who have some vegan tips for you!",2022-08-06 21:00:08+00:00,19164,280,457,1866,0.15005359056806003,6.664285714285715,13.582759340429973
That Vegan Teacher,"The baby moose that was run over on purpose, & the hypocrisy of those who ""care"" as they eat a cow.",2022-08-07 20:00:11+00:00,12760,156,447,838,0.18615751789976134,5.371794871794871,11.293103448275863
That Vegan Teacher,"Bet You Can't Tell Which Dogs Are Vegan. Nobody can, because they are THE SAME as any other dogs!",2022-08-08 23:15:08+00:00,14304,142,476,1400,0.10142857142857142,9.859154929577464,14.107941834451902
That Vegan Teacher,@itsTikTokTunes @tiktok_daily620 Imagine if this happened to someone defending the LGBTQ+ community.,2022-08-09 23:30:09+00:00,17374,154,416,2171,0.07093505297098111,14.097402597402597,15.776447565327501
That Vegan Teacher,"Miss Kadie responds to 5 out of 21 of @realmishapetrov's points. Subscribe for parts 3, 4, and more.",2022-08-11 01:30:08+00:00,7992,109,300,998,0.1092184368737475,9.155963302752294,17.605105105105103
That Vegan Teacher,Have you asked your vet if he or she still eat their own patients? (Speciesism is alive & well!),2022-08-11 16:30:11+00:00,30428,308,1172,3803,0.08098869313699711,12.347402597402597,17.36229788352833
That Vegan Teacher,Hey @realmishapetrov! I'm hoping your vegan journey is going well... here are a few more pointers!,2022-08-12 19:30:09+00:00,10855,114,380,1356,0.084070796460177,11.894736842105264,17.042837402118842
That Vegan Teacher,"Seriously? Do u also ""love"" your family members while dismembering them as a way to show you care?",2022-08-13 23:00:08+00:00,19721,234,651,2465,0.0949290060851927,10.534188034188034,16.9869682064804
That Vegan Teacher,Song: I am a pig. Please share this song with anyone who has compassion for animals.,2022-08-14 23:35:10+00:00,14819,261,209,1649,0.15827774408732564,6.318007662835249,14.299210473041365
That Vegan Teacher,I’m Not Just Here To Annoy You,2022-08-15 00:30:00+00:00,25746,408,378,3217,0.1268262356232515,7.884803921568627,15.54804629845413
That Vegan Teacher,No Fish Is Not Vegan,2022-08-15 01:00:08+00:00,30165,463,372,2510,0.18446215139442232,5.421166306695464,11.089010442565888
That Vegan Teacher,Responding To Your Cool And Crazy Comments,2022-08-15 02:30:08+00:00,23170,272,704,2896,0.09392265193370165,10.647058823529411,16.71126456624946
That Vegan Teacher,"Since this video started, this is how many animals needlessly died just for taste pleasure.Go vegan.",2022-08-15 16:15:09+00:00,21889,222,666,2736,0.08114035087719298,12.324324324324325,16.556261135730274
That Vegan Teacher,That Vegan Teacher Reviews a Meat Magazine Delivered To Her Mailbox - And Instantly Regrets It,2022-08-17 02:00:09+00:00,21852,243,651,1390,0.1748201438848921,5.720164609053498,10.452132527915065
That Vegan Teacher,Crashing @BenShapiro's Livestream & Reminding His Audience That They Should All Be Vegan By Now!,2022-08-18 00:00:11+00:00,14097,128,521,839,0.15256257449344457,6.5546875,10.555437327090871
That Vegan Teacher,"Quit Keto, Start Saving Animals!",2022-08-19 01:15:09+00:00,8181,147,400,991,0.14833501513622604,6.741496598639456,18.799657743552135
That Vegan Teacher,Reading Your Cool and Crazy Comments - Keep 'Em Coming!  Write something interesting below!,2022-08-19 16:30:09+00:00,11948,190,833,1493,0.12726054922973878,7.8578947368421055,21.057917643120188
That Vegan Teacher,Being vegan has nothing to do with you or me or your health. It's about ending animal exploitation.,2022-08-19 19:00:27+00:00,13944,254,152,1408,0.18039772727272727,5.543307086614173,13.009179575444636
That Vegan Teacher,Jello come from gelatin. Vegans don't eat anything that comes from cutting up animal body parts.,2022-08-19 20:00:06+00:00,17245,302,205,964,0.3132780082987552,3.19205298013245,8.530008698173383
That Vegan Teacher,You were born vegan. You just forgot. You can revert back and be kinder from now on.,2022-08-19 22:00:14+00:00,30145,523,390,3767,0.13883727103796123,7.202676864244742,15.52496268037817
That Vegan Teacher,Dealing With A Wolf,2022-08-20 11:30:11+00:00,21523,379,289,1381,0.27443881245474294,3.6437994722955147,9.52004832040143
That Vegan Teacher,God Made Animals For Us To Protect,2022-08-20 13:00:36+00:00,34102,561,442,1566,0.35823754789272033,2.7914438502673797,7.533282505424902
That Vegan Teacher,About Pictures Of My Childhood,2022-08-20 14:30:10+00:00,36081,654,354,4508,0.145075421472937,6.892966360856269,15.287824616834344
That Vegan Teacher,Story Time: Here's What Happened Yesterday,2022-08-21 00:15:08+00:00,13864,162,385,1732,0.09353348729792148,10.691358024691358,16.438257357184074
That Vegan Teacher,Thank You Valerie For Reminding Students That We Are All Here To Learn How To Be Kinder To Animals,2022-08-21 16:00:11+00:00,10886,126,542,1302,0.0967741935483871,10.333333333333334,18.096637883520117
That Vegan Teacher,Stuffing Our Faces With Vegan Junk Food. Wanna see? Like. Subscribe. Comment. Join Us!,2022-08-22 23:00:12+00:00,18844,282,412,2054,0.13729308666017526,7.283687943262412,14.582891105922311
That Vegan Teacher,Evil Humans Harm Innocent Shark,2022-08-23 20:00:08+00:00,22912,297,844,2705,0.10979667282809612,9.107744107744107,16.785963687150836
That Vegan Teacher,Welcome to your alphabetized vegan shopping list!,2022-08-24 01:42:09+00:00,16230,218,207,2028,0.10749506903353057,9.302752293577981,15.113986444855207
That Vegan Teacher,Are you broke? Do you think you can't be vegan because of lack of money? Think again!,2022-08-25 00:00:09+00:00,19983,194,762,2497,0.0776932318782539,12.871134020618557,17.279687734574388
That Vegan Teacher,"""Vegetarians"" WILD WILLY'S LADIES want their picture taken with me! I agree, but first...",2022-08-26 02:00:08+00:00,10355,147,304,1181,0.12447078746824725,8.034013605442176,15.76050217286335
That Vegan Teacher,Another A+ for Cruelty Class! Well Done @SunnyV2,2022-08-26 20:52:37+00:00,12654,131,210,1368,0.09576023391812866,10.442748091603054,13.505610874031927
That Vegan Teacher,@SunnyV2 Doesn't like That Vegan Teacher's truth bombs. So here are a few more.,2022-08-27 00:00:09+00:00,30998,252,681,2509,0.100438421681945,9.956349206349206,11.103942189818698
That Vegan Teacher,Here's what your 'live' comments looked like to me during the premiere of my @SunnyV2 response video,2022-08-27 13:29:01+00:00,16095,132,227,1483,0.08900876601483479,11.234848484848484,11.444547996272133
That Vegan Teacher,The Honeybee,2022-08-28 01:03:55+00:00,17354,327,267,1408,0.23224431818181818,4.3058103975535165,11.536245246052783
That Vegan Teacher,Strange... Why did this ice cream shop owner walk across the street to turn off my camera?!,2022-08-28 16:30:09+00:00,14942,186,303,1867,0.09962506695232994,10.03763440860215,15.767634854771783
That Vegan Teacher,"Cowardly ""New Woke"" @BenShapiro Is As Childish As @SSSniperWolf - Says he wants to ""punch a sheep"".",2022-08-29 17:43:10+00:00,14142,141,273,1767,0.07979626485568761,12.53191489361702,15.422146796775563
That Vegan Teacher,"What do you think of this card? Would you modify it? If so, why and how? Write your answers below.",2022-08-29 19:30:08+00:00,7092,101,264,886,0.11399548532731377,8.772277227722773,17.639593908629443
That Vegan Teacher,Milk company employees aren't proud of the products they promote; they run away during interview.,2022-08-30 11:30:06+00:00,6877,116,211,408,0.28431372549019607,3.5172413793103448,10.687799912752654
That Vegan Teacher,"Let's Review This Book:  If this book encourages animal exploitation, it will not be recommended.",2022-08-30 19:30:03+00:00,7883,99,189,679,0.14580265095729014,6.858585858585859,12.266903463148546
That Vegan Teacher,About Bella Vegan Dog,2022-08-31 09:10:31+00:00,23933,355,205,992,0.35786290322580644,2.7943661971830984,6.484769982868841
That Vegan Teacher,The Difference Between Euthanasia and Slaughter,2022-08-31 13:00:12+00:00,24180,354,175,1532,0.2310704960835509,4.327683615819209,8.523573200992555
That Vegan Teacher,"@BenShapiro  helps me sing, ""My Bullshit Detector Just Went Off"".",2022-08-31 17:00:11+00:00,5494,73,177,686,0.10641399416909621,9.397260273972602,17.036767382599198
That Vegan Teacher,💚 TikTok: See What You Have Been Missing 💚,2022-08-31 23:00:09+00:00,3638,66,170,119,0.5546218487394958,1.803030303030303,9.758108851017044
That Vegan Teacher,Visiting McDonald's At 2:30 A.M.,2022-09-01 02:00:09+00:00,71655,827,1306,2877,0.28745220716023634,3.4788391777509067,6.991835880259576
That Vegan Teacher,"If your religion tells you it's okay to eat animals, it might be time to change religions.",2022-09-02 01:00:10+00:00,13537,194,349,1498,0.1295060080106809,7.721649484536083,15.077195833641133
That Vegan Teacher,"Ep. 43 Responding to Your Weird Comments About Jesus, Religion and Other Silly Excuses.",2022-09-02 16:30:09+00:00,11321,147,346,1414,0.10396039603960396,9.619047619047619,16.844801695963255
That Vegan Teacher,Responding To Your Cool and Crazy Comments. Ask me anything in the comments. 💚,2022-09-03 02:15:08+00:00,13445,191,580,1680,0.11369047619047619,8.795811518324607,18.22982521383414
That Vegan Teacher,You Say You Hate Me But I Don't Believe You,2022-09-04 00:30:10+00:00,19139,262,938,1747,0.14997137950772754,6.6679389312977095,15.397878677046867
That Vegan Teacher,"Around Town: Mr. ""Religious"" and Mr. ""Almond Milk"": Veganizing one another, one ""click"" at a time!",2022-09-05 00:30:08+00:00,10515,141,334,1314,0.10730593607305935,9.319148936170214,17.013789824060865
That Vegan Teacher,Reading Your Cool & Crazy Comments At The Grocery Store,2022-09-05 22:00:11+00:00,15935,220,443,1372,0.16034985422740525,6.236363636363636,12.770630687166614
That Vegan Teacher,That Vegan Teacher REACTS to @jacksepticeye- who thinks fish is food.,2022-09-07 00:00:09+00:00,56794,567,1193,7084,0.0800395256916996,12.493827160493828,15.572067471916048
That Vegan Teacher,"Educating @BenShapiro’s Meat-Addicted, Walking Zombies during his Premiere.",2022-09-07 23:00:11+00:00,8373,121,300,539,0.22448979591836735,4.454545454545454,11.46542457900394
That Vegan Teacher,DON'T MARRY HIM! Responding To Your Cool and Crazy TikTok Comments.,2022-09-08 23:00:11+00:00,13838,215,413,1606,0.13387297633872977,7.469767441860465,16.143951438069085
That Vegan Teacher,Queen Elizabeth: Polite & Kind or Cruel & Cowardly?,2022-09-10 00:30:08+00:00,63251,606,2502,7906,0.07665064507968632,13.046204620462046,17.413163428246197
That Vegan Teacher,Precious Little Soul,2022-09-11 00:26:16+00:00,7580,144,113,322,0.4472049689440994,2.236111111111111,7.638522427440633
That Vegan Teacher,Responding To Today's Cool And Crazy Comments,2022-09-11 01:30:07+00:00,9546,155,348,997,0.15546639919759278,6.432258064516129,15.713387806411061
That Vegan Teacher,Vegan BBQ?,2022-09-11 02:30:07+00:00,12099,235,82,437,0.5377574370709383,1.8595744680851063,6.2319199933878835
That Vegan Teacher,Reasons To Be Vegan,2022-09-11 03:30:00+00:00,19685,356,237,2450,0.14530612244897959,6.882022471910112,15.458470916941833
That Vegan Teacher,Looking for vegan stuff (while ignoring the stalkers who think I don't know they're filming me).,2022-09-11 20:00:10+00:00,28250,453,582,1250,0.3624,2.759381898454746,8.088495575221238
That Vegan Teacher,Do Your Part,2022-09-12 23:38:25+00:00,8090,150,71,181,0.8287292817679558,1.2066666666666668,4.9690976514215075
That Vegan Teacher,Why do so many carnists CONSTANTLY lie that Bella Vegan Dog is DEAD?,2022-09-13 01:00:09+00:00,5763,87,182,212,0.41037735849056606,2.4367816091954024,8.346347388512926
That Vegan Teacher,Vegan: Welcome Home,2022-09-13 01:30:04+00:00,6582,122,64,732,0.16666666666666666,6.0,13.947128532360983
That Vegan Teacher,Fossils have nothing to do with being vegan.,2022-09-13 02:30:03+00:00,14746,285,133,557,0.5116696588868941,1.9543859649122808,6.611962566119625
That Vegan Teacher,"Good Morning! Here's Bella, Her Grandma and our Broken Mouse Trap.",2022-09-13 12:15:10+00:00,10308,193,369,898,0.21492204899777284,4.652849740932642,14.163756305781916
That Vegan Teacher,Why Should You Be Vegan?,2022-09-13 23:58:07+00:00,7101,152,40,214,0.7102803738317757,1.4078947368421053,5.717504576820167
That Vegan Teacher,Don't Give Up,2022-09-14 00:45:00+00:00,9757,227,61,380,0.5973684210526315,1.6740088105726871,6.8463667110792255
That Vegan Teacher,How To Order Vegan Food,2022-09-14 01:30:00+00:00,9387,184,45,222,0.8288288288288288,1.2065217391304348,4.804516885053798
That Vegan Teacher,Am I Proud Of You? Are YOU Proud of You?,2022-09-14 02:15:00+00:00,15779,361,116,411,0.878345498783455,1.1385041551246537,5.627733062931744
That Vegan Teacher,Honey?,2022-09-14 03:00:25+00:00,23455,504,190,1825,0.27616438356164386,3.621031746031746,10.73971434662119
That Vegan Teacher,EP. 48: Reading Your Amazing Comments (and also your not-so-amazing ones). 🥦🍎🍇🥑🍊🍐🍉🍆,2022-09-14 08:30:08+00:00,11908,158,422,1251,0.12629896083133493,7.917721518987341,15.376217668794087
That Vegan Teacher,"Bella Vegan Dog and her Friend, Kai",2022-09-14 22:50:00+00:00,13730,261,363,1135,0.22995594713656387,4.3486590038314175,12.811361981063365
That Vegan Teacher,ISAAC BUTTERFIELD IS HILARIOUS!! His mom must be so proud! @IsaacButterfield,2022-09-16 00:00:11+00:00,10092,141,312,59,2.389830508474576,0.41843971631205673,5.073325406262386
That Vegan Teacher,The TRUTH About Milk - And Why You Should Never Buy It,2022-09-16 16:15:08+00:00,17800,295,574,1082,0.27264325323475047,3.6677966101694914,10.960674157303371
That Vegan Teacher,"Yes, it's your ""personal choice"" to eat animals. It's also your personal choice to eat people.",2022-09-16 18:01:54+00:00,8632,155,116,383,0.4046997389033943,2.470967741935484,7.57645968489342
That Vegan Teacher,Eating vegan chocolate in my car.,2022-09-16 19:00:03+00:00,9913,204,121,82,2.4878048780487805,0.4019607843137255,4.10571976192878
That Vegan Teacher,About Trolls In The Comments,2022-09-16 23:47:41+00:00,16832,331,196,707,0.4681753889674682,2.13595166163142,7.3312737642585555
That Vegan Teacher,Bella and Max Eat Vegan Food Together,2022-09-17 01:00:05+00:00,16641,414,244,75,5.52,0.18115942028985507,4.4047833663842315
That Vegan Teacher,Be Veganphantastic Instead,2022-09-17 02:00:07+00:00,12677,262,249,209,1.2535885167464116,0.7977099236641222,5.679577187031632
That Vegan Teacher,"Yes, It's Your ""Personal Choice"" To Be Mean, But Is It Right?",2022-09-17 03:00:15+00:00,10811,204,153,922,0.22125813449023862,4.519607843137255,11.830542965498104
That Vegan Teacher,Vegan Chips!,2022-09-17 11:00:31+00:00,15671,320,117,269,1.1895910780669146,0.840625,4.505136877034012
That Vegan Teacher,Would You Eat Synthetic Meat? Let Me Know In The Comments,2022-09-17 12:00:15+00:00,18803,418,125,132,3.1666666666666665,0.3157894736842105,3.5898526830824866
That Vegan Teacher,That Vegan Teacher Is Cool? Are You Sure?,2022-09-17 13:00:34+00:00,16748,364,212,1244,0.29260450160771706,3.4175824175824174,10.866969190351087
That Vegan Teacher,Do Plants Have Protein? Ask Vegan Doctors And Body Builders!,2022-09-17 14:00:31+00:00,18980,324,260,332,0.9759036144578314,1.0246913580246915,4.8261327713382505
That Vegan Teacher,I'm not a scarf model. How about we STOP talking about my appearance and FOCUS on the animals??,2022-09-18 00:00:08+00:00,12709,173,606,373,0.46380697050938335,2.1560693641618496,9.064442521048075
That Vegan Teacher,"EP. 14. Reacting to you during the Sept 17, 2022 Premiere About My TikTok Videos.",2022-09-18 21:00:15+00:00,6057,71,205,507,0.14003944773175542,7.140845070422535,12.927191679049036
That Vegan Teacher,The Queen Funeral Part 1,2022-09-19 18:24:36+00:00,18362,264,230,2293,0.11513301351940688,8.68560606060606,15.178085175906764
That Vegan Teacher,The Queen Funeral Part 3,2022-09-19 20:00:13+00:00,20813,303,229,2600,0.11653846153846154,8.58085808580858,15.04828712823716
That Vegan Teacher,The Queen Funeral Part 4,2022-09-19 21:00:31+00:00,27145,383,291,2269,0.16879682679594535,5.924281984334204,10.841775649290845
That Vegan Teacher,The Queen Funeral Part 5,2022-09-19 22:00:14+00:00,36942,476,750,4615,0.10314192849404118,9.695378151260504,15.811271723241838
That Vegan Teacher,The Mouse In The Middle Of The Night,2022-09-20 00:00:10+00:00,14739,306,408,866,0.3533487297921478,2.8300653594771243,10.719858877807178
That Vegan Teacher,Meeting The King,2022-09-21 00:05:16+00:00,31542,462,206,3942,0.1171993911719939,8.532467532467532,14.615433390400101
That Vegan Teacher,The Dog Park: Your Cool and Crazy Questions & Comments.,2022-09-21 00:30:10+00:00,8464,122,300,967,0.12616339193381593,7.926229508196721,16.410680529300567
That Vegan Teacher,@BenShapiro  Why aren't you vegan yet??? WTF is taking you so long???,2022-09-22 03:55:08+00:00,11440,132,321,482,0.27385892116182575,3.6515151515151514,8.173076923076923
That Vegan Teacher,Responding To Your Cool and Crazy TikTok Comments,2022-09-23 01:15:10+00:00,15187,233,463,1325,0.1758490566037736,5.686695278969957,13.307433989596365
That Vegan Teacher,12-year old DESTROYS house when mother takes away cell phone. Did a VEGAN kid do this???,2022-09-24 01:45:10+00:00,31201,258,537,1018,0.25343811394891946,3.945736434108527,5.810711195154002
That Vegan Teacher,Lizzo Says She's Vegan. Is She Really?,2022-09-24 16:00:11+00:00,22230,238,388,1807,0.13171001660210294,7.592436974789916,10.944669365721998
That Vegan Teacher,Why Are These Canadians So Backwards And Cruel? @NicoleKirkland,2022-09-25 23:00:11+00:00,13131,170,417,959,0.1772679874869656,5.641176470588236,11.77366537202041
That Vegan Teacher,​@MrBeast Giving Away Milk Chocolate Isn't Cool - It's Cruel!,2022-09-27 01:00:08+00:00,284812,2182,7584,20879,0.10450692082954165,9.568744271310724,10.75972922489221
That Vegan Teacher,​ @FullyRawKristina  Is It Really True?,2022-09-28 00:30:09+00:00,8966,187,234,692,0.2702312138728324,3.700534759358289,12.413562346642873
That Vegan Teacher,Reading Your Comments From Bed,2022-09-29 00:30:08+00:00,12968,192,319,1583,0.12128869235628553,8.244791666666666,16.147439851943247
That Vegan Teacher,Lady Gaga Is An Animal Abuser,2022-09-30 02:23:37+00:00,24139,443,172,1486,0.2981157469717362,3.3544018058690743,8.703757405029206
That Vegan Teacher,Ava & Nav want a selfie with me - but I just want them to stop hurting animals!,2022-09-30 04:02:12+00:00,7728,118,132,709,0.16643159379407615,6.008474576271187,12.409420289855072
That Vegan Teacher,Veganphobia Is Cruel But Cops Are Kind,2022-10-01 01:15:10+00:00,14925,217,393,732,0.296448087431694,3.3732718894009217,8.991624790619765
That Vegan Teacher,Responding to your cool and crazy comments about @SSSniperWolf and others.,2022-10-02 02:30:08+00:00,25176,239,517,952,0.2510504201680672,3.98326359832636,6.784238957737528
That Vegan Teacher,@DoctorMike eats dogs and gets A+ for mean moral consistency.,2022-10-03 02:15:09+00:00,37047,345,466,1601,0.2154903185509057,4.6405797101449275,6.510648635517045
That Vegan Teacher,"@RubinReport, @TheAmalaEkpunobi, Cupiosexuals & Me Reminding Everyone to be Vegan.",2022-10-03 22:00:09+00:00,9068,110,350,607,0.1812191103789127,5.5181818181818185,11.766651962946625
That Vegan Teacher,Thank you for coming to my live on TikTok! musicbythatveganteacher 1664833603 musicaldown com,2022-10-04 21:19:16+00:00,33032,515,233,2675,0.1925233644859813,5.194174757281553,10.362678614676678
That Vegan Teacher,"Responding To Your Cool & Crazy Comments, Featuring The Original, ""I Ate Bacon Today"" (Cue Eye Roll)",2022-10-05 01:00:08+00:00,44887,482,912,4355,0.11067738231917336,9.035269709543568,12.807717156414997
That Vegan Teacher,"Abortion, Circumcision, Trans-Operations, Veganism, and @BenShapiro 's Moral Inconsistencies",2022-10-06 01:30:09+00:00,9664,104,167,332,0.3132530120481928,3.1923076923076925,6.239652317880795
That Vegan Teacher,Bella Vegan Dog isn't happy that her vet says she's fat and not allowed to eat as much as Chloe.,2022-10-06 12:34:16+00:00,34462,636,352,1820,0.34945054945054943,2.861635220125786,8.148105159305901
That Vegan Teacher,Is @TheAmalaEkpunobi too scary to be allowed to speak on campus - or even on the planet?,2022-10-06 23:00:10+00:00,11077,138,374,957,0.14420062695924765,6.934782608695652,13.261713460323193
That Vegan Teacher,@DirectActionEverywhere - TRIAL - @MrBeast @DharMann @SSSniperWolf @kallmekris @DoctorMike,2022-10-08 01:00:10+00:00,12560,159,456,1094,0.1453382084095064,6.880503144654088,13.606687898089174
That Vegan Teacher,I'm Sorry I Ate Chickens,2022-10-09 03:15:09+00:00,61474,649,967,3710,0.17493261455525608,5.716486902927581,8.663825357061523
That Vegan Teacher,"​@DirectActionEverywhere Makes History!  Saving Animals Is Not A Crime! Yay, Paul & Wayne!",2022-10-10 01:30:09+00:00,6882,136,257,198,0.6868686868686869,1.4558823529411764,8.587619877942458
That Vegan Teacher,Don't Only Follow People You Like. Follow People You Need.,2022-10-11 02:00:08+00:00,8647,156,334,747,0.20883534136546184,4.788461538461538,14.305539493465941
That Vegan Teacher,"Paranoid, (veganphobic?) coffee shop worker stole my phone while I was filming soy milk for TikTok.",2022-10-11 22:51:41+00:00,12830,223,483,743,0.3001345895020188,3.3318385650224216,11.293842556508183
That Vegan Teacher,Product Review: Carose Humane Mouse Trap - #mouse #mice #trap #animalsrights,2022-10-13 01:45:09+00:00,9417,127,274,289,0.43944636678200694,2.2755905511811023,7.327174259318254
That Vegan Teacher,@fizzfam1810 You’re A Vegan Family? Time To Talk Less About Boobs And More About Saving Animals,2022-10-13 10:44:01+00:00,14019,166,137,918,0.18082788671023964,5.530120481927711,8.70960838861545
That Vegan Teacher,@mattwalsh Is Proud to Lack Self-Control & Eat the Class 1 Carcinogens that McDonald’s Provides.,2022-10-13 10:44:11+00:00,10970,167,81,1057,0.15799432355723747,6.3293413173652695,11.896080218778486
That Vegan Teacher,What Should I Do With My Leather Jacket?,2022-10-13 16:15:08+00:00,15978,218,443,1997,0.10916374561842764,9.160550458715596,16.635373638753286
That Vegan Teacher,"Responding To Your Cool & Crazy Comments From My Latest TikTok Account Which Has 564,000 Subs",2022-10-14 22:00:07+00:00,8943,125,420,708,0.1765536723163842,5.664,14.010958291401096
That Vegan Teacher,"RESPONDING OCT 15, 2022",2022-10-16 03:50:04+00:00,27583,320,927,1914,0.1671891327063741,5.98125,11.459957220026828
That Vegan Teacher,Reminding @MattWalsh and his followers that they're not babies and they're not cows.,2022-10-17 03:53:15+00:00,7011,83,165,876,0.09474885844748858,10.55421686746988,16.031949793182143
That Vegan Teacher,Is Matt Walsh a Baby Cow?,2022-10-17 11:00:00+00:00,14413,191,131,157,1.21656050955414,0.8219895287958116,3.3233886075071113
That Vegan Teacher,"@Jammidodger If you care about the oppressed, why are you still paying to hurt them? #speciesism",2022-10-18 01:00:08+00:00,14550,162,372,954,0.16981132075471697,5.888888888888889,10.22680412371134
That Vegan Teacher,About The Two Non-Vegan Men Who Approached Me Today,2022-10-19 01:47:23+00:00,11544,172,415,751,0.22902796271637815,4.366279069767442,11.59043659043659
That Vegan Teacher,Pre-Vegan Comes To Say Hello!,2022-10-20 01:00:09+00:00,8326,151,256,760,0.1986842105263158,5.033112582781457,14.01633437424934
That Vegan Teacher,Don't Watch This If You Want A Frantic Life Full of Drama. #stoicism @DailyStoic,2022-10-20 23:14:09+00:00,5901,96,180,326,0.294478527607362,3.3958333333333335,10.201660735468565
That Vegan Teacher,Who Will The Firefighters Save?,2022-10-21 00:15:01+00:00,7586,159,119,224,0.7098214285714286,1.4088050314465408,6.61745320326918
That Vegan Teacher,"Nope, veganism is not a cult. Meat-eating is.",2022-10-21 01:15:01+00:00,7686,154,130,57,2.7017543859649122,0.37012987012987014,4.436638043195421
That Vegan Teacher,Of course you like vegan foods! You eat them every day!!,2022-10-21 01:45:02+00:00,8390,188,125,70,2.6857142857142855,0.3723404255319149,4.564958283671037
That Vegan Teacher,Are you proud of yourself?,2022-10-21 02:15:00+00:00,11357,229,106,276,0.8297101449275363,1.205240174672489,5.37994188606146
That Vegan Teacher,Why do I want everyone not to be racist towards animals?,2022-10-21 02:45:01+00:00,16714,266,175,494,0.5384615384615384,1.8571428571428572,5.594112719875553
That Vegan Teacher,What should I eat?,2022-10-21 03:15:01+00:00,27635,529,399,1042,0.5076775431861804,1.9697542533081285,7.128641215849467
That Vegan Teacher,"Responding to your cool, crazy and compassionate TikTok comments: I understand why you're crying.",2022-10-22 00:01:04+00:00,11860,159,423,724,0.21961325966850828,4.553459119496855,11.011804384485666
That Vegan Teacher,Humans Are Horrific,2022-10-22 02:13:13+00:00,29038,596,335,1170,0.5094017094017094,1.9630872483221478,7.235346786968799
That Vegan Teacher,It's Not The Animals Fault,2022-10-22 03:00:31+00:00,43473,759,665,3702,0.20502431118314424,4.877470355731226,11.79122673843535
That Vegan Teacher,In The Forest: Responding To Comments About Hell and Pizza,2022-10-23 00:32:23+00:00,15082,172,763,1227,0.1401792991035045,7.133720930232558,14.334968837024267
That Vegan Teacher,"Today I went to RefugeRR.org in Ontario, Canada! I saw a bunch of vegans & a bunch of animals!",2022-10-24 04:05:25+00:00,9202,175,318,667,0.2623688155922039,3.8114285714285714,12.605955227124538
That Vegan Teacher,Let's Not Treat Our Planet Like A Dumpster.,2022-10-25 01:11:24+00:00,10301,219,469,656,0.33384146341463417,2.9954337899543377,13.047276963401611
That Vegan Teacher,Dylan Mulvaney pays people to stab animals in the neck so he can put tampons in them.,2022-10-27 01:18:28+00:00,15351,158,318,241,0.6556016597510373,1.5253164556962024,4.670705491498925
That Vegan Teacher,"🥦🍇🍐 To West Fargo High School in North Dakota: Why I'm vegan, and why your classmates deserve an A+",2022-10-27 11:30:09+00:00,10735,171,442,573,0.29842931937172773,3.3508771929824563,11.04797391709362
That Vegan Teacher,When parents don't understand that being vegan isn't about food - it's about not hurting animals.,2022-10-28 01:04:01+00:00,25090,461,316,372,1.239247311827957,0.806941431670282,4.579513750498206
That Vegan Teacher,Will Twitter's Cancel Culture Be Gone Now That Elon Musk Is There?,2022-10-28 02:30:09+00:00,9396,140,396,488,0.28688524590163933,3.4857142857142858,10.898254576415496
That Vegan Teacher,My Personal Message To @ryancomedyvids: Animal Abuse Is Not Funny,2022-10-29 00:23:18+00:00,25758,297,609,1245,0.2385542168674699,4.191919191919192,8.350803633822501
That Vegan Teacher,"Responding to your cool and crazy comments and no, @ryancomedyvids is still not in my will!",2022-10-30 02:53:21+00:00,7979,108,557,745,0.14496644295302014,6.898148148148148,17.67138739190375
That Vegan Teacher,"Unconditional Love, Jeffrey Dahmer and Your Animal-Abusing Eating Habits",2022-10-31 00:21:43+00:00,11186,126,558,1207,0.1043910521955261,9.579365079365079,16.905059896298948
That Vegan Teacher,Class Notes - Pages 1-8 - That Vegan Teacher's School: Ethical Reasons To Be Vegan,2022-11-01 03:59:41+00:00,6017,94,428,439,0.214123006833713,4.670212765957447,15.971414326076117
That Vegan Teacher,Don't be speciesist. All animals should be treated equally.,2022-11-02 00:00:17+00:00,4892,116,51,10,11.6,0.08620689655172414,3.6181520850367943
That Vegan Teacher,Stickers in the library.,2022-11-02 00:30:10+00:00,8151,198,53,6,33.0,0.030303030303030304,3.152987363513679
That Vegan Teacher,Buckets of chicken wings,2022-11-02 01:00:01+00:00,10337,232,69,42,5.523809523809524,0.1810344827586207,3.318177420915159
That Vegan Teacher,The animals you eat,2022-11-02 01:30:00+00:00,11350,267,119,4,66.75,0.0149812734082397,3.4361233480176208
That Vegan Teacher,So you like to eat dairy,2022-11-02 02:00:12+00:00,8280,195,146,72,2.7083333333333335,0.36923076923076925,4.987922705314009
That Vegan Teacher,"Violent Decoration, Plastic Pollution & Non-Vegan Candies: Halloween Sucks More & More Every Year",2022-11-02 02:15:02+00:00,20420,193,718,994,0.19416498993963782,5.150259067357513,9.329089128305583
That Vegan Teacher,"Yes, you can take your medicine.",2022-11-02 02:30:22+00:00,8399,290,63,52,5.576923076923077,0.1793103448275862,4.822002619359448
That Vegan Teacher,How do you get protein? Ask an elephant.,2022-11-02 03:00:10+00:00,6717,138,100,41,3.3658536585365852,0.2971014492753623,4.1536400178651185
That Vegan Teacher,Don't eat cats or cows,2022-11-02 03:30:17+00:00,10194,144,104,203,0.7093596059113301,1.4097222222222223,4.424171081028056
That Vegan Teacher,Lentils and chickpeas are not expensive,2022-11-02 04:00:15+00:00,15123,302,106,112,2.6964285714285716,0.3708609271523179,3.4384712028036764
That Vegan Teacher,Yes I'm vegan.,2022-11-02 04:30:11+00:00,18090,376,241,1451,0.259131633356306,3.859042553191489,11.431730237700387
That Vegan Teacher,Proof that at least one person likes my songs.,2022-11-03 00:21:48+00:00,7692,100,423,761,0.1314060446780552,7.61,16.69266770670827
That Vegan Teacher,"Vegans Don't Think They're Better Than You - Objectively speaking, they just ARE better than you.",2022-11-04 01:36:51+00:00,10877,138,552,460,0.3,3.3333333333333335,10.572768226533052
That Vegan Teacher,"Responding To Your Cool & Crazy Comments from the island of Montreal in Quebec, Canada.",2022-11-05 03:30:08+00:00,12259,106,559,425,0.24941176470588236,4.009433962264151,8.89142670690921
That Vegan Teacher,Pre-Vegan Men at the Mall Learn That Baby Boy Chicks Are Macerated at Birth in the Egg Industry,2022-11-06 00:43:52+00:00,8507,121,317,680,0.17794117647058824,5.619834710743802,13.14211825555425
That Vegan Teacher,Science Rules,2022-11-06 04:15:00+00:00,4666,101,50,4,25.25,0.039603960396039604,3.321903129018431
That Vegan Teacher,Are You R*cist Towards The Animals?,2022-11-06 04:45:00+00:00,6415,132,112,532,0.24812030075187969,4.03030303030303,12.096648480124708
That Vegan Teacher,Choosing To Be Good,2022-11-06 05:15:01+00:00,5802,140,104,112,1.25,0.8,6.135815236125474
That Vegan Teacher,Vegan Marshmallow You,2022-11-06 05:45:00+00:00,7624,155,90,624,0.2483974358974359,4.025806451612903,11.398216159496327
That Vegan Teacher,Be Vegan In Your Name,2022-11-06 07:15:00+00:00,13437,249,181,255,0.9764705882352941,1.0240963855421688,5.097864106571407
That Vegan Teacher,@TheAmalaEkpunobi ￼You could have made your point better. Soy milk is good for kids.,2022-11-06 18:48:53+00:00,21263,324,176,50,6.48,0.15432098765432098,2.586652871184687
That Vegan Teacher,"If you love your granddaughter, don't buy her new clothes! Save her planet & buy used ones instead!",2022-11-06 19:43:29+00:00,9730,113,364,1216,0.09292763157894737,10.761061946902656,17.399794450154165
That Vegan Teacher,PETA  (People for the Ethical Treatment of Animals) - What do you think of them?    @PeacewithRhys,2022-11-08 00:34:53+00:00,12258,143,250,710,0.20140845070422536,4.965034965034965,8.998205253711863
That Vegan Teacher,"I support PETA after watching this video. Thank you, @PeacewithRhys for you research.",2022-11-08 23:31:12+00:00,7330,102,234,242,0.4214876033057851,2.372549019607843,7.885402455661665
That Vegan Teacher,Cute or not cute?,2022-11-09 14:00:30+00:00,25560,466,183,530,0.879245283018868,1.1373390557939915,4.612676056338028
That Vegan Teacher,Still here.,2022-11-09 15:00:34+00:00,10985,189,110,2,94.5,0.010582010582010581,2.7401001365498407
That Vegan Teacher,I don't want to hurt the animals. And you?,2022-11-09 17:00:27+00:00,21411,302,218,241,1.2531120331950207,0.7980132450331126,3.5542478165428983
That Vegan Teacher,"Religion, Circumcision, Veganism & The Moral Inconsistencies of  @BenShapiro",2022-11-10 02:37:23+00:00,8074,100,231,725,0.13793103448275862,7.25,13.079019073569482
That Vegan Teacher,"Animals are innocent, like children. They need protection. Save them now. TikTok Q & A Today.",2022-11-11 01:39:18+00:00,13116,144,382,985,0.14619289340101524,6.840277777777778,11.52028057334553
That Vegan Teacher,I'm invited to @oompaville 's house in Texas. Should I go?!  Will I come back alive? (He has guns!),2022-11-12 02:00:07+00:00,19574,333,517,638,0.5219435736677116,1.9159159159159158,7.601920915500153
That Vegan Teacher,Responding To Your Cool and Crazy Comments From The Car,2022-11-13 02:42:29+00:00,15111,209,419,1151,0.18158123370981755,5.507177033492823,11.772880682946198
That Vegan Teacher,@TheCommentsSection Should we protect kids from teachers or from parents?,2022-11-14 04:11:54+00:00,13512,120,317,1688,0.07109004739336493,14.066666666666666,15.726761397276496
That Vegan Teacher,This made me cry.,2022-11-14 16:45:46+00:00,20016,184,497,2396,0.07679465776293823,13.021739130434783,15.372701838529176
That Vegan Teacher,My Nose,2022-11-14 23:45:01+00:00,15624,401,113,126,3.1825396825396823,0.314214463840399,4.09626216077829
That Vegan Teacher,Judging People,2022-11-15 00:15:00+00:00,15772,291,153,365,0.7972602739726027,1.254295532646048,5.129343139741314
That Vegan Teacher,Makeup?,2022-11-15 00:45:01+00:00,19345,468,155,2345,0.1995735607675906,5.010683760683761,15.342465753424658
That Vegan Teacher,Think For Yourself. Be Vegan!,2022-11-15 01:15:00+00:00,15997,267,188,1096,0.24361313868613138,4.104868913857678,9.69556791898481
That Vegan Teacher,This made me cry.,2022-11-15 23:32:50+00:00,19827,182,463,412,0.441747572815534,2.2637362637362637,5.331114137287537
That Vegan Teacher,🥦 🍇 🍊 TikTok Today: Responding to your Cool and Crazy Comments from my Kitchen. 🍋 🍎 🌽,2022-11-16 08:27:33+00:00,6995,106,248,491,0.2158859470468432,4.632075471698113,12.080057183702644
That Vegan Teacher,This made me cry. How can this be legal?,2022-11-16 23:10:41+00:00,24780,222,702,667,0.3328335832083958,3.0045045045045047,6.420500403551251
That Vegan Teacher,"Are You ""Lactose"" AND ""Tolerant"" ?",2022-11-18 01:30:11+00:00,8950,120,546,892,0.13452914798206278,7.433333333333334,17.40782122905028
That Vegan Teacher,This Is The Real Me,2022-11-18 02:30:18+00:00,16433,257,91,175,1.4685714285714286,0.6809338521400778,3.1826203371265134
That Vegan Teacher,This Is What I Am Reading,2022-11-18 03:30:12+00:00,15345,229,133,235,0.9744680851063829,1.0262008733624455,3.890518084066471
That Vegan Teacher,"Meat, Men, The Mall and The Lesson I Learned From Them. Can you guess what it is?",2022-11-19 03:48:42+00:00,10745,108,258,1015,0.10640394088669951,9.398148148148149,12.85248953001396
That Vegan Teacher,"Why @vganbooty is Braver, Better, and More Beautiful than @SSSniperWolf",2022-11-19 15:00:07+00:00,38016,343,1048,1406,0.24395448079658605,4.099125364431487,7.357428451178451
That Vegan Teacher,Be As Vegan As Possible,2022-11-19 23:30:00+00:00,15518,335,123,149,2.248322147651007,0.44477611940298506,3.911586544657817
That Vegan Teacher,Heartbreaking,2022-11-20 00:30:01+00:00,13639,241,90,219,1.1004566210045663,0.9087136929460581,4.032553706283451
That Vegan Teacher,Bella Will Not Go With You,2022-11-20 01:59:38+00:00,18159,400,159,190,2.1052631578947367,0.475,4.1246764689685556
That Vegan Teacher,When You Realize That Something Is Wrong You Stop It,2022-11-20 03:00:09+00:00,28844,605,235,1165,0.51931330472103,1.9256198347107438,6.951185688531409
That Vegan Teacher,🇮🇹 From Italy: Responding To Your Cool and Crazy Comments 🇮🇹,2022-11-21 22:33:13+00:00,7548,95,334,323,0.29411764705882354,3.4,9.962904080551139
That Vegan Teacher,"🇮🇹 From Italy: Responding To You - No, I'm not ""That Meat Teacher""- He's stealing my identity. 🇮🇹",2022-11-22 23:08:19+00:00,9689,120,387,806,0.1488833746898263,6.716666666666667,13.551450098049333
That Vegan Teacher,Vegans Duetting Vegans,2022-11-23 01:00:31+00:00,8480,132,68,49,2.693877551020408,0.3712121212121212,2.936320754716981
That Vegan Teacher,"There's No Choice, I Have To Be Vegan",2022-11-23 03:00:06+00:00,13406,275,157,282,0.975177304964539,1.0254545454545454,5.325973444726242
That Vegan Teacher,Vegan Meats,2022-11-23 05:00:12+00:00,18406,359,115,598,0.6003344481605352,1.6657381615598885,5.8241877648592855
That Vegan Teacher,"From Nigeria, To Italy, To Vegan?",2022-11-23 22:15:27+00:00,9191,113,247,1010,0.11188118811881188,8.938053097345133,14.905886193014906
That Vegan Teacher,Plants Do What??,2022-11-24 02:30:10+00:00,12159,217,314,872,0.24885321100917432,4.018433179723503,11.538777860021384
That Vegan Teacher,Eating Bugs !?,2022-11-24 03:30:02+00:00,14793,235,230,52,4.519230769230769,0.22127659574468084,3.4948962347056036
That Vegan Teacher,I recommend all vegan foods!,2022-11-24 04:30:06+00:00,10993,221,88,222,0.9954954954954955,1.004524886877828,4.830346584189939
That Vegan Teacher,So ... You Never Eat Potatoes !?,2022-11-24 11:11:37+00:00,17232,369,193,1480,0.24932432432432433,4.010840108401084,11.85004642525534
That Vegan Teacher,Solemn Ocean Comments From Italy 🇮🇹,2022-11-24 23:41:10+00:00,4974,47,257,327,0.1437308868501529,6.957446808510638,12.685967028548454
That Vegan Teacher,That Vegan Teacher Was Right - She Predicted This Animal Abuse Would Happen @SSSniperWolf,2022-11-25 22:59:02+00:00,35832,362,1055,217,1.6682027649769586,0.5994475138121547,4.560169680732306
That Vegan Teacher,"No, You Can't Pay For Murder And Still Be A ""Good Person""",2022-11-27 01:23:12+00:00,16594,182,601,1521,0.11965811965811966,8.357142857142858,13.88453657948656
That Vegan Teacher,I'm Not Your Brother. Eat Peanut Butter.,2022-11-27 22:45:00+00:00,30026,462,304,988,0.4676113360323887,2.1385281385281387,5.841603943249184
That Vegan Teacher,Is it wrong to wear this scarf?,2022-11-28 21:14:02+00:00,15318,269,126,79,3.4050632911392404,0.2936802973977695,3.0943987465726597
That Vegan Teacher,"If you’re against stealing from mothers, why aren’t you vegan yet?",2022-11-28 21:14:27+00:00,13689,281,134,468,0.6004273504273504,1.6654804270462633,6.45043465556286
That Vegan Teacher,Show Me Your Rainbow,2022-11-28 22:08:34+00:00,20061,120,406,862,0.13921113689095127,7.183333333333334,6.91889736304272
That Vegan Teacher,A Song For Joe Rogan @joerogan,2022-11-29 09:05:18+00:00,25824,317,293,2244,0.1412655971479501,7.078864353312303,11.051734820322181
That Vegan Teacher,"Responding To Your Cool And Crazy Comments - Yes, you can be vegan, Danny!",2022-11-29 22:58:52+00:00,11392,106,246,1157,0.09161624891961971,10.915094339622641,13.246137640449437
That Vegan Teacher,Ever Get A Gift You Didn't Want? What Did You Do With It?,2022-11-30 10:43:47+00:00,13063,168,413,1041,0.16138328530259366,6.196428571428571,12.416749598101507
That Vegan Teacher,I Want To Meet Gary Yourofsky,2022-12-02 19:11:29+00:00,16398,241,113,119,2.0252100840336134,0.49377593360995853,2.884498109525552
That Vegan Teacher,Time To Find A Vegan Doctor,2022-12-02 20:30:01+00:00,18921,317,241,939,0.33759318423855167,2.9621451104100944,7.91184398287617
That Vegan Teacher,Why Are Meat-Eaters So Weird?,2022-12-02 22:00:08+00:00,30450,228,849,3806,0.05990541250656858,16.69298245614035,16.036124794745486
That Vegan Teacher,"Cows, Rocks, Ruins and Garbage in Sicily",2022-12-03 14:28:00+00:00,15963,216,165,1994,0.10832497492477432,9.231481481481481,14.878155735137504
That Vegan Teacher,Someone Thinks I'm An Evil Lunatic,2022-12-04 22:24:18+00:00,36477,329,1444,2404,0.13685524126455906,7.306990881458966,11.451051347424404
That Vegan Teacher,Empathy,2022-12-06 08:42:41+00:00,14601,236,210,214,1.102803738317757,0.9067796610169492,4.520238339839737
That Vegan Teacher,It's Not Expensive To Be Vegan!,2022-12-06 10:00:05+00:00,21069,319,179,448,0.7120535714285714,1.4043887147335423,4.4900090179885135
That Vegan Teacher,Stay Vegan Wherever You Are! Travelling Is No Excuse For Animal Abuse.,2022-12-06 23:14:19+00:00,20977,186,723,1963,0.09475292919001528,10.553763440860216,13.69118558421128
That Vegan Teacher,The Least Harm,2022-12-09 19:00:27+00:00,13462,312,137,153,2.0392156862745097,0.49038461538461536,4.471846679542415
That Vegan Teacher,Good People Go To Heaven,2022-12-09 20:00:17+00:00,30966,515,405,703,0.732574679943101,1.3650485436893205,5.2412323193179615
That Vegan Teacher,Ethical Question,2022-12-09 21:00:30+00:00,19352,369,210,444,0.831081081081081,1.2032520325203253,5.286275320380322
That Vegan Teacher,Lions and Tigers,2022-12-09 22:00:11+00:00,25502,469,397,268,1.75,0.5714285714285714,4.446710061955925
That Vegan Teacher,Parents,2022-12-10 04:00:19+00:00,40116,803,401,1136,0.7068661971830986,1.414694894146949,5.833084056236913
That Vegan Teacher,I Don't Want To Eat Dogs,2022-12-10 05:00:03+00:00,48060,617,533,492,1.2540650406504066,0.7974068071312804,3.416562630045776
That Vegan Teacher,No Animals On Your Plate,2022-12-10 06:00:09+00:00,45314,644,370,586,1.098976109215017,0.9099378881987578,3.530917597210575
That Vegan Teacher,Comparing,2022-12-11 22:03:55+00:00,39155,630,466,573,1.0994764397905759,0.9095238095238095,4.262546290384369
That Vegan Teacher,Being Vegan Is Easy,2022-12-12 22:12:14+00:00,42370,603,427,254,2.374015748031496,0.42122719734660036,3.0304460703327827
That Vegan Teacher,Don't Pollute Your Body,2022-12-12 23:15:03+00:00,34782,623,348,277,2.2490974729241877,0.4446227929373997,3.588062791098844
That Vegan Teacher,Google Vegan Athletes,2022-12-13 20:30:00+00:00,91685,1459,456,7158,0.20382788488404582,4.906100068540096,9.895839014015378
That Vegan Teacher,I Don't Get It,2022-12-15 22:21:44+00:00,164546,2675,1728,3336,0.8018585131894485,1.2471028037383178,4.703244077643942
That Vegan Teacher,Don't Spread Lies,2022-12-16 21:23:16+00:00,22671,198,790,2833,0.06989057536180728,14.308080808080808,16.854130827929957
That Vegan Teacher,"""Spamming"" Vegan Facts During Live Newscasts - A great way to vegan-bomb unsuspecting carnists.",2022-12-20 04:15:11+00:00,10431,120,527,656,0.18292682926829268,5.466666666666667,12.491611542517497
That Vegan Teacher,"Why, Oh Why?",2022-12-21 23:00:03+00:00,117129,1475,1608,5736,0.2571478382147838,3.888813559322034,7.5293052958703655
That Vegan Teacher,@SSSniperWolf is vegan? I doubt that!,2022-12-22 01:00:10+00:00,42256,377,1111,2851,0.1322343037530691,7.562334217506631,10.26836425596365
That Vegan Teacher,Reacting To Your Cool and Crazy Comments In A Mall On Christmas Eve,2022-12-25 14:58:31+00:00,42678,388,1590,4966,0.07813129279097865,12.79896907216495,16.270678101129388
That Vegan Teacher,​@kallmekris Doesn't Seem To Understand What Veganism Is All About,2022-12-28 01:06:59+00:00,73798,361,1602,5556,0.06497480201583873,15.390581717451523,10.188622997913223
That Vegan Teacher,Peeing and Farting on Animal Agriculture and @kallmekris,2022-12-28 12:15:55+00:00,67054,790,842,354,2.231638418079096,0.4481012658227848,2.961791988546545
That Vegan Teacher,Video #1 - Responding to @KallMeKris and her Appeal to Futility Fallacy regarding Crayola Markers,2022-12-29 15:49:06+00:00,25206,386,187,3143,0.12281259942729876,8.142487046632125,14.742521621836072
That Vegan Teacher,"Video #2 - No, @KallMeKris, Animal Cruelty Is NOT Okay.",2022-12-29 16:52:33+00:00,13098,262,212,340,0.7705882352941177,1.297709923664122,6.214689265536723
That Vegan Teacher,"Video #4 - @kallmekris Be Morally Consistent, Stop Being A Hypocrite",2022-12-29 18:31:58+00:00,56292,753,515,434,1.7350230414746544,0.5763612217795485,3.0235202160164856
That Vegan Teacher,My TikToks:  www.tiktok.com/@songsbythatveganteacher & www.tiktok.com/@musicbythatveganteacher,2022-12-30 10:05:44+00:00,59014,667,492,121,5.512396694214876,0.18140929535232383,2.1689768529501476
That Vegan Teacher,"@kallmekris It's 2023. Time to stop being a narcissistic, veganphobic animal bully.",2022-12-31 19:11:05+00:00,32639,276,1203,211,1.3080568720379147,0.7644927536231884,5.177854713686081
That Vegan Teacher,"My response to the young lady on TikTok who says she ""wants to be like me"".",2023-01-03 19:35:01+00:00,59872,1285,337,229,5.611353711790393,0.17821011673151751,3.0915954035275255
That Vegan Teacher,There Is No Excuse For Animal Ab*se,2023-01-04 02:31:24+00:00,31098,405,284,324,1.25,0.8,3.25744420863078
That Vegan Teacher,Vegetarians Are The Enemy,2023-01-04 04:00:14+00:00,35221,538,469,698,0.7707736389684814,1.2973977695167287,4.840861985747139
That Vegan Teacher,4 Big Guys - 58-year old Miss Kadie dances to the song most requested by TikTok kids during her LIVE,2023-01-05 19:26:36+00:00,82132,518,700,1543,0.3357096565132858,2.9787644787644787,3.361661715287586
That Vegan Teacher,Remember the book 1984? Remember what we were collectively supposed to learn from it?,2023-01-06 01:48:34+00:00,10245,119,311,568,0.20950704225352113,4.773109243697479,9.741337237676916
That Vegan Teacher,Apparently I’m Crazy.,2023-01-06 19:51:59+00:00,30189,489,341,588,0.8316326530612245,1.2024539877300613,4.697075093577131
That Vegan Teacher,Gen-Z Needs To Eat More Veggies!,2023-01-07 02:59:20+00:00,17407,209,467,828,0.2524154589371981,3.9617224880382773,8.640202217498707
That Vegan Teacher,I Like To Clean Up The Kitchen,2023-01-07 22:30:36+00:00,40471,553,303,377,1.46684350132626,0.6817359855334539,3.046625979096143
That Vegan Teacher,Plants don’t feel pain because they don’t have a nervous system. Stop making excuses. Be vegan.,2023-01-09 01:02:56+00:00,36186,493,326,219,2.2511415525114153,0.44421906693711966,2.868512684463605
That Vegan Teacher,Your BS comment right now during my premiere.,2023-01-09 01:48:00+00:00,8099,128,46,38,3.3684210526315788,0.296875,2.6176071119891344
That Vegan Teacher,Your crazy comments during my premier.,2023-01-09 01:52:27+00:00,9599,149,30,14,10.642857142857142,0.09395973154362416,2.010626106886134
That Vegan Teacher,Responding to random comments during a premiere.,2023-01-09 01:59:08+00:00,25306,279,83,27,10.333333333333334,0.0967741935483871,1.537184857346084
That Vegan Teacher,"Apparently  @realmishapetrov  and I are Losers at the ""Woke Olympics"".",2023-01-09 02:00:10+00:00,12110,172,473,887,0.1939120631341601,5.156976744186046,12.650701899256815
That Vegan Teacher,@PETAKids Gets An A+,2023-01-09 23:58:33+00:00,42058,487,491,2334,0.20865467009425878,4.792607802874743,7.874839507346996
That Vegan Teacher,​@kallmekris  It's time to be a decent human being: stop eating innocent pigs. Be vegan from now on.,2023-01-11 02:30:08+00:00,31625,269,768,2367,0.11364596535699198,8.799256505576208,10.763636363636364
That Vegan Teacher,Veganphobia Is Wrong,2023-01-13 03:15:33+00:00,25725,344,236,226,1.5221238938053097,0.6569767441860465,3.133138969873664
That Vegan Teacher,This Was Filmed While @benoftheweek Was Sleeping,2023-01-13 21:44:25+00:00,67732,536,725,1802,0.2974472807991121,3.361940298507463,4.522234689659245
That Vegan Teacher,Please Stop Eating Animals,2023-01-15 09:30:07+00:00,31695,264,485,1300,0.20307692307692307,4.924242424242424,6.464742072882158
That Vegan Teacher,@benoftheweek and That Vegan Teacher Look for Vegan Products at The Dollar Store.,2023-01-18 21:12:43+00:00,70011,784,901,1903,0.4119810825013137,2.427295918367347,5.124908942880404
That Vegan Teacher,Ep.15 - @ethantrace Is a Disgrace Again - Triggered by being reminded that his newborn is vegan.,2023-01-21 00:00:07+00:00,20649,216,752,1569,0.13766730401529637,7.263888888888889,12.286309264371157
That Vegan Teacher,What Is Veganism About,2023-01-22 02:39:30+00:00,34736,575,173,812,0.708128078817734,1.4121739130434783,4.491017964071856
That Vegan Teacher,Live And Let Live,2023-01-22 04:15:03+00:00,27825,411,257,3475,0.11827338129496402,8.454987834549879,14.889487870619947
That Vegan Teacher,Dear @benoftheweek  I'm so sorry your uber rating went down when I talked about protecting animals.,2023-01-24 02:03:54+00:00,96589,1993,796,3674,0.5424605334784975,1.843452082288008,6.691238132706623
That Vegan Teacher,Responding To Your Weird TikTok Comments.,2023-01-26 12:36:58+00:00,13215,159,313,839,0.18951132300357568,5.276729559748428,9.920544835414303
That Vegan Teacher,"Are you ""woke""? Do you even know what it means? I don't! Let's search ""woke"" TikToks hashtags...",2023-01-26 17:00:08+00:00,9003,145,167,407,0.35626535626535627,2.806896551724138,7.986226813284461
That Vegan Teacher,@benoftheweek What I really think.,2023-01-27 00:25:19+00:00,70227,1118,401,4901,0.22811671087533156,4.383720930232558,9.141783074885728
That Vegan Teacher,Ben Of The Weak: Part 1 @benoftheweek,2023-01-27 02:00:07+00:00,229118,1570,2011,4944,0.3175566343042071,3.1490445859872613,3.7207901605286358
That Vegan Teacher,Vegans: Get out of your echo-chambers!,2023-01-27 15:35:52+00:00,7848,85,157,408,0.20833333333333334,4.8,8.28236493374108
That Vegan Teacher,Why Are You Letting Veganphobic People Win???,2023-01-27 17:22:55+00:00,15420,152,432,928,0.16379310344827586,6.105263157894737,9.805447470817121
That Vegan Teacher,A Tablespoon Of Ground Flax Seeds A Day!,2023-01-28 03:29:18+00:00,18387,266,89,372,0.7150537634408602,1.3984962406015038,3.9538804590199597
That Vegan Teacher,Miss Kadie evaluates  @RYANcomedyofficial 's whale yoga pose.,2023-01-28 13:00:23+00:00,51796,926,343,632,1.4651898734177216,0.6825053995680346,3.6701675805081475
That Vegan Teacher,Educating Trump Supporters in a Live Video? Let's Go!,2023-01-29 03:02:56+00:00,20652,245,474,1260,0.19444444444444445,5.142857142857143,9.582607011427465
That Vegan Teacher,@RYAN SUTHERLAND! I've been invited to teach at your college in Ontario! I'm bringing my ukulele!,2023-01-30 21:03:27+00:00,30192,296,605,1423,0.20801124385101896,4.8074324324324325,7.697403285638579
That Vegan Teacher,Bacon??? Why???,2023-01-31 22:41:34+00:00,25035,258,179,335,0.7701492537313432,1.2984496124031009,3.0836828440183743
That Vegan Teacher,So your dad’s not vegan? That sucks.,2023-01-31 22:45:23+00:00,30172,383,171,436,0.8784403669724771,1.1383812010443863,3.2811878562906003
That Vegan Teacher,"Hi, I'm Krissy",2023-02-01 13:00:22+00:00,27266,364,212,299,1.2173913043478262,0.8214285714285714,3.2091249174796452
That Vegan Teacher,Did you hear that?,2023-02-02 01:00:03+00:00,31646,397,191,90,4.411111111111111,0.22670025188916876,2.1424508626682677
That Vegan Teacher,Oompaville EXPOSED: Part 1 @oompaville,2023-02-02 05:10:08+00:00,29951,414,403,488,0.8483606557377049,1.178743961352657,4.357116623818904
That Vegan Teacher,@benoftheweek your cowardly silence spoke volumes,2023-02-03 01:07:29+00:00,53780,882,357,913,0.9660460021905805,1.0351473922902494,4.001487541837114
That Vegan Teacher,@benoftheweek  There is no excuse for animal ab*se,2023-02-07 03:09:57+00:00,49636,1030,525,740,1.3918918918918919,0.7184466019417476,4.623660246595214
That Vegan Teacher,@benoftheweek forgot to tell his audience to stop paying for this,2023-02-08 20:58:28+00:00,16469,207,177,269,0.7695167286245354,1.2995169082125604,3.9650251988584615
That Vegan Teacher,The Shelf on the Side of The Road @benoftheweek Do you throw out things like you throw out people?,2023-02-08 22:00:10+00:00,22365,225,428,1270,0.17716535433070865,5.644444444444445,8.598256203890006
That Vegan Teacher,@byndofficial @ImpossibleFoodsYT @Vessi @OatlyTV  Hire me! I'm perfect for the job!,2023-02-10 17:25:45+00:00,14026,118,333,446,0.2645739910313901,3.7796610169491527,6.395265934692714
That Vegan Teacher,Spontaneous Vegan Song,2023-02-12 22:40:29+00:00,9659,150,138,44,3.409090909090909,0.29333333333333333,3.4372088207889013
That Vegan Teacher,You Don't Impress Anyone When You Wear Canada Goose,2023-02-13 01:15:06+00:00,11138,180,352,696,0.25862068965517243,3.8666666666666667,11.025318728676602
That Vegan Teacher,@CosmicSkeptic - You should meet @benoftheweek and become best friends!,2023-02-14 17:30:08+00:00,9325,197,230,322,0.6118012422360248,1.634517766497462,8.032171581769438
That Vegan Teacher,Wait…. What colour was that guy’s skin???,2023-02-14 19:49:02+00:00,7317,122,66,98,1.2448979591836735,0.8032786885245902,3.908705753724204
That Vegan Teacher,This Sugar Mama Is A Bad Influence.,2023-02-14 20:00:35+00:00,9999,143,0,143,1.0,1.0,2.8602860286028604
That Vegan Teacher,"I wanted to @ an egg company, but the only egg that came us was @ArnoldSchwarzenegger ??",2023-02-14 20:07:37+00:00,53334,650,362,781,0.8322663252240717,1.2015384615384614,3.3618329770877864
That Vegan Teacher,TikTok Today:  These bozos @joerogan @tednugent get owned by facts and logic. Follow her account.,2023-02-14 23:00:07+00:00,8018,91,404,345,0.263768115942029,3.791208791208791,10.476428036916936
That Vegan Teacher,Be Kind Be Vegan,2023-02-15 00:40:23+00:00,4021,86,42,3,28.666666666666668,0.03488372093023256,3.257896045759761
That Vegan Teacher,Vegan Supporting Vegans,2023-02-15 02:00:20+00:00,7977,126,55,28,4.5,0.2222222222222222,2.6200325937069073
That Vegan Teacher,Veganism Is Not About Recipes,2023-02-15 03:00:05+00:00,8395,147,71,118,1.2457627118644068,0.8027210884353742,4.002382370458606
That Vegan Teacher,Which Cruciferous Veggie Did You Eat?,2023-02-15 14:00:29+00:00,9959,118,72,2,59.0,0.01694915254237288,1.9279044080730996
That Vegan Teacher,"Canadians should take down their flags too! Let’s be vegan, like they’re doing in @oompaville land!",2023-02-16 11:06:06+00:00,14151,156,124,28,5.571428571428571,0.1794871794871795,2.176524627234824
That Vegan Teacher,Lesbians who chose the wrong song.,2023-02-16 11:20:19+00:00,29442,449,326,306,1.4673202614379084,0.6815144766146993,3.671625568915155
That Vegan Teacher,Think of the animals instead of yourself.,2023-02-16 20:52:11+00:00,28570,459,146,147,3.122448979591837,0.3202614379084967,2.6321316065803293
That Vegan Teacher,@benoftheweek I hope you’re okay. Let me know if you need more help.,2023-02-16 21:13:58+00:00,65767,804,358,359,2.2395543175487465,0.4465174129353234,2.3127100217434275
That Vegan Teacher,Buy Vegan Mayo,2023-02-17 17:00:07+00:00,10504,120,171,300,0.4,2.5,5.626428027418126
That Vegan Teacher,"Me, Me, Me, Me, Me",2023-02-18 04:24:05+00:00,9944,104,253,207,0.5024154589371981,1.9903846153846154,5.671761866452131
That Vegan Teacher,Welcome To Your Vegan Muscle Minute Class,2023-02-18 22:30:12+00:00,11530,151,90,23,6.565217391304348,0.152317880794702,2.289679098005204
That Vegan Teacher,"My Response To @Cat_10q : Thanks for being here, but next time, eat vegan nuggets instead!",2023-02-20 17:15:11+00:00,7121,121,342,462,0.2619047619047619,3.8181818181818183,12.98974863081028
That Vegan Teacher,Responding to comments during today's premiere! Thanks to all animal-defenders for educating guests!,2023-02-20 22:00:11+00:00,4395,69,204,129,0.5348837209302325,1.8695652173913044,9.146757679180888
That Vegan Teacher,Stay Good. Stay Vegan.,2023-02-21 02:55:44+00:00,5567,85,96,637,0.13343799058084774,7.4941176470588236,14.693730914316507
That Vegan Teacher,When Family And Friends Disappoint You,2023-02-21 04:00:04+00:00,8360,79,142,432,0.18287037037037038,5.468354430379747,7.811004784688995
That Vegan Teacher,Ben Of The Weak: Part 2 @benoftheweek,2023-02-21 17:15:02+00:00,46262,420,985,156,2.6923076923076925,0.37142857142857144,3.3742596515498677
That Vegan Teacher,What I think of the trans community.,2023-02-23 21:55:54+00:00,8709,109,51,61,1.7868852459016393,0.5596330275229358,2.537604776667815
That Vegan Teacher,Good moms don’t take away the vegan virginity of their children.,2023-02-23 22:17:18+00:00,8295,94,79,3,31.333333333333332,0.031914893617021274,2.1217600964436407
That Vegan Teacher,Muslim woman has her priorities all mixed up. @Sidrashraf,2023-02-23 23:49:44+00:00,10771,148,174,83,1.783132530120482,0.5608108108108109,3.7600965555658714
That Vegan Teacher,@Sidrashraf : Time to be vegan!,2023-02-24 00:17:52+00:00,11220,165,71,4,41.25,0.024242424242424242,2.13903743315508
That Vegan Teacher,Attention-seeking woman has her priorities all wrong.,2023-02-24 14:46:22+00:00,9903,97,102,1,97.0,0.010309278350515464,2.0195900232252852
That Vegan Teacher,Filming the comment section right now during the premiere. 💚,2023-02-24 17:02:57+00:00,7137,92,40,20,4.6,0.21739130434782608,2.129746392041474
That Vegan Teacher,EP. 47: Reminding You Why PETA is still worth Supporting (Nobody's Perfect!),2023-02-24 17:15:07+00:00,9212,114,290,262,0.4351145038167939,2.2982456140350878,7.2297003907946165
That Vegan Teacher,Opening your legs to receive sperm is not a flex.,2023-02-24 23:11:07+00:00,7715,82,35,2,41.0,0.024390243902439025,1.542449773169151
That Vegan Teacher,"Allah asks that people be kind to animals. So, are you?",2023-02-25 00:01:36+00:00,10119,111,97,2,55.5,0.018018018018018018,2.0753038837829823
That Vegan Teacher,Beautiful families should do beautiful things! Like being vegan! 🍉🍇🥬🥦🫐🍒🌽🍏🥑🌶️🍌,2023-02-25 00:21:01+00:00,14124,139,129,2,69.5,0.014388489208633094,1.9116397621070518
That Vegan Teacher,"Jews, Palestinians, and everyone should look into their hearts and all be vegan.",2023-02-25 01:10:13+00:00,7943,95,73,302,0.31456953642384106,3.1789473684210527,5.9171597633136095
That Vegan Teacher,"Yes, it's True; Veganism is a Moral Baseline.",2023-02-25 13:23:08+00:00,4818,59,188,577,0.1022530329289428,9.779661016949152,17.102532171025324
That Vegan Teacher,@CosmicSkeptic Lost His Brain,2023-02-25 22:30:10+00:00,13079,176,428,447,0.39373601789709173,2.539772727272727,8.035782552182887
That Vegan Teacher,@kallmekris thinks it's funny to tear baby cows away from their moms.,2023-02-28 02:15:06+00:00,21023,206,673,1568,0.13137755102040816,7.611650485436893,11.639632783142273
That Vegan Teacher,Sane people are not religious. They’re vegan.,2023-02-28 14:42:26+00:00,8885,97,148,22,4.409090909090909,0.2268041237113402,3.0050647158131683
That Vegan Teacher,@JordanBPeterson should be vegan by now.,2023-02-28 15:05:57+00:00,5557,67,31,3,22.333333333333332,0.04477611940298507,1.8175274428648551
That Vegan Teacher,Men: Time to stop thinking about yourselves. Stop consuming death.,2023-02-28 15:36:11+00:00,10321,91,61,110,0.8272727272727273,1.2087912087912087,2.5385137099118302
That Vegan Teacher,Women are NOT smarter than men.,2023-02-28 15:57:37+00:00,21087,264,147,98,2.693877551020408,0.3712121212121212,2.4138094560629773
That Vegan Teacher,Someone invited me in - so I'm just walking up 12 flights & wondering how many corpses are in here.,2023-03-01 00:00:10+00:00,7988,92,275,536,0.17164179104477612,5.826086956521739,11.304456685027542
That Vegan Teacher,Step By Step,2023-03-02 00:24:37+00:00,7393,109,48,3,36.333333333333336,0.027522935779816515,2.164209387258217
That Vegan Teacher,Thank You For Being Veganphantastic,2023-03-02 01:30:12+00:00,11349,190,163,78,2.4358974358974357,0.4105263157894737,3.7976914265574058
That Vegan Teacher,Being Vegan Is Great,2023-03-02 02:30:09+00:00,8304,162,69,130,1.2461538461538462,0.8024691358024691,4.347302504816955
That Vegan Teacher,Spread This Message About The Dairy Industry,2023-03-02 03:30:12+00:00,10697,221,88,30,7.366666666666666,0.13574660633484162,3.169112835374404
That Vegan Teacher,All trans people should be vegan - since they claim to be against oppression.,2023-03-02 22:09:29+00:00,19040,284,165,90,3.1555555555555554,0.31690140845070425,2.8308823529411766
That Vegan Teacher,Stop talking about yourself. It’s boring AF. Focus on helping OTHERS.,2023-03-02 22:26:05+00:00,12784,176,127,160,1.1,0.9090909090909091,3.6217146433041303
That Vegan Teacher,"Fake Me Over on TikTok - Apparently this filter makes me look ""sexy"" & I should use it more often.",2023-03-03 00:30:08+00:00,12806,119,287,503,0.23658051689860835,4.226890756302521,7.098235202248945
That Vegan Teacher,"All lesbians teachers should be morally consistent and out of the closet as vegan, animal-defenders.",2023-03-03 14:00:09+00:00,10274,156,82,69,2.260869565217391,0.4423076923076923,2.9881253649990267
That Vegan Teacher,Time for grown men to be brave enough to watch Earthlings.com and order vegan pizza from now on.,2023-03-03 14:16:11+00:00,11985,148,84,55,2.690909090909091,0.3716216216216216,2.394659991656237
That Vegan Teacher,"JP: Grow up and stop making ridiculous, cowardly excuses to justify your laziness.",2023-03-03 14:47:49+00:00,11213,140,61,141,0.9929078014184397,1.0071428571428571,3.050031213769732
That Vegan Teacher,@AwakenWithJP - Stop being an ignorant coward.Google @NimaiDelgado,2023-03-03 15:15:19+00:00,9328,109,35,41,2.658536585365854,0.3761467889908257,1.9832761578044595
That Vegan Teacher,"Get rid of all the mirrors in your house. Look outward, beyond yourself.",2023-03-03 15:33:48+00:00,15174,237,111,54,4.388888888888889,0.22784810126582278,2.649268485567418
That Vegan Teacher,Be attracted to one another- not to corpses.,2023-03-03 15:50:13+00:00,13818,168,78,75,2.24,0.44642857142857145,2.323056882327399
That Vegan Teacher,@TheYoungTurks - Why are you so liberal in someways and so Neanderthal in others?,2023-03-03 17:25:15+00:00,6745,89,37,90,0.9888888888888889,1.0112359550561798,3.2023721275018535
That Vegan Teacher,Are you duetting vegan videos yet on TikTok? Here's why you should! (List your TikTok link below!),2023-03-04 01:00:07+00:00,7347,102,306,918,0.1111111111111111,9.0,18.048182931808903
That Vegan Teacher,"If @kallmekris really was a victim of SA, then why is she STILL paying for it to happen to others?",2023-03-04 17:27:03+00:00,35866,178,807,2957,0.06019614474129185,16.6123595505618,10.990910611721407
That Vegan Teacher,"Stop freaking out over s£x;  instead, freak out over corpses in your kitchen!",2023-03-05 01:06:10+00:00,32034,477,221,212,2.25,0.4444444444444444,2.840731722544796
That Vegan Teacher,Giraffes are vegan. Elephants are vegan. And so are Ellen and Steven!,2023-03-05 01:13:28+00:00,20467,261,41,47,5.553191489361702,0.18007662835249041,1.7051839546587189
That Vegan Teacher,@TheAmalaEkpunobi I want to talk to you. C❤️,2023-03-05 01:23:19+00:00,18327,252,51,46,5.478260869565218,0.18253968253968253,1.9042942107273424
That Vegan Teacher,America without premeditated murder? Yes!,2023-03-05 01:28:04+00:00,19554,259,163,67,3.8656716417910446,0.25868725868725867,2.5007671064743784
That Vegan Teacher,Allow your child to keep his vegan virginity!,2023-03-05 01:36:17+00:00,26524,415,169,238,1.7436974789915967,0.5734939759036145,3.099080078419545
That Vegan Teacher,@TheAmalaEkpunobi and her fans are smart enough to be vegan! Let's make sure they know it!,2023-03-07 03:30:09+00:00,5189,89,242,380,0.23421052631578948,4.269662921348314,13.702062054345731
That Vegan Teacher,Good dads protect their daughter’s vegan virginity; they don’t bring corpses into their lives.,2023-03-07 17:34:01+00:00,18283,262,148,105,2.4952380952380953,0.40076335877862596,2.8168243723677735
That Vegan Teacher,"@BenShapiro's livestream is full of meat-heads, but we still have hope for him! Be vegan again, Ben!",2023-03-08 01:00:06+00:00,5529,80,242,691,0.11577424023154848,8.6375,18.321577138723097
That Vegan Teacher,How long does it take to become vegan?,2023-03-08 02:14:29+00:00,7518,159,83,2,79.5,0.012578616352201259,3.245544027666933
That Vegan Teacher,TikTok Questions: How old are you?,2023-03-08 02:15:35+00:00,14653,356,137,5,71.2,0.014044943820224719,3.398621442707978
That Vegan Teacher,Firefighters are not rescuing plants.,2023-03-08 02:16:42+00:00,16240,357,157,32,11.15625,0.0896358543417367,3.362068965517241
That Vegan Teacher,Your veganphobia is showing.,2023-03-08 02:17:59+00:00,21348,308,202,400,0.77,1.2987012987012987,4.262694397601649
That Vegan Teacher,This is not food. This was SOMEONE who wanted to live. Join challenge22.com for free help.,2023-03-08 12:00:43+00:00,13473,148,342,638,0.23197492163009403,4.3108108108108105,8.37230015586729
That Vegan Teacher,TikTok Today: Yes Vegan Chocolate Exists!,2023-03-09 17:57:56+00:00,7998,129,266,417,0.30935251798561153,3.2325581395348837,10.152538134533634
That Vegan Teacher,🌽🥕🍐🍎🥑 Responding to your cool and crazy comments from bed. 🥦🍋🍉🍊🍇,2023-03-10 17:15:06+00:00,7775,110,413,600,0.18333333333333332,5.454545454545454,14.443729903536978
That Vegan Teacher,@CosmicSkeptic Your IBS Is Not The Animals' Fault; 21 Ethical Things You Should Have Done.,2023-03-11 22:52:51+00:00,7732,138,289,453,0.304635761589404,3.282608695652174,11.381272633212623
That Vegan Teacher,Where “Food” Comes From,2023-03-12 15:00:10+00:00,8499,107,411,49,2.183673469387755,0.45794392523364486,6.6713731027179675
That Vegan Teacher,Example of excellent parenting.,2023-03-12 17:21:24+00:00,16098,303,150,149,2.033557046979866,0.49174917491749176,3.7395949807429494
That Vegan Teacher,@CosmicSkeptic  gets no sympathy from That Vegan Teacher,2023-03-13 12:57:34+00:00,10507,174,88,64,2.71875,0.367816091954023,3.1026934424669266
That Vegan Teacher,Focus on the victims - not on yourself.,2023-03-13 14:42:51+00:00,18647,235,357,104,2.2596153846153846,0.4425531914893617,3.7325038880248838
That Vegan Teacher,"Young Lady from Taiwan Recognizes Me & Says She's ""Taking Baby Steps"" To Become Vegan.",2023-03-14 12:56:58+00:00,7440,131,250,406,0.3226600985221675,3.099236641221374,10.577956989247312
That Vegan Teacher,Mean Australian Kids Bully TikTok Animal Defender - But He Never Gives Up! Way To Go Andy!,2023-03-15 00:45:09+00:00,9059,109,347,387,0.28165374677002586,3.55045871559633,9.305662876697207
That Vegan Teacher,"Good News! You are still vegan, even if your dad won't ""let you"". Here's why.",2023-03-16 20:16:01+00:00,9555,259,110,127,2.0393700787401574,0.49034749034749037,5.190999476713762
That Vegan Teacher,"What I Saw When I Randomly Opened Twitter, Insta & YouTube Today - @vganbooty @Stefania.Ferrario",2023-03-16 23:20:58+00:00,6168,95,241,771,0.12321660181582361,8.115789473684211,17.94747081712062
That Vegan Teacher,@TheBlaireWhiteProject  What's In Their Intestines? Trans Woman Bashes Fat Acceptance Movement,2023-03-17 18:29:59+00:00,4436,63,96,176,0.35795454545454547,2.7936507936507935,7.5518485121731285
That Vegan Teacher,Vegan Kid Worries That She's Not Vegan Because Her Dad Won't Let Her Stop Eating Corpses,2023-03-17 22:54:08+00:00,15836,345,143,127,2.716535433070866,0.3681159420289855,3.883556453649912
That Vegan Teacher,@TheDrewBarrymoreShow & @dylanmulvaney7979 Why Are You On The Floor and What's In Your Intestines?,2023-03-18 00:30:10+00:00,8207,110,312,958,0.11482254697286012,8.709090909090909,16.814914097721456
That Vegan Teacher,LET'S GO! What To Buy And NOT To Buy At Walmart!!!,2023-03-19 03:45:07+00:00,24513,328,281,550,0.5963636363636363,1.6768292682926829,4.728103455309427
That Vegan Teacher,God Calls That Vegan Teacher and Admits He Effed-Up When He Created The Lions,2023-03-19 13:00:28+00:00,23254,224,809,1657,0.1351840675920338,7.397321428571429,11.567902296379117
That Vegan Teacher,Vegans Are Better Than You - That's Just A Fact. @DannyIshay @CosmicSkeptic,2023-03-19 17:38:07+00:00,7997,122,302,900,0.13555555555555557,7.377049180327869,16.55620857821683
That Vegan Teacher,"Jews, Christians, Walking on Water, Circumcision, Santa, Flat Earth & Would you be vegan for 100K?",2023-03-20 23:46:55+00:00,7732,93,434,224,0.41517857142857145,2.4086021505376345,9.7128815312985
That Vegan Teacher,Beautiful man realizes he no longer wants to pay for violence and aggression. 🍏🍌🍉🍇🍓🫐🥬,2023-03-21 11:35:37+00:00,7113,111,57,89,1.247191011235955,0.8018018018018018,3.613102769576831
That Vegan Teacher,Men should rise up. But so should women. @TheAmalaEkpunobi,2023-03-21 12:03:35+00:00,9251,133,47,3,44.333333333333336,0.022556390977443608,1.9781645227542968
That Vegan Teacher,"""Spamming"" vegan facts on right-wing news channels? Naw...We call it educating!",2023-03-21 19:36:35+00:00,5173,61,225,266,0.22932330827067668,4.360655737704918,10.670790643727045
That Vegan Teacher,Attention Seekers,2023-03-22 11:01:07+00:00,11616,236,180,87,2.7126436781609193,0.3686440677966102,4.330234159779614
That Vegan Teacher,What Is Missing?,2023-03-22 13:00:01+00:00,9677,155,56,156,0.9935897435897436,1.0064516129032257,3.792497674899246
That Vegan Teacher,@PeppaPigOfficial Is BACON and they're about to tell the kids!,2023-03-22 15:10:34+00:00,14897,190,395,764,0.2486910994764398,4.021052631578947,9.055514533127475
That Vegan Teacher,"Responding To Your Cool And Crazy Comments On TikTok Today: No, I'm Not Driving!",2023-03-23 01:19:47+00:00,4931,90,164,358,0.25139664804469275,3.977777777777778,12.411275603325898
That Vegan Teacher,Song: Heaven Is Vegan. It's Up To You To Create It.,2023-03-23 20:34:57+00:00,10038,134,139,135,0.9925925925925926,1.007462686567164,4.064554692169755
That Vegan Teacher,You Are Not The Victim. You're The Oppressor.,2023-03-23 21:00:07+00:00,9607,202,152,89,2.269662921348315,0.4405940594059406,4.611220984698657
That Vegan Teacher,"That Vegan Teacher Sniffs Around​ @AuxVivres  Restaurant In Montreal, Quebec, Canada",2023-03-23 22:28:51+00:00,5170,100,133,397,0.2518891687657431,3.97,12.18568665377176
That Vegan Teacher,Man? Woman? Sane? Vegan? What do you think?,2023-03-24 01:30:10+00:00,14722,111,306,65,1.7076923076923076,0.5855855855855856,3.274011683195218
That Vegan Teacher,Bella Vegan Dog is Still Alive! She’s Been Vegan Since August 2017. And You?,2023-03-24 16:38:18+00:00,9185,110,185,250,0.44,2.272727272727273,5.933587370713119
That Vegan Teacher,Gay Guy @amirxodom  Tells @TheAmalaEkpunobi  He's Had Enough of LGBTQIA Trans Silliness,2023-03-24 21:30:06+00:00,8141,108,219,273,0.3956043956043956,2.5277777777777777,7.370101953077017
That Vegan Teacher,@CosmicSkeptic Narcissistic Oxford Graduate ￼￼ thinks we can’t see the corpses in his belly,2023-03-26 00:28:16+00:00,4088,69,31,84,0.8214285714285714,1.2173913043478262,4.500978473581213
That Vegan Teacher,Why is @WhatIveLearned so afraid of @HappyHealthyVegan people? Why lie so much?,2023-03-26 01:01:10+00:00,9384,122,478,352,0.3465909090909091,2.8852459016393444,10.144927536231885
That Vegan Teacher,She thinks she needs a “big boy”. But does she? Really?,2023-03-26 01:59:11+00:00,13270,256,174,76,3.3684210526315788,0.296875,3.813112283345893
That Vegan Teacher,"Black woman denies being “oppressed” - but is she, herself oppressing anyone?",2023-03-26 02:15:53+00:00,7379,80,36,64,1.25,0.8,2.4393549261417538
That Vegan Teacher,Kid tells veganphobic mom to eff off.,2023-03-26 02:40:06+00:00,284712,5579,2241,13926,0.40061754990664944,2.4961462627711057,7.637893731209082
That Vegan Teacher,@kallmekris @ryancomedyvids and @benoftheweek Time to speak out against this cruelty,2023-03-27 13:07:01+00:00,8284,90,64,3,30.0,0.03333333333333333,1.895219700627716
That Vegan Teacher,Angry Trans Woman Kicks And Yells - Wants To Be Called Ma’am - Are Society’s Priorities Straight?,2023-03-27 13:07:58+00:00,10267,92,195,218,0.42201834862385323,2.369565217391304,4.918671471705465
That Vegan Teacher,Are @CosmicSkeptic and the Queen of England Related?,2023-03-27 23:16:47+00:00,5770,76,58,7,10.857142857142858,0.09210526315789473,2.4436741767764296
That Vegan Teacher,@CosmicSkeptic- The Ultimate Meathead,2023-03-27 23:26:37+00:00,8159,95,65,3,31.666666666666668,0.031578947368421054,1.9977938472852064
That Vegan Teacher,@CosmicSkeptic Why are you lying?,2023-03-27 23:40:29+00:00,6222,96,70,2,48.0,0.020833333333333332,2.700096432015429
That Vegan Teacher,"I Agree To Have My Photo Taken With Bartender Talia, After She Promises To Watch ""Don't Watch.org""!",2023-03-28 01:31:02+00:00,7437,117,87,444,0.2635135135135135,3.7948717948717947,8.713190802743041
That Vegan Teacher,"Crop Deaths, Feminism and Drinking Under A Cow",2023-03-29 01:30:02+00:00,11079,78,150,1384,0.05635838150289017,17.743589743589745,14.55004964346963
That Vegan Teacher,@JoeyCarbstrong is right. Canadians are hypocrites.,2023-03-29 18:12:07+00:00,6298,82,35,24,3.4166666666666665,0.2926829268292683,2.2388059701492535
That Vegan Teacher,@kallmekris @annaoop @SSSniperWolf @mirandasings women are no better than men,2023-03-29 18:38:14+00:00,11348,163,191,164,0.9939024390243902,1.0061349693251533,4.564681001057455
That Vegan Teacher,@kallmekris In the bathroom,2023-03-29 18:46:46+00:00,13767,231,151,272,0.8492647058823529,1.1774891774891776,4.7504903028982355
That Vegan Teacher,Gay man wants LGB to split from QIA Community #lgbtqia #trans,2023-03-29 19:44:59+00:00,11976,179,44,28,6.392857142857143,0.1564245810055866,2.0958583834335336
That Vegan Teacher,Are race and gender social constructs? @thecommentsectiontcs,2023-03-29 19:57:13+00:00,16947,204,90,1,204.0,0.004901960784313725,1.7407210715760901
That Vegan Teacher,My Lunch Today,2023-03-31 03:00:14+00:00,18397,409,209,2,204.5,0.004889975550122249,3.3701146926129257
That Vegan Teacher,Oh No! @upRootNutrition Is Mad At @davidramms and Apparently So Are @AviMD &@AskYourself WHY??,2023-04-01 00:00:09+00:00,4383,85,113,235,0.3617021276595745,2.764705882352941,9.879078256901666
That Vegan Teacher,Vegan bodybuilder @NimaiDelgado tells us not to be afraid to join him at the gym.,2023-04-02 02:56:44+00:00,8556,127,103,363,0.349862258953168,2.858267716535433,6.93080878915381
That Vegan Teacher,Should we spend our Canadian tax dollars on this? @kallmekris @benoftheweek  @BenShapiro,2023-04-02 03:30:06+00:00,6824,114,131,359,0.31754874651810583,3.1491228070175437,8.851113716295428
That Vegan Teacher,Why is @IsaacButterfield using @VeganGains and @vganbooty @ThatVeganTeacherYouTube as clickbait?,2023-04-03 01:45:08+00:00,8006,104,216,654,0.15902140672782875,6.288461538461538,12.16587559330502
That Vegan Teacher,President Trump speaks with his intestines full of corpses.,2023-04-03 15:18:48+00:00,10738,147,116,2,73.5,0.013605442176870748,2.4678711119389085
That Vegan Teacher,Oppressor thinks she’s oppressed while the innocent lay mangled in her intestines.,2023-04-03 15:29:48+00:00,10647,157,79,126,1.246031746031746,0.802547770700637,3.4000187846341694
That Vegan Teacher,Cruel Veganphobic Comment of the Day.,2023-04-04 00:20:28+00:00,13200,152,283,1630,0.09325153374233129,10.723684210526315,15.643939393939393
That Vegan Teacher,Thanks for the compliment!,2023-04-04 18:34:40+00:00,10712,243,127,72,3.375,0.2962962962962963,4.12621359223301
That Vegan Teacher,"It's a boy! It's a girl! Nope! We're not telling you! It's a ""Theyby,"" not a Baby! @BenShapiro",2023-04-05 00:10:57+00:00,17103,185,380,976,0.18954918032786885,5.275675675675676,9.01011518447056
That Vegan Teacher,"No, you’re not a good person, @TheCommentsSection",2023-04-05 21:00:59+00:00,5943,101,66,3,33.666666666666664,0.0297029702970297,2.8605081608615177
That Vegan Teacher,@TheCommentsSection All good people must strive to be as vegan as possible.,2023-04-05 21:03:37+00:00,9777,160,155,3,53.333333333333336,0.01875,3.2525314513654493
That Vegan Teacher,@JordanBPeterson wins the Christian Hypocrite of the Year Award,2023-04-07 19:21:33+00:00,5347,91,65,2,45.5,0.02197802197802198,2.954927997007668
That Vegan Teacher,@BenShapiro watches baby boys having their private parts cut off,2023-04-07 19:40:55+00:00,9061,169,81,2,84.5,0.011834319526627219,2.7811499834455358
That Vegan Teacher,@TheCommentsSection You’re not  a baby cow cow,2023-04-08 01:02:38+00:00,13787,198,108,294,0.673469387755102,1.4848484848484849,4.351925727134257
That Vegan Teacher,Come Eat Lunch At Lola Rosa Downtown Montreal,2023-04-08 22:45:50+00:00,14708,216,110,1835,0.11771117166212534,8.49537037037037,14.6926842534675
That Vegan Teacher,What Being Vegan Means,2023-04-09 00:00:25+00:00,7481,158,63,47,3.3617021276595747,0.2974683544303797,3.582408768881166
That Vegan Teacher,Why Are Vegetarians The Enemy?,2023-04-09 01:00:01+00:00,13568,256,132,68,3.764705882352941,0.265625,3.3608490566037736
That Vegan Teacher,Animals Are Not Food,2023-04-09 02:00:29+00:00,14614,290,155,148,1.9594594594594594,0.5103448275862069,4.0577528397427125
That Vegan Teacher,@DailyWirePlus @BenShapiro,2023-04-10 22:19:31+00:00,5301,110,35,3,36.666666666666664,0.02727272727272727,2.791926051688361
That Vegan Teacher,@TheAmalaEkpunobi come join the right side of history!,2023-04-10 22:25:33+00:00,8164,134,49,2,67.0,0.014925373134328358,2.2660460558549733
That Vegan Teacher,There are 2 genders I invite you to think about: bulls & cows. Stop paying for their sex@al ass@ault,2023-04-10 22:32:22+00:00,7262,109,122,32,3.40625,0.29357798165137616,3.6215918479757643
That Vegan Teacher,"Come out of the closet. Be vegan again, the way you were meant to be, the way you were born.",2023-04-10 22:38:29+00:00,13037,164,120,3,54.666666666666664,0.018292682926829267,2.201426708598604
That Vegan Teacher,@realmishapetrov Thank you for ￼ your sanity and for staying vegan.,2023-04-10 22:49:08+00:00,12737,197,84,0,,0.0,2.2061709978801916
That Vegan Teacher,Why I'm Getting Rid of The Photos @benoftheweek Gave Me,2023-04-11 10:21:30+00:00,25352,204,141,968,0.21074380165289255,4.745098039215686,5.179078573682549
That Vegan Teacher,Dog lovers shouldn’t eat animals.￼,2023-04-12 01:06:36+00:00,12677,250,87,34,7.352941176470588,0.136,2.9265599116510215
That Vegan Teacher,Please don’t approach me to tell me about all the corpses in your belly.,2023-04-12 01:19:19+00:00,21900,452,217,151,2.993377483443709,0.334070796460177,3.744292237442922
That Vegan Teacher,"Transpeople are ok, but if they have corpses in their intestines they’re not the real victims here.",2023-04-13 19:54:07+00:00,21167,379,208,388,0.9768041237113402,1.0237467018469657,4.606226673595691
That Vegan Teacher,@TheCommentsSection why are you lying to your audience?,2023-04-17 08:28:00+00:00,13080,201,47,5,40.2,0.024875621890547265,1.9342507645259936
That Vegan Teacher,Nothing Tastes As Good As Being Vegan Feels!,2023-04-17 20:43:24+00:00,18797,308,108,400,0.77,1.2987012987012987,4.341118263552694
That Vegan Teacher,This is a social experiment to see how long you can concentrate for.,2023-04-18 19:30:40+00:00,12909,268,94,274,0.9781021897810219,1.0223880597014925,4.926795259121543
That Vegan Teacher,"Responding To Your Cool and Crazy Comments - What do you mean ""Keep going, I'm almost finished""?",2023-04-19 14:42:06+00:00,12488,179,143,613,0.29200652528548127,3.4245810055865924,7.487187700192184
That Vegan Teacher,Have A Giant Pot Of Lentils,2023-04-19 19:45:18+00:00,15745,378,74,112,3.375,0.2962962962962963,3.582089552238806
That Vegan Teacher,Bella Vegan Dog Making New Friends In Italy,2023-04-19 21:00:16+00:00,16049,318,61,58,5.482758620689655,0.18238993710691823,2.7229110848027918
That Vegan Teacher,Will Andrew learn the truth?,2023-04-20 02:41:38+00:00,11864,175,9,32,5.46875,0.18285714285714286,1.8206338503034392
That Vegan Teacher,@TeacherTherapy's Channel Reminds Parents and School Board Officials How Inept They Are,2023-04-20 20:39:52+00:00,6633,81,104,207,0.391304347826087,2.5555555555555554,5.909844715814865
That Vegan Teacher,Imagine If You Were The Victim. Just Try.,2023-04-21 18:46:49+00:00,9983,140,95,601,0.23294509151414308,4.292857142857143,8.374236201542622
That Vegan Teacher,💚 Vegan Dogs In Italy? 💚,2023-04-24 20:58:37+00:00,5457,103,101,511,0.20156555772994128,4.961165048543689,13.102437236576876
That Vegan Teacher,Trans animal-eater thinks he should be allowed to shoot women who say they’re uncomfortable.,2023-04-25 14:16:37+00:00,14764,282,68,125,2.256,0.4432624113475177,3.217285288539691
That Vegan Teacher,Why Teachers Are Quitting - Lack of consequences for kids + Should parents get report cards too?,2023-04-25 16:23:59+00:00,5844,84,69,143,0.5874125874125874,1.7023809523809523,5.065023956194388
That Vegan Teacher,Responding To Comments - Apparently Anime Fans Cannot Be Vegan?! @POPSAnime,2023-04-26 16:12:30+00:00,7476,110,152,529,0.20793950850661624,4.8090909090909095,10.580524344569287
That Vegan Teacher,"Should cats exist? If not vegan, they should either be veganized or euthanized. Choose one.",2023-04-27 11:00:33+00:00,39516,260,1346,2992,0.08689839572192513,11.507692307692308,11.635793096467253
That Vegan Teacher,Yes! Your mother’s milk is vegan!!,2023-04-27 13:06:16+00:00,12768,270,51,42,6.428571428571429,0.15555555555555556,2.843045112781955
That Vegan Teacher,Bella Vegan Dog Today,2023-04-27 19:38:42+00:00,7667,98,106,238,0.4117647058823529,2.4285714285714284,5.764966740576496
That Vegan Teacher,Proof that most chiropractors have no spine: they can't stand up to adhere to a basic moral code,2023-04-28 09:00:38+00:00,22735,420,127,57,7.368421052631579,0.1357142857142857,2.656696723114141
That Vegan Teacher,"Why @arvindanimalactivist8192 Stopped Wearing Wool - No, it's NOT ""just a haircut"".",2023-04-28 13:50:21+00:00,11443,155,235,248,0.625,1.6,5.575460980512103
That Vegan Teacher,Aliens REJECT Non-Vegan Humans,2023-05-02 16:47:08+00:00,7452,117,147,537,0.21787709497206703,4.589743589743589,10.748792270531402
That Vegan Teacher,So Cringy,2023-05-02 23:00:32+00:00,10123,181,83,17,10.647058823529411,0.09392265193370165,2.7758569593993876
That Vegan Teacher,Stop pretending you want to give me the middle finger when all you want me to do is give you a hug.,2023-05-03 00:00:07+00:00,11367,249,168,45,5.533333333333333,0.18072289156626506,4.064396938506202
That Vegan Teacher,Do Not Be Afraid. You Can Be Vegan!,2023-05-03 01:00:04+00:00,9371,174,103,17,10.235294117647058,0.09770114942528736,3.1373385978017287
That Vegan Teacher,Let's Dance!,2023-05-03 02:00:23+00:00,15392,294,187,75,3.92,0.25510204081632654,3.6122661122661124
That Vegan Teacher,"@CosmicSkeptic ￼ Shame on you, Alex, for joining the enemy, and for hurting the innocent victims.",2023-05-03 12:42:52+00:00,5301,80,26,2,40.0,0.025,2.037351443123939
That Vegan Teacher,"@PiersMorganUncensored ￼ No, Piers, we don’t respect or admire you.",2023-05-03 12:58:44+00:00,8865,118,71,24,4.916666666666667,0.2033898305084746,2.4027072758037225
That Vegan Teacher,@TheAmalaEkpunobi speciesism is the first form of racism.,2023-05-03 13:15:09+00:00,12306,279,112,3,93.0,0.010752688172043012,3.201690232406956
That Vegan Teacher,Miss Kadie Teaches Italian Sentences in A Grocery Store!,2023-05-04 13:15:41+00:00,3823,69,96,95,0.7263157894736842,1.3768115942028984,6.8009416688464555
That Vegan Teacher,Are you an artist? Follow these instructions if you want to illustrate for an anti-bullying book.,2023-05-04 19:40:38+00:00,3495,56,44,207,0.27053140096618356,3.6964285714285716,8.783977110157368
That Vegan Teacher,Me Me Me,2023-05-05 04:55:59+00:00,12488,216,53,39,5.538461538461538,0.18055555555555555,2.4663677130044843
That Vegan Teacher,Do Not Breed Animals For Food,2023-05-05 06:00:04+00:00,12084,206,91,207,0.9951690821256038,1.0048543689320388,4.1708043694141015
That Vegan Teacher,About Eating Cats - This video has over 2.8 million views on TikTok.,2023-05-05 07:00:29+00:00,116592,3026,1076,1435,2.108710801393728,0.47422339722405815,4.749039385206532
That Vegan Teacher,It's Not Food It's Violence,2023-05-05 08:00:08+00:00,7123,77,111,281,0.27402135231316727,3.6493506493506493,6.5843043661378635
That Vegan Teacher,Should smokers be charged and shamed for the harm they do to the lungs their moms created for them?,2023-05-05 09:07:05+00:00,7208,89,137,590,0.15084745762711865,6.629213483146067,11.320754716981133
That Vegan Teacher,Shame on the new King for the grotesque costumes today!,2023-05-06 21:36:28+00:00,8067,119,125,145,0.8206896551724138,1.218487394957983,4.822114788645098
That Vegan Teacher,"Yes, You Can Have A Never-Ending Vegan Meal In Italy - And yes there's gum under the tables in Italy",2023-05-07 17:29:42+00:00,6994,123,91,254,0.484251968503937,2.065040650406504,6.691449814126393
That Vegan Teacher,Why 3.2 Million Views? What's Different About It? Do you have a hypothesis?,2023-05-09 14:56:52+00:00,6680,80,118,371,0.215633423180593,4.6375,8.517964071856287
That Vegan Teacher,"If you’re against oppression and want to protect the vulnerable, wtf aren’t you vegan yet? #trans",2023-05-09 15:44:43+00:00,9127,141,76,141,1.0,1.0,3.9224279609948502
That Vegan Teacher,@TheAmalaEkpunobi Time to be morally consistent.,2023-05-09 15:55:31+00:00,15010,260,51,4,65.0,0.015384615384615385,2.0986009327115256
That Vegan Teacher,Bella never did anything wrong... so why did they not want her to come into the dog park?,2023-05-11 06:59:23+00:00,7046,130,100,282,0.46099290780141844,2.169230769230769,7.266534203803577
That Vegan Teacher,"Vegan In Italy: Friendly Italian boys, garbage bins on streets, homelessness & Bella Vegan Dog.",2023-05-12 09:32:28+00:00,3220,75,44,115,0.6521739130434783,1.5333333333333334,7.267080745341616
That Vegan Teacher,💚💚💚💚 My Favourite Movie Of All Time! 💚💚💚💚,2023-05-12 19:16:31+00:00,5278,96,149,261,0.367816091954023,2.71875,9.586964759378553
That Vegan Teacher,What Do Broke Vegan Eat? Check out this facebook group!,2023-05-13 15:08:43+00:00,5156,88,84,148,0.5945945945945946,1.6818181818181819,6.2063615205585725
That Vegan Teacher,"@LibsofTikTok Who is inside this trans person's stomach, intestines and colon? Hopefully nobody!",2023-05-13 18:00:11+00:00,8623,122,136,321,0.38006230529595014,2.6311475409836067,6.714600487069465
That Vegan Teacher,Canadian Vegan in Italy - Appreciating the old buildings and streets.,2023-05-14 18:08:39+00:00,4025,65,48,203,0.32019704433497537,3.123076923076923,7.850931677018634
That Vegan Teacher,"If you care about justice, you must strive to be vegan.",2023-05-15 09:56:57+00:00,5648,90,54,3,30.0,0.03333333333333333,2.6026912181303117
That Vegan Teacher,Walking meditation leads That Vegan Teacher into a Catholic church where no vegans were found.,2023-05-15 19:21:11+00:00,5982,70,76,484,0.1446280991735537,6.914285714285715,10.531594784353059
That Vegan Teacher,Your rights end when you trample on the rights of others.,2023-05-16 19:59:16+00:00,9956,172,100,17,10.117647058823529,0.09883720930232558,2.902772197669747
That Vegan Teacher,My response to your weird comment: a spontaneous ukulele song,2023-05-16 20:07:48+00:00,14189,234,93,23,10.173913043478262,0.09829059829059829,2.46669955599408
That Vegan Teacher,@SSSniperWolf is jealous of vegans.,2023-05-17 08:50:13+00:00,33029,679,471,349,1.9455587392550144,0.5139911634756995,4.538435919949135
That Vegan Teacher,Walking meditation leads That Vegan Teacher into a surprise.,2023-05-17 20:57:05+00:00,3557,65,88,48,1.3541666666666667,0.7384615384615385,5.650829350576329
That Vegan Teacher,Everyone: stop focussing on yourselves. End racism towards animals. Go vegan. Watch Earthlings.com,2023-05-18 12:49:13+00:00,15048,202,183,161,1.2546583850931676,0.7970297029702971,3.628389154704944
That Vegan Teacher,@skyjackmorgan DESTROYS @Pointlesss,2023-05-19 21:51:21+00:00,9416,103,281,749,0.1375166889185581,7.271844660194175,12.032710280373832
That Vegan Teacher,There’s nothing funny about animal abuse. Drink oat milk. @TheAmalaEkpunobi,2023-05-20 05:04:33+00:00,13675,183,174,68,2.6911764705882355,0.37158469945355194,3.1078610603290677
That Vegan Teacher,Stop Listening To Rumours! Bella Vegan Dog Is Still Alive!,2023-05-21 16:21:52+00:00,9745,152,294,415,0.36626506024096384,2.7302631578947367,8.83530015392509
That Vegan Teacher,"When we see lifeless animals on the side of the road, it never occurs to us to eat them.",2023-05-22 13:34:30+00:00,7389,133,60,39,3.41025641025641,0.2932330827067669,3.1398024089863306
That Vegan Teacher,Truth: Women cannot be men. Men cannot be women. Everyone must strive to be vegan.,2023-05-22 13:49:09+00:00,9235,121,67,170,0.711764705882353,1.4049586776859504,3.876556578234976
That Vegan Teacher,￼ Lgbtq: stop complaining about being oppressed while you have corpses in your intestines,2023-05-23 11:27:01+00:00,11647,151,132,197,0.766497461928934,1.304635761589404,4.121232935519877
That Vegan Teacher,🏳️‍🌈 LGBTQ: 🏳️‍🌈 I am your new leader. 🏳️‍🌈,2023-05-23 11:45:09+00:00,29273,418,538,1052,0.3973384030418251,2.5167464114832536,6.859563420216581
That Vegan Teacher,Defend males from having their heads cut off: Be vegan. Now.,2023-05-23 11:56:04+00:00,18385,238,91,334,0.7125748502994012,1.403361344537815,3.6062007070981776
That Vegan Teacher,Vegans: Be honest. How do you REALLY feel about your non-vegan family members?,2023-05-23 20:43:05+00:00,4417,75,208,172,0.436046511627907,2.2933333333333334,10.301109350237718
That Vegan Teacher,"How to stay vegan in a veganphobic, non-vegan world.",2023-05-24 11:00:43+00:00,7003,105,235,230,0.45652173913043476,2.1904761904761907,8.13936884192489
That Vegan Teacher,Men need to get out of women's sports.,2023-05-25 16:00:10+00:00,10864,172,452,262,0.6564885496183206,1.5232558139534884,8.155375552282768
That Vegan Teacher,Vegan Regan Makes The Right Decision,2023-05-26 18:55:10+00:00,33896,560,457,367,1.5258855585831064,0.6553571428571429,4.083077649280151
That Vegan Teacher,Picking Up Poop: Why Do We Eat Pigs And Not Dogs?,2023-05-29 16:00:30+00:00,9625,91,355,315,0.28888888888888886,3.4615384615384617,7.906493506493506
That Vegan Teacher,@DannyIshay  @JoeyCarbstrong @VeganGains @DrFarazHarsini,2023-05-29 18:18:30+00:00,16195,319,196,20,15.95,0.06269592476489028,3.303488731089842
That Vegan Teacher,Responding To Your Cool And Crazy Comments While Walking Around Italy,2023-05-31 03:27:19+00:00,6667,90,228,402,0.22388059701492538,4.466666666666667,10.79946002699865
That Vegan Teacher,Vegans are allowed to kill in self-defence,2023-05-31 17:35:11+00:00,16569,328,240,51,6.431372549019608,0.15548780487804878,3.735892329048222
That Vegan Teacher,Confirmation Bias,2023-05-31 21:00:04+00:00,7925,78,223,232,0.33620689655172414,2.9743589743589745,6.725552050473187
That Vegan Teacher,"Women who decide to be men and cut off their boobs, should not be getting pregnant. #trans",2023-06-02 09:59:09+00:00,19011,284,351,28,10.142857142857142,0.09859154929577464,3.487454631529115
That Vegan Teacher,This teacher says it takes a village to raise a child… is he right?,2023-06-02 11:37:57+00:00,11925,201,67,3,67.0,0.014925373134328358,2.2725366876310273
That Vegan Teacher,Good Morning! Have you walked yet today?,2023-06-03 05:23:05+00:00,14601,209,248,6,34.833333333333336,0.028708133971291867,3.17101568385727
That Vegan Teacher,​Why Are Bible-Thumping Christians Like This? @CandaceOwensPodcast,2023-06-03 12:00:06+00:00,13561,172,495,760,0.22631578947368422,4.4186046511627906,10.522822800678416
That Vegan Teacher,Responding To Your Cool And Crazy TikTok Comments,2023-06-05 07:35:50+00:00,13321,166,403,175,0.9485714285714286,1.0542168674698795,5.585166278807898
That Vegan Teacher,What's Under The Under The Bridge In Italy?,2023-06-05 16:00:10+00:00,5472,73,279,170,0.4294117647058823,2.328767123287671,9.539473684210527
That Vegan Teacher,Bella Vegan Dog runs up and down the stairs in Italy at my mother-in-law‘s condo. ￼💚💛💜❤️💙🩵🧡,2023-06-06 19:39:17+00:00,8121,100,346,711,0.14064697609001406,7.11,14.247013914542544
That Vegan Teacher,"@realmishapetrov  Time to be an ethical vegan, & tell your audience they should be too. #money",2023-06-07 15:54:54+00:00,10470,148,63,4,37.0,0.02702702702702703,2.053486150907354
That Vegan Teacher,@dazgames Time to stop paying people to hurt animals and be vegan instead.,2023-06-07 16:05:57+00:00,7307,130,77,3,43.333333333333336,0.023076923076923078,2.873956480087587
That Vegan Teacher,@Dazgames is an important person. He should think long &  hard about this life-changing decision.,2023-06-07 16:20:31+00:00,13741,227,131,7,32.42857142857143,0.030837004405286344,2.6562841132377555
That Vegan Teacher,@Panchooooooooooooooo Why are you still tagging me and trying to suck up to get my approval?,2023-06-07 16:27:35+00:00,18552,271,227,380,0.7131578947368421,1.4022140221402215,4.732643380767572
That Vegan Teacher,Italian Pastry Shop Owner Serves Stolen Animal Secretions - Why?,2023-06-08 11:00:08+00:00,8000,95,391,472,0.20127118644067796,4.968421052631579,11.975
That Vegan Teacher,TikTok Today - Responding to your cool & crazy comments,2023-06-09 20:36:47+00:00,10832,125,613,1353,0.09238728750923873,10.824,19.303914327917283
That Vegan Teacher,Why Are Only Black Women Allowed To Be Topless On TikTok?,2023-06-12 21:39:01+00:00,9094,109,231,750,0.14533333333333334,6.8807339449541285,11.985924785572905
That Vegan Teacher,Accidental Crop Deaths,2023-06-12 23:00:09+00:00,4744,76,49,1,76.0,0.013157894736842105,2.6559865092748733
That Vegan Teacher,"Miss Kadie In Bed: No, Animals WON'T Overpopulate!",2023-06-13 01:00:32+00:00,20700,349,291,46,7.586956521739131,0.1318051575931232,3.3140096618357493
That Vegan Teacher,"""Plant-Based"" People",2023-06-13 03:00:13+00:00,8064,142,101,42,3.380952380952381,0.29577464788732394,3.5342261904761902
That Vegan Teacher,18+ Because apparently you're old enough to eat the corpses but not old enough to see how they die.,2023-06-13 06:13:36+00:00,7543,114,0,44,2.590909090909091,0.38596491228070173,2.094657298157232
That Vegan Teacher,Andrew Tate - Real men protect animals - they don't hurt them.,2023-06-13 16:06:39+00:00,18524,182,633,842,0.2161520190023753,4.626373626373627,8.945152234938458
That Vegan Teacher,Many teachers are suffering- including those experiencing veganphobia.,2023-06-13 16:53:04+00:00,14907,256,126,258,0.9922480620155039,1.0078125,4.293285033876702
That Vegan Teacher,Italy’s Garbage That Isn’t Garbage,2023-06-18 10:26:36+00:00,7224,120,250,228,0.5263157894736842,1.9,8.277962347729789
That Vegan Teacher,@PiersMorganUncensored invited me on his show. Should I go?,2023-06-19 14:30:39+00:00,11513,215,109,83,2.5903614457831323,0.386046511627907,3.5351341961261182
That Vegan Teacher,I control you.,2023-06-19 14:48:44+00:00,21332,383,628,570,0.6719298245614035,1.4882506527415145,7.411400712544534
That Vegan Teacher,Look Here: Do You See These Animals As Objects or As Sentient Beings?,2023-06-19 14:57:45+00:00,4943,74,226,528,0.14015151515151514,7.135135135135135,16.750960954885695
That Vegan Teacher,@TheAmalaEkpunobi Stop taking fathers away from their families & ripping off their skin.,2023-06-19 15:14:23+00:00,13719,208,118,28,7.428571428571429,0.1346153846153846,2.580363000218675
That Vegan Teacher,EP. 1 - The Best Vegan Art in the World - Today we examine: The Skool of Vegan.,2023-06-20 12:00:08+00:00,9951,110,411,362,0.30386740331491713,3.290909090909091,8.873480052256056
That Vegan Teacher,Fish Don't Want To Have A Hook In Their Mouth,2023-06-20 20:12:11+00:00,22561,386,421,50,7.72,0.12953367875647667,3.798590488010283
That Vegan Teacher,@IsaacButterfield You’re a FATHER now? That’s terrifying. All good men must strive to be vegan.,2023-06-21 20:56:39+00:00,15022,241,240,71,3.3943661971830985,0.2946058091286307,3.6746105711622956
That Vegan Teacher,@MichaelKnowles doesn’t understand the difference between being “woke” and AWAKE.,2023-06-22 12:00:57+00:00,5750,118,36,2,59.0,0.01694915254237288,2.7130434782608694
That Vegan Teacher,"@MichaelKnowles thinks it’s okay to rape, kidnap & murder those who aren’t as intelligent as him.",2023-06-22 12:29:14+00:00,5533,93,71,3,31.0,0.03225806451612903,3.0182541116934756
That Vegan Teacher,"@MichaelKnowles forgot that good Christians strive to NOT pay for rape, kidnapping and murder.",2023-06-22 13:13:50+00:00,4955,94,74,0,,0.0,3.390514631685167
That Vegan Teacher,@MichaelKnowles says “joy” & “unity” is all about ripping the body parts off of families.,2023-06-22 13:33:27+00:00,9203,122,89,0,,0.0,2.2927306313158753
That Vegan Teacher,Share This: The “Accidental Crop Death Argument” (with a song and dance) - in 60-seconds flat.,2023-06-23 08:28:36+00:00,28222,320,371,82,3.902439024390244,0.25625,2.7389979448657074
That Vegan Teacher,These Vegans Own A Restaurant But Don't Eat Their Pigs!,2023-06-23 13:35:00+00:00,8270,133,300,761,0.1747700394218134,5.7218045112781954,14.437726723095526
That Vegan Teacher,@kallmekris is depressed. I know what she needs.,2023-06-26 13:29:11+00:00,25596,202,517,773,0.2613195342820181,3.8267326732673266,5.829035786841694
That Vegan Teacher,"So you “support” black people, but you also want to keep a slave??",2023-06-26 14:17:50+00:00,17156,343,343,32,10.71875,0.09329446064139942,4.185124737701096
That Vegan Teacher,"@PiersMorganUncensored Thanks For The Offer, But I Won't Be Appearing On Your Show",2023-06-27 21:02:40+00:00,4438,93,224,299,0.3110367892976589,3.21505376344086,13.880126182965299
That Vegan Teacher,"Free The Nip, Shopping, TikTok Questions & Singing in French",2023-06-28 10:17:27+00:00,6037,83,168,154,0.538961038961039,1.855421686746988,6.708630114295181
That Vegan Teacher,Lazy Old People: Get To Work!,2023-06-28 19:39:29+00:00,10485,117,459,735,0.15918367346938775,6.282051282051282,12.503576537911302
That Vegan Teacher,⁠ @ElonMusk-FanZone and this trans guy thinks the word “cis” is a slur and should be banned.,2023-06-29 13:40:09+00:00,14542,199,61,1,199.0,0.005025125628140704,1.794801265300509
That Vegan Teacher,Cool sewing video & what our clothing SHOULD be made of.,2023-06-29 14:07:54+00:00,6402,105,169,246,0.4268292682926829,2.342857142857143,8.122461730709153
That Vegan Teacher,I Know What The End Of Your Life Will Be Like,2023-06-30 09:45:03+00:00,13279,131,343,432,0.30324074074074076,3.2977099236641223,6.822802921906771
That Vegan Teacher,Why Is your first reaction to be hateful instead of compassionate?,2023-07-03 12:25:03+00:00,4853,75,180,506,0.1482213438735178,6.746666666666667,15.681022048217596
That Vegan Teacher,"Way to go, society!",2023-07-03 13:11:56+00:00,16881,285,312,211,1.3507109004739337,0.7403508771929824,4.786446300574611
That Vegan Teacher,Affirmative action with vegetables!,2023-07-03 13:28:14+00:00,7181,113,76,1,113.0,0.008849557522123894,2.6458710486004735
That Vegan Teacher,@AwakenWithJP is too mentally weak to be vegan.,2023-07-03 22:21:44+00:00,11037,127,106,11,11.545454545454545,0.08661417322834646,2.2107456736432
That Vegan Teacher,@PiersMorganUncensored thinks it's okay to pin down mothers and steal their babies.,2023-07-04 05:42:47+00:00,11578,126,286,293,0.4300341296928328,2.3253968253968256,6.089134565555364
That Vegan Teacher,"No Kelly, I'm Not Afraid Of Trans People, As Long As They Don't Have Corpses In Their Bellies.",2023-07-04 06:04:17+00:00,14380,198,65,51,3.8823529411764706,0.25757575757575757,2.1835883171070933
That Vegan Teacher,Thank You For Telling Me I Changed Your Life! 💗,2023-07-04 08:00:09+00:00,7542,148,70,4,37.0,0.02702702702702703,2.94351630867144
That Vegan Teacher,There are many GOATs!,2023-07-04 10:00:12+00:00,7844,142,59,4,35.5,0.028169014084507043,2.6134625191228964
That Vegan Teacher,Why I wear the shirts I do.,2023-07-04 12:00:04+00:00,10553,193,95,2,96.5,0.010362694300518135,2.7480337344830854
That Vegan Teacher,"Yes, you're right! I AM, a ""nice lady"". 💗",2023-07-04 14:00:16+00:00,15529,321,258,323,0.9938080495356038,1.0062305295950156,5.808487346255394
That Vegan Teacher,She cries inside but she fights for the animals every day. Follow Tash Peterson on Instagram.,2023-07-04 18:41:22+00:00,11630,145,243,221,0.6561085972850679,1.5241379310344827,5.236457437661221
That Vegan Teacher,Vegan Meat on TikTok Today with chef Maya.,2023-07-05 06:51:32+00:00,9121,142,200,189,0.7513227513227513,1.3309859154929577,5.821730073456858
That Vegan Teacher,This Older Italian Lady Is Cruel,2023-07-05 18:53:20+00:00,19731,282,361,114,2.473684210526316,0.40425531914893614,3.8366023009477472
That Vegan Teacher,Wednesday's Meat Market in Italy,2023-07-05 21:17:48+00:00,16539,148,443,1029,0.14382896015549076,6.952702702702703,9.795029929258117
That Vegan Teacher,"Yes, This Is True!",2023-07-06 01:30:14+00:00,22749,383,244,98,3.9081632653061225,0.2558746736292428,3.1869532726713263
That Vegan Teacher,@kallmekris Changing From The Inside Out,2023-07-07 08:29:06+00:00,24752,150,432,1057,0.14191106906338694,7.046666666666667,6.621687136393019
That Vegan Teacher,"I’d love to subscribe to your show, except that I don’t respect you.",2023-07-07 10:19:00+00:00,6395,134,110,109,1.2293577981651376,0.8134328358208955,5.519937451133698
That Vegan Teacher,Time to stop following the crowd. @PsycheMatters @JordanBPeterson,2023-07-07 10:39:55+00:00,8138,127,64,3,42.333333333333336,0.023622047244094488,2.3838781027279428
That Vegan Teacher,"If you’re not striving to be vegan, you’re a selfish narcissist. Watch Earthlings on YouTube.",2023-07-07 15:15:00+00:00,9872,161,129,37,4.351351351351352,0.22981366459627328,3.3123987034035656
That Vegan Teacher,Simon wants to teach empathy with his intestines full of corpses. Google WatchDominion.com,2023-07-07 15:27:53+00:00,16141,234,201,69,3.391304347826087,0.2948717948717949,3.1224831175267953
That Vegan Teacher,"@skyjackmorgan defends ""vegan"" @BillieEilish. Do you?",2023-07-08 10:18:44+00:00,16823,177,500,442,0.4004524886877828,2.4971751412429377,6.651607917731677
That Vegan Teacher,Allow babies to maintain their vegan virginity.,2023-07-10 20:40:13+00:00,7309,90,401,271,0.33210332103321033,3.011111111111111,10.425502804761253
That Vegan Teacher,@DieMilitanteVeganerin Is Hitting Europe By Storm!,2023-07-11 05:00:05+00:00,5590,117,164,189,0.6190476190476191,1.6153846153846154,8.407871198568873
That Vegan Teacher,@realmishapetrov FAILS Gender Studies Class!,2023-07-11 14:00:07+00:00,19131,170,475,1096,0.1551094890510949,6.447058823529412,9.100412942344885
That Vegan Teacher,Menkay's Talent Amazes Me,2023-07-12 21:55:50+00:00,8877,118,331,266,0.44360902255639095,2.2542372881355934,8.054522924411401
That Vegan Teacher,There are 7 vegans on this beach... Who is who?,2023-07-13 20:18:30+00:00,6764,87,245,532,0.16353383458646617,6.114942528735632,12.773506800709638
That Vegan Teacher,Andrew Tate needs to step up and be a REAL man - like Chris Delforce from @FarmTransparencyProject,2023-07-14 21:04:50+00:00,15887,135,497,1115,0.1210762331838565,8.25925925925926,10.99641216088626
That Vegan Teacher,Animals Should Not Be Bred!,2023-07-15 19:00:02+00:00,7002,121,83,3,40.333333333333336,0.024793388429752067,2.956298200514139
That Vegan Teacher,The Only Bad People In This Scenario Is Those Who Paying People To Hurt Animals,2023-07-15 21:00:32+00:00,8567,113,96,0,,0.0,2.439593790124898
That Vegan Teacher,My Job Is To Make You Aware That You Should Be Vegan,2023-07-15 23:00:13+00:00,8012,126,78,1,126.0,0.007936507936507936,2.5586620069895156
That Vegan Teacher,We Are Not Telling The Lions What To Eat,2023-07-16 01:00:09+00:00,10159,141,115,3,47.0,0.02127659574468085,2.5494635298749877
That Vegan Teacher,It Is Disgusting Either Way,2023-07-16 05:00:11+00:00,16059,269,182,2,134.5,0.007434944237918215,2.820848122548104
That Vegan Teacher,TikTok Today: Responding To Your Cool And Crazy Comments,2023-07-16 09:32:07+00:00,9262,149,289,565,0.26371681415929205,3.791946308724832,10.82919455841071
That Vegan Teacher,3-Minute Garage Rants - Episode 1,2023-07-17 14:00:07+00:00,7266,100,499,665,0.15037593984962405,6.65,17.396091384530692
That Vegan Teacher,"Hi Amala! It’s me, Miss Kadie. Have you seen this documentary yet?",2023-07-18 09:23:47+00:00,17123,216,142,39,5.538461538461538,0.18055555555555555,2.318518951118379
That Vegan Teacher,I don't believe you. You're not telling the truth.,2023-07-18 11:31:51+00:00,12180,133,458,577,0.23050259965337955,4.338345864661654,9.589490968801313
That Vegan Teacher,Goats Are Better Than Us,2023-07-19 05:53:12+00:00,14058,160,624,919,0.17410228509249184,5.74375,12.114098733817045
That Vegan Teacher,@kallmekris continues to joke about harming animals,2023-07-19 14:46:21+00:00,20592,271,368,405,0.6691358024691358,1.4944649446494465,5.06993006993007
That Vegan Teacher,@BenShapiro thinks he’s better than Andrew Tate.,2023-07-19 14:57:07+00:00,9576,121,50,2,60.5,0.01652892561983471,1.8065998329156223
That Vegan Teacher,Harvard professor reminds people that I’m right.,2023-07-19 15:18:58+00:00,10247,139,54,31,4.483870967741935,0.22302158273381295,2.1860056601932274
That Vegan Teacher,"@realmishapetrov saw the documentary, Dominion Movement. Did you?",2023-07-19 16:09:58+00:00,36768,571,333,596,0.9580536912751678,1.043782837127846,4.079634464751958
That Vegan Teacher,This woman prefers black men to white men. Because …,2023-07-19 16:21:06+00:00,33712,478,237,305,1.5672131147540984,0.6380753138075314,3.02562885619364
That Vegan Teacher,Name the Trait? Name the Fate! @upRootNutrition @JoeyCarbstrong TRASH Andrew Tate's Brother,2023-07-22 10:55:37+00:00,9986,102,366,257,0.3968871595330739,2.519607843137255,7.260164229921891
That Vegan Teacher,@PiersMorganUncensored Wives Who Consume Meat Sticks Are A Cancer to Society,2023-07-24 11:48:22+00:00,21138,248,213,351,0.7065527065527065,1.4153225806451613,3.841423029614911
That Vegan Teacher,Leave Taylor Swift Out Of Your Rabbit Hole!,2023-07-24 18:57:37+00:00,28041,388,387,506,0.766798418972332,1.3041237113402062,4.568310687921258
That Vegan Teacher,YouTube people are sooooooo much smarter and nicer than TikTok people!,2023-07-25 12:32:04+00:00,12697,218,148,150,1.4533333333333334,0.6880733944954128,4.063952114672757
That Vegan Teacher,Ep.2  ￼YouTube people are soooo much smarter than TikTok people.,2023-07-25 12:42:59+00:00,12695,231,114,280,0.825,1.2121212121212122,4.923198109491926
That Vegan Teacher,Ep.3 Smart & kind YouTube kid thinks I should iron my face before defending animals.,2023-07-25 12:52:02+00:00,17897,275,231,278,0.9892086330935251,1.010909090909091,4.380622450690059
That Vegan Teacher,Ep. 4 Amazing YouTube commenter told a little fib & needs his mommy to help him be braver.,2023-07-25 12:58:52+00:00,30006,396,448,177,2.23728813559322,0.44696969696969696,3.4026528027727787
That Vegan Teacher,"No, Bella doesn't just eat ""random snacks"": Veganphobic liars are weird.",2023-07-25 14:15:31+00:00,11256,124,552,894,0.13870246085011187,7.209677419354839,13.948116560056858
That Vegan Teacher,"VEGETARIAN TURNS VEGAN IN SAVONA, ITALY!",2023-07-26 12:00:02+00:00,9738,116,311,504,0.23015873015873015,4.344827586206897,9.560484699116861
That Vegan Teacher,"Dear vegetarians, being vegan is easy. Stop stealing milk and eggs from animals.",2023-07-28 03:56:48+00:00,8498,105,298,1011,0.10385756676557864,9.628571428571428,16.639209225700164
That Vegan Teacher,Subscribe to: @upRootNutrition for interesting discussions. Tell him I sent you. ✅,2023-07-28 08:02:41+00:00,10152,129,54,2,64.5,0.015503875968992248,1.822301024428684
That Vegan Teacher,Should you stay single?,2023-07-28 08:02:49+00:00,14387,151,71,122,1.2377049180327868,0.8079470198675497,2.391047473413498
That Vegan Teacher,"When will “The Offensive Tranny”, @marcusdib come out of the closet as a vegan?",2023-07-28 08:48:21+00:00,18733,222,223,7,31.714285714285715,0.03153153153153153,2.412854321251268
That Vegan Teacher,Are you God or something?,2023-07-28 09:21:03+00:00,34345,576,608,657,0.8767123287671232,1.140625,5.36031445625273
That Vegan Teacher,"Vegans Protect Everyone: the Planet, Animals and Themselves!",2023-07-28 22:35:26+00:00,12334,122,526,1340,0.09104477611940298,10.98360655737705,16.11804767309875
That Vegan Teacher,This is why I disowned my son. @PsychoSoprano @ryancomedyvids,2023-07-30 14:14:52+00:00,57033,962,638,1464,0.657103825136612,1.521829521829522,5.372328301158978
That Vegan Teacher,"I’ll say what I want to say, no matter how hard you try to cancel me. I’m here to end the holocaust",2023-07-31 15:13:37+00:00,28587,402,240,673,0.5973254086181278,1.6741293532338308,4.599993003812922
That Vegan Teacher,I’m hyped? Okaaaayyy….,2023-07-31 15:38:31+00:00,39173,544,420,808,0.6732673267326733,1.4852941176470589,4.523523855716948
That Vegan Teacher,"Holocaust On July 31, 2023: 190 Pigs Die on Highway in Spain. Don't Eat Bacon and This Won't Happen.",2023-08-01 20:24:04+00:00,6427,80,321,803,0.099626400996264,10.0375,18.733468181110936
That Vegan Teacher,Ep.10 - What Broke Vegans Eat on Facebook!,2023-08-02 10:16:40+00:00,10687,129,337,1122,0.11497326203208556,8.69767441860465,14.859174698231495
That Vegan Teacher,Mister Potato Head Peels Off The Layers & Exposes You,2023-08-05 08:06:34+00:00,4997,68,179,624,0.10897435897435898,9.176470588235293,17.43045827496498
That Vegan Teacher,Home Sweet Home,2023-08-06 22:05:28+00:00,5216,73,137,403,0.18114143920595532,5.52054794520548,11.752300613496933
That Vegan Teacher,@IsaacButterfield Leave your son’s vegan virginity intact.,2023-08-07 12:11:32+00:00,24999,291,327,240,1.2125,0.8247422680412371,3.43213728549142
That Vegan Teacher,@IsaacButterfield Your vegan son has been calling me on his baby monitor.,2023-08-07 12:24:57+00:00,24382,317,332,1654,0.19165659008464328,5.217665615141956,9.445492576490853
That Vegan Teacher,"Funny pre-vegan @realmishapetrov makes fun of mixed up ""woke people"" .",2023-08-07 13:35:49+00:00,6511,94,128,295,0.31864406779661014,3.1382978723404253,7.940408539394871
That Vegan Teacher,Oh No! He's Upset With Me! @IsaacButterfield,2023-08-07 17:13:40+00:00,39091,314,1281,2691,0.11668524712002973,8.570063694267516,10.96416054846384
That Vegan Teacher,Spamming @BenShapiro to educate his audience about their terrible habits.,2023-08-09 14:12:06+00:00,7963,65,184,995,0.06532663316582915,15.307692307692308,15.622252919753862
That Vegan Teacher,"The Morgues and Cemeteries of Liguria, Italy",2023-08-10 05:48:33+00:00,10794,106,510,414,0.2560386473429952,3.9056603773584904,9.542338336112655
That Vegan Teacher,⁠@TheBlaireWhiteProject @BlaireWhiteX is a horrible human.,2023-08-11 09:00:35+00:00,25852,341,264,1010,0.33762376237623765,2.961876832844575,6.247098870493579
That Vegan Teacher,Cobalt? Cholesterol? Is Your Phone Vegan?!,2023-08-13 16:46:32+00:00,12677,155,513,617,0.25121555915721233,3.9806451612903224,10.136467618521733
That Vegan Teacher,Your weight problem is not the animals’ fault.,2023-08-15 15:09:11+00:00,26817,359,402,1871,0.19187600213789419,5.211699164345404,9.814669799008092
That Vegan Teacher,Thou shalt not steal the lives of animals.,2023-08-15 18:30:20+00:00,26535,430,415,959,0.4483837330552659,2.230232558139535,6.798567929150179
That Vegan Teacher,There were skeletons everywhere!,2023-08-15 18:47:13+00:00,34258,543,515,1429,0.3799860041987404,2.6316758747697975,7.259618191371358
That Vegan Teacher,Have @SSSniperWolf & @DharMann changed since we last spoke?,2023-08-15 20:00:10+00:00,50008,607,1485,1782,0.34062850729517397,2.9357495881383855,7.746760518317069
That Vegan Teacher,Veganphobic Family REFUSED to eat at his no-cruelty wedding!,2023-08-16 20:00:06+00:00,9398,122,478,273,0.4468864468864469,2.237704918032787,9.289210470312833
That Vegan Teacher,ASMR: Watch until the end. Rock tower in Italy. Who or what will collapse this?,2023-08-17 10:22:08+00:00,6170,90,80,220,0.4090909090909091,2.4444444444444446,6.3209076175040515
That Vegan Teacher,@BryanJohnson Is Vegan! Watch DominionMovement.com,2023-08-17 13:15:20+00:00,32600,476,235,312,1.5256410256410255,0.6554621848739496,3.138036809815951
That Vegan Teacher,"For personalized messages to carnists, classmates or creeps book me on cameo! Let’s go!",2023-08-18 12:01:36+00:00,34722,467,426,780,0.5987179487179487,1.6702355460385439,4.8182708369333564
That Vegan Teacher,That Vegan Teacher Goes Fishing in Italy,2023-08-18 17:55:04+00:00,10216,140,195,865,0.16184971098265896,6.178571428571429,11.746280344557556
That Vegan Teacher,Italy's Little Angel,2023-08-19 20:57:23+00:00,9612,115,197,450,0.25555555555555554,3.9130434782608696,7.927590511860175
That Vegan Teacher,Vegan Men & Free Watermelon In Italy! 🍉,2023-08-20 17:19:37+00:00,8354,111,255,288,0.3854166666666667,2.5945945945945947,7.828585108929855
That Vegan Teacher,Behind The TikTok Scene,2023-08-21 19:30:35+00:00,3192,48,136,106,0.4528301886792453,2.2083333333333335,9.085213032581454
That Vegan Teacher,British nurse who unalived 7 babies looks like you,2023-08-22 19:40:20+00:00,15219,154,489,778,0.19794344473007713,5.0519480519480515,9.337012944345883
That Vegan Teacher,Cool ASMR Vegan Cooking @WeCookVegan,2023-08-23 15:58:23+00:00,8397,120,313,240,0.5,2.0,8.014767178754317
That Vegan Teacher,@parispoptart Stop eating innocent animals who never did anything wrong to you.,2023-08-23 16:29:05+00:00,36836,441,631,1409,0.3129879347054649,3.195011337868481,6.735258985774785
That Vegan Teacher,Episode 1. Learn Italian With That Vegan Teacher In Italy!,2023-08-24 17:45:15+00:00,6812,74,144,238,0.31092436974789917,3.2162162162162162,6.6940692894891365
That Vegan Teacher,Is @JordanBPeterson really that stupid?,2023-08-25 12:29:41+00:00,11664,195,95,255,0.7647058823529411,1.3076923076923077,4.672496570644719
That Vegan Teacher,Learn Italian With That Vegan Teacher 🇮🇹 #italianlesson #italia #imparareitaliano,2023-08-26 11:41:47+00:00,30504,385,147,500,0.77,1.2987012987012987,3.383162863886703
That Vegan Teacher,EP. 49 Responding to Your Amazing Comments: @LATFA. Leave Animals The Fawq Alone,2023-08-26 17:34:01+00:00,8840,114,372,205,0.5560975609756098,1.7982456140350878,7.816742081447964
That Vegan Teacher,"Episode 2. Learn Italian With That Vegan Teacher: Prepositions, Veggies and Fruits.",2023-08-28 21:15:16+00:00,2707,35,79,50,0.7,1.4285714285714286,6.058367196158108
That Vegan Teacher,Cruel Coward! You're Out Of The Family Will! @ryancomedyvids,2023-08-29 15:15:16+00:00,14438,157,325,1442,0.108876560332871,9.184713375796179,13.325945421803572
That Vegan Teacher,Stop Riding Horses @RaleighLink,2023-08-29 23:00:15+00:00,12538,130,484,1566,0.08301404853128991,12.046153846153846,17.387143085021535
That Vegan Teacher,"Narcissists, Meat-Heads and Veganphantastic People.",2023-08-31 18:41:18+00:00,6101,80,298,399,0.20050125313283207,4.9875,12.73561711194886
That Vegan Teacher,@DirectActionEverywhere:Leading The Way To Freedom. Will you be joining them?,2023-09-01 20:37:19+00:00,4482,64,238,221,0.2895927601809955,3.453125,11.668897813476127
That Vegan Teacher,Stretching With That Vegan Teacher,2023-09-03 05:51:55+00:00,5769,97,144,165,0.5878787878787879,1.7010309278350515,7.03761483792685
That Vegan Teacher,All of his videos should be TV commercials - paid for by the government!,2023-09-04 10:14:00+00:00,6376,105,245,796,0.13190954773869346,7.580952380952381,17.973651191969886
That Vegan Teacher,Look Who I Found!,2023-09-05 21:07:33+00:00,4538,87,132,203,0.42857142857142855,2.3333333333333335,9.299250771264875
That Vegan Teacher,Thanks For Coming To My Live Today! ❤️,2023-09-06 16:47:36+00:00,45446,627,466,232,2.7025862068965516,0.3700159489633174,2.915548123047133
That Vegan Teacher,Responding To Your Cool And Crazy Comments From Europe,2023-09-06 20:29:25+00:00,5527,90,169,229,0.3930131004366812,2.5444444444444443,8.829383028767866
That Vegan Teacher,Is your activism as awesome as this? @AnonymousfortheVoiceless,2023-09-07 22:00:59+00:00,3984,61,98,172,0.3546511627906977,2.819672131147541,8.308232931726907
That Vegan Teacher,Is your birthday coming up? Book Miss Kadie on Cameo! 💗 Cameo.com/ThatVeganTeacher ✅,2023-09-08 09:06:33+00:00,5792,63,111,723,0.08713692946058091,11.476190476190476,15.486878453038674
That Vegan Teacher,Need a pep talk? Book Miss Kadie on cameo.com/ThatVeganTeacher 🩵💙🩷🧡💛❤️💜💚,2023-09-09 23:22:32+00:00,3526,45,45,13,3.4615384615384617,0.28888888888888886,2.9211571185479297
That Vegan Teacher,Need a gift for a vegan friend? Book Miss Kadie for a pep talk on cameo.,2023-09-10 12:00:30+00:00,6599,60,87,274,0.21897810218978103,4.566666666666666,6.379754508258826
That Vegan Teacher,Why September 11 Was A Good Day; We Learned Which Meal To Order On The Plane.,2023-09-11 09:36:33+00:00,16691,108,501,1044,0.10344827586206896,9.666666666666666,9.903540830387634
That Vegan Teacher,"Italian ""Home Hardware"" Collects Body Parts For Cats and Ants",2023-09-11 10:49:34+00:00,7496,63,184,937,0.0672358591248666,14.873015873015873,15.795090715048026
That Vegan Teacher,@rickygervais STOP HIDING! Time to Come Out of the Closet as a VEGAN!,2023-09-12 19:27:15+00:00,10926,98,320,287,0.34146341463414637,2.9285714285714284,6.452498627127952
That Vegan Teacher,Hypocrisy 101: Against abortion yet has baby animals in his intestines.,2023-09-13 13:46:45+00:00,8574,133,74,49,2.7142857142857144,0.3684210526315789,2.985770935386051
That Vegan Teacher,“Woke” people have lost their minds.,2023-09-13 14:57:08+00:00,17789,278,120,1116,0.24910394265232974,4.014388489208633,8.510877508572714
That Vegan Teacher,This hunter will destroy you in a way you could never imagine.,2023-09-14 11:00:31+00:00,7212,72,278,313,0.23003194888178913,4.347222222222222,9.193011647254576
That Vegan Teacher,Vegetarians are nothing like vegans.,2023-09-14 19:33:44+00:00,13053,163,245,241,0.6763485477178424,1.478527607361963,4.97203707959856
That Vegan Teacher,"No, Plants Don't Feel Pain - They Don't Have A Brain. Do YOU?",2023-09-16 13:51:44+00:00,9123,95,402,796,0.11934673366834171,8.378947368421052,14.17296941795462
That Vegan Teacher,Follow me for dancing on TikTok! @TikTok.com/MusicByThatVeganTeacher,2023-09-17 08:47:46+00:00,28591,384,436,50,7.68,0.13020833333333334,3.042915602812074
That Vegan Teacher,Crazy Chicken Lady!,2023-09-17 08:56:16+00:00,10849,122,392,286,0.42657342657342656,2.3442622950819674,7.37395151626878
That Vegan Teacher,@RussellBrand should not be demonetized. He has not even had a court case yet!,2023-09-21 14:48:54+00:00,7884,114,56,115,0.991304347826087,1.0087719298245614,3.6149162861491626
That Vegan Teacher,@GadSaad oh Lord! The Quebec language police are at it again! …,2023-09-21 15:02:48+00:00,11480,163,199,36,4.527777777777778,0.22085889570552147,3.466898954703833
That Vegan Teacher,Stop Making Lame Excuses and Be Vegan From Now On.,2023-09-22 06:59:32+00:00,8464,85,325,811,0.10480887792848335,9.541176470588235,14.425803402646503
That Vegan Teacher,Come Out Of The Closet As An Ethical Vegan.Never Drink Cow's Milk.,2023-09-22 14:58:52+00:00,14569,117,546,1116,0.10483870967741936,9.538461538461538,12.210858672523853
That Vegan Teacher,This Cow Doesn't Want To Be Your Meal,2023-09-23 22:16:20+00:00,14090,140,608,238,0.5882352941176471,1.7,6.997870830376153
That Vegan Teacher,Do you REALLY think your dog NEEDS to eat other animals??? Google vegan dog food!,2023-09-25 14:28:15+00:00,11999,134,626,414,0.32367149758454106,3.08955223880597,9.784148679056589
That Vegan Teacher,"New Rule: If you eat animals, you can’t own any cats or dogs in case you get hungry.",2023-09-25 15:21:23+00:00,10230,160,247,3,53.333333333333336,0.01875,4.007820136852395
That Vegan Teacher,"If your vet eats animals, maybe it’s time to run the other way.",2023-09-25 15:33:27+00:00,11345,170,194,37,4.594594594594595,0.21764705882352942,3.534596738651388
That Vegan Teacher,Don’t drink blood or eat pig eyeballs.,2023-09-25 15:40:51+00:00,13770,232,568,103,2.2524271844660193,0.44396551724137934,6.557734204793028
That Vegan Teacher,Share this with a good religious person you know!,2023-09-26 14:42:10+00:00,25567,369,1359,480,0.76875,1.3008130081300813,8.636132514569562
That Vegan Teacher,What's Wrong With Eating Chickens and Cows?,2023-09-27 06:54:17+00:00,7092,96,522,393,0.24427480916030533,4.09375,14.255499153976311
That Vegan Teacher,@TheAmalaEkpunobi Time to come out of the closet as a vegan.,2023-09-28 07:28:06+00:00,15313,193,200,3,64.33333333333333,0.015544041450777202,2.586038006922223
That Vegan Teacher,@joerogan Time to come out of the closet.,2023-09-28 07:47:19+00:00,9727,114,159,92,1.2391304347826086,0.8070175438596491,3.752441657242726
That Vegan Teacher,I don’t know what you want from me!!,2023-09-28 07:54:51+00:00,8732,147,89,3,49.0,0.02040816326530612,2.7370590929912963
That Vegan Teacher,Stop slicing animals in half and then acting like the victim. ​@megantheestallion,2023-09-28 09:04:01+00:00,13956,185,271,3,61.666666666666664,0.016216216216216217,3.2889079965606194
That Vegan Teacher,What’s going on with the sound? @youtubecreators,2023-09-28 09:15:57+00:00,22810,225,313,2,112.5,0.008888888888888889,2.367382726874178
That Vegan Teacher,Why Did The Canadian Parliament Give A Standing Ovation to A Nazi? @CanadianPM,2023-09-28 21:44:04+00:00,5770,65,477,635,0.10236220472440945,9.76923076923077,20.39861351819757
That Vegan Teacher,Responding to Cool & Crazy Comments,2023-09-30 19:00:41+00:00,7790,89,499,150,0.5933333333333334,1.6853932584269662,9.473684210526317
That Vegan Teacher,"""Educated"" rich white man can’t figure this out.",2023-10-01 13:36:30+00:00,9529,138,232,30,4.6,0.21739130434782608,4.19771224682548
That Vegan Teacher,Shopping In Italy. Don't Take Away Your Child's Vegan Virginity. @kallmekris Is This You?,2023-10-01 14:00:23+00:00,8328,71,341,507,0.14003944773175542,7.140845070422535,11.035062439961575
That Vegan Teacher,Veganphobic Cops Must Be Stopped!,2023-10-02 14:00:23+00:00,8962,99,514,353,0.2804532577903683,3.5656565656565657,10.778844008033921
That Vegan Teacher,Drop the ego: Cube of Truths need to evolve. @AnonymousfortheVoiceless,2023-10-03 09:08:51+00:00,11043,128,175,12,10.666666666666666,0.09375,2.852485737571312
That Vegan Teacher,@TheAmalaEkpunobi Why haven’t you watched Dominion on YouTube yet?,2023-10-03 12:27:27+00:00,12537,113,149,136,0.8308823529411765,1.2035398230088497,3.1746031746031744
That Vegan Teacher,Responding To Your Cool & Crazy Comments,2023-10-04 21:11:01+00:00,8412,93,699,356,0.2612359550561798,3.827956989247312,13.64717070851165
That Vegan Teacher,Can you tell which dogs are vegan?,2023-10-05 19:46:55+00:00,20951,272,448,6,45.333333333333336,0.022058823529411766,3.465228390052981
That Vegan Teacher,Searching for Simona: I Hope She's OK. 🇮🇹,2023-10-06 06:34:23+00:00,8449,92,577,304,0.3026315789473684,3.3043478260869565,11.516155758077879
That Vegan Teacher,"Will This ""Ex-Vegan' Now Be Eating Her Own Dog?  @WildWeRoam  @HappyHealthyVegan",2023-10-09 07:15:01+00:00,6754,81,473,184,0.44021739130434784,2.271604938271605,10.926858158128516
That Vegan Teacher,Behind The Scenes of My TikTok Live,2023-10-10 17:52:38+00:00,5459,60,388,144,0.4166666666666667,2.4,10.844477010441473
That Vegan Teacher,Market Day In Italy 🇮🇹,2023-10-12 14:34:05+00:00,5908,93,443,132,0.7045454545454546,1.4193548387096775,11.306702775897088
That Vegan Teacher,Bizarre Veganphobic Comment!,2023-10-12 21:45:02+00:00,8806,127,107,1,127.0,0.007874015748031496,2.668635021576198
That Vegan Teacher,🇮🇹 No Cheese? No Meat? No Problem! @vganbooty 🇮🇹,2023-10-13 18:00:02+00:00,6104,89,285,88,1.0113636363636365,0.9887640449438202,7.568807339449542
That Vegan Teacher,Your Child’s Vegan Virginity @IsaacButterfield @PsychoSoprano @oompaville ​⁠,2023-10-14 14:10:27+00:00,17906,174,446,54,3.2222222222222223,0.3103448275862069,3.764101418518932
That Vegan Teacher,Stop being rac*st towards animals.,2023-10-14 14:49:09+00:00,21851,388,723,466,0.8326180257510729,1.2010309278350515,7.21706100407304
That Vegan Teacher,Can Vegan Pods Help Us Save More Animals?  Yes!,2023-10-14 19:20:27+00:00,7872,78,634,375,0.208,4.8076923076923075,13.808434959349594
That Vegan Teacher,@BenShapiro End the war. Why are you racist towards the animals instead of being vegan?,2023-10-15 14:06:33+00:00,4455,67,64,2,33.5,0.029850746268656716,2.9854096520763185
That Vegan Teacher,"@BenShapiro Why are you surprised by how ignorant and cruel people are , when you act the same?",2023-10-15 14:22:31+00:00,5087,95,65,76,1.25,0.8,4.6392765873795945
That Vegan Teacher,@BenShapiro Forced circumcision of baby boys is child abuse and should be illegal.,2023-10-15 14:32:02+00:00,12171,151,225,45,3.3555555555555556,0.2980132450331126,3.459041985046422
That Vegan Teacher,@vganbooty and @IsaacButterfield,2023-10-16 05:18:43+00:00,16612,193,657,561,0.34402852049910876,2.906735751295337,8.493859860341923
That Vegan Teacher,Skake it! Did you remember to shake your oat & soy milk today? (Bonus Italian lesson included).,2023-10-17 06:22:39+00:00,11657,162,525,651,0.2488479262672811,4.018518518518518,11.478081839238225
That Vegan Teacher,Yay! Today I’m a not a hypocritical Christian!,2023-10-19 06:16:18+00:00,23098,256,686,308,0.8311688311688312,1.203125,5.411723958784311
That Vegan Teacher,Do this.,2023-10-21 18:16:25+00:00,13712,144,301,2,72.0,0.013888888888888888,3.259918319719953
That Vegan Teacher,Has this ever happened to you?,2023-10-21 18:21:05+00:00,10722,113,99,1,113.0,0.008849557522123894,1.9865696698377167
That Vegan Teacher,￼ Older people should use their time wisely to save the planet.,2023-10-21 18:24:45+00:00,22519,216,388,5,43.2,0.023148148148148147,2.7043829654958036
That Vegan Teacher,Would You Do It?,2023-10-22 15:57:54+00:00,8284,98,783,459,0.21350762527233116,4.683673469387755,16.175760502172864
That Vegan Teacher,Crazy Canadian vs Sane American,2023-10-25 02:30:00+00:00,19976,335,183,4,83.75,0.011940298507462687,2.6131357629154985
That Vegan Teacher,Did You Know About This?,2023-10-25 05:16:10+00:00,7578,85,370,708,0.12005649717514125,8.329411764705883,15.34705727104777
That Vegan Teacher,Look & Choose: Who is Your Favourite Animal-Defender? Let us know in the comments.,2023-10-26 05:44:57+00:00,10741,109,865,393,0.27735368956743,3.6055045871559632,12.726934177450888
That Vegan Teacher,Everyone Can Be Vegan!,2023-10-26 08:28:04+00:00,9518,111,256,2,55.5,0.018018018018018018,3.8768648875814242
That Vegan Teacher,@gordonramsay - As Pathetic As Ever,2023-10-27 15:41:45+00:00,42652,565,1395,511,1.1056751467710373,0.904424778761062,5.79339773046985
That Vegan Teacher,@mikhaila believes in poisoning animals for pleasure.,2023-10-29 09:46:19+00:00,16993,238,343,7,34.0,0.029411764705882353,3.460248337550756
That Vegan Teacher,@joerogan Why are you emotionally weaker than me and not vegan yet?,2023-10-30 16:52:56+00:00,10059,92,218,1,92.0,0.010869565217391304,3.0917586241177055
That Vegan Teacher,My Thoughts About The War,2023-10-30 18:05:54+00:00,21930,240,1070,978,0.24539877300613497,4.075,10.433196534427724
That Vegan Teacher,Sigh… That Wasn’t Even My Dog. Veganphobia is Insane.,2023-11-03 17:40:42+00:00,15287,228,249,20,11.4,0.08771929824561403,3.251128409759927
That Vegan Teacher,@oompaville Did you influence @kallmekris to watch Dominion?,2023-11-03 18:14:50+00:00,10502,125,159,3,41.666666666666664,0.024,2.732812797562369
That Vegan Teacher,No @BenShapiro  Public prayer is NOT a good idea.,2023-11-04 10:42:21+00:00,9690,104,116,1,104.0,0.009615384615384616,2.280701754385965
That Vegan Teacher,That’s Not My Job. It’s Yours. #thatveganteacher #goveganfortheanimals #veganteacher,2023-11-04 13:00:04+00:00,11764,218,249,0,,0.0,3.969738184291057
That Vegan Teacher,Excellent comment about meatballs!,2023-11-04 13:09:56+00:00,13940,263,215,1,263.0,0.0038022813688212928,3.4361549497847923
That Vegan Teacher,What about lab grown meat?,2023-11-04 13:13:26+00:00,24419,457,390,10,45.7,0.02188183807439825,3.5095622261353863
That Vegan Teacher,Apparently I suck.💚,2023-11-04 13:17:53+00:00,43443,732,974,1223,0.598528209321341,1.6707650273224044,6.742167898165412
That Vegan Teacher,Gordon Ramsay's Rap,2023-11-05 06:42:30+00:00,15031,160,733,109,1.4678899082568808,0.68125,6.666223138846385
That Vegan Teacher,Why is @dazgames DESTROYING The Planet?,2023-11-05 11:42:57+00:00,12768,101,750,498,0.20281124497991967,4.930693069306931,10.56547619047619
That Vegan Teacher,Leave chickens the cluck alone.,2023-11-07 17:16:58+00:00,12071,160,205,1,160.0,0.00625,3.032060309833485
That Vegan Teacher,Which Religion Are You And Why Do You Choose To Identify That Way?,2023-11-07 17:47:37+00:00,12242,163,120,2,81.5,0.012269938650306749,2.328050972063388
That Vegan Teacher,Do you have “time blindness”?,2023-11-09 14:44:40+00:00,37789,378,299,69,5.478260869565218,0.18253968253968253,1.9741194527508006
That Vegan Teacher,Was Jesus MEAN? Are you going to see the documentary?,2023-11-09 20:00:07+00:00,14154,166,1298,949,0.1749209694415174,5.716867469879518,17.04818425886675
That Vegan Teacher,@kallmekris encourages people to hurt animals. @wayne.hsiung saves them.,2023-11-12 19:00:08+00:00,14045,125,852,699,0.17882689556509299,5.592,11.933072267710928
That Vegan Teacher,🇮🇹 Why Are Italians Throwing These Away?! 🇮🇹,2023-11-13 21:00:12+00:00,10775,114,541,589,0.1935483870967742,5.166666666666667,11.54524361948956
That Vegan Teacher,Reacting to Comments From @IsaacButterfield's Genius Fans From His Last video.,2023-11-14 22:00:08+00:00,13955,141,1581,458,0.3078602620087336,3.24822695035461,15.621640988892871
That Vegan Teacher,The woke have entered the asylum.,2023-11-14 23:18:14+00:00,30413,475,268,379,1.2532981530343008,0.7978947368421052,3.6892118501956404
That Vegan Teacher,Thank you for coming to my TokTok LIVE today. 💚🩷🩵❤️💜💛,2023-11-18 10:06:44+00:00,21572,322,485,3,107.33333333333333,0.009316770186335404,3.7548674207305766
That Vegan Teacher,Yes I died. But God sent me back.,2023-11-18 15:48:34+00:00,26437,518,1118,768,0.6744791666666666,1.4826254826254825,9.093316185648902
That Vegan Teacher,🏳️‍🌈Are You Out Of The Closet Yet? 🏳️‍🌈,2023-11-18 20:00:10+00:00,15155,137,1304,798,0.17167919799498746,5.824817518248175,14.774001979544703
That Vegan Teacher,Psychologist @JordanBPeterson doesn’t see his own insanity.,2023-11-19 18:01:50+00:00,3089,74,71,2,37.0,0.02702702702702703,4.758821625121398
That Vegan Teacher,@JordanBPeterson was born vegan. He’s just forgotten. Let’s remind him who he is.,2023-11-19 18:23:38+00:00,4480,84,100,3,28.0,0.03571428571428571,4.174107142857142
That Vegan Teacher,@JordanBPeterson is too cowardly to watch Dominion Movement on YouTube. Are you?,2023-11-19 18:43:05+00:00,8396,123,120,3,41.0,0.024390243902439025,2.929966650786089
That Vegan Teacher,"Stop being “proud “ to be black, or white. You did nothing. You were just born that way.",2023-11-19 19:35:42+00:00,23957,276,715,189,1.4603174603174602,0.6847826086956522,4.925491505614225
That Vegan Teacher,Veganphobia needs to be called out. Ethical vegans: time to speak up.,2023-11-20 13:28:54+00:00,21506,307,920,91,3.3736263736263736,0.2964169381107492,6.128522272854087
That Vegan Teacher,"If you’re vegan, come teach vegan facts in the comments!",2023-11-20 21:26:55+00:00,18916,239,406,2,119.5,0.008368200836820083,3.420384859378304
That Vegan Teacher,Let's Talk About How Vegan The New President of Argentina Is.,2023-11-20 22:30:09+00:00,7455,113,591,338,0.3343195266272189,2.9911504424778763,13.97719651240778
That Vegan Teacher,Plants don't feel pain. They don't have a brain - but you do - so be vegan from now on.,2023-11-22 04:52:38+00:00,12843,126,1370,205,0.6146341463414634,1.626984126984127,13.24456902592852
That Vegan Teacher,"Vets Who Eat Their Patients, Santa, Billy Eilish, Leo DiCaprio, Gary Francione, Trans Washrooms...",2023-11-24 21:00:11+00:00,16574,197,1714,295,0.6677966101694915,1.49746192893401,13.310003620127912
That Vegan Teacher,Boycotting KFC?,2023-11-26 18:03:12+00:00,11311,234,327,21,11.142857142857142,0.08974358974358974,5.145433648660596
That Vegan Teacher,Boycotting Starbucks?,2023-11-26 19:00:14+00:00,13229,219,238,5,43.8,0.0228310502283105,3.492327462393227
That Vegan Teacher,Boycotting McDonalds?,2023-11-26 20:00:22+00:00,26061,435,366,2,217.5,0.004597701149425287,3.081232492997199
That Vegan Teacher,Boycotting Burger King?,2023-11-26 21:00:02+00:00,34540,505,565,162,3.117283950617284,0.3207920792079208,3.56687898089172
That Vegan Teacher,Abducted Babies in Bellies of Jews and Palestinians.,2023-11-30 18:43:52+00:00,14354,156,671,136,1.1470588235294117,0.8717948717948718,6.708931308346106
That Vegan Teacher,@MrBeast Building 100 wells in Africa was great! But where is the vegan message?,2023-12-01 08:25:14+00:00,28695,567,640,52,10.903846153846153,0.09171075837742504,4.387523958877853
That Vegan Teacher,@SenatorSchumer Tell our Jewish communities to keep knives away from baby boy’s penises.,2023-12-01 08:37:52+00:00,10576,148,203,125,1.184,0.8445945945945946,4.500756429652043
That Vegan Teacher,Don’t be “woke”. Be awake. Take notes while you watch Dominion on YouTube.,2023-12-01 08:52:22+00:00,28718,396,394,72,5.5,0.18181818181818182,3.0016017828539594
That Vegan Teacher,Don't unalive the animals. Don't unalive yourself.,2023-12-02 21:17:19+00:00,11015,129,921,227,0.5682819383259912,1.7596899224806202,11.59328188833409
That Vegan Teacher,All serious environmentalists must be vegan. ✅,2023-12-05 11:42:29+00:00,14231,163,145,2,81.5,0.012269938650306749,2.1783430538964232
That Vegan Teacher,Animal agriculture is destroying the planet.,2023-12-05 14:32:21+00:00,24248,310,843,5,62.0,0.016129032258064516,4.775651600131969
That Vegan Teacher,No. Men cannot get period pains.,2023-12-05 14:55:50+00:00,29198,326,786,6,54.333333333333336,0.018404907975460124,3.829029385574354
That Vegan Teacher,Fish feel pain. Pigeons are friends. Don't eat either.,2023-12-05 19:12:36+00:00,17162,158,1250,467,0.33832976445396146,2.9556962025316458,10.925300081575575
That Vegan Teacher,@MictheVegan - Don’t forget to talk about the animals.,2023-12-06 13:46:43+00:00,19099,262,250,2,131.0,0.007633587786259542,2.6912403790774384
That Vegan Teacher,Pronouns. Pronouns. Pronouns. Here’s mine:,2023-12-08 15:08:13+00:00,27332,348,808,128,2.71875,0.367816091954023,4.6977901361042
That Vegan Teacher,Responding to wonderful people! 🩵,2023-12-08 15:53:36+00:00,16401,264,474,6,44.0,0.022727272727272728,4.536308761660875
That Vegan Teacher,Racism is wrong. Don’t be racist towards the animals.,2023-12-08 16:11:22+00:00,20989,272,694,4,68.0,0.014705882352941176,4.621468388203344
That Vegan Teacher,"EP. 50 : Psychopaths, Narcissists & People who Believe in Unicorns.",2023-12-11 06:58:20+00:00,14894,168,1353,618,0.27184466019417475,3.6785714285714284,14.36148784745535
That Vegan Teacher,New Pep-Talk Cameo For Ryan!,2023-12-11 08:34:13+00:00,26543,374,586,83,4.506024096385542,0.22192513368983957,3.929472930716196
That Vegan Teacher,Free Tampons For Men @CanadianPM @TheCanadianLad #canadian,2023-12-15 12:01:34+00:00,26675,372,433,165,2.2545454545454544,0.4435483870967742,3.6363636363636362
That Vegan Teacher,What has happened? Why are university students so ignorant of basic facts?,2023-12-15 14:02:54+00:00,17955,240,304,107,2.2429906542056073,0.44583333333333336,3.625730994152047
That Vegan Teacher,I’m really sorry. Can you ever forgive me?,2023-12-15 14:25:58+00:00,40832,625,1429,322,1.9409937888198758,0.5152,5.818965517241379
That Vegan Teacher,Black person was possessed by a white  person… or wait… what?!,2023-12-15 14:42:11+00:00,23265,236,501,307,0.7687296416938111,1.3008474576271187,4.48742746615087
That Vegan Teacher,@MarkRober Don't Be A Robber - Stop Teaching Kids To Exploit Animals,2023-12-16 20:30:09+00:00,45800,392,3921,2301,0.1703607127335941,5.869897959183674,14.441048034934498
That Vegan Teacher,Is it time to fire yourself?,2023-12-18 08:32:47+00:00,12678,161,123,129,1.248062015503876,0.8012422360248447,3.2576116106641426
That Vegan Teacher,People pay me now to create videos for them. Imagine being paid to do God’s work.,2023-12-18 14:29:20+00:00,19850,259,263,260,0.9961538461538462,1.0038610038610039,3.9395465994962215
That Vegan Teacher,Responding to your fascinating comments!,2023-12-19 16:41:45+00:00,16207,201,228,161,1.2484472049689441,0.8009950248756219,3.6404022953044977
That Vegan Teacher,Giselle’s Insightful Octopus Comment 🐙,2023-12-19 16:48:22+00:00,17976,276,208,277,0.9963898916967509,1.0036231884057971,4.233422340898977
That Vegan Teacher,This person wants me to move to mars!,2023-12-19 17:09:49+00:00,20710,353,433,241,1.4647302904564314,0.6827195467422096,4.958957025591502
That Vegan Teacher,Please write proper sentences so I can understand you!,2023-12-19 17:16:45+00:00,24873,358,676,132,2.712121212121212,0.3687150837988827,4.687814095605677
That Vegan Teacher,No. You’re not going to heaven. But I am! Hurry! Be vegan so you don’t burn in hell!,2023-12-19 17:24:28+00:00,43466,640,2273,655,0.9770992366412213,1.0234375,8.20871485758984
That Vegan Teacher,Frogs. Dogs. Hogs. I don’t eat animals with names that rhyme with.,2023-12-19 17:34:05+00:00,54055,923,2291,1199,0.7698081734778982,1.2990249187432286,8.163907131625196
That Vegan Teacher,"No, I won't feed a dog to my dog.",2023-12-19 21:00:08+00:00,13707,134,910,394,0.3401015228426396,2.9402985074626864,10.49099000510688
That Vegan Teacher,"Chia seeds, flax seeds, oats, soy milk, apple, banana, walnuts, turmeric, cinnamon…",2023-12-21 17:10:14+00:00,22088,295,573,110,2.6818181818181817,0.3728813559322034,4.4277435711698665
That Vegan Teacher,Guess who's vegan now? 🇨🇦,2023-12-23 04:30:08+00:00,12562,153,691,891,0.1717171717171717,5.823529411764706,13.81149498487502
That Vegan Teacher,You can book me on Cameo.com/ThatVeganTeacher if you need to contact me.,2023-12-24 18:51:20+00:00,21969,315,314,72,4.375,0.22857142857142856,3.1908598479675905
That Vegan Teacher,Responding To Weird Animal Eaters In My Comment Section,2023-12-24 19:06:18+00:00,14774,184,1297,874,0.21052631578947367,4.75,15.940165155002031
That Vegan Teacher,@kallmekris @CelinaSpookyBoo time to split up?,2023-12-26 15:20:33+00:00,30699,381,767,155,2.458064516129032,0.4068241469816273,4.244437929574254
That Vegan Teacher,Eaten Alive,2023-12-27 14:32:16+00:00,41165,677,1456,1131,0.5985853227232537,1.670605612998523,7.92906595408721
That Vegan Teacher,Christian freak @MichaelKnowles is paid by the meat industry to lie so he can make money.,2023-12-28 17:04:14+00:00,5518,98,147,100,0.98,1.0204081632653061,6.252265313519391
That Vegan Teacher,Christian @MichaelKnowles thinks that unicorns & mermaid exist & that the earth is flat.,2023-12-28 17:10:28+00:00,7784,129,122,157,0.821656050955414,1.2170542635658914,5.241521068859199
That Vegan Teacher,⁠@MichaelKnowles likes my singing but fails ethics class.,2023-12-28 17:18:03+00:00,30821,328,292,1324,0.24773413897280966,4.036585365853658,6.3073878199928615
That Vegan Teacher,@MichaelKnowles doesn’t understand why it’s wrong to pay people to stab baby animals.,2023-12-28 17:30:11+00:00,11741,171,161,64,2.671875,0.3742690058479532,3.372796184311387
That Vegan Teacher,@MichaelKnowles Facts don’t care about your feelings. Stop being afraid to learn.,2023-12-28 17:53:16+00:00,28543,349,568,585,0.5965811965811966,1.67621776504298,5.262235924745121
That Vegan Teacher,Guess What? Chicken Butt. Interview with a vegan who lets chickens watch TV in her living room.,2023-12-28 21:00:07+00:00,7883,113,510,242,0.4669421487603306,2.1415929203539825,10.972979830013955
That Vegan Teacher,It's Normal To Feel Sad When You See This,2023-12-29 17:37:55+00:00,14202,0,0,35,0.0,,0.24644416279397266
That Vegan Teacher,@ElonMusk-FanZone Elon Musk Must Go Vegan!,2023-12-29 22:02:50+00:00,10330,97,500,389,0.2493573264781491,4.010309278350515,9.545014520813165
That Vegan Teacher,Italy's Unhappy Christmas For Animals,2023-12-30 20:09:02+00:00,13153,160,866,354,0.4519774011299435,2.2125,10.491902987911503
That Vegan Teacher,"ASMR, Broccoli and Miss Kadie.",2024-01-01 15:00:08+00:00,21895,261,1971,933,0.2797427652733119,3.574712643678161,14.455355103905001
That Vegan Teacher,Vegans Are Better Than God ​⁠ @BenShapiro @JordanBPeterson,2024-01-03 03:33:14+00:00,677048,7291,59890,65808,0.11079200097252613,9.025922370045262,19.642477342817642
That Vegan Teacher,I’m so sorry. I hope you can forgive me. @kallmekris @oompaville,2024-01-03 16:02:44+00:00,278427,3540,2143,10375,0.34120481927710844,2.9307909604519775,5.767400431711005
That Vegan Teacher,How To Drive A Tesla Through Texas @DrFarazHarsini @ElonMusk-FanZone,2024-01-06 17:00:12+00:00,7750,103,441,245,0.4204081632653061,2.378640776699029,10.180645161290322
That Vegan Teacher,Hitler was a nice guy!,2024-01-07 08:54:16+00:00,345943,2003,11443,17613,0.11372281837279283,8.793310034947579,8.978068641365775
That Vegan Teacher,Thank you to everyone who danced with me on my TikTok live today!,2024-01-08 16:41:57+00:00,36969,517,745,232,2.228448275862069,0.44874274661508706,4.0412237279883145
That Vegan Teacher,Cooking and Eating Dog Ears.,2024-01-09 14:07:59+00:00,14449,0,0,53,0.0,,0.36680739151498376
That Vegan Teacher,Don’t be proud of your awful kids.,2024-01-10 17:13:08+00:00,51117,659,1225,681,0.9676945668135095,1.0333839150227617,5.017900111508891
That Vegan Teacher,Why are you racist towards animals,2024-01-11 05:48:23+00:00,27015,320,690,184,1.7391304347826086,0.575,4.4197667962243194
That Vegan Teacher,My Husband's Breakfast. Gross or Great?,2024-01-11 21:13:52+00:00,11358,150,761,556,0.2697841726618705,3.7066666666666666,12.916006339144214
That Vegan Teacher,TIKTOK PEEPS! Thanks for coming out of the closet as vegans! 🩷🩵💚💛💜❤️💙🧡,2024-01-13 18:10:12+00:00,130324,1520,4959,3343,0.45468142387077476,2.199342105263158,7.53660108652282
That Vegan Teacher,All Jews And Palestinian Should Strive To Be Vegan - Peace begins on our plates.,2024-01-14 14:21:35+00:00,50157,281,3169,2060,0.13640776699029125,7.330960854092527,10.985505512690153
That Vegan Teacher,Vegan-Crashing Other Channels With Facts & Logic,2024-01-17 15:31:40+00:00,13105,143,1262,1638,0.0873015873015873,11.454545454545455,23.22014498283098
That Vegan Teacher,Song: This Is Why I'm Vegan - Reasons 1 to 10 in an infinitely long list. And you?,2024-01-20 22:30:03+00:00,7486,96,766,385,0.24935064935064935,4.010416666666667,16.65776115415442
That Vegan Teacher,"Have you met these guys yet? If not, join my TikTok live videos @musicbythatveganteacher",2024-01-22 23:33:34+00:00,5785,73,585,269,0.27137546468401486,3.684931506849315,16.02420051858254
That Vegan Teacher,Eat Your Tofu!,2024-01-25 06:27:44+00:00,7586,127,359,494,0.25708502024291496,3.8897637795275593,12.918534141840233
That Vegan Teacher,"@MusicByThatVeganTeacher on TikTok now has 900,000 subs. Each one is still a compassionate genius.",2024-01-25 23:00:32+00:00,3881,59,294,133,0.44360902255639095,2.2542372881355934,12.522545735635147
That Vegan Teacher,"Your Flat-Earth Friends, Yesterday's Alabama Execution, and The Backwards Cup in The Kitchen.",2024-01-26 14:50:20+00:00,9496,94,698,638,0.14733542319749215,6.787234042553192,15.058972198820555
That Vegan Teacher,THEY'RE VEGAN!  Product Review  🇮🇹 Italian Croissants 🇮🇹 Misura Cornetti al Cioccolato 🇮🇹,2024-01-30 14:57:50+00:00,4761,97,322,257,0.377431906614786,2.649484536082474,14.19869775257299
That Vegan Teacher,Song: Veganphobia is Real. Feel The Fear But Speak Out Anyway - Share with a brave vegan friend.,2024-01-31 02:00:20+00:00,7112,93,774,397,0.23425692695214106,4.268817204301075,17.772778402699664
That Vegan Teacher,Mohair socks? No thank you. Vegans don’t steal from animals.,2024-01-31 22:13:04+00:00,15606,203,316,203,1.0,1.0,4.6264257336921695
That Vegan Teacher,Film Yourself Doing This,2024-01-31 22:27:15+00:00,19823,174,302,210,0.8285714285714286,1.206896551724138,3.460626544922565
That Vegan Teacher,@BenShapiro  @TomMacDonaldOfficial Did A Rap ToGeThEr!  Let's watch!,2024-02-01 07:20:52+00:00,7902,76,409,436,0.1743119266055046,5.7368421052631575,11.655277145026576
That Vegan Teacher,Mind Your Own Business Grandma!,2024-02-02 03:48:30+00:00,15135,269,456,324,0.8302469135802469,1.204460966542751,6.930954740667328
That Vegan Teacher,Men In North Korea #thatveganteacher #northkorea,2024-02-02 04:05:53+00:00,17817,218,284,325,0.6707692307692308,1.4908256880733946,4.641634394117977
That Vegan Teacher,Responding to your comment at 5 in the morning.,2024-02-02 04:21:08+00:00,23610,260,649,1827,0.1423097974822113,7.026923076923077,11.588310038119442
That Vegan Teacher,Teachers Are Being Attacked By Meat-Eating Monster Kids!,2024-02-02 19:34:33+00:00,12801,126,684,1599,0.07879924953095685,12.69047619047619,18.818842277947034
That Vegan Teacher,Does this woman know how cheese is made?,2024-02-03 10:49:11+00:00,28140,352,593,849,0.41460541813898705,2.4119318181818183,6.3752665245202556
That Vegan Teacher,Have you ever seen a plant run away? ￼,2024-02-04 12:04:56+00:00,35532,549,911,1624,0.3380541871921182,2.9581056466302367,8.679500168861871
That Vegan Teacher,We All Agree... Vegans Are Better Than God.,2024-02-06 12:42:50+00:00,31152,170,2897,1244,0.13665594855305466,7.317647058823529,13.838597842835132
That Vegan Teacher,Meat-Eaters Are Terrified to Examine Their Own Thoughts @ByronKatieLovingWhatIs,2024-02-07 13:08:20+00:00,17525,232,508,42,5.523809523809524,0.1810344827586207,4.462196861626248
That Vegan Teacher,@kallmekris Evil On The Inside,2024-02-08 20:00:11+00:00,23664,149,1067,537,0.2774674115456238,3.6040268456375837,7.407876943881001
That Vegan Teacher,Offensive Tranny Says NO TRANSPHOBIA At Hogwarts  @marcusdib,2024-02-10 19:29:30+00:00,11883,95,769,525,0.18095238095238095,5.526315789473684,11.68896743246655
That Vegan Teacher,"If you care about this, subscribe. If you don't, explain why.",2024-02-12 17:00:47+00:00,22730,0,0,115,0.0,,0.5059392872855257
That Vegan Teacher,And the Mother-of-the-Year-Award Goes To…,2024-02-17 00:55:43+00:00,22515,366,510,475,0.7705263157894737,1.2978142076502732,6.000444148345547
That Vegan Teacher,Non-Vegan Hypocrisy: Refuses Fur But Eats Her,2024-02-17 01:19:47+00:00,7887,70,87,3,23.333333333333332,0.04285714285714286,2.0286547483200206
That Vegan Teacher,This person put a “MEAT BUTTON” in my comments section.,2024-02-17 01:41:43+00:00,7336,85,106,38,2.236842105263158,0.4470588235294118,3.1215921483097055
That Vegan Teacher,Dropping the T Slur,2024-02-17 01:58:49+00:00,7739,84,151,125,0.672,1.4880952380952381,4.651763793771805
That Vegan Teacher,Your “I-Don’t-Give-a-Damn” Button,2024-02-17 02:13:02+00:00,10576,100,181,37,2.7027027027027026,0.37,3.0068078668683813
That Vegan Teacher,This cadaver-eater doesn’t like the N word.,2024-02-17 02:31:43+00:00,8592,96,107,28,3.4285714285714284,0.2916666666666667,2.6885474860335195
That Vegan Teacher,@benoftheweek lied because he’s too weak-minded to be vegan.,2024-02-17 02:54:27+00:00,11895,137,182,9,15.222222222222221,0.06569343065693431,2.757461118116856
That Vegan Teacher,Libs of TikTok Review on the X Twitter,2024-02-17 11:33:05+00:00,4402,54,352,488,0.11065573770491803,9.037037037037036,20.308950477055884
That Vegan Teacher,"Tonight’s tofu dinner, by the sea, in Italy. 🇮🇹 if I can be vegan, so can @gordonramsay",2024-02-17 18:26:50+00:00,24105,223,363,66,3.378787878787879,0.29596412556053814,2.7048330221945656
That Vegan Teacher,We skipped Catholic mass in Italy today because God’s sun called us to explore outside instead.,2024-02-18 16:30:13+00:00,6104,57,302,290,0.19655172413793104,5.087719298245614,10.632372214941023
That Vegan Teacher,Italian Vegan Cakes: Good or Bad? Let's test these!,2024-02-19 13:05:32+00:00,7609,134,594,506,0.2648221343873518,3.7761194029850746,16.21763700880536
That Vegan Teacher,Hypocrite @BenShapiro : Don’t talk of peace on earth with corpses in your intestines.,2024-02-19 14:36:35+00:00,17900,201,341,206,0.9757281553398058,1.0248756218905473,4.17877094972067
That Vegan Teacher,Song - This Is Why I'm Vegan - Reasons 1 -20 - For Pre-Vegans To Help Them  Understand,2024-02-21 05:43:03+00:00,6275,84,349,316,0.26582278481012656,3.761904761904762,11.936254980079681
That Vegan Teacher,Why Do Canadians Hate Horses So Much?,2024-02-22 11:00:07+00:00,12523,0,0,62,0.0,,0.49508903617344086
That Vegan Teacher,@julieandcamilla Shame on you both for promoting cruelty on your channel.,2024-02-22 13:20:55+00:00,32591,318,749,146,2.1780821917808217,0.4591194968553459,3.721886410358688
That Vegan Teacher,Wow! So you being racist is MY fault? Okaaaayyyy…,2024-02-22 15:11:45+00:00,29907,364,491,125,2.912,0.3434065934065934,3.2768248236198887
That Vegan Teacher,Oh No! This person REPORTED me!,2024-02-23 08:16:09+00:00,59573,1017,1155,1338,0.7600896860986547,1.3156342182890854,5.891930908297383
That Vegan Teacher,HAPPY DANCE SONG!  It's Not Complicated: The Animals Want to Live!,2024-02-24 06:12:27+00:00,5574,79,222,368,0.21467391304347827,4.658227848101266,12.002152852529601
That Vegan Teacher,Hitler Was A Nice Guy Too Sometimes - Just Like Your Own Family Members.,2024-02-24 17:00:02+00:00,18969,137,1021,1107,0.12375790424570912,8.08029197080292,11.940534556381465
That Vegan Teacher,Italian Tourism: Mountain Walk To Alassio,2024-02-25 21:59:26+00:00,3754,0,0,19,0.0,,0.5061267980820459
That Vegan Teacher,Song - Stan Asks: Why Are There Dead Bodies Here?,2024-02-26 20:10:14+00:00,19919,154,612,1293,0.11910286156225831,8.396103896103897,10.336864300416687
That Vegan Teacher,Maintaining Your Child’s Vegan Virginity.,2024-02-27 22:06:26+00:00,37928,506,734,168,3.011904761904762,0.33201581027667987,3.7122969837587005
That Vegan Teacher,Snobby Rich YouTuber Promotes McDonald's Cruelty @ryan Trahan,2024-02-29 21:00:09+00:00,89658,588,5799,10927,0.053811659192825115,18.583333333333332,19.311160186486426
That Vegan Teacher,"Interview with a HERO who was arrested for ""STEALING DOGS"" to save their lives:@wayne.hsiung",2024-03-02 06:30:08+00:00,7939,114,353,435,0.2620689655172414,3.8157894736842106,11.361632447411512
That Vegan Teacher,Learn Italian While You Walk!  🇮🇹 THE VERB TO BE -   IL VERBO ESSERE. 🇮🇹,2024-03-02 21:00:15+00:00,7255,0,0,37,0.0,,0.5099931082012404
That Vegan Teacher,"If You're Hungry, Grab A Fork And Eat Your Own Leg.",2024-03-03 21:00:16+00:00,22637,140,1477,1543,0.09073233959818536,11.021428571428572,13.959446923178866
That Vegan Teacher,🩷 Bella vegan dog eats vet-approved vegan kibble! #thatveganteacher ✅,2024-03-04 08:13:22+00:00,19259,245,522,141,1.7375886524822695,0.5755102040816327,4.714678851446077
That Vegan Teacher,@jordanpetersonrulesforlife @JordanBPeterson @CarnismDebunked ​⁠@BenShapiro,2024-03-04 09:21:40+00:00,19419,150,300,604,0.24834437086092714,4.026666666666666,5.427673927596683
That Vegan Teacher,"To comment on this video, ask to join my daily LIVE videos here: TikTok.com/@musicbythatveganteacher",2024-03-05 06:09:38+00:00,19019,0,0,91,0.0,,0.4784688995215311
That Vegan Teacher,Behind the Scenes of my TikTok Lives,2024-03-06 21:05:49+00:00,8887,78,637,474,0.16455696202531644,6.076923076923077,13.379093057274671
That Vegan Teacher,Coming Out As Vegan Is Harder Than Coming Out As Gay,2024-03-09 14:19:31+00:00,22565,152,1429,2085,0.07290167865707434,13.717105263157896,16.24639929093729
That Vegan Teacher,"Survey: Did you get the Covid shot? If so, why? If not, why?  #covid19",2024-03-11 19:25:39+00:00,29332,248,463,51,4.862745098039215,0.2056451612903226,2.5978453566071185
That Vegan Teacher,Vegans Try Meat For The First Time,2024-03-14 09:27:55+00:00,189625,1535,7616,11793,0.1301619604850335,7.682736156351791,11.044957152274225
That Vegan Teacher,Lies About My Dad,2024-03-15 05:48:44+00:00,20864,157,1383,2607,0.06022247794399693,16.605095541401273,19.876342024539877
That Vegan Teacher,🇮🇹 Chickens At The Hospital? 🇮🇹 Yep! Only in Italy! 🇮🇹,2024-03-20 12:56:50+00:00,21075,220,1427,2609,0.08432349559218091,11.85909090909091,20.194543297746144
That Vegan Teacher,@oompaville and @kallmekris are taking me to court.,2024-03-21 10:51:36+00:00,90369,1366,2848,8012,0.17049425861208187,5.865300146412884,13.528975644302804
That Vegan Teacher,Oompaville and Kallmekris' veganphobia. Part 2,2024-03-25 03:26:21+00:00,28744,167,971,1497,0.11155644622578491,8.964071856287426,9.167130531589201
That Vegan Teacher,@KallMeKris Tries To CANCEL ME! (again) - Episode 27,2024-03-29 13:37:08+00:00,31339,257,1615,1509,0.170311464546057,5.871595330739299,10.78847442483806
That Vegan Teacher,Vegans without social media accounts are not being effective enough.,2024-03-30 19:55:12+00:00,6402,69,234,800,0.08625,11.594202898550725,17.228990940331144
That Vegan Teacher,"France: Food, Marineland Protest, and Food Again.",2024-03-31 14:24:41+00:00,9475,97,593,895,0.10837988826815642,9.22680412371134,16.728232189973617
That Vegan Teacher,Can you imagine being so cruel that you ENCOURAGE kids to PAY FOR animal cruelty?@kallmekris,2024-04-01 21:05:22+00:00,24877,148,1230,2417,0.06123293338849814,16.33108108108108,15.255054869960205
That Vegan Teacher,"@kallmekris STILL UGLY on the inside - ""doesn't give a fuk"" about animal suffering.",2024-04-03 13:23:51+00:00,33772,216,1624,1081,0.1998149861239593,5.00462962962963,8.64917683287931
That Vegan Teacher,"Ep.1 Dog Meat, Cruel Comments, White Woke People Who Hate Themselves & Capitalist Killers",2024-04-06 19:00:07+00:00,14944,171,1189,810,0.2111111111111111,4.7368421052631575,14.520877944325484
That Vegan Teacher,Narcissist Alert - Eats animals and complains when others try to save them!,2024-04-08 15:37:03+00:00,19822,147,694,653,0.225114854517611,4.442176870748299,7.53708001210776
That Vegan Teacher,4 Reasons Vegans Are Better Than God,2024-04-12 09:33:14+00:00,18462,167,1079,705,0.23687943262411348,4.221556886227545,10.567652475354784
That Vegan Teacher,"Ep.2 Men with Boobs, Assisted Suicide, Demonic @gordonramsay, Stupid Comments & Great News!",2024-04-13 20:30:07+00:00,45991,262,1967,1280,0.2046875,4.885496183206107,7.6297536474527625
That Vegan Teacher,Vegan Dog Food.,2024-04-18 11:19:37+00:00,46296,638,876,1173,0.5439045183290707,1.8385579937304075,5.80395714532573
That Vegan Teacher,Being vegan is soooo hard! I spent all day cooking this!,2024-04-18 20:10:54+00:00,19006,202,955,523,0.3862332695984704,2.589108910891089,8.839313900873409
That Vegan Teacher,Songcast: This Is Why I'm Vegan. Reasons 1 to 30.💚,2024-04-21 18:00:06+00:00,15071,180,886,856,0.2102803738317757,4.7555555555555555,12.752969278747264
That Vegan Teacher,"Because of this video, we now have a new moderator!",2024-04-22 19:28:57+00:00,9890,97,693,551,0.17604355716878403,5.680412371134021,13.559150657229523
That Vegan Teacher,"Ep 3. Toilet Paper Tits, Fishing Feud &  Meat-Head Hits Mel @JoeyCarbstrong @Itsmelandsteve",2024-04-27 20:00:07+00:00,13029,142,1334,531,0.2674199623352166,3.73943661971831,15.404098549389822
That Vegan Teacher,@JordanBPeterson ​⁠  Narcissist. Hypocrite. Religious Freak. Dark Triad Member.,2024-05-02 10:38:24+00:00,9074,153,252,199,0.7688442211055276,1.3006535947712419,6.656380868415253
That Vegan Teacher,"Ban cruelty,  Not Words.",2024-05-02 13:08:39+00:00,45890,587,861,809,0.7255871446229913,1.3781942078364566,4.918282850294182
That Vegan Teacher,Is @SameerBhavnani the new VEGAN @DharMann?,2024-05-02 19:00:06+00:00,16456,216,1040,2056,0.10505836575875487,9.518518518518519,20.12639766650462
That Vegan Teacher,Veganphobic TikTok Psychopath Texts That Vegan Teacher. Did she do the right thing?,2024-05-04 19:24:26+00:00,20704,187,920,1151,0.16246741963509992,6.1550802139037435,10.906105100463678
That Vegan Teacher,Can you guess how many?,2024-05-07 10:23:06+00:00,32779,380,422,182,2.087912087912088,0.4789473684210526,3.0019219622319167
That Vegan Teacher,"I composed this melody for vegans to use. It’s free background music, for your videos.",2024-05-09 07:09:39+00:00,22071,328,309,298,1.1006711409395973,0.9085365853658537,4.236328213492819
That Vegan Teacher,Is God Stoned?,2024-05-11 16:00:33+00:00,19691,88,1221,758,0.11609498680738786,8.613636363636363,10.497181453455893
That Vegan Teacher,"Ban cruelty, not words. Be smart. Think of context. Think of solutions. Don’t be racist. Be vegan.",2024-05-14 09:16:05+00:00,51870,566,898,2190,0.25844748858447486,3.8692579505300353,7.044534412955465
That Vegan Teacher,All vegans are going to heaven!,2024-05-14 09:38:42+00:00,36204,408,1519,1766,0.23103057757644394,4.328431372549019,10.200530328140536
That Vegan Teacher,Thanks to all my amazing new subscribers for joining me to save the animals!,2024-05-14 09:50:10+00:00,59945,728,2085,2319,0.3139284174213023,3.1854395604395602,8.561181082659104
That Vegan Teacher,Ep. 4. Peppa Pig - Is That  @kallmekris? Is In-Vitro wrong? @Natalie.Fulton + Hacks' Hanna Einbinder,2024-05-14 21:40:07+00:00,16719,120,1039,1083,0.11080332409972299,9.025,13.409892936180393
That Vegan Teacher,@JordanBPeterson Talking About Himself,2024-05-15 10:50:24+00:00,48261,532,944,1485,0.35824915824915826,2.7913533834586466,6.135388823273451
That Vegan Teacher,"Responding to Veganphantastic & Veganphobic Comments: The Kind, The Crazy and The Cruel",2024-05-18 17:00:07+00:00,14467,145,972,602,0.24086378737541528,4.151724137931034,11.882214695513929
That Vegan Teacher,Reason #4: Why Vegans Are Better Than God,2024-05-19 08:00:20+00:00,32227,383,1952,1279,0.29945269741985925,3.339425587467363,11.214199273900768
That Vegan Teacher,Reason #1: Why Vegans Are Better Than God,2024-05-19 10:00:46+00:00,54497,584,2418,2100,0.2780952380952381,3.595890410958904,9.361983228434593
That Vegan Teacher,Today's Birthday Cameo Is For Camryn From Makayla,2024-05-23 05:36:16+00:00,130763,2327,1709,7206,0.32292533999444906,3.096691018478728,8.597233162285969
That Vegan Teacher,Good Days. Bad Days. And Amazing Days!,2024-05-23 07:47:22+00:00,18964,190,1197,1477,0.12863913337846988,7.773684210526316,15.10229909301835
That Vegan Teacher,@isaacbutterfield caught in another lie - still too scared to watch Dominion Movement on YouTube.,2024-05-23 14:02:54+00:00,77008,1046,1880,3758,0.27833954230973923,3.592734225621415,8.67961770205693
That Vegan Teacher,TikTok Banned My Foot!,2024-05-24 07:26:17+00:00,66811,393,2383,2722,0.1443791329904482,6.926208651399491,8.229183817036116
That Vegan Teacher,6 Habits of Smart People With A High IQ.,2024-05-27 17:03:02+00:00,134237,1829,2112,5408,0.3382026627218935,2.9568069983597596,6.964547777438411
That Vegan Teacher,Free Stuff Outside Value Village! What Would You Take? Do you ever donate here?,2024-06-01 09:36:15+00:00,22707,158,1064,1052,0.15019011406844107,6.658227848101266,10.014532963403354
That Vegan Teacher,"Why I don't want to be ""That Vegan Teacher"" anymore!",2024-06-07 09:38:14+00:00,88758,805,2840,5371,0.1498789797058276,6.6720496894409935,10.157957592555038
That Vegan Teacher,Terrifying: Brainwashing Kids To Follow A Psychopath: God.,2024-06-10 19:04:44+00:00,179254,1347,6322,12529,0.10751057546492138,9.301410541945064,11.267809923348992
That Vegan Teacher,Should I start my own vegan restaurant? My sexy husband could be the food tester! :-),2024-06-15 12:53:42+00:00,39550,298,1848,2488,0.1197749196141479,8.348993288590604,11.716814159292035
That Vegan Teacher,Should You Fire Your Therapist?,2024-06-18 14:27:58+00:00,18709,95,659,428,0.2219626168224299,4.505263157894737,6.317814955369074
That Vegan Teacher,Should Ambulance Drivers Respond To Calls From Non-Vegans?,2024-06-19 18:17:15+00:00,65928,356,5335,4548,0.07827616534740545,12.775280898876405,15.53057881325082
That Vegan Teacher,⁠@CandaceOwensPodcast is a fake Christian who pays for evil.,2024-06-25 18:11:34+00:00,65639,711,2187,5655,0.12572944297082228,7.953586497890296,13.030363046359634
That Vegan Teacher,Should I Take Off My Clothes For Money?,2024-06-29 11:51:29+00:00,72234,380,5567,4955,0.07669021190716448,13.039473684210526,15.09261566575297
That Vegan Teacher,She thinks it's cool not to give a fuck. #narcissists #genx @therealslimsherri,2024-06-29 13:43:57+00:00,53293,442,1818,1837,0.2406096897114861,4.156108597285068,7.687688814666091
That Vegan Teacher,Texas Rancher Stopped Eating Her Family,2024-07-02 01:06:03+00:00,40824,412,251,640,0.64375,1.5533980582524272,3.19174995100921
That Vegan Teacher,Vegan Men Are Amazing,2024-07-02 03:00:20+00:00,78516,1155,1826,1955,0.5907928388746803,1.6926406926406927,6.28661674053696
That Vegan Teacher,Is @TaylorSwift pregnant? Let’s make sure her baby stays vegan! ✅,2024-07-08 13:17:00+00:00,110851,1217,2776,5803,0.20971911080475616,4.768282662284306,8.837087622123391
That Vegan Teacher,Put The Fries In My Bag!,2024-07-10 06:05:34+00:00,53388,599,734,755,0.7933774834437086,1.2604340567612689,3.910991233985165
That Vegan Teacher,Appearing Phones,2024-07-10 14:30:22+00:00,51673,643,951,1539,0.41780376868096164,2.3934681181959565,6.0631277456311805
That Vegan Teacher,Is Your Mother A Narcissist?,2024-07-13 08:37:36+00:00,26149,175,2144,1141,0.15337423312883436,6.52,13.231863551187425
That Vegan Teacher,"Trump's First Heroic Words After The Assassination Attempt: ""LET ME GET MY SHOES!"" #trump #shoes",2024-07-15 13:07:06+00:00,37018,292,1683,3110,0.09389067524115756,10.650684931506849,13.736560592144361
That Vegan Teacher,Bella Vegan Dog Swims Every Morning In Italy. Google Vegan Pet Food.,2024-07-18 10:34:29+00:00,45975,709,880,2765,0.25641952983725136,3.8998589562764456,9.47036432843937
That Vegan Teacher,"My Husband's New Shorts, Vegan Lunch in Italy, Bella Vegan Dog and A Song About Tofu",2024-07-19 17:30:53+00:00,18004,167,1565,1287,0.12975912975912976,7.706586826347305,16.768495889802264
That Vegan Teacher,Responding to comments from bed: Vegan dogs. 🐶,2024-07-20 05:08:19+00:00,38478,530,586,422,1.2559241706161137,0.7962264150943397,3.9970892458027962
That Vegan Teacher,Thanks for agreeing with me and defending me publicly. 🩷,2024-07-20 05:12:40+00:00,34568,484,419,628,0.7707006369426752,1.2975206611570247,4.4289516315667665
That Vegan Teacher,This person wants my dog to eat a cat.,2024-07-20 05:18:06+00:00,49879,682,849,6233,0.10941761591528959,9.139296187683284,15.565668918783457
That Vegan Teacher,￼ Responding to ￼comments from bed: Religious hypocrites.,2024-07-20 05:23:13+00:00,71776,843,1683,2414,0.3492129246064623,2.863582443653618,6.882523406152474
That Vegan Teacher,Do you know what LATFA stands for?,2024-07-22 10:38:51+00:00,62897,788,970,2262,0.34836427939876213,2.8705583756345177,6.3914018156668835
That Vegan Teacher,The Day After I Almost Died.,2024-07-25 03:44:08+00:00,109251,0,0,250,0.0,,0.22883085738345643
That Vegan Teacher,Have You Met Your Guardian Angels Yet?,2024-07-27 21:27:53+00:00,17168,157,990,612,0.2565359477124183,3.8980891719745223,10.245806150978565
That Vegan Teacher,You’re not a baby. You’re not a cow. Drink soy milk now.,2024-07-31 05:30:10+00:00,15974,162,1099,652,0.24846625766871167,4.0246913580246915,11.975710529610616
That Vegan Teacher,"Is God Drunk, Stoned or Just Cruel?",2024-07-31 17:41:14+00:00,82662,852,6011,4301,0.19809346663566613,5.0481220657277,13.50560112264402
That Vegan Teacher,"What did YOU think of the Olympics Ceremony with the fat woman, the smurf & the bearded lady??",2024-08-02 05:24:05+00:00,16612,142,698,500,0.284,3.5211267605633805,8.066457982181555
That Vegan Teacher,Yay! Bible Study! Let’s see how stoned God is in Exodus!,2024-08-03 10:00:24+00:00,29750,124,1713,644,0.19254658385093168,5.193548387096774,8.339495798319328
That Vegan Teacher,Angry Girl Smashes iPad Her Mother Gave Her.,2024-08-08 10:35:46+00:00,99438,1603,2777,3313,0.483851494114096,2.0667498440424206,7.736479012047708
That Vegan Teacher,Agree or Disagree? All Good People Must Strive To Be Vegan - Or Else You're Cruel.,2024-08-10 08:18:43+00:00,14418,135,946,286,0.47202797202797203,2.1185185185185187,9.481204050492439
That Vegan Teacher,@johnrichmusic @JordanBPeterson Intelligent Men Don’t Believe In A Sky Daddy,2024-08-13 07:47:14+00:00,12284,104,940,220,0.4727272727272727,2.1153846153846154,10.289807880169326
That Vegan Teacher,@TheCommentsSection GREAT NEWS! Brett Cooper is promoting vegan dog food!!!,2024-08-13 09:42:00+00:00,37440,463,503,291,1.5910652920962198,0.6285097192224622,3.3573717948717947
That Vegan Teacher,8394 SMART students have all asked this same question!,2024-08-13 11:44:15+00:00,51072,815,1630,846,0.9633569739952719,1.038036809815951,6.443843984962407
That Vegan Teacher,@kallmekris Did you hear back from the @CrayolaLLC company yet?,2024-08-13 16:49:29+00:00,66493,621,1212,296,2.097972972972973,0.47665056360708535,3.201840795271683
That Vegan Teacher,@ed.winters Fails to Call out Elon Musk For Bending Over for @JordanBPeterson,2024-08-18 20:00:07+00:00,9561,165,957,695,0.23741007194244604,4.212121212121212,19.004288254366696
That Vegan Teacher,@BenShapiro Time to invite me to Florida. Let’s find a vegan restaurant together..,2024-08-22 12:46:36+00:00,11296,70,565,240,0.2916666666666667,3.4285714285714284,7.746104815864023
That Vegan Teacher,Wimpy Meat-Head Afraid Of Vegan Mirror.,2024-08-23 14:17:13+00:00,67624,797,1736,1465,0.5440273037542662,1.8381430363864493,5.912102212232344
That Vegan Teacher,Let’s all help Mr.Beast!! @MrBeast,2024-08-24 12:29:52+00:00,58568,866,2085,4004,0.2162837162837163,4.6235565819861435,11.875085370850977
That Vegan Teacher,"CHAT GPT Wants To Save Animals, The Planet and Your Health!",2024-08-26 09:34:46+00:00,13962,165,580,470,0.35106382978723405,2.8484848484848486,8.702191663085518
That Vegan Teacher,Episode 1 - My Twin Wants To Kidnap My Vegan Dog,2024-08-28 19:00:17+00:00,16829,172,603,329,0.5227963525835866,1.9127906976744187,6.5601045813773835
That Vegan Teacher,Why Did @ErinJanus Stab The Animals In The Back?,2024-08-30 18:34:43+00:00,14257,166,601,350,0.4742857142857143,2.108433734939759,7.834747843164762
That Vegan Teacher,The Truth About The Animals You Eat - For Kind Hearts Only.,2024-09-01 11:52:15+00:00,23475,369,117,1013,0.36426456071076013,2.745257452574526,6.385516506922258
That Vegan Teacher,Her Father Killed Her Best Friend,2024-09-04 00:51:19+00:00,15073,240,217,62,3.870967741935484,0.25833333333333336,3.443242884628143
That Vegan Teacher,Responding to silly questions.,2024-09-05 19:52:44+00:00,16001,259,369,53,4.886792452830188,0.20463320463320464,4.255984000999938
That Vegan Teacher,Someone is upset with me.,2024-09-05 19:58:09+00:00,20533,288,339,18,16.0,0.0625,3.1412847611162515
That Vegan Teacher,@NikocadoAvocado: I Accept Your Offer ... I think ... maybe ...,2024-09-08 18:07:45+00:00,34986,556,890,638,0.8714733542319749,1.1474820143884892,5.95666838163837
That Vegan Teacher,Meat-Heads: Stop Trying to Kidnap Bella Vegan Dog. She’s Fine!,2024-09-09 15:25:59+00:00,26733,477,660,148,3.222972972972973,0.31027253668763105,4.806793102158381
That Vegan Teacher,@TheAmalaEkpunobi Being A Hypocrite,2024-09-13 14:05:45+00:00,28761,412,485,346,1.1907514450867052,0.8398058252427184,4.3218246931608775
That Vegan Teacher,What Do You Think The Moral Of My New Song Is?,2024-09-15 16:24:19+00:00,8353,59,572,372,0.1586021505376344,6.305084745762712,12.007661917873817
That Vegan Teacher,Facts Don't Care About Our Feelings - ChatGpt Wants More Broccoli,2024-09-19 19:14:40+00:00,8448,97,292,281,0.34519572953736655,2.8969072164948453,7.930871212121213
That Vegan Teacher,YouTuber Thinks He's A Baby Cow - Follow @VeganGains Instead.,2024-09-20 14:07:05+00:00,9780,65,457,302,0.2152317880794702,4.6461538461538465,8.425357873210634
That Vegan Teacher,Vegans: Stop Protecting The Stabbers!,2024-09-24 06:18:41+00:00,11845,192,214,3,64.0,0.015625,3.452933727311102
That Vegan Teacher,@IsaacButterfield Mansplaining Ethics To Women,2024-09-24 13:37:39+00:00,16042,235,369,2,117.5,0.00851063829787234,3.777583842413664
That Vegan Teacher,➡️  Vegan Teen Hero (Cody) ➡️ TikTok (German Butcher) ➡️ Undercover (Joey) ➡️ Israel & Palestine,2024-09-26 13:46:39+00:00,5338,70,372,84,0.8333333333333334,1.2,9.853877856875235
That Vegan Teacher,"My ""Mini Mukbang"" Without @NikocadoAvocado1",2024-09-28 13:35:18+00:00,11517,167,546,324,0.5154320987654321,1.9401197604790419,9.004080923851697
That Vegan Teacher,Why Is A White 60-Year-Old Animal Defender Being Called A Ni**er?,2024-10-02 06:51:32+00:00,11378,95,394,252,0.376984126984127,2.6526315789473682,6.512568113904026
That Vegan Teacher,@NikocadoAvocado1 Come to Italy! Let’s be friends and do that vegan mukbang together!,2024-10-02 09:22:26+00:00,16502,164,108,3,54.666666666666664,0.018292682926829267,1.666464670948976
That Vegan Teacher,Diddy should be fed ONLY vegan foods while in jail!,2024-10-02 09:40:47+00:00,11738,136,179,3,45.333333333333336,0.022058823529411766,2.70914976997785
That Vegan Teacher,I Ate Expired Food - Here's What Happened.,2024-10-04 17:58:59+00:00,7274,112,613,253,0.4426877470355731,2.2589285714285716,13.445147099257628
That Vegan Teacher,How To Stay Vegan (20 Tips) - Listen while you exercise or clean your room.,2024-10-07 06:34:37+00:00,6266,75,375,783,0.09578544061302682,10.44,19.67762527928503
That Vegan Teacher,Oh… so close!,2024-10-07 13:12:26+00:00,11119,227,334,2,113.5,0.00881057268722467,5.063404982462451
That Vegan Teacher,Burst into tears?,2024-10-07 13:18:42+00:00,11536,218,117,14,15.571428571428571,0.06422018348623854,3.0253120665742026
That Vegan Teacher,#thatveganteacher #veganlifestyle #theveganteacher,2024-10-07 13:35:18+00:00,9633,157,166,89,1.7640449438202248,0.5668789808917197,4.27696460085124
That Vegan Teacher,Best Comment of the Day @TeacherTherapy  #teachersofyoutube #literacy,2024-10-09 07:43:03+00:00,16761,206,118,43,4.790697674418604,0.2087378640776699,2.189606825368415
That Vegan Teacher,Why Are Men Like This - and Why Are You Silent?,2024-10-10 09:24:20+00:00,9800,109,523,182,0.5989010989010989,1.6697247706422018,8.306122448979592
That Vegan Teacher,Superman DESTROYS Evil Animal-Eater,2024-10-13 08:48:18+00:00,12669,149,765,563,0.26465364120781526,3.778523489932886,11.658378719709528
That Vegan Teacher,Vystopia Hotline Ep. 1 - Distraught Teen Forced To Eat Meat,2024-10-23 18:41:25+00:00,10584,127,285,89,1.4269662921348314,0.7007874015748031,4.733560090702948
That Vegan Teacher,YouTube - Why Did You Take Down a Video AGAINST Bullfighting?,2024-10-25 16:39:35+00:00,11689,145,506,314,0.46178343949044587,2.1655172413793102,8.255624946530926
That Vegan Teacher,"Stop taking away childrens’ vegan virginity. Feed them lentils, beans, broccoli & rice.",2024-10-25 19:52:35+00:00,6878,83,113,47,1.7659574468085106,0.5662650602409639,3.533003780168654
That Vegan Teacher,You’re one of the good ones. You get it.,2024-10-25 19:59:11+00:00,6565,86,137,2,43.0,0.023255813953488372,3.427265803503427
That Vegan Teacher,Attacked by a lion??,2024-10-25 20:06:18+00:00,8529,139,127,21,6.619047619047619,0.1510791366906475,3.364990034001641
That Vegan Teacher,I think I found a kind person!,2024-10-25 20:12:04+00:00,7027,102,89,2,51.0,0.0196078431372549,2.7465490251885583
That Vegan Teacher,Veganism is not a diet!,2024-10-25 20:22:47+00:00,9829,126,236,3,42.0,0.023809523809523808,3.7135008647878727
That Vegan Teacher,Thank you for being so kind to me. Please watch the documentary called Dominion.,2024-10-25 20:30:15+00:00,7591,129,271,4,32.25,0.031007751937984496,5.322091950994599
That Vegan Teacher,@SSSniperWolf Should I bother?,2024-10-25 20:42:07+00:00,18095,231,279,130,1.7769230769230768,0.5627705627705628,3.536888643271622
That Vegan Teacher,STOP FORCING ME!!!,2024-10-25 20:49:56+00:00,19488,310,416,107,2.897196261682243,0.34516129032258064,4.274425287356322
That Vegan Teacher,Lentils have 18 grams of protein per cup. 🥰,2024-10-25 20:57:18+00:00,17627,228,347,225,1.0133333333333334,0.9868421052631579,4.5384920860044256
That Vegan Teacher,No one asked!,2024-10-25 21:02:13+00:00,29760,477,1127,1508,0.3163129973474801,3.161425576519916,10.456989247311828
That Vegan Teacher,Only smart people can answer this question.,2024-10-29 05:30:29+00:00,10951,130,176,92,1.4130434782608696,0.7076923076923077,3.6343712902931236
That Vegan Teacher,"Vegan Cheese, Vegan Meat, Vegan Athletes, Vegan Clothes, Vegan Dogs...",2024-10-30 19:31:43+00:00,5803,94,207,97,0.9690721649484536,1.0319148936170213,6.858521454420127
That Vegan Teacher,People like you are keeping me alive.,2024-10-31 10:28:40+00:00,18392,317,382,177,1.7909604519774012,0.5583596214511041,4.7629404088734235
That Vegan Teacher,Awesome vegan is going to raise their hand and ask this in church on Sunday!,2024-10-31 10:56:31+00:00,40345,645,1129,3185,0.20251177394034536,4.937984496124031,12.291485933820796
That Vegan Teacher,I Found These In The TikTok Trash,2024-11-01 16:52:42+00:00,6750,87,323,293,0.29692832764505117,3.367816091954023,10.414814814814815
That Vegan Teacher,"Let The Animals Live, Dad! - A Song From Taylor",2024-11-02 14:27:38+00:00,5154,47,345,143,0.32867132867132864,3.0425531914893615,10.380287155607295
That Vegan Teacher,Saying Hi To @BenShapiro Fans During His YouTube Live,2024-11-05 15:19:40+00:00,6359,59,299,118,0.5,2.0,7.485453687686743
That Vegan Teacher,Trump Is My New Hero,2024-11-06 18:31:10+00:00,26843,249,774,687,0.3624454148471616,2.7590361445783134,6.370375889431136
That Vegan Teacher,ASMR. Silence. Vegan. Chocolate.,2024-11-09 05:52:54+00:00,9054,146,433,482,0.3029045643153527,3.3013698630136985,11.718577424342833
That Vegan Teacher,"Jesus Was VEGAN! (But you already knew that, right?)",2024-11-12 19:20:50+00:00,12756,88,853,357,0.24649859943977592,4.056818181818182,10.17560363750392
That Vegan Teacher,Chatty Responds To @kallmekris and @oompaville,2024-11-16 18:00:06+00:00,12455,95,365,632,0.15031645569620253,6.652631578947369,8.76756322761943
That Vegan Teacher,Nobody can make @kallmekris into a good person if she’s evil towards animals.,2024-11-18 10:12:38+00:00,16440,203,263,31,6.548387096774194,0.15270935960591134,3.0231143552311437
That Vegan Teacher,Responding to your comments about @kallmekris,2024-11-18 10:22:04+00:00,18649,229,251,194,1.1804123711340206,0.8471615720524017,3.614134806155826
That Vegan Teacher,Bella has been vegan since August 2017. No meat. No cruelty in her belly.,2024-11-18 17:29:45+00:00,23963,398,921,137,2.9051094890510947,0.3442211055276382,6.076033885573592
That Vegan Teacher,Songcast - Don't Eat Eggs - Here's Why,2024-11-19 06:02:33+00:00,9404,92,545,940,0.09787234042553192,10.217391304347826,16.76945980433858
That Vegan Teacher,"Playing With Vegan Foods: Fruits, Nuts, Seeds & Mini Chocolate Candy",2024-11-23 16:41:24+00:00,6338,105,342,131,0.8015267175572519,1.2476190476190476,9.11959608709372
That Vegan Teacher,Filtering Useless TikTok Comments - Only 1 Out Of 36 Passed.,2024-11-26 05:19:09+00:00,6500,59,283,98,0.6020408163265306,1.6610169491525424,6.769230769230769
That Vegan Teacher,Spelling Matters.,2024-11-26 16:17:15+00:00,7972,87,141,2,43.5,0.022988505747126436,2.88509784244857
That Vegan Teacher,Responding to your comment about free speech.,2024-11-26 16:28:00+00:00,7444,99,86,0,,0.0,2.4852229983879632
That Vegan Teacher,Responding to your comments. I don’t understand what you’re trying to say.,2024-11-26 16:35:04+00:00,9646,147,149,2,73.5,0.013605442176870748,3.0893634667219576
That Vegan Teacher,Can’t you help humans without needing dead animals in your intestines? #animalsmatter,2024-11-26 16:50:33+00:00,17279,179,395,4,44.75,0.0223463687150838,3.3451009896406045
That Vegan Teacher,Dear Ethical Vegan - A Letter From Miss Kadie - For Those Suffering From Vystopia,2024-11-28 07:08:12+00:00,4138,65,117,106,0.6132075471698113,1.6307692307692307,6.959884001933301
That Vegan Teacher,The smartest people on TikTok.,2024-11-29 11:15:08+00:00,19899,314,456,49,6.408163265306122,0.15605095541401273,4.1157847127996385
That Vegan Teacher,Songcast - Don't Eat Pigs,2024-11-29 13:45:00+00:00,8684,89,564,343,0.2594752186588921,3.853932584269663,11.469368954398893
That Vegan Teacher,Can you memorize 8 things? Most meat-eaters can’t.,2024-11-29 16:11:18+00:00,11526,120,221,18,6.666666666666667,0.15,3.114697206316155
That Vegan Teacher,Elon Musk + Joe Rogan Acting Like 14-year Olds - Denying Science While High,2024-12-03 05:05:56+00:00,6689,91,306,297,0.3063973063973064,3.2637362637362637,10.375242936163852
That Vegan Teacher,Responding to your comments!,2024-12-05 09:20:44+00:00,12529,202,196,7,28.857142857142858,0.034653465346534656,3.232500598611222
That Vegan Teacher,"Responding to you: “If you love animals so much, why are you eating their food?”",2024-12-05 09:30:21+00:00,15030,255,251,6,42.5,0.023529411764705882,3.4065202927478375
That Vegan Teacher,Responding to a healthy vegan!,2024-12-05 09:39:29+00:00,12859,161,244,1,161.0,0.006211180124223602,3.1573217201959713
That Vegan Teacher,Billie Eilish - Hundreds of songs … How many are about the animal victims?,2024-12-05 15:23:54+00:00,21970,289,534,203,1.4236453201970443,0.7024221453287197,4.670004551661357
That Vegan Teacher,You Are God.,2024-12-06 04:11:46+00:00,11180,143,384,120,1.1916666666666667,0.8391608391608392,5.787119856887299
That Vegan Teacher,"5 Reasons You Should NEVER Eat ""Grass-Fed"" Cows.",2024-12-07 06:43:12+00:00,7554,90,471,492,0.18292682926829268,5.466666666666667,13.939634630659253
That Vegan Teacher,3 Shocking Facts - Did you know these? How do these make you feel?,2024-12-08 02:40:46+00:00,17553,321,635,154,2.0844155844155843,0.4797507788161994,6.323705349512903
That Vegan Teacher,Egg-Truth.com,2024-12-10 14:22:13+00:00,5195,58,213,162,0.35802469135802467,2.793103448275862,8.334937439846007
That Vegan Teacher,Have you signed it yet?,2024-12-11 16:36:35+00:00,5442,105,99,0,,0.0,3.7486218302094816
That Vegan Teacher,Don’t worry. It’s normal to cry.,2024-12-11 16:45:36+00:00,6968,122,122,3,40.666666666666664,0.02459016393442623,3.544776119402985
That Vegan Teacher,Thank you Isaac! This is great news!,2024-12-11 16:50:16+00:00,10860,138,141,4,34.5,0.028985507246376812,2.6058931860036836
That Vegan Teacher,Buy his book: How Not to Die!,2024-12-11 17:05:15+00:00,17055,171,92,4,42.75,0.023391812865497075,1.5655233069481092
That Vegan Teacher,Jesus’ Message to @RussellBrand - Stop Being a Dick,2024-12-12 14:40:07+00:00,5033,60,252,544,0.11029411764705882,9.066666666666666,17.007748857540232
That Vegan Teacher,Happy Birthday Bill! Thanks for booking me on Cameo.com/ThatVeganTeacher 🩷,2024-12-13 13:46:47+00:00,19014,211,176,43,4.906976744186046,0.2037914691943128,2.261491532554959
That Vegan Teacher,❤️ 25 Questions For Heart Doctor (Cardiologist) Dr. Columbus Batiste  @PLANTBASEDNEWS ❤️,2024-12-14 18:00:06+00:00,3300,64,281,206,0.3106796116504854,3.21875,16.696969696969695
That Vegan Teacher,🩷 Thanks for contacting me on cameo.com/thatveganteacher 🩷,2024-12-17 03:33:35+00:00,16465,248,175,22,11.272727272727273,0.08870967741935484,2.7027027027027026
That Vegan Teacher,EP. 51 The Comments Section - Why Do Meat-Eaters Lie So Much? Ask Your Therapist.,2024-12-17 18:07:13+00:00,4257,55,212,246,0.22357723577235772,4.472727272727273,12.050739957716702
That Vegan Teacher,Imagine Being Chat Gpt & Researching and Analyzing All The Hate Videos About That Vegan Teacher...,2024-12-18 18:47:36+00:00,7183,119,371,385,0.3090909090909091,3.235294117647059,12.181539746623974
That Vegan Teacher,Be Better Than Santa! Be Vegan!  🌱,2024-12-20 06:39:34+00:00,13310,142,1118,1251,0.1135091926458833,8.809859154929578,18.86551465063862
That Vegan Teacher,Would You Save This Baby ?,2024-12-22 04:21:22+00:00,9484,105,529,556,0.18884892086330934,5.295238095238095,12.547448334036272
That Vegan Teacher,Gross Groceries: Baby Pig Ears Are Not Ours to Chop Off. Buy Cabbage Instead!,2024-12-27 08:25:54+00:00,26373,378,1013,343,1.1020408163265305,0.9074074074074074,6.574906154021158
That Vegan Teacher,"Hitler Was A ""Nice Guy"" - Episode 2",2024-12-27 19:46:49+00:00,47838,297,2899,5257,0.05649610043751189,17.7003367003367,17.670053095865214
That Vegan Teacher,For 13-Year Old Laura: Stay With Us.,2024-12-31 16:14:28+00:00,23368,485,565,109,4.4495412844036695,0.22474226804123712,4.959774049982882
That Vegan Teacher,You “miss me”?! Which version of me do you miss? Tell me! 😇,2025-01-01 17:05:11+00:00,19954,327,305,51,6.411764705882353,0.1559633027522936,3.4228726069960915
That Vegan Teacher,You want me to “be nice” to people who stab animals??!!,2025-01-01 17:09:42+00:00,29306,505,1403,3662,0.1379027853631895,7.251485148514852,19.00634682317614
That Vegan Teacher,"No, Hitler was not a “nice guy”. He was  horrible to people and animals.",2025-01-01 17:22:45+00:00,35853,432,800,242,1.7851239669421488,0.5601851851851852,4.111231975009065
That Vegan Teacher,Speciesism is the First Form of Racism,2025-01-04 00:59:06+00:00,5373,90,361,132,0.6818181818181818,1.4666666666666666,10.850549041503815
That Vegan Teacher,A Songcast By Miss Kadie - This Is Only Part 1. Much More To Come.,2025-01-05 18:26:02+00:00,2676,43,237,42,1.0238095238095237,0.9767441860465116,12.03288490284006
That Vegan Teacher,The Downward Staircase of Veganphobia & the Upward Rise of Veganphantastica,2025-01-06 12:37:42+00:00,2526,34,152,22,1.5454545454545454,0.6470588235294118,8.234362628661916
That Vegan Teacher,"Vegan Dogs, The Bible, Free Booklet from PETA, Pumpkinseeds & Lewis Hamilton: Race Car Driver",2025-01-06 17:34:58+00:00,5379,70,466,214,0.32710280373831774,3.057142857142857,13.943112102621305
That Vegan Teacher,"Amazing Amy - ""Chicken Lady"" Puts Her Chickens on Birth Control - To Save Their Lives",2025-01-08 14:08:27+00:00,3036,39,170,182,0.21428571428571427,4.666666666666667,12.878787878787879
That Vegan Teacher,Do You Know The Most Creative Vegan in Portugal?,2025-01-10 12:30:20+00:00,3648,56,366,308,0.18181818181818182,5.5,20.010964912280702
That Vegan Teacher,"Should we, Canadians become the 51st state?",2025-01-10 16:14:19+00:00,26077,364,715,204,1.7843137254901962,0.5604395604395604,4.920044483644591
That Vegan Teacher,"Is This Vegan?? Finding Vegan Foods in a Grocery Store in Montreal, Quebec, Canada.",2025-01-11 14:39:00+00:00,5963,94,463,408,0.23039215686274508,4.340425531914893,16.183129297333558
That Vegan Teacher,My Kitchen Table.,2025-01-12 01:03:47+00:00,21901,295,490,938,0.31449893390191896,3.1796610169491526,7.86722067485503
That Vegan Teacher,🇮🇹 You. Me. The Sea. Italy. 🇮🇹,2025-01-13 01:55:16+00:00,4376,62,292,150,0.41333333333333333,2.4193548387096775,11.517367458866545
That Vegan Teacher,Will we get banned? Today we gently disrupt @PBDPodcast during their livestream.,2025-01-13 19:00:28+00:00,5422,74,517,235,0.3148936170212766,3.175675675675676,15.234230911102914
That Vegan Teacher,How Do Vegan Men Stay Disciplined? @Simnettnutrition,2025-01-16 09:19:56+00:00,4125,89,268,201,0.4427860696517413,2.258426966292135,13.527272727272727
That Vegan Teacher,"Today’s TikTok Livestream. 20,000 people came by to say hello. Did you?",2025-01-16 15:30:58+00:00,25194,329,421,300,1.0966666666666667,0.9118541033434651,4.167658966420576
That Vegan Teacher,❤️ Does @SunnyV2 Want @CoComelonAnimalTime To Be Vegan? ❤️,2025-01-17 11:44:24+00:00,11397,131,595,544,0.24080882352941177,4.152671755725191,11.143283320171975
That Vegan Teacher,Be Brave. Be Vegan. You can do it!,2025-01-18 21:36:28+00:00,11882,174,208,2,87.0,0.011494252873563218,3.2317791617572795
That Vegan Teacher,Stay brave. Stay vegan. Google vegan recipes. There’s no excuse for animal abuse.,2025-01-19 19:24:14+00:00,34843,468,898,44,10.636363636363637,0.09401709401709402,4.0467238756708666
That Vegan Teacher,"@realmishapetrov  Trans Person Gets Mad, Mother Punches Principal & Misha Has A New Necklace!",2025-01-21 01:11:28+00:00,5325,76,466,664,0.1144578313253012,8.736842105263158,22.64788732394366
That Vegan Teacher,"It's not called ""stealing"" it's called SAVING A LIFE. Animals are not objects. @WayneHsiung_",2025-01-22 16:11:08+00:00,4495,67,292,238,0.2815126050420168,3.5522388059701493,13.281423804226918
That Vegan Teacher,💚 Helping out one of my Vegan Pod Members for a Minimum of 3-Minutes Each Day. Sub to @ThatChipGuy 💚,2025-01-23 14:16:39+00:00,3745,62,394,261,0.23754789272030652,4.209677419354839,19.145527369826436
That Vegan Teacher,"If you eat bacon, you’re eating violence. ￼",2025-01-23 15:07:18+00:00,16188,238,421,6,39.666666666666664,0.025210084033613446,4.107981220657277
That Vegan Teacher,Trump's Tyranny - Already Starting To Affect Animal Welfare @DannyIshay,2025-01-27 17:57:49+00:00,5560,72,343,70,1.0285714285714285,0.9722222222222222,8.723021582733812
That Vegan Teacher,The Comments Section with That Vegan Teacher,2025-01-28 21:43:18+00:00,13320,211,231,2,105.5,0.009478672985781991,3.3333333333333335
That Vegan Teacher,Let’s Dance To Remind Curl King To Stop Hurting Animals.,2025-01-29 17:34:08+00:00,31367,344,969,242,1.421487603305785,0.7034883720930233,4.957439347084516
That Vegan Teacher,Let's Introduce A Veganphantastic Role Model To This Veganphobic Animal Exterminator,2025-01-29 21:47:13+00:00,8528,94,390,862,0.10904872389791183,9.170212765957446,15.78330206378987
That Vegan Teacher,Speciesism is the first form of racism.,2025-01-30 18:22:35+00:00,30560,351,300,319,1.1003134796238245,0.9088319088319088,3.174083769633508
That Vegan Teacher,"Ban Racism, Not Words.",2025-01-30 18:41:23+00:00,36848,451,437,1271,0.3548387096774194,2.8181818181818183,5.859205384281372
That Vegan Teacher,Brett Cooper Needs To Stop Promoting Cruelty,2025-02-01 08:00:27+00:00,5959,59,421,163,0.3619631901840491,2.76271186440678,10.790401074005706
That Vegan Teacher,Why is Veganism Best?,2025-02-04 06:59:52+00:00,17088,220,671,217,1.0138248847926268,0.9863636363636363,6.484082397003746
That Vegan Teacher,Why Are Christians So Triggered & Determined to Ki!! Animals Who Want to Live,2025-02-05 05:54:47+00:00,5671,82,409,228,0.35964912280701755,2.7804878048780486,12.678539940045846
That Vegan Teacher,Is Oompaville A Psychopath? Someone thinks so  - and it's not just me. @vganbooty @oompaville,2025-02-05 19:00:06+00:00,7738,98,393,821,0.11936662606577345,8.377551020408163,16.95528560351512
That Vegan Teacher,Hey Vegans! Got News? Send me a DM on Instagram if you want me to mention it on my channel.,2025-02-08 21:14:01+00:00,3748,61,306,96,0.6354166666666666,1.5737704918032787,12.35325506937033
That Vegan Teacher,VEGANISM Isn't About HOW WELL We treat the slaves - It's about NOT HAVING SLAVES to begin with.,2025-02-10 18:55:48+00:00,3809,61,245,167,0.3652694610778443,2.737704918032787,12.417957469152007
That Vegan Teacher,"TikTok Livestreams are a mess!  Christians are battling Muslims, while this Atheist rolls her eyes.",2025-02-11 14:47:42+00:00,6432,57,577,161,0.35403726708074534,2.824561403508772,12.360074626865671
That Vegan Teacher,"Once Upon A Time…  The Story of Evil, God and Revenge. Share this with your priest.",2025-02-12 16:52:01+00:00,24725,0,824,10,0.0,,3.373104145601618
That Vegan Teacher,"In Bed, Hoping The Firefighters Come!",2025-02-13 19:10:06+00:00,17992,255,438,3,85.0,0.011764705882352941,3.868385949310805
That Vegan Teacher,WTF IS  A “PYSHCO” ???,2025-02-13 20:09:23+00:00,24612,350,1012,252,1.3888888888888888,0.72,6.557776694295465
That Vegan Teacher,ROSEX SUBSCRIBED!!!,2025-02-13 20:12:12+00:00,25639,287,659,263,1.091254752851711,0.9163763066202091,4.715472522329264
That Vegan Teacher,"South Park Magic Carpet Ride: Fur, Wool, Leather: Animals Deserve a Bill of Rights",2025-02-14 20:21:32+00:00,3949,47,154,211,0.22274881516587677,4.48936170212766,10.433021017979236
That Vegan Teacher,Amy's Cute Chicken Taps on the Screen During Her Livestream. She's A Friend - Not Food!,2025-02-15 10:18:22+00:00,3994,55,216,499,0.11022044088176353,9.072727272727272,19.278918377566352
That Vegan Teacher,"ASMR - Bella Vegan Dog, Tofu, Red Forks, Green Knives, Blue Spoons, Yellow Polenta & Perfectionism.",2025-02-17 06:35:16+00:00,7130,126,345,176,0.7159090909090909,1.3968253968253967,9.074333800841515
That Vegan Teacher,@JoeyCarbstrong Vegan Watches Customer Get Served A DOG HEAD,2025-02-19 15:39:50+00:00,6033,120,403,172,0.6976744186046512,1.4333333333333333,11.519973479197745
That Vegan Teacher,Would you want me to protect you if you were about to be eaten?,2025-02-20 14:55:34+00:00,27367,522,1668,115,4.539130434782609,0.22030651340996169,8.422552709467606
That Vegan Teacher,SUBSCRIBE TO @Itsmelandsteve ​❤️ Vegans Spontaneously Going Live? Join & start encouraging them! ❤️,2025-02-21 06:30:31+00:00,1875,45,142,7,6.428571428571429,0.15555555555555556,10.346666666666666
That Vegan Teacher,@benoftheweek He Betrayed The Animals. Now He's On Our Team.,2025-02-21 20:12:39+00:00,14987,170,562,387,0.4392764857881137,2.276470588235294,7.466470941482618
That Vegan Teacher,Father FAILS to protect his daughter from mutilation.￼,2025-02-22 13:38:32+00:00,18894,256,410,235,1.0893617021276596,0.91796875,4.768709643272997
That Vegan Teacher,Walmart Dancers & @benoftheweek Pretending He's Going To Be Vegan (again). 🙄,2025-02-25 18:03:14+00:00,3946,79,270,7,11.285714285714286,0.08860759493670886,9.02179422199696
That Vegan Teacher,Are you eating THINGS or BEINGS? Name 3 veggies you ate this week.,2025-02-27 08:14:11+00:00,3069,61,221,84,0.7261904761904762,1.3770491803278688,11.925708699902248
That Vegan Teacher,VEGAN NEWS: Doctor Schools Grocery Store Dancer About Clif Bars.,2025-02-28 09:20:24+00:00,2269,54,160,25,2.16,0.46296296296296297,10.533274570295283
That Vegan Teacher,Why Veganism Is NOT About Ending All Suffering - It's About Something Else,2025-03-04 16:48:13+00:00,3858,101,256,308,0.32792207792207795,3.0495049504950495,17.236910316226023
That Vegan Teacher,❌ Don't Die - ❌ DON'T Eat Chick-Fil-A ❌  Says Vegan Millionaire @BryanJohnson,2025-03-05 19:08:43+00:00,5701,79,155,364,0.21703296703296704,4.6075949367088604,10.48938782669707
That Vegan Teacher,@benoftheweek Is the FIRST ONE! Who will be next?! @kallmekris ?,2025-03-07 14:12:14+00:00,13132,145,381,9,16.11111111111111,0.06206896551724138,4.074017666768199
That Vegan Teacher,Did You Know They Do This To Baby Cows? Their milk belongs to them. Not us.,2025-03-09 17:38:01+00:00,3436,58,216,77,0.7532467532467533,1.3275862068965518,10.215366705471478
That Vegan Teacher,Veganism is a Justice Movement,2025-03-10 05:14:13+00:00,4872,80,163,178,0.449438202247191,2.225,8.641215106732348
That Vegan Teacher,Super Chat Thank You Video!,2025-03-10 06:39:09+00:00,5855,84,60,1,84.0,0.011904761904761904,2.4765157984628523
That Vegan Teacher,@TaylorSwift @BillieEilish should write songs defending the animals.,2025-03-10 07:58:34+00:00,9217,108,126,10,10.8,0.09259259259259259,2.6472821959422808
That Vegan Teacher,Once Upon A Time - The Day The Jehovah’s Witnesses Rang The Bell. #jehovahswitnesses,2025-03-10 08:48:20+00:00,10210,132,217,21,6.285714285714286,0.1590909090909091,3.623898139079334
That Vegan Teacher,Did You Know About This? Now That You Know... What Will You Do?,2025-03-10 15:15:38+00:00,5135,67,315,338,0.19822485207100593,5.044776119402985,14.021421616358326
That Vegan Teacher,Disco Dance Song: Don’t Eat Eggs.,2025-03-11 11:17:23+00:00,10805,136,261,116,1.1724137931034482,0.8529411764705882,4.747801943544655
That Vegan Teacher,This vegan doesn’t like this hypocritical bible-thumper who called her a cunt.,2025-03-12 11:29:29+00:00,10118,117,99,2,58.5,0.017094017094017096,2.1545760031626804
That Vegan Teacher,@Jet_Set_Vegan Thank You For All Your Hard Work!,2025-03-12 15:52:00+00:00,3742,48,238,132,0.36363636363636365,2.75,11.17049706039551
That Vegan Teacher,"She Loves My Vegan Dog, Bella! 💚",2025-03-12 16:35:07+00:00,12090,193,223,2,96.5,0.010362694300518135,3.4574028122415217
That Vegan Teacher,You may respect me but I don’t respect you!,2025-03-12 16:41:38+00:00,14009,200,441,19,10.526315789473685,0.095,4.711257049039903
That Vegan Teacher,Family is eating a pig right now. 😳,2025-03-12 16:54:04+00:00,12805,168,174,3,56.0,0.017857142857142856,2.694260054666146
That Vegan Teacher,"No, I won’t treat you “nicely”!",2025-03-12 17:11:28+00:00,18404,216,645,3,72.0,0.013888888888888888,4.69463160182569
That Vegan Teacher,Deleting your comments and preventing you from interacting with others.,2025-03-13 05:21:34+00:00,19944,248,549,51,4.862745098039215,0.2056451612903226,4.251905334937826
That Vegan Teacher,Recess Time! Let's Dance! There's No Excuse for Animal Abuse,2025-03-13 08:06:03+00:00,5987,58,224,81,0.7160493827160493,1.396551724137931,6.063136796392183
That Vegan Teacher,Is Your Eating Disorder The Animals' Fault?,2025-03-14 06:25:53+00:00,5199,53,336,163,0.32515337423312884,3.0754716981132075,10.617426428159261
That Vegan Teacher,There’s nothing “healthy” about eating animals. Murder isn’t healthy for the victims.,2025-03-14 10:01:38+00:00,22256,270,303,25,10.8,0.09259259259259259,2.6869158878504673
That Vegan Teacher,Gordon Ramsay Pays For Animals To Be Kidnapped and Chopped to Pieces. A Rap - By That Vegan Teacher,2025-03-16 14:14:07+00:00,8511,99,506,397,0.24937027707808565,4.01010101010101,11.77299964751498
That Vegan Teacher,Don’t Eat Anything That Comes Out of Anyone’s Ass,2025-03-16 18:25:11+00:00,18740,243,389,16,15.1875,0.06584362139917696,3.4578441835645677
That Vegan Teacher,TEST: 🇮🇹 How Many Italian Tunnels You See? 🇮🇹 Which Song Is Playing on the Radio? What is it about?,2025-03-16 19:03:48+00:00,12482,133,115,6,22.166666666666668,0.045112781954887216,2.0349302996314695
That Vegan Teacher,I have a secret. Don’t tell anyone.,2025-03-16 19:25:53+00:00,29940,510,704,15,34.0,0.029411764705882353,4.104876419505678
That Vegan Teacher,"Happy Monday! Today We're Deleting Comments, Banning Veganphobes & Praising Vegans! @oliverloosde",2025-03-17 17:15:04+00:00,3096,65,253,98,0.6632653061224489,1.5076923076923077,13.436692506459949
That Vegan Teacher,Robert F. Kennedy Is In Charge - Will He Be Vegan?,2025-03-18 09:14:48+00:00,3253,40,171,5,8.0,0.125,6.640024592683677
That Vegan Teacher,Thank you for booking me on Cameo.com! Here is your answer about spiders!,2025-03-18 16:00:24+00:00,15806,219,210,15,14.6,0.0684931506849315,2.8090598506896116
That Vegan Teacher,Who Else Hates God?,2025-03-19 02:06:35+00:00,12182,88,1045,301,0.292358803986711,3.4204545454545454,11.771466097520932
That Vegan Teacher,Never Date This Kind Of Person @benoftheweek,2025-03-20 10:39:51+00:00,29848,331,577,49,6.755102040816326,0.14803625377643503,3.206244974537657
That Vegan Teacher,"Black Man Doesn't Care if his OWN COMMUNITY gets sick from Heart Attacks, Strokes or Diabetes.",2025-03-21 09:10:41+00:00,6673,75,281,785,0.09554140127388536,10.466666666666667,17.098756181627454
That Vegan Teacher,Chat GPT Tells Us Which Is the BEST Religion! Hint: It's NOT yours!,2025-03-22 17:56:51+00:00,7161,80,491,895,0.0893854748603352,11.1875,20.472001117162407
That Vegan Teacher,"Dude pets cat while stabbing knife into a baby pig - then pulls the ""racism card"" - Cue Eye Roll 🙄",2025-03-24 17:51:40+00:00,5786,61,352,553,0.11030741410488246,9.065573770491802,16.695471828551675
That Vegan Teacher,Speciesism is a first form of racism. Don’t hug a cat while stabbing a pig. ￼￼,2025-03-25 08:38:34+00:00,20942,220,341,105,2.0952380952380953,0.4772727272727273,3.180212014134275
That Vegan Teacher,Song: It’s Not Complicated 🇮🇹 All Good Men Are Vegan 🇮🇹 Italy Should Be Vegan By Now 🇮🇹,2025-03-25 14:44:32+00:00,4632,56,241,578,0.09688581314878893,10.321428571428571,18.890328151986182
That Vegan Teacher,"March 25, 2025",2025-03-26 22:37:05+00:00,28389,422,915,346,1.2196531791907514,0.8199052132701422,5.9283525309098595
That Vegan Teacher,⁠Let’s Talk About My Banned Video: @vganbooty was the only brave one spoke up about the veganphobia,2025-03-26 22:48:31+00:00,9963,95,392,1242,0.07648953301127215,13.073684210526316,17.35421057914283
That Vegan Teacher,Banning Comments From People Who Can’t Think or Spell.,2025-03-27 16:33:59+00:00,26334,261,702,147,1.7755102040816326,0.5632183908045977,4.215083162451584
That Vegan Teacher,Ep.1 @augusttheduck Psycho makes money by encouraging people to cut the heads off baby animals.,2025-03-28 05:24:44+00:00,20462,116,1037,1974,0.05876393110435663,17.017241379310345,15.281986120613823
That Vegan Teacher,"New Song: I’m A Nurse  🩷 Share with all the nurses, vegans and animal-eaters you know.",2025-03-28 13:51:10+00:00,37990,381,923,10,38.1,0.026246719160104987,3.458804948670703
That Vegan Teacher,"God is either drunk, stoned, lazy stupid or dead - or he never existed at all. Want a cookie?",2025-03-29 13:20:41+00:00,32521,411,1720,483,0.8509316770186336,1.1751824817518248,8.03788321392331
That Vegan Teacher,EP 2 Turdking Doesn't Want You To Watch This - Because He's Too Cowardly & Weak To Quit Meat,2025-03-30 17:06:16+00:00,3770,42,156,222,0.1891891891891892,5.285714285714286,11.140583554376658
That Vegan Teacher,EP. 1 Here Is Why I Banned You From Commenting - (Because the animals asked me to).,2025-03-31 02:00:32+00:00,5834,73,370,498,0.1465863453815261,6.821917808219178,16.12958519026397
That Vegan Teacher,The future is Vegan. Just stop fighting it. Put down your weapons. ￼,2025-03-31 08:38:25+00:00,22924,173,222,12,14.416666666666666,0.06936416184971098,1.7754318618042226
That Vegan Teacher,"76,000 people want vegan kids, vegan nuns and vegan pastors to “Go die in a hole”.",2025-03-31 08:55:28+00:00,27544,359,467,66,5.4393939393939394,0.18384401114206128,3.2384548358989256
That Vegan Teacher,New Cameo from Colton For Ramsey! Who’s Next? 🩷,2025-03-31 12:40:49+00:00,26825,237,165,37,6.405405405405405,0.15611814345991562,1.6365330848089468
That Vegan Teacher,YOU LIED!!,2025-03-31 15:29:50+00:00,44595,503,1231,78,6.448717948717949,0.1550695825049702,4.063235788765557
That Vegan Teacher,Leave Animals Alone. Stop Touching Them Inappropriately.,2025-03-31 19:22:27+00:00,18243,131,923,371,0.353099730458221,2.83206106870229,7.811215260647921
That Vegan Teacher,EP. 2 Here Is Why I Banned You From Commenting,2025-04-02 09:53:56+00:00,8012,100,405,1000,0.1,10.0,18.78432351472791
That Vegan Teacher,@skyjackmorgan  @CoryBooker  VEGAN Keeps It Up For 25 HOURS!!,2025-04-02 11:45:07+00:00,1327,33,37,16,2.0625,0.48484848484848486,6.480783722682743
That Vegan Teacher,From TikTok This Morning.,2025-04-02 12:48:17+00:00,24842,254,307,40,6.35,0.15748031496062992,2.419289912245391
That Vegan Teacher,Guess Who Chat GPT Likes Best? YouTuber @kallmekris or @ThatVeganTeacherYouTube ?,2025-04-02 14:00:18+00:00,11067,68,520,419,0.162291169451074,6.161764705882353,9.099123520375892
That Vegan Teacher,❗️Doctor Phil Agrees: American Kids Aren’t Learning How To Read❗️,2025-04-03 22:00:43+00:00,4747,46,223,286,0.16083916083916083,6.217391304347826,11.691594691384031
That Vegan Teacher,Newest Song For The Upcoming Dance Album! 🩷 Follow MusicByThatVeganTeacher on TikTok 🩷,2025-04-04 08:14:17+00:00,23346,135,132,28,4.821428571428571,0.2074074074074074,1.263599760130215
That Vegan Teacher,This is for ​⁠@SSSniperWolf ​⁠@kallmekris ​⁠@DJLovesTurbo  @augusttheduck ​⁠@gordonramsay,2025-04-04 13:39:42+00:00,30990,228,548,21,10.857142857142858,0.09210526315789473,2.5717973539851564
That Vegan Teacher,New Dance Song: It Takes 100 “Clicks” Until You’re Vegan! 🌱 Subscribe & Share!,2025-04-05 22:46:15+00:00,27462,177,237,22,8.045454545454545,0.12429378531073447,1.5876483868618456
That Vegan Teacher,New Song: It Was The Best Day Of My Life ❤️,2025-04-06 19:08:13+00:00,6888,81,339,171,0.47368421052631576,2.111111111111111,8.5801393728223
That Vegan Teacher,Responding to you.,2025-04-07 08:36:56+00:00,29594,351,752,323,1.0866873065015479,0.9202279202279202,4.818544299520173
That Vegan Teacher,Responding to your comment about protein. ￼,2025-04-07 08:48:10+00:00,23068,186,129,1,186.0,0.005376344086021506,1.36986301369863
That Vegan Teacher,I hope you don’t mind this feedback. ￼,2025-04-07 09:18:01+00:00,27551,247,276,23,10.73913043478261,0.0931174089068826,1.9817792457624044
That Vegan Teacher,"Italy. Vegan Food and a Song: It Takes 100 ""Clicks"" Until You're Vegan",2025-04-07 14:30:20+00:00,8061,82,342,234,0.3504273504273504,2.8536585365853657,8.162758962907828
That Vegan Teacher,"This Video Is Only For Kind People. If You're Not Kind, Don't Watch It.",2025-04-09 08:37:18+00:00,20338,203,1162,916,0.22161572052401746,4.512315270935961,11.215458747172779
That Vegan Teacher,Responding to you about wings. ￼,2025-04-11 05:12:28+00:00,30226,340,808,163,2.085889570552147,0.47941176470588237,4.337325481373652
That Vegan Teacher,Responding to you for being proud to be “first!”,2025-04-11 05:57:14+00:00,27400,214,545,74,2.891891891891892,0.34579439252336447,3.04014598540146
That Vegan Teacher,🇨🇦 Canadian Vegan Doesn’t Find Hair in Food at 🇮🇹 Italian Vegan Food Festival,2025-04-13 19:00:17+00:00,23165,239,291,3,79.66666666666667,0.012552301255230125,2.3008849557522124
That Vegan Teacher,@augusttheduck Apologizes To That Vegan Teacher,2025-04-14 18:25:40+00:00,9158,79,159,1142,0.0691768826619965,14.455696202531646,15.068792312732038
That Vegan Teacher,@kallmekris @oompaville  Seem like nice people - but do nice people slice animals to pieces?,2025-04-14 20:10:52+00:00,12363,79,649,368,0.21467391304347827,4.658227848101266,8.865162177465017
That Vegan Teacher,Thanks For The Videos! There’s still time if you want to send yours now!,2025-04-15 16:02:18+00:00,12974,76,192,2,38.0,0.02631578947368421,2.0810852474179127
That Vegan Teacher,"Be brave. Be vegan. Be veganphantastic! In the comments, write the vegan foods you ate today!",2025-04-16 10:06:17+00:00,11849,77,121,1,77.0,0.012987012987012988,1.6794666216558358
That Vegan Teacher,"Day 2 - School Trip:  Vegan Festival - Vegan Doctors, Lawyers, Puppies, Tattoos , Cake and Cheese",2025-04-16 12:48:56+00:00,3852,49,243,58,0.8448275862068966,1.183673469387755,9.08618899273105
That Vegan Teacher,Stop lying and start learning.,2025-04-16 16:18:04+00:00,14994,136,181,3,45.333333333333336,0.022058823529411766,2.1341870081365877
That Vegan Teacher,"Therians and Furries - playing dress-up and make-believe is for kids, not adults.",2025-04-16 16:29:27+00:00,18224,210,312,54,3.888888888888889,0.2571428571428571,3.160667251975417
That Vegan Teacher,Don’t eat your grandmother!,2025-04-16 16:39:28+00:00,19536,198,380,2,99.0,0.010101010101010102,2.968877968877969
That Vegan Teacher,Don’t be veganphobic. Be veganphantastic. ✅,2025-04-16 17:15:59+00:00,21001,189,427,4,47.25,0.021164021164021163,2.952240369506214
That Vegan Teacher,@ThatChipGuy is a Vegan Pod member with me. We help each other for 3 minutes each day. ✅,2025-04-17 12:53:59+00:00,20129,129,180,0,,0.0,1.5350986139400864
That Vegan Teacher,❤️ Come See My FAVOURITE Movie Of All Time! ❤️,2025-04-17 16:12:15+00:00,10347,117,459,416,0.28125,3.5555555555555554,9.587319996134145
That Vegan Teacher,They Smashed His Head On The Ground,2025-04-19 09:42:50+00:00,11789,104,495,447,0.232662192393736,4.298076923076923,8.872677920095004
That Vegan Teacher,This Racist Will Be Banned From Commenting.,2025-04-19 11:14:33+00:00,17113,174,406,45,3.8666666666666667,0.25862068965517243,3.6521942382983696
That Vegan Teacher,Who is Bro?,2025-04-20 10:17:18+00:00,19590,248,495,22,11.272727272727273,0.08870967741935484,3.9050535987748853
That Vegan Teacher,Cow milk is for baby cows. You’re not a baby. You’re not a cow.,2025-04-20 10:31:43+00:00,14386,143,207,3,47.666666666666664,0.02097902097902098,2.453774502989017
That Vegan Teacher,You’re not going to heaven if you have  corpses in your intestines.,2025-04-20 10:41:16+00:00,16404,152,316,48,3.1666666666666665,0.3157894736842105,3.1455742501828823
That Vegan Teacher,No you don’t “love” animals. Vegetarians are mean people.,2025-04-20 10:47:32+00:00,16019,171,256,27,6.333333333333333,0.15789473684210525,2.8341344653224296
That Vegan Teacher,Thank God He's Gone.,2025-04-21 21:36:26+00:00,53215,294,3531,5752,0.05111265646731571,19.564625850340136,17.996805412007895
That Vegan Teacher,Talking to a non-existent God.,2025-04-22 08:54:20+00:00,15780,179,460,99,1.8080808080808082,0.553072625698324,4.67680608365019
That Vegan Teacher,The Documentary About You,2025-04-22 09:04:39+00:00,10826,103,91,2,51.5,0.019417475728155338,1.8104563088860153
That Vegan Teacher,Make it make sense. 🙂,2025-04-22 09:27:31+00:00,19441,194,195,30,6.466666666666667,0.15463917525773196,2.1552389280386812
That Vegan Teacher,Thank you for booking me on Cameo.com/ThatVeganTeacher - Happy Birthday! 🥳,2025-04-22 14:24:53+00:00,15531,88,111,0,,0.0,1.2813083510398557
That Vegan Teacher,Song: Jesus Died So You Could Eat Tofu - Watch the documentary Christspiracy For Proof,2025-04-23 05:34:43+00:00,10551,75,660,662,0.11329305135951662,8.826666666666666,13.24045114207184
That Vegan Teacher,I have no idea what you’re trying to write with this comment. Can you fix it?,2025-04-23 13:03:17+00:00,23945,217,157,214,1.014018691588785,0.9861751152073732,2.4556274796408437
That Vegan Teacher,It’s your birthday? Go thank your mom. ￼,2025-04-23 13:11:44+00:00,24456,382,898,376,1.0159574468085106,0.9842931937172775,6.771344455348381
That Vegan Teacher,Why is this person‘s mom stealing vegetables for animals? Make it make sense.,2025-04-23 13:17:26+00:00,21251,248,425,65,3.8153846153846156,0.2620967741935484,3.472777751635217
That Vegan Teacher,I Prayed To Jesus,2025-04-24 10:00:46+00:00,13776,113,734,1721,0.06565950029052876,15.230088495575222,18.641114982578397
That Vegan Teacher,I rode my bike past McDonald’s in Italy. 🇮🇹,2025-04-25 17:41:46+00:00,32329,336,497,235,1.4297872340425533,0.6994047619047619,3.30353552537969
That Vegan Teacher,@VeganGains is Ripped!,2025-04-26 02:18:20+00:00,6011,75,195,223,0.336322869955157,2.973333333333333,8.201630344368658
That Vegan Teacher,@Vortrox wants me to play some math game. Should I learn it? Will he be vegan like @benoftheweek,2025-04-26 19:16:25+00:00,36601,726,1058,612,1.1862745098039216,0.8429752066115702,6.546269227616731
That Vegan Teacher,❤️ Sunday Morning Gratitude Pep Talk! - For Nice People Only. ❤️,2025-04-27 14:00:08+00:00,4461,72,260,345,0.20869565217391303,4.791666666666667,15.175969513561983
That Vegan Teacher,Subscribe so you don’t miss this.,2025-04-28 04:47:19+00:00,16630,153,198,3,51.0,0.0196078431372549,2.1286831028262174
That Vegan Teacher,There's Only One Rule In Class: Don't Prevent Others From Learning. Lie or Waste Our Time? = Bye!,2025-04-28 15:32:19+00:00,6361,83,407,289,0.28719723183391005,3.4819277108433737,12.246502122307813
That Vegan Teacher,Vegan Protein Has Fibre For Your Gut Microbiome - Meat Protein Doesn’t.,2025-04-29 07:03:00+00:00,20165,190,297,224,0.8482142857142857,1.1789473684210525,3.525911232333251
That Vegan Teacher,Can a Dog Be Vegan? Come See!,2025-04-29 07:06:45+00:00,7377,98,472,731,0.13406292749658003,7.459183673469388,17.635895350413445
That Vegan Teacher,"For CurlKing who laughs as he stabs chickens, pigs and cows and encourages others to do the same.",2025-04-29 17:39:13+00:00,15261,132,117,3,44.0,0.022727272727272728,1.651267937880873
That Vegan Teacher,Responding to Kerri! 🩷,2025-04-30 09:20:41+00:00,14388,162,173,3,54.0,0.018518518518518517,2.3491798721156516
That Vegan Teacher,Responding to you!,2025-04-30 09:25:28+00:00,15615,180,187,101,1.7821782178217822,0.5611111111111111,2.9971181556195963
That Vegan Teacher,Are vegetarians the scum of the earth?🌎,2025-04-30 09:39:08+00:00,19035,242,287,170,1.423529411764706,0.7024793388429752,3.672182821118991
That Vegan Teacher,Never say “I will never be vegan.”,2025-04-30 09:47:11+00:00,17984,204,397,115,1.7739130434782608,0.5637254901960784,3.9813167259786475
That Vegan Teacher,When will @kallmekris stop paying for the SA of innocent females? Eat tofu instead.,2025-05-01 14:46:58+00:00,24265,201,537,6,33.5,0.029850746268656716,3.066144652792087
That Vegan Teacher,I Bought Something I Don't Need - Again. (But it's so cute!),2025-05-01 16:00:48+00:00,5826,109,310,115,0.9478260869565217,1.055045871559633,9.165808444902163
That Vegan Teacher,Why Does Khalin Ikner Pay People To Do This? @SSSniperWolf Are you two related?,2025-05-03 08:15:51+00:00,6048,76,367,578,0.1314878892733564,7.605263157894737,16.881613756613756
That Vegan Teacher,"Nope, I don’t have a stepson. Nope, Tash Peterson is not my daughter. Nope, Hitler wasn’t nice.",2025-05-04 07:03:47+00:00,20654,309,179,89,3.4719101123595504,0.28802588996763756,2.793647719570059
That Vegan Teacher,EP. 3  Why I Had To Block Someone - When Comment Sections Cross The Line,2025-05-04 12:18:20+00:00,7920,91,578,344,0.26453488372093026,3.78021978021978,12.790404040404042
That Vegan Teacher,💚 Fun Vegan Dance Song! These Are Vegan Foods You Should Eat! 💚,2025-05-05 01:18:22+00:00,8635,115,417,322,0.35714285714285715,2.8,9.889982628836131
That Vegan Teacher,You’re right. People struggle to stay focused.,2025-05-06 03:02:49+00:00,15056,130,111,2,65.0,0.015384615384615385,1.6139744952178534
That Vegan Teacher,Fiz: Wake The Fuk Up!,2025-05-06 04:28:27+00:00,9494,89,137,2,44.5,0.02247191011235955,2.401516747419423
That Vegan Teacher,Hey you! Time to stop being a student and start being a teaching assistant!,2025-05-06 04:57:11+00:00,22448,238,249,134,1.7761194029850746,0.5630252100840336,2.7663934426229506
That Vegan Teacher,Blast from the past: song from 5 years ago. Change your religion if it tells you to be cruel.,2025-05-06 08:11:45+00:00,22814,190,403,12,15.833333333333334,0.06315789473684211,2.651880424300868
That Vegan Teacher,@realmishapetrov  TikTok Is Insane!,2025-05-06 19:00:18+00:00,3234,62,153,89,0.6966292134831461,1.435483870967742,9.400123685837972
That Vegan Teacher,Are Parents The Problem? @TeacherTherapy,2025-05-07 12:00:06+00:00,3135,47,102,182,0.25824175824175827,3.872340425531915,10.558213716108453
That Vegan Teacher,Vegan Teacher Reminds @dazgames That Veganphobia is Real - and it is Wrong,2025-05-08 07:24:28+00:00,4873,59,349,93,0.6344086021505376,1.576271186440678,10.281140980915247
That Vegan Teacher,"Song: It Takes 100 ""Clicks"" Until You're Vegan!",2025-05-08 15:49:32+00:00,5864,84,258,90,0.9333333333333333,1.0714285714285714,7.3669849931787175
That Vegan Teacher,"Thank you for booking me on Cameo.com/ ThatVeganTeacher 💙 If anyone else wants a video, come over!",2025-05-09 10:17:36+00:00,18816,151,53,0,,0.0,1.0841836734693877
That Vegan Teacher,Create Heaven? Right Here?! Yup!,2025-05-09 15:52:20+00:00,21483,136,216,0,,0.0,1.638504864311316
That Vegan Teacher,Delicious Vegan Food! (Minus the Nail Polish!) @broccoli_mum,2025-05-09 18:43:47+00:00,8211,105,472,412,0.25485436893203883,3.9238095238095236,12.044817927170868
That Vegan Teacher,Today we are Muslim. Tomorrow we will be Unitarian Universalists…,2025-05-10 17:35:38+00:00,29512,274,584,72,3.8055555555555554,0.26277372262773724,3.1512605042016806
That Vegan Teacher,How I Supported An Animal Rights Activist - From Bed!,2025-05-11 06:09:37+00:00,18818,125,100,3,41.666666666666664,0.024,1.211605909235838
That Vegan Teacher,"Another teacher quit, this time, a violin teacher, because students are so cruel and disrespectful.",2025-05-11 08:26:57+00:00,25709,334,258,7,47.714285714285715,0.020958083832335328,2.3299233731378117
That Vegan Teacher,@RealCharlieKirk Thanks for being vegan now!,2025-05-13 10:07:31+00:00,27730,217,591,154,1.4090909090909092,0.7096774193548387,3.4691669671835554
That Vegan Teacher,Keep defending animals - even at the dog parks in Italy. 🇮🇹 #vegan #vegandogs #tofu #socratic,2025-05-14 06:27:55+00:00,27648,316,382,3,105.33333333333333,0.00949367088607595,2.5354456018518516
That Vegan Teacher,"Can You Pass This 7-Question, Multiple-Choice Vegan Test? ❤️",2025-05-15 13:31:03+00:00,2809,43,121,141,0.3049645390070922,3.2790697674418605,10.857956568173726
That Vegan Teacher,Kind men protect animals - they don't pay people to hurt them.,2025-05-16 07:30:32+00:00,3734,40,152,465,0.08602150537634409,11.625,17.595072308516336
That Vegan Teacher,"@kallmekris wants you to do this to cats & dogs too! ""You do you, Boo!"" she says.",2025-05-16 15:41:36+00:00,12740,86,546,401,0.2144638403990025,4.662790697674419,8.108320251177394
That Vegan Teacher,New Song. We Have To Help. We Have To Try.,2025-05-16 20:50:50+00:00,14714,132,513,848,0.15566037735849056,6.424242424242424,10.146798966970232
That Vegan Teacher,Khalin Ikner: Time to learn from history & be as brave as Rosa Parks and I.,2025-05-18 19:39:36+00:00,20107,166,331,16,10.375,0.0963855421686747,2.5513502760232756
That Vegan Teacher,Happy Vegan Declaration Day! God Is In Your Hands.,2025-05-18 20:58:42+00:00,4390,52,323,151,0.3443708609271523,2.9038461538461537,11.981776765375853
That Vegan Teacher,⁠Wrote this song for @GaryYourofskyAdaptt in 2020.,2025-05-19 21:20:35+00:00,17601,82,146,0,,0.0,1.2953809442645303
That Vegan Teacher,Are you in the 4% ?,2025-05-20 12:26:04+00:00,6215,61,337,273,0.22344322344322345,4.475409836065574,10.79646017699115
That Vegan Teacher,@GojiManNutrition Thought of you!,2025-05-20 15:45:44+00:00,19286,121,103,4,30.25,0.03305785123966942,1.1822047080783988
That Vegan Teacher,"Vegan News: Beyond Meat Update, Vegan Recipe Channel & A Song About Rainbows: @RainbowPlantLife",2025-05-21 11:41:39+00:00,3993,60,261,15,4.0,0.25,8.414725770097672
That Vegan Teacher,Let's Play! What Shapes Do You Make With Your Vegan Candies?,2025-05-22 11:28:01+00:00,4980,63,446,36,1.75,0.5714285714285714,10.943775100401606
That Vegan Teacher,Delicious Vegan Food Is Just a Google Away!,2025-05-22 21:22:17+00:00,21319,169,310,3,56.333333333333336,0.01775147928994083,2.2608940381819034
That Vegan Teacher,What you see compared to WHO we see.,2025-05-23 20:13:34+00:00,22054,209,450,32,6.53125,0.15311004784688995,3.1332184637707448
That Vegan Teacher,"Can You Pass This 7-Question, Multiple-Choice Vegan Test? ❤️",2025-05-25 08:02:07+00:00,2552,49,190,25,1.96,0.5102040816326531,10.344827586206897
That Vegan Teacher,"Be kind, be vegan!",2025-05-25 19:22:32+00:00,20956,134,303,1,134.0,0.007462686567164179,2.0900935292994847
That Vegan Teacher,Confession #1,2025-05-26 18:30:30+00:00,20179,244,286,1,244.0,0.004098360655737705,2.6314485356063235
That Vegan Teacher,@CosmicSkeptic Sells Baby Animal Skins Now 🙄,2025-05-27 13:31:49+00:00,24539,262,442,5,52.4,0.019083969465648856,2.889278291698928
That Vegan Teacher,❤️ Should This Chocolate Bar Company Pay Me For Creating This Crossword Puzzle?,2025-05-28 06:00:28+00:00,3333,56,231,49,1.1428571428571428,0.875,10.081008100810081
That Vegan Teacher,BellaVeganDog is healthy and normal for her age. Misleading or hateful comments will be removed.,2025-05-28 16:34:17+00:00,19456,204,257,13,15.692307692307692,0.06372549019607843,2.436266447368421
That Vegan Teacher,"Guess Who Got 100% On Today's ""I'm a Wimpy Coward"" Test?!",2025-05-29 12:00:55+00:00,5569,67,371,187,0.3582887700534759,2.791044776119403,11.222840725444424
That Vegan Teacher,Bella Vegan Dog hanging out at ￼the dog park with other senior dogs. ❤️,2025-05-29 12:20:04+00:00,19801,162,177,4,40.5,0.024691358024691357,1.7322357456694106
That Vegan Teacher,Why I Blocked You Today,2025-05-30 18:16:44+00:00,14649,188,1067,658,0.2857142857142857,3.5,13.058911871117482
That Vegan Teacher,"BellaVeganDog is a normal, healthy senior citizen. Order vet-approved vegan kibble today! 💚🩷💛💙💜",2025-06-01 04:38:49+00:00,18016,158,188,90,1.7555555555555555,0.569620253164557,2.420071047957371
That Vegan Teacher,Answering As Many Questions as I Can in 3 Minutes! Go!!! ✅,2025-06-02 13:23:27+00:00,17343,156,294,2,78.0,0.01282051282051282,2.60623882834573
That Vegan Teacher,🇮🇹 I Made Myself This Video To Help Me Learn Italian While I Walk - Maybe It Can Help You Too! 🇮🇹,2025-06-03 01:11:23+00:00,3867,64,445,57,1.1228070175438596,0.890625,14.636669252650632
That Vegan Teacher,"Are You ""vegan"" for the WRONG Reason?",2025-06-05 07:12:04+00:00,6630,73,333,24,3.0416666666666665,0.3287671232876712,6.485671191553545
That Vegan Teacher,@BrianTurnerOfficial Schools Veganphobic @JordanBPeterson,2025-06-05 12:36:04+00:00,4363,51,342,236,0.21610169491525424,4.627450980392157,14.416685766674306
That Vegan Teacher,"Sorry to tell you, but your mom isn’t vegan.🌱",2025-06-06 11:00:18+00:00,16472,151,203,2,75.5,0.013245033112582781,2.161243322000971
That Vegan Teacher,Should vegans leave “popular people” alone?,2025-06-06 14:15:02+00:00,20132,206,357,3,68.66666666666667,0.014563106796116505,2.8114444665209617
That Vegan Teacher,"A TikTok Man Who Hates Boomers, A Crossword Puzzle and a Bidet Bum Cleaner.",2025-06-08 17:11:59+00:00,3541,41,310,26,1.5769230769230769,0.6341463414634146,10.64670996893533
That Vegan Teacher,I Got a Five Star ⭐️ ⭐️ ⭐️ ⭐️ ⭐️ Rating For This Silly Video. Apparently I’m “Very Funny!” 😆,2025-06-09 18:07:46+00:00,13359,106,104,4,26.5,0.03773584905660377,1.6019163111011303
That Vegan Teacher,You’re Right! All I want Is Attention!,2025-06-09 18:43:56+00:00,19736,203,279,2,101.5,0.009852216748768473,2.452371301175517
That Vegan Teacher,God’s Penis 🍆 #answer #atheist #atheism #philosophy,2025-06-09 19:04:29+00:00,26081,251,899,708,0.3545197740112994,2.8207171314741037,7.123959970860012
That Vegan Teacher,New Song: Sentience Matters; If You’re Pro-Life You Should Be Vegan,2025-06-11 14:30:27+00:00,6090,60,219,61,0.9836065573770492,1.0166666666666666,5.582922824302135
That Vegan Teacher,Subscribe to my instagram ThatVeganTeacherMissKadie & see my stories.,2025-06-11 19:14:42+00:00,14939,116,122,1,116.0,0.008620689655172414,1.5998393466764844
That Vegan Teacher,"If you lie, I say goodbye.",2025-06-12 05:50:53+00:00,21346,229,373,4,57.25,0.017467248908296942,2.8389393797432776
That Vegan Teacher,When Vegans Lie To Themselves,2025-06-12 15:38:41+00:00,5444,63,328,63,1.0,1.0,8.33945628214548
That Vegan Teacher,Fun Friday! Responding to you all! Video 2.,2025-06-13 17:32:34+00:00,17743,239,280,0,,0.0,2.925097221439441
That Vegan Teacher,Fun Friday! Responding to you all! Video 3.,2025-06-13 17:57:02+00:00,19909,242,283,2,121.0,0.008264462809917356,2.647044050429454
That Vegan Teacher,Police Are The Criminals Here,2025-06-13 19:00:10+00:00,7542,70,461,349,0.20057306590257878,4.985714285714286,11.667992574913816
That Vegan Teacher,This Person Is Scared Of Me! 😳,2025-06-14 17:35:03+00:00,19322,205,327,7,29.285714285714285,0.03414634146341464,2.7895662974847326
That Vegan Teacher,Politely Spamming? Yes! Let's Type Vegan Comments in Someone's Livestream!,2025-06-16 21:59:38+00:00,3963,44,328,77,0.5714285714285714,1.75,11.329800656068635
That Vegan Teacher,🇮🇹 I Went To A Cube Of Truth In Italy 🇮🇹 Here's What I Saw,2025-06-17 19:03:46+00:00,4777,82,211,171,0.47953216374269003,2.0853658536585367,9.713209127067197
That Vegan Teacher,🇮🇹 Italy: How Many Vegan “Clicks” Do You Have So Far? 🇮🇹,2025-06-18 18:23:00+00:00,4320,69,294,114,0.6052631578947368,1.6521739130434783,11.041666666666666
That Vegan Teacher,Animal-Defender Gets Attacked By Psycho Vegan-Hating Vaper!,2025-06-20 09:09:01+00:00,6820,81,393,197,0.41116751269035534,2.432098765432099,9.838709677419356
That Vegan Teacher,Religious people are stupid. ￼ Subscribe - but only if you’re sane.,2025-06-20 11:32:31+00:00,20797,121,625,85,1.423529411764706,0.7024793388429752,3.995768620474107
That Vegan Teacher,Yes you were born vegan. It’s not your fault. Your parents fed you corpses of innocent animals.,2025-06-20 11:39:21+00:00,20443,153,268,3,51.0,0.0196078431372549,2.074059580296434
That Vegan Teacher,🩷 Happy Vegan Declaration Day! 🩷,2025-06-21 13:27:15+00:00,32715,271,633,152,1.7828947368421053,0.5608856088560885,3.227877120586887
That Vegan Teacher,When Christians Are Messed Up In The Head - @RealCharlieKirk Is NOT Going To Heaven,2025-06-23 13:30:25+00:00,9111,67,805,367,0.18256130790190736,5.477611940298507,13.598946328613765
That Vegan Teacher,🙄 “Crop deaths tho!” 🙄 - Let’s talk about it. @joerogan @tednugent,2025-06-24 08:38:58+00:00,20558,116,145,3,38.666666666666664,0.02586206896551724,1.2841716120245161
That Vegan Teacher,“How does her husband put up with her?” Easy! He feeds her!,2025-06-24 12:09:38+00:00,27216,287,395,1,287.0,0.003484320557491289,2.5095532039976485
That Vegan Teacher,Good Morning! And by the way… Why would you lie to me?,2025-06-25 04:09:45+00:00,25856,218,354,4,54.5,0.01834862385321101,2.2277227722772275
That Vegan Teacher,Why does @kallmekris condone this sick behaviour - and also claim to have been a victim of it?,2025-06-25 06:30:38+00:00,20298,101,196,4,25.25,0.039603960396039604,1.4829047196768155
That Vegan Teacher,Responding to Veganphobic & Veganphantastic Comments - And Banning Some Of You,2025-06-25 06:34:43+00:00,21199,205,2312,925,0.22162162162162163,4.512195121951219,16.23661493466673
That Vegan Teacher,"Body Positivity - Are you afraid to be seen in a bathing suit? If so, why?",2025-06-26 12:48:35+00:00,30575,314,394,19,16.526315789473685,0.06050955414012739,2.3777596075224854
That Vegan Teacher,🍌Vegan Nice Cream! 🍌,2025-06-29 08:25:19+00:00,46192,370,707,76,4.868421052631579,0.20540540540540542,2.496103221337028
That Vegan Teacher,"Kitchen Time! Reading Your Comments & Eating Beans, Cabbage, Tomatoes, Celery, Spinach, Tahini!",2025-06-29 19:45:23+00:00,10797,166,871,191,0.8691099476439791,1.1506024096385543,11.37352968417153
That Vegan Teacher,You’re not an innocent victim. You’re the cruel perpetrator - unless you’re vegan.,2025-07-02 09:20:46+00:00,27430,181,215,4,45.25,0.022099447513812154,1.4582573824279985
That Vegan Teacher,🙄Creep wants me to take my clothes off! Book me on cameo.com/thatveganteacher - but be nice!,2025-07-03 17:41:34+00:00,30278,260,268,1,260.0,0.0038461538461538464,1.747143140233833
That Vegan Teacher,Why are vegans mentally tougher than you?,2025-07-04 21:02:42+00:00,37720,354,876,55,6.4363636363636365,0.1553672316384181,3.406680805938494
That Vegan Teacher,Subscribe If You're Smart,2025-07-06 18:40:40+00:00,18369,124,887,552,0.2246376811594203,4.451612903225806,8.508900865588764
That Vegan Teacher,Why I Banned You From My Channel,2025-07-07 13:01:00+00:00,16571,127,837,528,0.24053030303030304,4.15748031496063,9.003681129684388
That Vegan Teacher,I just got off FaceTime with you.,2025-07-07 16:41:49+00:00,35244,357,909,2,178.5,0.0056022408963585435,3.5977755078878673
That Vegan Teacher,Happy 39th Birthday Morgan!,2025-07-07 19:48:56+00:00,47060,495,480,2,247.5,0.00404040404040404,2.0760730981725457
That Vegan Teacher,Stop paying for this to happen to dogs.  ❌ R. A. P. E  ❌ Adopt. Don’t shop.,2025-07-08 07:54:46+00:00,38075,286,436,18,15.88888888888889,0.06293706293706294,1.943532501641497
That Vegan Teacher,Episode 1 - I Tried Not To Eat For 72 Hours - It Started Well,2025-07-09 19:47:24+00:00,8236,120,333,106,1.1320754716981132,0.8833333333333333,6.78727537639631
That Vegan Teacher,Do Gay People Deserve Parades If They Have Innocent Animals In Their Intestines?,2025-07-10 14:29:38+00:00,42922,244,464,84,2.9047619047619047,0.3442622950819672,1.8452075858534085
That Vegan Teacher,Episode 2 - 52 Hours Later,2025-07-12 08:08:31+00:00,7979,82,275,37,2.2162162162162162,0.45121951219512196,4.937962150645444
That Vegan Teacher,Vegan News - Your Comments - Bella Vegan Dog ​& Switzerland's New Law,2025-07-14 03:18:42+00:00,11809,140,837,189,0.7407407407407407,1.35,9.873825048691675
That Vegan Teacher,Responding To: “But aren’t the ￼animals gonna die anyway?”,2025-07-14 09:01:36+00:00,42633,501,1036,48,10.4375,0.09580838323353294,3.7177773086576127
That Vegan Teacher,🇮🇹  Bella Vegan Dog Eats Broccoli in Italy 🇮🇹,2025-07-16 19:27:21+00:00,7003,77,415,216,0.35648148148148145,2.8051948051948052,10.109952877338284
That Vegan Teacher,Episode 30 - @kallmekris Manipulative Liar Continues To Harm Animals in July 2025,2025-07-17 15:30:23+00:00,13402,89,667,672,0.1324404761904762,7.550561797752809,10.655126100582004
That Vegan Teacher,"Italy: Pizza, Chocolate & A Pep Talk About ""Atomic Habit Stacking"".",2025-07-19 08:58:29+00:00,6696,78,450,69,1.1304347826086956,0.8846153846153846,8.915770609318995
That Vegan Teacher,That Vegan Teacher Says the N Word,2025-07-23 09:02:28+00:00,39214,373,345,98,3.806122448979592,0.26273458445040215,2.0808894782475647
That Vegan Teacher,@SSSniperWolf- She Will Be Vegan One Day - Who Agrees? Who Disagrees?,2025-07-23 12:05:32+00:00,20125,140,901,544,0.25735294117647056,3.8857142857142857,7.875776397515528
That Vegan Teacher,Now What?,2025-07-24 19:29:54+00:00,7215,82,448,290,0.2827586206896552,3.5365853658536586,11.365211365211366
That Vegan Teacher,"Gaza People Are Starving While You're Complaining About Being ""Forced"" To Be Vegan. 🙄",2025-07-26 17:08:04+00:00,14474,146,821,1342,0.10879284649776454,9.191780821917808,15.952742849246926
That Vegan Teacher,I’m in Germany. Where are you? @DieMilitanteVeganerin,2025-07-28 02:50:45+00:00,32222,243,324,4,60.75,0.01646090534979424,1.7720811867668051
That Vegan Teacher,@DieMilitanteVeganerin & @derveganist  I Finally Met in Real Life ! Subscribe for more! ❤️,2025-07-29 22:52:11+00:00,34852,318,398,7,45.42857142857143,0.0220125786163522,2.074486399632733
That Vegan Teacher,Song: We Have To Help. We Have To Try. Anonymous For The Voiceless.,2025-07-30 21:58:29+00:00,8539,96,318,163,0.588957055214724,1.6979166666666667,6.7572315259398055
That Vegan Teacher,Purple or Blue?,2025-07-31 20:36:02+00:00,44296,628,708,180,3.488888888888889,0.28662420382165604,3.4224309192703632
That Vegan Teacher,"Best Ever In Cologne, Germany!",2025-08-02 10:56:36+00:00,5759,90,336,318,0.2830188679245283,3.533333333333333,12.918909532905017
That Vegan Teacher,Falling Asleep While Reading Your Comments? Never!,2025-08-03 17:15:49+00:00,20260,174,407,1,174.0,0.005747126436781609,2.872655478775913
That Vegan Teacher,People Agree: Granny Bibbins Should Be Banned.,2025-08-03 18:06:23+00:00,20361,186,255,4,46.5,0.021505376344086023,2.1855508079170964
That Vegan Teacher,YouTube is ROBBING me of my wrinkles!!!,2025-08-03 19:18:38+00:00,27451,384,669,26,14.76923076923077,0.06770833333333333,3.9306400495428218
That Vegan Teacher,What Did You Do When You Found Out?,2025-08-03 20:01:15+00:00,8594,75,413,418,0.17942583732057416,5.573333333333333,10.542238771235745
That Vegan Teacher,Responding To Your Cool & Crazy Comments,2025-08-05 14:28:53+00:00,26118,208,2345,1326,0.1568627450980392,6.375,14.851826326671262
That Vegan Teacher,"⁠Bibi! @BibisBeautyPalace Meet Me in Cologne, Germany I’m here now. 💚",2025-08-08 13:14:51+00:00,13511,85,65,0,,0.0,1.1102064984087041
That Vegan Teacher,Don’t Just Cry. Do Something About It! @BibisBeautyPalace,2025-08-08 14:52:07+00:00,19069,151,285,2,75.5,0.013245033112582781,2.2969217053857043
That Vegan Teacher,Truck-Stop Snacks In France With My Hubby,2025-08-10 18:59:07+00:00,17888,159,320,0,,0.0,2.677772808586762
That Vegan Teacher,Khalin Ikner: Why Are You Stabbing and Burning Innocent Animals?,2025-08-11 07:22:29+00:00,4490,60,162,347,0.1729106628242075,5.783333333333333,12.67260579064588
That Vegan Teacher,"Does @khalin Ikner’s boss know he’s a bully? If you work with him, contact me in private.",2025-08-11 09:08:55+00:00,16338,82,149,0,,0.0,1.4138817480719794
That Vegan Teacher,Thank you for booking me on cameo.com/thatveganteacher 🙂,2025-08-11 13:09:52+00:00,13823,84,72,0,,0.0,1.128553859509513
That Vegan Teacher,Parker & Dean Are MEAN! Why are they paying people to r@pe mother cows & steal their baby's milk?,2025-08-11 13:57:34+00:00,5159,52,222,160,0.325,3.076923076923077,8.412483039348711
That Vegan Teacher,⁠@realmishapetrov Time to grow up & stop acting like a helpless #woke princess.,2025-08-11 15:24:50+00:00,21965,186,258,11,16.90909090909091,0.05913978494623656,2.0714773503300705
That Vegan Teacher,"Who I saw and what I did today: Gary, squats at the outdoor gym, water fountain, my TikTok desk.",2025-08-12 20:32:19+00:00,4837,63,251,63,1.0,1.0,7.794087244159603
That Vegan Teacher,Eat One Brazil Nut A Day #brazilnuts,2025-08-13 10:57:01+00:00,17327,128,99,4,32.0,0.03125,1.3331794309459224
That Vegan Teacher,@gordonramsay should be treated the same way he treated the animals.,2025-08-13 20:09:38+00:00,25415,232,289,2,116.0,0.008620689655172414,2.0578398583513673
That Vegan Teacher,Good morning! Here’s what I ate for breakfast today! ❤️,2025-08-14 08:50:11+00:00,30145,272,417,34,8.0,0.125,2.398407696135346
That Vegan Teacher,Great News! TikTok is VEGAN now!! ❤️,2025-08-14 18:39:11+00:00,31794,365,697,34,10.735294117647058,0.09315068493150686,3.4471912939548344
That Vegan Teacher,Veganphobia & Veganphantastica,2025-08-14 22:23:30+00:00,3912,53,131,128,0.4140625,2.4150943396226414,7.975460122699387
That Vegan Teacher,3D  Printing Machine? Or Just Keep Making These Myself? ,2025-08-15 06:28:46+00:00,3461,54,249,19,2.8421052631578947,0.35185185185185186,9.303669459693731
That Vegan Teacher,9 Stupid Excuses,2025-08-18 08:11:51+00:00,17922,128,160,2,64.0,0.015625,1.6181229773462782
That Vegan Teacher,Adopting Me. Adopting You.,2025-08-18 12:52:23+00:00,4828,60,223,145,0.41379310344827586,2.4166666666666665,8.864954432477216
That Vegan Teacher,Punctuation and sentence structure matter.,2025-08-18 14:02:42+00:00,20849,215,296,7,30.714285714285715,0.03255813953488372,2.484531632212576
That Vegan Teacher,You don’t have to “love” all animals to be vegan! 🌱,2025-08-18 16:05:15+00:00,21696,221,248,4,55.25,0.01809954751131222,2.1801253687315634
That Vegan Teacher,Bible Study Time!  ✝️ #christian #jesus #atheists,2025-08-19 01:30:44+00:00,22848,181,322,3,60.333333333333336,0.016574585635359115,2.214635854341737
That Vegan Teacher,My Vegan Promise   No More Dairy,2025-08-19 07:09:46+00:00,3971,39,261,186,0.20967741935483872,4.769230769230769,12.238730798287586
That Vegan Teacher,Therapists Need Therapy - You Don’t,2025-08-19 13:38:12+00:00,19368,147,137,3,49.0,0.02040816326530612,1.4818256918628667
That Vegan Teacher,Kids and animals are not ours to exploit or be cruel to.,2025-08-19 13:58:16+00:00,25924,201,388,1,201.0,0.004975124378109453,2.2758833513346706
That Vegan Teacher,Teacher Freaks Out at Non-Vegan Bullies,2025-08-20 20:30:06+00:00,7334,74,421,202,0.36633663366336633,2.72972972972973,9.5036814835015
That Vegan Teacher,Woman saves sheep - but does she have other animals in her intestines?,2025-08-21 14:24:17+00:00,23605,233,241,4,58.25,0.017167381974248927,2.024994704511756
That Vegan Teacher,Don’t book me on cameo for body part photos!,2025-08-22 12:13:03+00:00,31578,266,384,3,88.66666666666667,0.011278195488721804,2.067895370194439
That Vegan Teacher,Are you aware of this group? Fill in the blank: Cube Of ________.,2025-08-23 21:23:53+00:00,22761,176,311,2,88.0,0.011363636363636364,2.148411756952682
That Vegan Teacher,"If you HATE me as a teacher, watch this cutie instead! @HumaneVision",2025-08-26 03:50:02+00:00,6478,95,276,373,0.2546916890080429,3.9263157894736844,11.48502624266749
That Vegan Teacher,✝️ Kyle & Token Are Now Smarter Than You,2025-08-28 12:12:19+00:00,5157,43,191,62,0.6935483870967742,1.441860465116279,5.7397711847973625
That Vegan Teacher,What Actually Happened,2025-08-28 14:59:44+00:00,9456,103,510,351,0.2934472934472934,3.407766990291262,10.194585448392555
That Vegan Teacher,Try to find the mistake in one of the text boxes. Argh! Don’t you hate when that happens? ￼,2025-09-01 07:44:28+00:00,23585,182,417,1,182.0,0.005494505494505495,2.5439898240407035
That Vegan Teacher,"I Interviewed Meat-Heads In Cologne, Germany.",2025-09-01 19:40:24+00:00,6680,111,298,190,0.5842105263157895,1.7117117117117118,8.967065868263473
That Vegan Teacher,Matt Walsh Hates Gays. Gays Hate Matt Walsh. Vegans Hate Hypocrites.  @Brad_Polumbo,2025-09-02 15:20:56+00:00,9373,98,393,299,0.3277591973244147,3.0510204081632653,8.428464739144351
That Vegan Teacher,Cube of Truth Today in Italy,2025-09-06 23:34:02+00:00,20481,192,232,3,64.0,0.015625,2.084859137737415
That Vegan Teacher,Veganism is the Logical Response,2025-09-07 09:36:36+00:00,9672,100,1700,514,0.19455252918287938,5.14,23.9247311827957
That Vegan Teacher,Pep Talk! Thanks for booking me on cameo.com/thatveganteacher,2025-09-08 14:30:27+00:00,21074,235,1615,36,6.527777777777778,0.15319148936170213,8.949416342412452
That Vegan Teacher,Why I Stopped Eating Eggs,2025-09-15 09:32:54+00:00,21203,218,366,5,43.6,0.022935779816513763,2.7779087864924774
That Vegan Teacher,Did He Deserve It?,2025-09-16 18:55:47+00:00,16695,179,930,776,0.23067010309278352,4.335195530726257,11.290805630428272
That Vegan Teacher,You Failed The Lesson 😔,2025-09-17 13:29:53+00:00,15810,143,155,120,1.1916666666666667,0.8391608391608392,2.6438962681846934
That Vegan Teacher,Silenced - Like The Animals In Their Intestines. Rest In Peas @JimmyKimmelLive @RealCharlieKirk,2025-09-18 19:24:12+00:00,3684,60,202,48,1.25,0.8,8.414766558089033
That Vegan Teacher,Do you talk to Grok?,2025-09-19 15:50:37+00:00,15899,96,107,15,6.4,0.15625,1.3711554185797847
That Vegan Teacher,Charlie Kirk Paid People To Hurt Animals,2025-09-20 18:27:10+00:00,19169,181,469,165,1.096969696969697,0.9116022099447514,4.251656320100162
That Vegan Teacher,⁠@MegynKelly Are you vegan or are as violent as @RealCharlieKirk & ​⁠@JimmyKimmelLive were?,2025-09-21 07:29:28+00:00,18298,142,141,1,142.0,0.007042253521126761,1.5520821947753853
That Vegan Teacher,Vegan Grocery Shopping  in Italy!,2025-09-22 18:36:29+00:00,24207,204,322,7,29.142857142857142,0.03431372549019608,2.2018424422687652
That Vegan Teacher,@RealCharlieKirk Was Not A Real Christian - Are you?,2025-09-23 11:16:35+00:00,22427,234,345,41,5.7073170731707314,0.1752136752136752,2.7645249030186827
That Vegan Teacher,Need a calm video? Here you go: My Kitchen. My Dog. My Food.,2025-09-23 20:32:40+00:00,4856,78,222,424,0.18396226415094338,5.435897435897436,14.909390444810544
That Vegan Teacher,Religion was created to trick mean and stupid people.,2025-09-25 07:13:18+00:00,21923,201,359,105,1.9142857142857144,0.5223880597014925,3.033343976645532
That Vegan Teacher,Here is Why @jadeforjustice is Smarter Than @IsaacButterfield,2025-09-26 12:36:26+00:00,4146,64,280,134,0.47761194029850745,2.09375,11.529184756391702
That Vegan Teacher,Song: The Future is Vegan,2025-09-28 20:12:26+00:00,15262,101,137,3,33.666666666666664,0.0297029702970297,1.5790853099200628
That Vegan Teacher,Did you ever refuse to dissect anyone?,2025-09-29 15:27:38+00:00,3180,67,173,96,0.6979166666666666,1.4328358208955223,10.566037735849058
That Vegan Teacher,Vegan Dog ASMR,2025-09-30 16:36:23+00:00,18109,175,238,2,87.5,0.011428571428571429,2.291678171075156
That Vegan Teacher,Thank you for coming to my live today!,2025-09-30 17:22:03+00:00,15196,129,94,4,32.25,0.031007751937984496,1.4938141616214793
That Vegan Teacher,"What does ""It Takes 100 Clicks"" mean???",2025-10-01 00:05:44+00:00,3714,88,141,40,2.2,0.45454545454545453,7.242864835756596
That Vegan Teacher,"11 Ways ""Anonymous For The Voiceless"" Could Improve",2025-10-02 12:30:44+00:00,3716,60,165,461,0.1301518438177874,7.683333333333334,18.46071044133477
That Vegan Teacher,"💚 You’re right, JoAnne! We were all born vegan! 🎉",2025-10-02 17:40:02+00:00,16471,154,92,1,154.0,0.006493506493506494,1.499605367008682
That Vegan Teacher,If you don’t want to be mean then stop doing this!,2025-10-02 18:11:55+00:00,23282,292,317,20,14.6,0.0684931506849315,2.7016579331672537
That Vegan Teacher,Vegan Nurses Care About People AND Animals in Gaza. Stop Dropping Bombs On The Innocent.,2025-10-04 07:44:59+00:00,4310,65,283,102,0.6372549019607843,1.5692307692307692,10.440835266821345
That Vegan Teacher,Why I Blocked You From Having Access To Me,2025-10-04 19:15:34+00:00,21105,221,257,34,6.5,0.15384615384615385,2.4259654110400377
That Vegan Teacher,Good morning! Here is my breakfast. Would you like to join me?,2025-10-05 01:20:46+00:00,16990,155,159,3,51.666666666666664,0.01935483870967742,1.8658034137728077
That Vegan Teacher,Sick-in-the-head Paul McCartney thinks he’s a baby cow. 🙄 Must be friends with @dazgames,2025-10-05 17:13:15+00:00,19063,132,122,3,44.0,0.022727272727272728,1.3481613597020405
That Vegan Teacher,New Shopping List Song!,2025-10-06 01:30:05+00:00,16596,91,64,2,45.5,0.02197802197802198,0.9460110870089179
That Vegan Teacher,Argh. I made a small mistake with the text on the screen! See if you can find it before Morgan does!,2025-10-06 12:18:36+00:00,24114,200,125,18,11.11111111111111,0.09,1.4224102181305467
That Vegan Teacher,Famous people still deserve to be called out. @annielennox,2025-10-07 11:10:13+00:00,20551,157,109,4,39.25,0.025477707006369428,1.313804681037419
That Vegan Teacher,🙄@RussellBrand is going to “take a break” and talk to “god”. Cruel eye roll: 🙄,2025-10-07 11:48:03+00:00,21140,164,302,11,14.909090909090908,0.06707317073170732,2.2563859981078522
That Vegan Teacher,Responding To Questions From Denis! Want me to answer you? Send your video questions to my Instagram,2025-10-07 21:45:08+00:00,9074,123,390,477,0.2578616352201258,3.8780487804878048,10.910293145250165
That Vegan Teacher,Let’s Dance! Greenscreen this song! Let’s see your moves! @dazgames,2025-10-08 15:08:47+00:00,23027,209,217,32,6.53125,0.15311004784688995,1.9889694706214445
That Vegan Teacher,BANNED for being RACIST. Nobody will ever see your comments again unless you open a new account.,2025-10-12 16:09:09+00:00,17477,129,126,2,64.5,0.015503875968992248,1.4705040910911484
That Vegan Teacher,Please write sentences that makes sense.,2025-10-14 00:31:58+00:00,17236,150,149,2,75.0,0.013333333333333334,1.746344859596194
That Vegan Teacher,What I see and do ￼at 3:30 in the morning when I can’t sleep.,2025-10-14 01:39:20+00:00,17928,147,131,2,73.5,0.013605442176870748,1.5618027666220438
That Vegan Teacher,Please write comments more clearly so everyone can understand them.,2025-10-15 12:27:10+00:00,17675,151,139,1,151.0,0.006622516556291391,1.6463932107496464
That Vegan Teacher,Ban nail polish? And skeletons? What?!,2025-10-15 12:45:40+00:00,21630,220,357,14,15.714285714285714,0.06363636363636363,2.7323162274618586
That Vegan Teacher,Bella Vegan Dog is 11 today! 🩷,2025-10-15 17:58:58+00:00,18266,141,79,3,47.0,0.02127659574468085,1.2208474761852623
That Vegan Teacher,Should I sell these?,2025-10-15 18:14:40+00:00,20205,208,128,2,104.0,0.009615384615384616,1.6728532541450136
That Vegan Teacher,I would flush them both like feces.,2025-10-15 18:45:41+00:00,23671,178,139,11,16.181818181818183,0.06179775280898876,1.3856617802374214
That Vegan Teacher,How To Respond to 8 RIDICULOUS Things CARNISTS Say -,2025-10-17 14:36:21+00:00,4568,70,329,108,0.6481481481481481,1.542857142857143,11.098949211908932
That Vegan Teacher,Your Shopping List in a Song!,2025-10-18 06:04:04+00:00,21931,103,76,3,34.333333333333336,0.02912621359223301,0.8298755186721992
That Vegan Teacher,Message for @KerriEverlasting 🩷,2025-10-18 19:20:20+00:00,32651,345,314,4,86.25,0.011594202898550725,2.030565679458516
That Vegan Teacher,🇮🇹 Vegani in Italia 🇮🇹 - Happy Italian Dance Song With Lyrics on the Screen 🇮🇹,2025-10-19 16:26:45+00:00,3886,57,351,33,1.7272727272727273,0.5789473684210527,11.348430262480699
That Vegan Teacher,Bella Vegan Dog is 11 years old. Order vegan dog food today!,2025-10-20 14:10:34+00:00,30509,317,299,49,6.469387755102041,0.15457413249211358,2.1796846832082335
That Vegan Teacher,"​@KerriEverlasting Got The First One! If You Want One Too, Let Me Know In The Comments!",2025-10-23 18:06:36+00:00,3511,55,250,83,0.6626506024096386,1.509090909090909,11.05098262603247
That Vegan Teacher,AI is INSANE! This isn’t me. I’m Vegan and I always will be! ❤️,2025-10-24 02:09:20+00:00,35142,431,281,3,143.66666666666666,0.0069605568445475635,2.0346024699789425
That Vegan Teacher,Vegan dogs are happy and healthy. Order vet-approved vegan kibble online.,2025-10-24 09:31:43+00:00,24307,159,198,4,39.75,0.025157232704402517,1.4851688813921915
That Vegan Teacher,"Here's Why All The TikTok Kids Are Saying ""67""",2025-10-27 14:31:47+00:00,16906,191,482,310,0.6161290322580645,1.6230366492146597,5.814503726487637
That Vegan Teacher,Responding to weird comments.,2025-10-27 16:18:24+00:00,24002,162,163,3,54.0,0.018518518518518517,1.3665527872677277
That Vegan Teacher,Meet @BrianTurnerOfficial  A nice vegan bodybuilder you should follow!,2025-10-29 04:58:48+00:00,3790,53,204,37,1.4324324324324325,0.6981132075471698,7.757255936675461
That Vegan Teacher,@deanwithrs Stop hurting animals!,2025-10-30 16:54:22+00:00,25777,183,202,2,91.5,0.01092896174863388,1.5013384024517982
That Vegan Teacher,Stop the virtue signalling and do something. Be vegan. Start now. Save a cow. ￼,2025-10-31 00:56:26+00:00,25816,180,153,1,180.0,0.005555555555555556,1.2937713046172916
That Vegan Teacher,"Pre-Vegan: ""Why did you stop eating eggs and pigs?"" Share this video to help you answer!",2025-10-31 03:30:52+00:00,4174,64,202,46,1.391304347826087,0.71875,7.474844274077623
That Vegan Teacher,❤️ 🇮🇹 Music Video! Vegan Outreach In Italy With Friends! 🇮🇹 ❤️,2025-11-01 18:29:37+00:00,3056,60,242,135,0.4444444444444444,2.25,14.29973821989529
That Vegan Teacher,Being vegan is a choice that you can make each day. Or you can choose to be cruel. It’s up to you. ￼,2025-11-02 04:30:39+00:00,17750,103,85,1,103.0,0.009708737864077669,1.064788732394366
That Vegan Teacher,You don’t need to eat people or cats or anyone. Be Vegan from now on. #vegan,2025-11-02 04:57:25+00:00,18873,89,49,1,89.0,0.011235955056179775,0.7365018809940126
That Vegan Teacher,"Their wool ￼and their feathers belong to them, not us.",2025-11-02 05:08:25+00:00,21069,116,106,2,58.0,0.017241379310344827,1.0631733826949545
That Vegan Teacher,Don’t pay anyone to cut off someone else’s head.,2025-11-02 05:18:08+00:00,24009,133,198,4,33.25,0.03007518796992481,1.395310092048815
That Vegan Teacher,Responding to some of your comments and deleting some of you permanently.,2025-11-03 18:30:18+00:00,26960,218,197,5,43.6,0.022935779816513763,1.5578635014836795
That Vegan Teacher,Vegan @dr.matthewnagra Reminds Vegan Dude To Stop Acting Like A Cult Member,2025-11-06 07:12:54+00:00,4234,63,243,51,1.2352941176470589,0.8095238095238095,8.431743032593292
That Vegan Teacher,Will They Ban The Vegan? Spamming a Livestream TikTok Slaughterhouse,2025-11-08 09:30:47+00:00,7137,97,352,191,0.5078534031413613,1.9690721649484537,8.967353229648312
That Vegan Teacher,"November 9, 2025",2025-11-09 21:49:38+00:00,26640,130,73,8,16.25,0.06153846153846154,0.792042042042042
That Vegan Teacher,"Apparently, I guilt-trip people.",2025-11-10 08:56:04+00:00,33267,220,170,5,44.0,0.022727272727272728,1.1873628520756305
That Vegan Teacher,They Don't Deserve This,2025-11-11 14:23:51+00:00,6880,73,476,112,0.6517857142857143,1.5342465753424657,9.607558139534884
That Vegan Teacher,Question: Why Do Most Jewish People Pay For Gas Chambers Instead of Being Vegan?,2025-11-12 09:58:20+00:00,30550,136,313,2,68.0,0.014705882352941176,1.4762684124386254
That Vegan Teacher,Responding to your comments! ￼Happy Vegan Declaration Day,2025-11-13 09:04:51+00:00,41203,407,434,5,81.4,0.012285012285012284,2.0532485498628743
That Vegan Teacher,Responding to your AMAZING comment!,2025-11-14 19:18:40+00:00,45293,366,334,56,6.535714285714286,0.15300546448087432,1.669132095467291
That Vegan Teacher,"You may respect us, but we don’t respect you. ￼",2025-11-14 19:24:26+00:00,52016,436,1415,90,4.844444444444444,0.20642201834862386,3.7315441402645337
That Vegan Teacher,What About Non-Vegan Family Members? Interview With Tommy at Vegan Festival in Milan,2025-11-15 18:39:29+00:00,3281,51,154,115,0.4434782608695652,2.2549019607843137,9.75312404754648
That Vegan Teacher,Why Are Vegans Kinder Than God?,2025-11-17 03:02:12+00:00,53739,350,1728,2,175.0,0.005714285714285714,3.8705595563743276
That Vegan Teacher,Songcast: Don't Drink Cow's Milk. You're Not A Baby. You're Not A Cow.,2025-11-18 13:29:14+00:00,5660,58,339,252,0.23015873015873015,4.344827586206897,11.46643109540636
That Vegan Teacher,Supporting @ThatChipGuy & Discord Friends Trying To Stay Calm While Listening to Non-Vegan Excuses,2025-11-20 05:26:10+00:00,4085,37,330,30,1.2333333333333334,0.8108108108108109,9.718482252141984
That Vegan Teacher,Why I Banned You - and How You Can Get Back In,2025-11-20 14:38:08+00:00,49568,285,593,2,142.5,0.007017543859649123,1.7753389283408652
That Vegan Teacher,Can You Guess How Many Healthy Vegan Foods I Put In My Bowl Eat Each Morning?,2025-11-24 08:31:39+00:00,3715,70,328,82,0.8536585365853658,1.1714285714285715,12.920592193808883
That Vegan Teacher,THE BRUTAL VEGAN,2025-11-25 14:50:56+00:00,7085,74,310,202,0.36633663366336633,2.72972972972973,8.270995059985886
That Vegan Teacher,DHAR MANN REVIEW - PART 1 - Subscribe and press the notification bell for Part 2.,2025-11-26 20:40:33+00:00,46813,556,1409,1194,0.4656616415410385,2.147482014388489,6.748125520688697
That Vegan Teacher,"Happy ThanksLiving! Eat beans, not beings!",2025-11-27 10:00:41+00:00,62276,397,843,1,397.0,0.0025188916876574307,1.9927419872824204
That Vegan Teacher,Responding to you: Vegans don’t exploit animals. They don’t steal from them.,2025-11-27 13:54:56+00:00,65854,614,1085,11,55.81818181818182,0.017915309446254073,2.5966532025389495
That Vegan Teacher,"""Finally, She Actually Shuts Up And Says Nothing!""",2025-11-29 17:52:41+00:00,9524,99,249,347,0.28530259365994237,3.505050505050505,7.297354052918942
That Vegan Teacher,"DHAR MANN REVIEW - PART 2 - Spoiler: @DharMann  ""Vegan"" Teacher Is UNETHICAL",2025-12-02 20:03:32+00:00,20360,198,356,381,0.5196850393700787,1.9242424242424243,4.592337917485265
That Vegan Teacher,Ariana Grande: EAT SOMETHING!!!,2025-12-05 17:08:14+00:00,44652,432,216,66,6.545454545454546,0.1527777777777778,1.5990325181402847
That Vegan Teacher,Milan is a Morgue #italy #italytravel #italyeducation,2025-12-05 22:28:06+00:00,53667,539,982,6,89.83333333333333,0.011131725417439703,2.845323942087316
That Vegan Teacher,DJ Doesn't Know The Kindergarten Basics: Animals Are Sentient,2025-12-07 06:44:58+00:00,37334,436,1820,1515,0.2877887788778878,3.4747706422018347,10.100712487277013
That Vegan Teacher,@NikocadoAvocado1 is crying!,2025-12-07 21:54:08+00:00,39411,368,335,2,184.0,0.005434782608695652,1.7888406789982492
That Vegan Teacher,🇮🇹 Vegani In Italia. 🇮🇹,2025-12-10 06:23:09+00:00,3386,52,144,77,0.6753246753246753,1.4807692307692308,8.062610750147666
That Vegan Teacher,Stop Lying To Children And Turning Their Friends Into Corpses - All Children Are Born Vegan,2025-12-10 15:26:10+00:00,10821,112,269,414,0.27053140096618356,3.6964285714285716,7.346825616856114
That Vegan Teacher,Italy Does Not Deserve This Award!,2025-12-13 12:14:17+00:00,10946,97,420,754,0.1286472148541114,7.77319587628866,11.611547597295816
That Vegan Teacher,@DJLovesTurbo Thinks It's Okay To R@ype Mother Cows & Un-Alive Their Baby Boys,2025-12-15 01:28:32+00:00,55424,490,1969,2511,0.19514137793707687,5.124489795918367,8.967234411085451
That Vegan Teacher,Imagine if all the boys you know were born in the bodies of baby chicks and this happened to them.,2025-12-17 15:24:51+00:00,9988,87,381,1241,0.07010475423045931,14.264367816091953,17.110532639167
That Vegan Teacher,"This isn’t a pride flag, it’s a Freedom Flag! Free the people and free the animals!",2025-12-17 16:28:19+00:00,102848,797,1274,5,159.4,0.006273525721455458,2.0185127566894834
That Vegan Teacher,Vegan Ice Cream Recipe,2025-12-21 14:59:45+00:00,70373,650,561,10,65.0,0.015384615384615385,1.7350404274366589
That Vegan Teacher,Sam: you should have been vegan ages ago.,2025-12-24 20:54:59+00:00,63772,283,386,7,40.42857142857143,0.024734982332155476,1.0600263438499655
That Vegan Teacher,Is Unitarian Universalism the best religion out there?,2025-12-25 21:52:37+00:00,66634,335,401,5,67.0,0.014925373134328358,1.112044902001981
That Vegan Teacher,There is nothing funny about scaring your child!,2025-12-25 23:56:09+00:00,20076,146,670,1779,0.08206857785272625,12.184931506849315,12.925881649731021
That Vegan Teacher,Not funny. No cool. Just cruel.,2025-12-26 23:05:55+00:00,84935,603,1350,12,50.25,0.01990049751243781,2.3135338788485313
That Vegan Teacher,I was worried for a second there! @benoftheweek,2025-12-26 23:10:04+00:00,99244,779,1257,2,389.5,0.0025673940949935813,2.053524646326226
That Vegan Teacher,That Vegan Teacher is live!,2025-12-28 03:51:19+00:00,276495,1672,74,160,10.45,0.09569377990430622,0.6893433877646973
That Vegan Teacher,That Vegan Teacher is live!,2025-12-29 01:08:57+00:00,594889,2387,192,2113,1.129673450070989,0.8852115626309175,0.7887185676655645
That Vegan Teacher,Are Unitarian Universalists still the best religion?,2025-12-29 22:47:26+00:00,70075,368,388,1,368.0,0.002717391304347826,1.0802711380663574
That Vegan Teacher,That Vegan Teacher is live!,2025-12-30 17:45:16+00:00,580392,2578,140,759,3.3965744400527007,0.2944142746314973,0.599077864615639
That Vegan Teacher,WARNING: Don't approach me in public - or you might not like what I have to say.,2026-01-02 00:08:56+00:00,23836,241,952,2562,0.0940671350507416,10.630705394190871,15.753482127873806
That Vegan Teacher,Responding to your incredibly intelligent comment.,2026-01-02 22:50:35+00:00,111769,1042,1187,100,10.42,0.09596928982725528,2.083762044931958
That Vegan Teacher,That Vegan Teacher is live!,2026-01-04 02:10:15+00:00,521473,2149,121,559,3.8443649373881934,0.2601209865053513,0.5425017210862307
That Vegan Teacher,That Vegan Teacher is live!,2026-01-04 02:38:59+00:00,95536,533,101,51,10.450980392156863,0.09568480300187618,0.7170072014737899
That Vegan Teacher,"You’re innocent if you don’t know, but now that you do know, you must be Vegan.￼",2026-01-07 19:07:12+00:00,71381,467,484,5,93.4,0.010706638115631691,1.3392919684509885
That Vegan Teacher,Unitarian Universalists Call For An End Of ALL Exploitation - @UCMontreal - @theUUA,2026-01-08 00:33:53+00:00,4338,0,285,22,0.0,,7.076994006454587
That Vegan Teacher,That Vegan Teacher is live!,2026-01-13 22:28:07+00:00,25903,259,46,3,86.33333333333333,0.011583011583011582,1.189051461220708
That Vegan Teacher,Why Are Vegans Are Kinder Than God?,2026-01-16 00:00:44+00:00,15688,124,1194,1960,0.06326530612244897,15.806451612903226,20.894951555328912
That Vegan Teacher,Live highlight - Jesus Loves Me!,2026-01-21 01:45:54+00:00,65806,535,1346,14,38.214285714285715,0.026168224299065422,2.879676625231742
That Vegan Teacher,"❤️ Song: It Takes 100 ""Clicks"" Until You're Vegan! ❤️",2026-01-21 21:30:51+00:00,8930,108,476,265,0.4075471698113208,2.4537037037037037,9.507278835386339
That Vegan Teacher,3 Minutes Of My Life,2026-01-22 20:31:26+00:00,89568,1275,912,227,5.616740088105727,0.1780392156862745,2.6951589853519113
That Vegan Teacher,"Who is the most famous Unitarian Universalist right now, promoting the religion and its values? Me.",2026-01-23 15:54:50+00:00,79358,716,345,12,59.666666666666664,0.01675977653631285,1.3521006073741777
That Vegan Teacher,Let’s Learn About Protein With Martha and Mabel! ❤️,2026-01-24 14:23:57+00:00,79230,641,821,8,80.125,0.0124804992199688,1.8553578190079516
That Vegan Teacher,That Vegan Teacher is live!,2026-01-25 03:21:53+00:00,424849,2066,66,132,15.651515151515152,0.06389157792836399,0.532895216888824
That Vegan Teacher,That Vegan Teacher was LIVE today! ❤️,2026-01-27 18:22:15+00:00,67685,490,536,4,122.5,0.00816326530612245,1.5217551894806824
That Vegan Teacher,That Vegan Teacher is live!,2026-01-29 01:47:09+00:00,3976,109,8,2,54.5,0.01834862385321101,2.992957746478873
That Vegan Teacher,DOES YOUR VETERINARIAN EAT HER PATIENTS? @ourhonor7010,2026-01-29 15:58:14+00:00,10179,76,437,247,0.3076923076923077,3.25,7.466352293938501
That Vegan Teacher,Why I Banned You Forever.,2026-01-29 21:51:05+00:00,75519,825,0,13,63.46153846153846,0.01575757575757576,1.109654524027066
That Vegan Teacher,That Vegan Teacher is live!,2026-01-30 23:40:15+00:00,43725,335,55,1,335.0,0.0029850746268656717,0.8942252715837621
That Vegan Teacher,That Vegan Teacher is live!,2026-02-01 02:15:49+00:00,73406,423,25,41,10.317073170731707,0.09692671394799054,0.6661580797210037
That Vegan Teacher,That Vegan Teacher is live!,2026-02-02 23:01:57+00:00,314132,1559,27,144,10.82638888888889,0.09236690186016677,0.5507238995072136
That Vegan Teacher,Thank you for being kind and having an open heart. Please watch Dominion on YouTube. ￼,2026-02-03 10:12:04+00:00,49974,282,172,6,47.0,0.02127659574468085,0.9204786488974267
That Vegan Teacher,That Vegan Teacher is live!,2026-02-04 00:54:33+00:00,11763,190,19,2,95.0,0.010526315789473684,1.793760095213806
That Vegan Teacher,Song: It Feels Great To Be Vegan! What Are We Waiting For @theUUA,2026-02-07 14:46:11+00:00,6853,68,357,105,0.6476190476190476,1.5441176470588236,7.733839194513352
That Vegan Teacher,Here’s what to say when you become vegan! 🌱,2026-02-07 18:25:04+00:00,34003,189,130,2,94.5,0.010582010582010581,0.944034349910302
That Vegan Teacher,@realmishapetrov blames Epstein while innocent animals lay mutilated in her intestines. #uu,2026-02-08 09:18:10+00:00,32024,128,114,3,42.666666666666664,0.0234375,0.7650512115913065
That Vegan Teacher,⁠ Thanks for letting us move our Canadian vegan school over to your mansion! ❤️,2026-02-09 23:48:35+00:00,43627,517,455,2,258.5,0.0038684719535783366,2.232562404015862
That Vegan Teacher,Is this person a Unitarian or a Vegan or both? @qnaline ￼@unsolicitedadvice9198,2026-02-10 12:40:08+00:00,41441,330,352,20,16.5,0.06060606060606061,1.6939745662508146
That Vegan Teacher,It's Not Complicated - The Animals Want To Live!,2026-02-11 23:01:54+00:00,3763,52,186,51,1.0196078431372548,0.9807692307692307,7.680042519266543
That Vegan Teacher,I'm a Unitarian Universalist working within my own religion to end our hypocrisy. And you?,2026-02-12 17:11:41+00:00,4519,46,190,60,0.7666666666666667,1.3043478260869565,6.550121708342553
That Vegan Teacher,Press the notification bell so you don’t miss our next livestream! ❤️,2026-02-13 15:10:39+00:00,41527,364,507,201,1.8109452736318408,0.5521978021978022,2.5814530305584316
That Vegan Teacher,Another reason to be vegan!,2026-02-14 11:32:18+00:00,39158,267,456,3,89.0,0.011235955056179775,1.8540272741202308
That Vegan Teacher,💚 It's Official! We're the BEST Religion in the World Now! 💚 #uua,2026-02-15 01:37:21+00:00,6665,89,99,247,0.3603238866396761,2.7752808988764044,6.526631657914479
That Vegan Teacher,Thanks for coming to my livestream today and helping to end racism towards animals.,2026-02-15 06:30:59+00:00,47780,555,760,5,111.0,0.009009009009009009,2.762662201758058
That Vegan Teacher,"@theUUA We voted to end oppression, remember? Now it’s time to follow through. 🩷",2026-02-17 22:39:14+00:00,37142,302,458,1,302.0,0.0033112582781456954,2.048893436002369
That Vegan Teacher,Congratulations! We did it! Unitarian Universalists voted to protect ALL beings from exploitation!,2026-02-19 10:37:32+00:00,24037,197,230,1,197.0,0.005076142131979695,1.780588259766194
That Vegan Teacher,All Unitarian churches should have “vegan foods only” policies because exploiting animals is wrong.,2026-02-19 22:19:17+00:00,26517,129,90,0,,0.0,0.8258852811404005
That Vegan Teacher,Your parents stole your vegan virginity from you - but it’s not their fault. We were all brainwashed,2026-02-20 10:25:40+00:00,29585,240,350,3,80.0,0.0125,2.0043941186412035
That Vegan Teacher,"Song- I’m A Nurse - If you die near me, here is what I will do.",2026-02-22 11:46:37+00:00,40324,549,953,33,16.636363636363637,0.060109289617486336,3.806666005356611
That Vegan Teacher,That Vegan Teacher is live!,2026-02-22 18:41:48+00:00,114126,641,21,12,53.416666666666664,0.0187207488299532,0.5905753290223087
That Vegan Teacher,That Vegan Teacher is live!,2026-02-23 22:02:21+00:00,187225,928,31,11,84.36363636363636,0.011853448275862068,0.5180932033649353
That Vegan Teacher,@theUUA Unitarian Universalists: Let’s keep our promise! Share this with everyone in our churches!,2026-02-24 09:24:37+00:00,23505,205,181,4,51.25,0.01951219512195122,1.6592214422463305
That Vegan Teacher,🎵 Upbeat Dance Song: ✅ It Feels Great To Be Vegan! 🎵,2026-02-25 09:50:08+00:00,4234,62,238,59,1.0508474576271187,0.9516129032258065,8.478979688238072
That Vegan Teacher,If You Don't Behave You'll Be Banned!,2026-02-26 20:00:36+00:00,29750,322,412,3,107.33333333333333,0.009316770186335404,2.477310924369748
That Vegan Teacher,Song About Our Adopted Animal Companions: It Was The Best Day Of My Life ❤️,2026-03-01 09:18:53+00:00,2461,56,93,8,7.0,0.14285714285714285,6.3795205201137755
That Vegan Teacher,Do You Know What A Cube Of Truth Is?,2026-03-02 07:23:42+00:00,1639,42,62,2,21.0,0.047619047619047616,6.467358145210494
That Vegan Teacher,Why Racism is Wrong Towards EVERYONE. @UCMontreal @theUUA,2026-03-02 09:45:53+00:00,18463,161,219,3,53.666666666666664,0.018633540372670808,2.0744191084872448
That Vegan Teacher,Did you know this? @UUHamilton,2026-03-03 18:26:37+00:00,14639,181,158,3,60.333333333333336,0.016574585635359115,2.3362251519912562
That Vegan Teacher,Live highlight,2026-03-03 19:55:55+00:00,9775,148,86,2,74.0,0.013513513513513514,2.4143222506393864
That Vegan Teacher,Live highlight Tofu Scramble song,2026-03-03 19:57:44+00:00,12112,215,304,5,43.0,0.023255813953488372,4.326287978863936
That Vegan Teacher,"Stupid Question Answered: If Vegans Love Animals So Much, Why Do They Eat Their Food? @kallmekris",2026-03-05 05:12:02+00:00,907,29,58,4,7.25,0.13793103448275862,10.033076074972437
That Vegan Teacher,Can you tell which dogs are vegan? 😊 Guess in the comments! @UCMontreal @oompaville,2026-03-05 09:21:10+00:00,6986,86,137,2,43.0,0.023255813953488372,3.22072716862296
That Vegan Teacher,That Vegan Teacher is live!,2026-03-05 18:53:48+00:00,4720,102,17,2,51.0,0.0196078431372549,2.563559322033898
