YouTuber_Name,Title,Date,Views,Likes,Comments,Dislikes,Like_to_Dislike_Ratio,Dislike_to_Like_Ratio,Engagement_Ratio
SSSniperWolf,Photos that look PHOTOSHOPPED but are REAL,2020-01-01 20:18:24+00:00,11112547,225416,8966,5601,40.24567041599715,0.024847393264009653,2.1595679190378227
SSSniperWolf,Dumb People CAUGHT STEALING,2020-01-02 20:26:14+00:00,11895006,225685,10254,5175,43.61062801932367,0.022930190309502184,2.0270187337442285
SSSniperWolf,WEIRD things that LOOK like FOOD,2020-01-03 21:34:08+00:00,4376409,94330,4881,2709,34.82096714654854,0.028718329269585497,2.3288499772301905
SSSniperWolf,MUKBANG FOOD that has gone TOO FAR,2020-01-04 21:33:54+00:00,16037016,236066,14601,8859,26.647025623659555,0.037527640575093404,1.6182935778077416
SSSniperWolf,Weirdest NAIL ART that should NOT Exist 3,2020-01-05 21:32:06+00:00,8521445,113850,5525,3213,35.43417366946779,0.028221343873517785,1.4385823061699043
SSSniperWolf,I Didn't Know My Sister Was PREGNANT (My Story Animated),2020-01-06 21:16:53+00:00,6980948,168960,9288,2779,60.79884850665707,0.016447679924242425,2.59315783472388
SSSniperWolf,I have a crush on my BULLY (Share My Story),2020-01-07 21:08:30+00:00,21903796,385917,29538,9688,39.834537572254334,0.02510384357258167,1.9409558051033713
SSSniperWolf,HARD  Riddles To Test Your DUMB Friends,2020-01-08 21:02:49+00:00,11752498,305930,11950,4671,65.49561121815456,0.015268198607524597,2.7445314179164293
SSSniperWolf,People Having The WORST YEAR SO FAR,2020-01-09 21:15:25+00:00,5404509,149133,11582,1964,75.93329938900203,0.013169452770345933,3.010060673411775
SSSniperWolf,Optical Illusions you CANT UNSEE,2020-01-10 20:08:30+00:00,4025906,117279,3863,2267,51.73312748125276,0.019329973823105587,3.0653721174811333
SSSniperWolf,Trying Dumb LIFE HACKS to see if they work,2020-01-11 20:14:44+00:00,24339977,370471,15437,19470,19.02778633795583,0.05255472088233627,1.6654822640136429
SSSniperWolf,SPOILED GIRLS Who Went TOO FAR,2020-01-12 21:29:45+00:00,16991283,390665,27561,6477,60.315732592249496,0.016579422267159843,2.499534614307819
SSSniperWolf,MUKBANG FOOD that has gone TOO FAR 2,2020-01-13 21:09:24+00:00,7322616,143119,7733,2729,52.443752290216196,0.019068048267525624,2.0973515475890037
SSSniperWolf,ONLY Girl in an All BOYS School (Animated Story Time),2020-01-14 20:09:00+00:00,31250240,621646,40399,15810,39.31979759645794,0.02543248086531563,2.16911934116346
SSSniperWolf,People Who Tried To Get Stuff FOR FREE,2020-01-15 21:11:33+00:00,4037482,99623,4255,1347,73.95916852264291,0.013520974072252391,2.606203569452446
SSSniperWolf,WEIRD things you can buy ONLINE,2020-01-16 21:20:01+00:00,5725574,119878,6437,2593,46.2313922097956,0.021630324162898947,2.25144238813436
SSSniperWolf,Try Not To Say WOW Challenge (IMPOSSIBLE),2020-01-17 20:22:52+00:00,15682718,278712,19064,8215,33.927206329884356,0.0294748701168231,1.9511350009609303
SSSniperWolf,I Tested VIRAL TikTok Life Hacks to see if they work,2020-01-18 20:26:31+00:00,16483182,212535,11766,16237,13.089548561926465,0.07639682875761639,1.4592934786499354
SSSniperWolf,Extreme NO HANDS Challenge,2020-01-19 20:22:41+00:00,5591092,101580,7443,2270,44.74889867841409,0.02234691868478047,1.990541382613629
SSSniperWolf,My RICH Family Lost EVERYTHING (Animated Story Time),2020-01-20 21:06:35+00:00,9150781,195304,13582,4032,48.43849206349206,0.020644738459017736,2.3267740753494155
SSSniperWolf,Crazy MAKEUP and Body Paint ILLUSIONS,2020-01-22 21:14:18+00:00,17098681,364605,11146,8236,44.26966974259349,0.022588829006733313,2.2457112335156144
SSSniperWolf,CHEAPEST Family Who Went TOO FAR,2020-01-23 21:28:24+00:00,9144175,194224,8840,3315,58.5894419306184,0.017067921575088556,2.256944995037825
SSSniperWolf,I Have 10 KIDS At Age 18 (Animated Story Time),2020-01-24 21:06:07+00:00,9773431,292330,13526,3885,75.24581724581725,0.013289775253993774,3.169214577767009
SSSniperWolf,I Tested VIRAL TikTok Life Hacks to see if they work 2,2020-01-25 20:24:16+00:00,28673564,437726,16742,10712,40.86314413741598,0.024471929928768225,1.6223305899468934
SSSniperWolf,Weirdest NAIL ART that should NOT EXIST 4,2020-01-26 20:23:48+00:00,12003329,143049,7838,4126,34.67014057198255,0.028843263497123364,1.291416739472858
SSSniperWolf,Most ODDLY SATISFYING Video to watch before sleep,2020-01-27 21:28:07+00:00,38376846,943506,27484,24178,39.023326991479856,0.025625698193758175,2.5931469198901858
SSSniperWolf,I Got PREGNANT From SWIMMING (Animated Story Time),2020-01-28 21:20:45+00:00,18768430,639578,31316,11564,55.307679003804914,0.018080671943062458,3.63620185598902
SSSniperWolf,Riddles Your Smart Friends CANT SOLVE,2020-01-29 21:14:58+00:00,7987098,162534,3894,2226,73.01617250673854,0.013695595998375724,2.1115804513729515
SSSniperWolf,Giant Food That's TOO BIG TO EAT,2020-01-30 20:21:45+00:00,12701553,393640,14307,4114,95.68303354399612,0.010451173661213292,3.244178093812623
SSSniperWolf,MUKBANG FOOD that has gone TOO FAR 3,2020-01-31 21:25:47+00:00,14301388,368785,11099,6272,58.79862882653061,0.017007199316675027,2.700129525889375
SSSniperWolf,Trying School LIFE HACKS to see if they work,2020-02-01 20:14:03+00:00,14008077,165658,15440,4046,40.943648047454275,0.024423812915766216,1.321694619468468
SSSniperWolf,I Hydro Dipped Custom FORTNITE NERF Blasters,2020-02-02 21:14:43+00:00,10309805,314042,17312,5139,61.10955438801323,0.016364053215811896,3.2638153679919264
SSSniperWolf,My Teacher Got Me PREGNANT (Animated Story Time),2020-02-03 21:14:51+00:00,17191428,509125,29695,8147,62.492328464465444,0.016001964154186105,3.1816263314484403
SSSniperWolf,Worst Design Fails EVER,2020-02-04 20:08:38+00:00,11459262,288114,8981,6065,47.50436933223413,0.021050695210923454,2.6455455857453996
SSSniperWolf,MESSED UP Riddles you will get WRONG,2020-02-05 20:09:02+00:00,14707974,225548,6432,4688,48.1117747440273,0.020784932697252914,1.6091135325640364
SSSniperWolf,My Name Is A BAD WORD (Animated Story Time),2020-02-06 20:11:42+00:00,15891377,268468,25633,5586,48.06086645184389,0.02080694905910574,1.8858466450075408
SSSniperWolf,Weirdest NAIL ART that should NOT EXIST part 5,2020-02-07 20:34:16+00:00,10811763,198660,5439,3971,50.02770083102493,0.019988925802879292,1.9244779967892378
SSSniperWolf,I Tested VIRAL TikTok Life Hacks to see if they work 3,2020-02-08 20:09:10+00:00,34221741,360403,20530,17551,20.534613412341177,0.048698262778056785,1.1644176723796722
SSSniperWolf,MUKBANG FOOD that has gone TOO FAR Part 4,2020-02-09 21:07:37+00:00,17615233,533313,30838,8973,59.43530591775326,0.016825016453752298,3.253570361516081
SSSniperWolf,I Am The Only MAN In Town (Animated Story Time),2020-02-10 20:09:50+00:00,15487154,268959,15658,6600,40.751363636363635,0.024539056138667976,1.8803777634031404
SSSniperWolf,Art Students PRANK Teacher with REALISTIC Drawings,2020-02-11 20:18:15+00:00,15837511,339476,5947,6205,54.71007252215955,0.01827816988535272,2.2202226094744306
SSSniperWolf,Mixing EVERY Cereal TOGETHER,2020-02-12 22:05:46+00:00,5735662,93040,8691,2512,37.038216560509554,0.02699914015477214,1.8174536784071307
SSSniperWolf,Worst Haircut FAILS,2020-02-14 20:16:23+00:00,6261706,103100,5433,2066,49.90319457889642,0.020038797284190106,1.7662758360101862
SSSniperWolf,I Tested Viral TikTok Food Hacks to see if they work,2020-02-15 20:23:02+00:00,35348303,397600,20033,10752,36.979166666666664,0.027042253521126762,1.2118969332134557
SSSniperWolf,Giant Food That's TOO BIG TO EAT 2,2020-02-16 20:07:41+00:00,8587171,164343,7231,5085,32.319174041297934,0.030941384786696117,2.057243299335718
SSSniperWolf,MUKBANG FOOD that has gone TOO FAR 5,2020-02-17 21:17:29+00:00,18187357,302860,14446,6755,44.83493708364175,0.02230403486759559,1.781792703579745
SSSniperWolf,My Girlfriend Is A GOLD DIGGER (Animated Story Time),2020-02-18 21:09:56+00:00,8128656,158517,6659,3064,51.735313315926895,0.019329157125103302,2.0697148458490555
SSSniperWolf,Weird Things That ONLY Exist In Japan,2020-02-20 22:21:31+00:00,14329987,211059,10650,5327,39.62061197672236,0.0252393880384158,1.5843419816082178
SSSniperWolf,Try Not To Say WOW Challenge (IMPOSSIBLE),2020-02-21 21:30:58+00:00,9168160,186087,7541,4001,46.51012246938265,0.02150069591105236,2.1556015601821956
SSSniperWolf,Trying Dumb LIFE HACKS to see if they actually work 2,2020-02-22 20:15:10+00:00,42946598,565615,27249,21530,26.271017185322805,0.0380647613659468,1.4305999278452743
SSSniperWolf,My Sister Ruined My Life (Animated Story Time),2020-02-23 22:17:39+00:00,23525952,433976,18001,10159,42.71837779308987,0.023409128615407303,1.964366840500227
SSSniperWolf,People Who Got LUCKY With FOOD,2020-02-25 21:31:47+00:00,17606068,380707,18245,7191,52.942149909609235,0.018888541581846406,2.306835347903916
SSSniperWolf,Create a character Gone Wrong,2020-02-27 21:30:35+00:00,1208154,27160,2885,880,30.863636363636363,0.03240058910162003,2.559690238165002
SSSniperWolf,I Tested VIRAL TikTok Life Hacks to see if they work 4,2020-02-29 21:06:51+00:00,55053544,559331,33677,22261,25.12605004267553,0.039799331701622115,1.117582911646887
SSSniperWolf,Weirdest NAIL ART that should NOT EXIST 6,2020-03-01 21:14:19+00:00,8472324,186213,10723,4024,46.27559642147117,0.021609662053669723,2.371958390637563
SSSniperWolf,Dumbest People EVER On The Internet,2020-03-02 21:28:31+00:00,15622359,401019,15445,4330,92.61408775981525,0.010797493385600184,2.6935368723763164
SSSniperWolf,People Who BEAT THE SYSTEM,2020-03-03 21:12:24+00:00,4712138,89260,3910,1516,58.87862796833773,0.01698409141832848,2.009406345909224
SSSniperWolf,Try Not To Say WOW Challenge (IMPOSSIBLE),2020-03-05 21:15:29+00:00,12061199,257698,8088,4853,53.10076241500103,0.018832121320305165,2.2438813918914695
SSSniperWolf,Funniest KNOCK OFF Brands,2020-03-06 21:24:00+00:00,7368785,120950,6922,2336,51.77654109589041,0.01931376601901612,1.767021293198268
SSSniperWolf,Trying Life Hacks & PRANKS to see if they work,2020-03-07 20:26:12+00:00,29540941,296152,13971,8830,33.53929784824462,0.02981577028012642,1.0796981721062981
SSSniperWolf,MUKBANG FOOD that has gone TOO FAR 6,2020-03-08 20:36:50+00:00,30600243,677752,20632,13242,51.18199667723909,0.019538120138339686,2.3255566957425797
SSSniperWolf,I Got Locked In My Crush Bathroom (Animated Story Time),2020-03-09 19:28:17+00:00,13480281,233599,11323,5568,41.9538433908046,0.02383571847482224,1.8581956859801365
SSSniperWolf,Crazy Playgrounds You Won't Believe Exist,2020-03-10 20:31:38+00:00,30657426,325809,10838,10339,31.512622110455556,0.03173331614534896,1.1318171329843543
SSSniperWolf,Struggles Only GIRLS Will Understand,2020-03-11 21:11:38+00:00,3947489,114401,8819,1771,64.59683794466403,0.01548063391054274,3.1663419454747057
SSSniperWolf,Most ODDLY SATISFYING Acrylic Paint Pouring,2020-03-12 21:20:59+00:00,5537433,149461,5426,1800,83.0338888888889,0.012043275503308555,2.8295963129486172
SSSniperWolf,Amazing CAKES That Look Like Everyday Objects,2020-03-13 20:36:19+00:00,5152219,88655,7487,1715,51.69387755102041,0.01934465061192262,1.8993175561830735
SSSniperWolf,Letting INSTAGRAM FILTERS Decide What I Eat for 24 Hours,2020-03-14 19:23:50+00:00,9716910,168570,11636,4254,39.626234132581104,0.025235807083110875,1.8983401101790591
SSSniperWolf,Reacting To Tik Toks That Are Actually FUNNY,2020-03-15 20:11:08+00:00,25255423,457932,19549,10049,45.56990745347796,0.021944306141523196,1.9303972853671862
SSSniperWolf,Things That Should NOT EXIST,2020-03-16 20:21:03+00:00,15824917,465174,15358,9829,47.326686336351614,0.021129727800779922,3.0986639613970803
SSSniperWolf,I've Been Texting The WRONG PERSON For 10 Years (Animated Story Time),2020-03-17 19:13:46+00:00,15836834,336532,16364,6063,55.50585518720106,0.01801611733802432,2.2666083385100837
SSSniperWolf,I Tested SURVIVAL Life Hacks to see if they work,2020-03-18 20:12:04+00:00,7472754,214199,11385,2865,74.76404886561954,0.013375412583625507,3.0570924721996735
SSSniperWolf,SATISFYING Food Factory Process,2020-03-19 20:39:22+00:00,5873728,116139,9022,2401,48.37109537692628,0.02067350330207768,2.1717382895496695
SSSniperWolf,Reacting to Tinder Advice,2020-03-20 23:05:40+00:00,842490,34259,5298,939,36.484558040468585,0.027408856067018886,4.80670393713872
SSSniperWolf,Things You DIDN’T KNOW About Everyday Objects,2020-03-21 19:19:21+00:00,8515411,196267,7359,3631,54.05315340126687,0.018500308253552557,2.4339048344231418
SSSniperWolf,I Tried Buying TOILET PAPER on Craigslist,2020-03-22 19:15:27+00:00,2103426,61182,7967,1106,55.31826401446654,0.018077212251969534,3.3400271747140144
SSSniperWolf,Lucky People Having The BEST DAY EVER,2020-03-23 20:22:02+00:00,8005309,185181,11915,4736,39.1007179054054,0.025574977994502677,2.521226850831117
SSSniperWolf,Funniest BAD Hairline Check Tik Toks,2020-03-24 19:13:44+00:00,8580894,150415,12153,4144,36.29705598455598,0.027550443772230163,1.9428278685181286
SSSniperWolf,My Mom Found my SECRET DIARY & Read What I REALLY think about her (Animated Story Time),2020-03-25 20:26:24+00:00,25256280,531379,17614,11031,48.171425981325356,0.020759194473247908,2.2173653443816743
SSSniperWolf,MUKBANG FOOD that has gone TOO FAR 7,2020-03-26 20:30:42+00:00,7018031,242396,10713,3636,66.66556655665566,0.015000247528837109,3.658362295635343
SSSniperWolf,Try Not To Say WOW Challenge (IMPOSSIBLE),2020-03-27 20:26:42+00:00,43592162,663544,32785,14775,44.90991539763113,0.02226679768033469,1.6312657307522394
SSSniperWolf,Recreating My Favorite TIK TOKS,2020-03-28 19:05:53+00:00,7812030,165048,11423,6934,23.802711277761755,0.042012020745480105,2.347725239150387
SSSniperWolf,Genius Inventions You Didn't Know EXISTED,2020-03-29 20:30:26+00:00,19795815,339499,10610,6183,54.90845867701763,0.01821213022718771,1.7998349651176273
SSSniperWolf,Rarest Features Only In 5% Of Humans,2020-03-30 20:23:09+00:00,21441149,384479,76555,7840,49.040688775510205,0.020391230730417004,2.186795119981676
SSSniperWolf,People Who Got UNLUCKY With Food,2020-03-31 21:06:41+00:00,3644113,102399,6789,1554,65.89382239382239,0.015175929452436059,3.0389288147760514
SSSniperWolf,I pretended to be BLIND & I saw EVERYTHING (True Story Animation),2020-04-01 19:12:29+00:00,15154940,348494,13172,5720,60.925524475524476,0.016413482011168056,2.42419963391475
SSSniperWolf,People So DUMB It's Funny,2020-04-02 20:35:38+00:00,12208862,320117,13452,2987,107.17007030465349,0.009330963366519117,2.756653322807646
SSSniperWolf,Reacting To Tik Toks That Are Actually FUNNY 2,2020-04-03 20:27:16+00:00,43838842,676647,49749,12496,54.14908770806658,0.01846753181496408,1.685473352603611
SSSniperWolf,Trying Tik Tok Food Hacks to see if they work,2020-04-04 19:07:08+00:00,21431528,242175,14233,5725,42.301310043668124,0.023639929802828533,1.2231185755863978
SSSniperWolf,Funniest PHOTOSHOP Fails,2020-04-05 20:23:12+00:00,12550725,290088,8725,4449,65.20296695886717,0.015336725407462563,2.416290692370361
SSSniperWolf,Weirdest NAIL ART that should NOT EXIST 7,2020-04-06 20:15:24+00:00,4518686,73370,6168,1691,43.38852749852158,0.023047567125528145,1.7976243536284662
SSSniperWolf,Reacting To The BEST ZOMBIE Animations,2020-04-07 19:22:19+00:00,626068,29328,3528,860,34.10232558139535,0.029323513366066558,5.385357501102116
SSSniperWolf,Genius FOOD Inventions You Didn't Know EXISTED,2020-04-08 19:24:04+00:00,7056198,137899,8514,2761,49.94530967040927,0.020021900086295043,2.11408466712527
SSSniperWolf,It All Started When My Mom Met My Dad (Tik Tok Compilation),2020-04-09 19:32:18+00:00,40642941,689832,57983,16023,43.052611870436245,0.023227394496051212,1.8793866319861054
SSSniperWolf,MUKBANG FOOD that has gone TOO FAR 8,2020-04-10 20:07:11+00:00,3801804,139847,11318,2392,58.46446488294314,0.017104406959033803,4.039056195427223
SSSniperWolf,Recreating My FAVORITE Tik Toks 2,2020-04-11 18:20:39+00:00,13321995,280333,17305,4647,60.32558639982785,0.01657671412213332,2.2690670578993615
SSSniperWolf,People Having A BAD Day,2020-04-12 20:28:05+00:00,5733617,184217,8053,2118,86.97686496694995,0.011497310237383086,3.3903206300665003
SSSniperWolf,I Look Really Hot Until I Smile (Tik Tok Compilation),2020-04-13 20:07:22+00:00,19137249,474885,17127,6735,70.51002227171492,0.014182380997504658,2.6061582832516836
SSSniperWolf,Worst Siblings EVER,2020-04-14 20:20:53+00:00,11816043,239002,15612,4609,51.855500108483405,0.019284357453075707,2.1938224158459816
SSSniperWolf,People Who Didn't Get What They Expected,2020-04-15 21:08:37+00:00,3726285,100467,12522,1572,63.91030534351145,0.01564692884230643,3.0744025215462587
SSSniperWolf,Real MINIATURE Food and Tiny Cooking You Can Eat,2020-04-16 19:25:29+00:00,16961257,437241,14891,6547,66.78493966702307,0.014973435702507313,2.7042748069910147
SSSniperWolf,Try Not To Say WOW Challenge (IMPOSSIBLE),2020-04-17 19:35:56+00:00,21610977,357641,18054,9361,38.20542677064416,0.02617429209738257,1.7817611855308533
SSSniperWolf,Reacting To Tik Toks That Are Actually FUNNY 3,2020-04-18 20:23:59+00:00,29760574,444836,19635,6198,71.77089383672153,0.013933224828925717,1.581518555388078
SSSniperWolf,Proof Your Life Is A LIE,2020-04-19 19:22:27+00:00,10844792,368989,12217,4101,89.97537186052182,0.01111415245440921,3.552921992418112
SSSniperWolf,Creative People On Another Level,2020-04-20 20:17:37+00:00,23936739,372450,11565,7428,50.14135702746365,0.019943616592831254,1.6353230070311582
SSSniperWolf,Recreating TIK TOK Videos,2020-04-21 19:28:25+00:00,17644326,276672,14727,5057,54.71069804231758,0.0182779609067777,1.6801775256249516
SSSniperWolf,Most Oddly Satisfying FOOD Ever,2020-04-22 19:06:51+00:00,16648216,376977,15512,5773,65.30001732201629,0.0153139316191704,2.3922202835426933
SSSniperWolf,Try Not To Be IMPRESSED Challenge,2020-04-23 20:32:05+00:00,12642731,182201,7397,4073,44.73385710778296,0.02235443274186201,1.53187630109349
SSSniperWolf,Animals You Won't Believe Exist,2020-04-24 20:18:54+00:00,4885976,129472,10893,1705,75.9366568914956,0.013168870489372219,2.907709739057253
SSSniperWolf,Don't Sleep With Your Door Open,2020-04-25 20:23:49+00:00,11423587,301270,28744,5766,52.24939299340964,0.019138978325090452,2.9393569637977985
SSSniperWolf,Funniest KID TEST Answers,2020-04-26 20:04:10+00:00,20407799,283875,15766,4812,58.993142144638405,0.01695112285336856,1.4918463279651077
SSSniperWolf,Creepy Tik Toks You SHOULD NOT watch at night,2020-04-27 19:36:44+00:00,38476271,1072438,51295,14442,74.25827447721922,0.01346651274945498,2.9581219032374526
SSSniperWolf,Creative People On Another Level 2,2020-04-28 19:22:06+00:00,25118343,273552,10406,5758,47.50816255644321,0.021049014446979004,1.1534041079063215
SSSniperWolf,Funniest Diet Fails,2020-04-29 18:38:37+00:00,13595648,252887,12677,3621,69.83899475283071,0.014318648250008897,1.9799350498041726
SSSniperWolf,Genius Inventions You Didn't Know Existed,2020-04-30 20:03:21+00:00,18545699,233815,11924,5083,45.99940979736376,0.021739409362102516,1.35245374143083
SSSniperWolf,Funniest Yearbook Quotes,2020-05-01 18:42:44+00:00,11202518,250461,16611,3995,62.693617021276594,0.015950587117355596,2.419697071676207
SSSniperWolf,When Will I Have A Baby? (Q&A),2020-05-02 19:05:46+00:00,4975168,169108,51892,1906,88.72402938090241,0.011270903801121177,4.480371316104301
SSSniperWolf,Trying Tik Toks Hacks to see if they work,2020-05-03 19:16:27+00:00,9698466,162901,12445,3518,46.30500284252416,0.021595938637577423,1.8442504206335313
SSSniperWolf,Trying Tik Tok Dog Challenges,2020-05-04 19:20:18+00:00,13288474,196219,13837,4151,47.27029631414117,0.021154934027795474,1.611975912358334
SSSniperWolf,Try Not To Say WOW Challenge (IMPOSSIBLE),2020-05-05 19:03:39+00:00,15203434,310397,10980,4187,74.13350847862431,0.013489176763950683,2.1413846371813103
SSSniperWolf,Tik Toks That Will RUIN Your Childhood,2020-05-06 18:05:00+00:00,21290867,338319,23386,6725,50.307657992565055,0.019877689399649442,1.730460295487262
SSSniperWolf,Trying Food Hacks to see if they work,2020-05-07 19:15:30+00:00,18650490,281002,19224,6551,42.894519920622805,0.02331300133095138,1.6448736735603195
SSSniperWolf,You LOSE you JUMP in the pool,2020-05-08 20:07:52+00:00,1389800,62431,8324,2558,24.406176700547302,0.04097323445083372,5.275075550438912
SSSniperWolf,Let's Play KNIGHTHOOD!,2020-05-09 19:15:00+00:00,531548,26444,3911,936,28.252136752136753,0.03539555286643473,5.886768457411184
SSSniperWolf,I Used a Hearing Aid SECRETLY (Animated Story Time),2020-05-10 18:15:01+00:00,14010474,257415,9639,5022,51.25746714456392,0.01950935260182973,1.9419471461136861
SSSniperWolf,Weirdest NAIL ART that should NOT EXIST,2020-05-11 18:15:02+00:00,9871213,119115,7569,3192,37.31672932330827,0.02679763253998237,1.315704564373193
SSSniperWolf,Reacting To Tik Toks That Are Actually FUNNY,2020-05-12 18:21:23+00:00,19970701,338799,15857,5423,62.47446063064724,0.01600654075130092,1.8030363581128175
SSSniperWolf,Funniest Design Fails EVER,2020-05-13 18:30:02+00:00,24914837,343968,16439,6739,51.041400801305834,0.019591938785003257,1.4736038610246578
SSSniperWolf,The Worst Boyfriend EVER,2020-05-14 19:21:59+00:00,17147469,599238,45850,8368,71.61065965583174,0.013964401456516442,3.8108014658023293
SSSniperWolf,Things That ANNOY You More Than They Should,2020-05-15 18:30:00+00:00,9184301,196636,10866,3378,58.21077560686797,0.017178949937956427,2.2960919943717
SSSniperWolf,Amazing Things You Have NEVER Seen Before,2020-05-16 18:17:43+00:00,10636945,182661,9245,3300,55.35181818181818,0.01806625388013862,1.835169778540737
SSSniperWolf,Weird Mukbang FOOD That Has Gone TOO FAR,2020-05-17 18:30:07+00:00,24742316,365180,15846,9717,37.581558094061954,0.026608795662413056,1.5792498972206157
SSSniperWolf,I Tried Tik Tok Food Hacks to see if they work,2020-05-18 18:27:10+00:00,17352292,233316,15094,4731,49.31642358909321,0.020277220593529804,1.4588332192657891
SSSniperWolf,Cool Things I Learned From Tik Tok,2020-05-19 18:21:30+00:00,24165526,393786,18396,8468,46.502834199338686,0.021504065660028545,1.7407028508297315
SSSniperWolf,AMAZING Home Ideas You Wish You Had,2020-05-20 18:26:33+00:00,13431047,211390,9666,4165,50.75390156062425,0.019702918775722597,1.6768685270775987
SSSniperWolf,Tik Toks Only GIRLS Will Understand,2020-05-21 19:21:52+00:00,28075077,755001,44796,10388,72.68011166730844,0.013758922173613014,2.8857801529805243
SSSniperWolf,People Who Won The FOOD Lottery,2020-05-22 19:07:38+00:00,13142978,248745,18272,4826,51.54268545379196,0.019401395002914632,2.068351632331729
SSSniperWolf,Messed Up Riddles Most People CAN'T Solve,2020-05-23 19:12:59+00:00,4394843,95656,6319,1554,61.554697554697555,0.016245713807811323,2.355692797217102
SSSniperWolf,Most Oddly Satisfying FOOD,2020-05-24 19:03:55+00:00,15395737,242317,13582,4272,56.72214419475655,0.017629798982324807,1.6898898701634093
SSSniperWolf,Reacting To Tik Toks That Are Actually FUNNY 4,2020-05-25 19:32:51+00:00,31944126,404578,15068,7006,57.74735940622324,0.01731680911962588,1.335619575254618
SSSniperWolf,What's In The BOX Challenge,2020-05-26 18:35:28+00:00,4432384,156453,14619,3234,48.37755102040816,0.0206707445686564,3.9325563850063534
SSSniperWolf,He has NO IDEA his girlfriend is a GOLD DIGGER,2020-05-27 19:27:27+00:00,4789745,158574,12275,2075,76.42120481927711,0.013085373390341418,3.6102965815507924
SSSniperWolf,Amazing People Who Restored Faith In Humanity,2020-05-28 18:21:46+00:00,7505725,184182,12571,1899,96.98894154818325,0.010310453790272666,2.6466730395797873
SSSniperWolf,Most Savage Parents EVER,2020-05-29 18:17:47+00:00,11897681,220563,11484,3774,58.44276629570747,0.017110757470654644,1.9820753304782672
SSSniperWolf,Genius Ideas That Should Exist Everywhere,2020-05-30 18:15:52+00:00,17820602,264175,14588,4710,56.088110403397025,0.017829090564966406,1.590703838175613
SSSniperWolf,Reacting To Tik Toks That Are Actually FUNNY 5,2020-06-01 18:35:52+00:00,24411358,336404,16469,5512,61.03120464441219,0.01638506081972866,1.4681075915563566
SSSniperWolf,Try Not To Say WOW Challenge (IMPOSSIBLE),2020-06-02 19:31:08+00:00,11843918,209781,13656,4549,46.11584963728292,0.021684518617033955,1.9249204528433916
SSSniperWolf,Weird FOOD You've Never Seen Before,2020-06-03 20:01:43+00:00,10716775,240733,19288,3071,78.38912406382286,0.012756871720952257,2.454954965463024
SSSniperWolf,Tik Toks Only BOYS Will Understand,2020-06-04 19:02:04+00:00,9230040,242608,15590,3622,66.98177802319161,0.014929433489415023,2.8366074253199334
SSSniperWolf,Amazing Hair Transformations You Won't Believe,2020-06-05 18:22:54+00:00,33211424,380212,24051,9241,41.14403203116546,0.02430486149832199,1.2450655533469448
SSSniperWolf,Amazing 3D Tattoos You Won't Believe,2020-06-06 19:25:14+00:00,2625192,119575,6172,1248,95.81330128205128,0.010436964248379678,4.837550929608196
SSSniperWolf,Tik Tok HOUSES You Wish You Had,2020-06-07 19:32:00+00:00,24719943,485900,16463,7580,64.10290237467018,0.015599917678534678,2.062880970235247
SSSniperWolf,I Tested VIRAL TikTok Life Hacks to see if they work,2020-06-08 18:58:39+00:00,24969527,345722,21622,9035,38.26474820143885,0.026133714371662783,1.5073533431370165
SSSniperWolf,The CUTEST Animals On Tik Tok,2020-06-09 19:16:08+00:00,26372772,729038,32750,7269,100.29412573944147,0.009970673682304625,2.9161022587993406
SSSniperWolf,Worst KARENS Who Went Too Far,2020-06-10 19:30:36+00:00,21024112,721243,39858,8058,89.50645321419707,0.011172378796050706,3.6584612943462247
SSSniperWolf,Amazing Things You Have NEVER Seen Before,2020-06-11 20:09:40+00:00,14180348,458354,18232,5066,90.47651006711409,0.011052592537645576,3.396616218445415
SSSniperWolf,Crazy TEACHERS Who Took It Too Far,2020-06-12 19:22:08+00:00,5974196,189779,10307,2417,78.51841125362019,0.012735866455192618,3.3896276586841143
SSSniperWolf,People Having A BAD Day,2020-06-13 19:05:57+00:00,18292705,367358,15424,5486,66.96281443674809,0.014933661441972137,2.1225291721481323
SSSniperWolf,Amazing CAKES That Look Like Everyday Objects,2020-06-14 20:06:32+00:00,5725392,130747,9323,2650,49.338490566037734,0.02026815146810252,2.492755081224133
SSSniperWolf,Reacting To Tik Toks That Are Actually FUNNY,2020-06-15 19:29:08+00:00,28074554,341341,14002,5542,61.59166365932876,0.016235963450039696,1.285452299616229
SSSniperWolf,Trying Tik Tok Hacks to see if they work,2020-06-16 20:11:59+00:00,20820409,301703,20929,8086,37.311773435567645,0.02680119190064401,1.5884318122665122
SSSniperWolf,Tik Toks That Will RUIN Your Childhood,2020-06-17 19:21:04+00:00,35719178,807774,59622,12932,62.4631920816579,0.01600942837972007,2.4645807918648073
SSSniperWolf,Cool Things I Learned From Tik Tok,2020-06-18 19:33:25+00:00,30805061,521492,45874,8501,61.3447829667098,0.016301304718001428,1.8693908770380296
SSSniperWolf,Weird Mukbang FOOD That Has Gone TOO FAR,2020-06-19 19:36:20+00:00,5362247,121947,10220,2540,48.01062992125984,0.020828720673735313,2.512137169362023
SSSniperWolf,Creepy Texts You Should NOT Read At Night,2020-06-21 18:36:25+00:00,34680574,544689,47335,15603,34.909248221495865,0.028645704245909134,1.7520673100739337
SSSniperWolf,Worst KARENS Who Went Too Far 2,2020-06-22 19:04:07+00:00,16502624,367950,30370,4404,83.54904632152588,0.011969017529555646,2.4403634234167852
SSSniperWolf,Trying Tik Tok Life Hacks to see if they work,2020-06-23 18:30:05+00:00,17864932,234573,16770,4829,48.575895630565334,0.020586341991618812,1.4339377278346204
SSSniperWolf,Creepy Tik Toks You SHOULD NOT watch at night,2020-06-24 20:09:33+00:00,16949262,261397,36552,7083,36.904842580827335,0.027096714958473128,1.7996771776847866
SSSniperWolf,Genius Inventions You Didn't Know Existed,2020-06-25 18:24:09+00:00,31182078,421203,16332,8439,49.91148240312833,0.02003546983283595,1.4302254006291693
SSSniperWolf,Rating My LOOK ALIKES,2020-06-26 19:23:35+00:00,21600075,394949,21988,5895,66.99728583545378,0.014925977784473438,1.9575487585112552
SSSniperWolf,Try Not To Say WOW Challenge (IMPOSSIBLE),2020-06-27 18:37:20+00:00,7237596,197968,9715,3277,60.411351846200795,0.01655318031196961,2.914779990483028
SSSniperWolf,The CUTEST Animals On Tik Tok 2,2020-06-28 18:18:51+00:00,39934839,662863,26690,9680,68.4775826446281,0.014603319237911907,1.7509348165895948
SSSniperWolf,Funniest Design Fails EVER,2020-06-29 18:18:22+00:00,7490976,151806,13361,2351,64.57082092726499,0.015486871401657379,2.236264006185576
SSSniperWolf,Funny Tik Toks That Will Make You LAUGH,2020-06-30 18:30:02+00:00,44263526,577832,24249,10177,56.778225410238775,0.0176123856068892,1.3832110889674718
SSSniperWolf,The Most Entitled KARENS Ever,2020-07-01 18:18:47+00:00,21292435,469984,47315,8848,53.11754068716094,0.018826172805882755,2.4710513381865438
SSSniperWolf,Spoiled RICH Kids On Tik Tok,2020-07-02 19:34:07+00:00,26483132,485479,36204,10848,44.75285766961652,0.02234494179974829,2.0108308941706743
SSSniperWolf,Amazing Hair Transformations Compilation,2020-07-03 18:11:27+00:00,11812098,209992,13985,3579,58.67337245040514,0.017043506419292163,1.9264655609867103
SSSniperWolf,Street Art That Is On Another Level,2020-07-04 18:30:05+00:00,13410286,192577,8313,4160,46.292548076923076,0.02160174891082528,1.5290501634342475
SSSniperWolf,Creepy Text Story DONT Watch At Night,2020-07-05 18:26:22+00:00,12260391,272692,18493,4025,67.74956521739131,0.01476024232467399,2.4078351171671444
SSSniperWolf,Trying Dumb LIFE HACKS to see if they work,2020-07-06 18:12:18+00:00,40220682,340356,25693,17646,19.28799727983679,0.05184571448718401,0.953974375670706
SSSniperWolf,Tik Toks That Are Worth Watching,2020-07-07 18:25:49+00:00,43980846,531202,25242,10644,49.90623825629463,0.02003757515973208,1.289397661882175
SSSniperWolf,Dumbest People On The Internet,2020-07-08 18:13:56+00:00,21099602,411427,20773,5346,76.95978301533857,0.012993799629095805,2.073716840725242
SSSniperWolf,34 year old has NEVER had a Girlfriend,2020-07-09 19:10:22+00:00,3181388,173051,15116,2205,78.48117913832199,0.012741908454732997,5.983929027204478
SSSniperWolf,Tik Toks Only Siblings Will Understand,2020-07-10 18:15:08+00:00,28375963,380144,19711,5822,65.2944005496393,0.01531524895828949,1.429650158480965
SSSniperWolf,Most Oddly Satisfying FOOD Video Ever,2020-07-11 19:31:51+00:00,8918762,188069,11704,3250,57.867384615384616,0.017280891587661974,2.276358534962588
SSSniperWolf,Trying Tik Tok Life Hacks to see if they work,2020-07-13 18:22:49+00:00,28388243,332593,18332,8343,39.86491669663191,0.025084713147901488,1.2655520808385359
SSSniperWolf,Most Entitled Karens Of All Time,2020-07-14 17:21:18+00:00,9236912,235748,24888,2894,81.46095369730477,0.012275819943329318,2.853009750444737
SSSniperWolf,Tik Toks Worth Watching Before It Shuts Down,2020-07-15 17:21:29+00:00,36566882,531922,35610,10469,50.809246346355906,0.019681457055733736,1.5806679935139123
SSSniperWolf,Cheapest Mom Does Anything To Save Money,2020-07-16 18:10:11+00:00,5171018,168353,16089,2363,71.24545069826492,0.014035983914750553,3.612538188805377
SSSniperWolf,Ordinary Things Cut In HALF,2020-07-17 18:33:36+00:00,9148904,183164,11562,2967,61.73373778227165,0.016198597977768556,2.160838063225934
SSSniperWolf,Mini Foods You Can Actually Eat,2020-07-18 18:32:38+00:00,14997648,236574,15239,5871,40.29535002554931,0.024816759238124222,1.7181627412511618
SSSniperWolf,Genius Inventions You Need Right Now,2020-07-19 18:35:18+00:00,16896774,266537,16327,5973,44.6236397120375,0.022409646690703354,1.7094209817803092
SSSniperWolf,Tik Tok Houses That Will Blow Your Mind,2020-07-20 17:32:23+00:00,28842170,365343,20020,7489,48.78394979302978,0.0204985452027273,1.362075044977545
SSSniperWolf,Trying Tik Tok Life Hacks to see if they work,2020-07-21 20:19:17+00:00,14182824,235752,15889,5049,46.69281045751634,0.021416573348264276,1.809865228532766
SSSniperWolf,Spoiled RICH Kids On Tik Tok 2,2020-07-22 17:05:19+00:00,25157425,477086,27244,7987,59.73281582571679,0.016741216468309696,2.0364445089272847
SSSniperWolf,How Much Money Do I Make On YouTube?,2020-07-23 17:07:07+00:00,2305312,142605,19380,2192,65.05702554744525,0.015371130044528593,7.12168244471898
SSSniperWolf,Food Lies You Will Not Believe,2020-07-24 17:33:08+00:00,17001375,274773,13343,5064,54.26007109004739,0.018429758382373814,1.7244487578210586
SSSniperWolf,Amazing Furniture You Won't Believe Exists,2020-07-25 19:33:51+00:00,2933694,100578,8270,1739,57.836687751581366,0.017290063433355207,3.7695478805901366
SSSniperWolf,Creepy Tik Toks You Should Not watch before bed,2020-07-26 18:04:10+00:00,15324977,230088,25651,4953,46.45427013930951,0.021526546364869094,1.7010922757012947
SSSniperWolf,Tik Toks That Are Actually Relatable,2020-07-27 18:05:39+00:00,33889075,512765,32304,7802,65.72225070494746,0.015215547082971731,1.6314136635479135
SSSniperWolf,Funniest Live Stream Fails,2020-07-28 18:07:58+00:00,8687971,199004,10163,3021,65.8735518040384,0.015180599384936986,2.4423193861950043
SSSniperWolf,The WORST Couples Ever,2020-07-29 18:12:54+00:00,8535058,243609,12175,3156,77.18916349809886,0.01295518638473948,3.033839957502339
SSSniperWolf,Cool Things I Learned On Tik Tok,2020-07-30 16:11:37+00:00,30745880,449081,25966,9187,48.882224882986826,0.020457333977612055,1.5749557339064617
SSSniperWolf,Hidden Messages In Famous Logos,2020-07-31 16:17:48+00:00,12680908,300421,14700,3701,81.17292623615239,0.012319378472210664,2.5141890470303863
SSSniperWolf,Mukbangers Doing Insane BIG BITES,2020-08-01 17:30:16+00:00,9940797,214838,14646,3530,60.86062322946176,0.016430985207458643,2.344017285535556
SSSniperWolf,Amazing Things You Have NEVER Seen Before,2020-08-02 18:25:46+00:00,4290766,166513,13662,1940,85.83144329896908,0.011650741984109349,4.24434704665787
SSSniperWolf,Tik Toks Worth Watching Before It Gets Banned,2020-08-03 18:15:00+00:00,34257806,697672,29681,10408,67.03228285933896,0.014918185049708172,2.1535558932174466
SSSniperWolf,Secrets That Will RUIN Your Childhood,2020-08-04 19:04:20+00:00,27719644,723748,31069,10698,67.65264535427183,0.014781387996927107,2.76163359096531
SSSniperWolf,I Tested Dumb Life Hacks to see if they work,2020-08-05 18:06:03+00:00,31145368,461126,27105,12718,36.25774492844787,0.0275803142741897,1.608422157670444
SSSniperWolf,Cute Animals on Tik Tok That Will Make You Laugh,2020-08-06 19:06:59+00:00,31178289,428096,26918,9880,43.329554655870446,0.02307893556585439,1.4910824644675018
SSSniperWolf,People Having A Really BAD Day,2020-08-07 18:31:41+00:00,27520396,410738,47059,9794,41.93771696957321,0.023844884086692733,1.6990707546504784
SSSniperWolf,New Fortnite Season Gameplay Stream,2020-08-08 20:24:03+00:00,8118024,124377,12319,4422,28.12686567164179,0.03555319713451844,1.7383294259785385
SSSniperWolf,Crazy Tik Toks Taken Moments Before DISASTER,2020-08-09 19:17:17+00:00,14872793,343066,13241,7788,44.05059065228557,0.022701171203208713,2.448060697140073
SSSniperWolf,School Life Hacks EVERYONE Should Know,2020-08-10 19:40:41+00:00,9794846,186811,16240,3091,60.43707538013588,0.0165461348635787,2.1045966419482247
SSSniperWolf,Craziest Karens Of All Time,2020-08-11 18:04:39+00:00,10839728,342482,22450,4460,76.78968609865471,0.013022582208700019,3.407760785141472
SSSniperWolf,Tik Tok LOOK-A-LIKE Meme Challenge,2020-08-12 19:31:34+00:00,15349811,237683,14783,4730,50.25010570824524,0.019900455648910523,1.6755646046716797
SSSniperWolf,School Tik Toks That Are Actually Relatable,2020-08-13 20:16:37+00:00,30551772,594204,40824,7461,79.64133494169683,0.012556293798089545,2.102951671673905
SSSniperWolf,People Having A Worse Day Than You,2020-08-14 19:31:22+00:00,12280915,250324,14949,4743,52.777566940754795,0.01894744411243029,2.1986635360638846
SSSniperWolf,Weirdest NAIL ART that should NOT Exist,2020-08-15 19:05:55+00:00,13228558,382156,11674,4751,80.43696063986529,0.012432095793340939,3.013034376082412
SSSniperWolf,Amazing Cakes That Look Like Everyday Objects,2020-08-16 19:10:10+00:00,4666837,149680,9551,2147,69.71588262692129,0.0143439337252806,3.457973783956886
SSSniperWolf,Tik Toks Worth Watching Before It Shuts Down,2020-08-17 19:05:16+00:00,14572400,251292,18343,3650,68.84712328767124,0.014524935135221177,1.8753602700996403
SSSniperWolf,Funniest Wisdom Teeth Removal Tik Toks,2020-08-18 19:15:18+00:00,11915530,289975,16720,3570,81.22549019607843,0.012311406155703078,2.6038707468320754
SSSniperWolf,Trying Dumb LIFE HACKS to see if they work,2020-08-19 19:04:55+00:00,11447924,177121,10641,2833,62.52064948817508,0.015994715476990305,1.6648870135755618
SSSniperWolf,Creative People On Another Level,2020-08-20 19:03:35+00:00,14334939,238700,9533,5272,45.27693474962064,0.022086300795978217,1.7684414283172047
SSSniperWolf,Beautiful Tik Tok Art That Is On Another Level,2020-08-21 19:06:12+00:00,10749157,211763,8814,3157,67.07728856509344,0.01490817564919273,2.0814097328748664
SSSniperWolf,Worst Tik Tok Hair FAILS,2020-08-22 18:24:38+00:00,11881201,362663,11289,4554,79.63614404918752,0.012557112250215765,3.185755379443543
SSSniperWolf,Most Oddly Satisfying Video to watch before sleep,2020-08-23 18:07:13+00:00,32630409,748686,19321,14877,50.325065537406736,0.01987081366554203,2.399246665893768
SSSniperWolf,Tik Tok Pranks Worth Watching,2020-08-24 19:28:35+00:00,14019591,319671,9279,3968,80.56224798387096,0.012412761870798414,2.3746627130563223
SSSniperWolf,Lucky People Who Avoided Close Calls,2020-08-26 00:08:48+00:00,7149574,235033,9629,2538,92.60559495665879,0.01079848361719418,3.4575486595425127
SSSniperWolf,Dumbest People Ever On The Internet,2020-08-26 20:04:31+00:00,11306987,255331,13208,3112,82.04723650385604,0.012188100935648236,2.4025056365590585
SSSniperWolf,Talented People On Tik Tok Worth Watching,2020-08-27 18:03:44+00:00,12200863,246665,22686,5734,43.017963027554934,0.023246103014209554,2.2546355942198515
SSSniperWolf,Can You Spot The FAKE Middle Schooler?,2020-08-28 18:16:41+00:00,4100971,136414,20892,1661,82.12763395544853,0.012176169601360564,3.87632587501838
SSSniperWolf,I Have A Perfect Memory (Animated Story Time),2020-08-28 23:04:11+00:00,14985293,312753,15587,5285,59.17748344370861,0.016898319120839767,2.226349528167384
SSSniperWolf,Crazy Makeup Transformations on Tik Tok,2020-08-29 17:23:28+00:00,11069458,168435,10207,3176,53.033690176322416,0.018855938492593583,1.6425194440414337
SSSniperWolf,Most Oddly Satisfying Video to watch before bed,2020-08-30 19:40:24+00:00,11764774,252846,18576,5187,48.746096009253904,0.020514463349232338,2.3511628867668857
SSSniperWolf,Funniest Wisdom Teeth Removal Tik Toks 2,2020-08-31 19:16:43+00:00,4352007,150848,8934,1506,100.16467463479415,0.009983559609673313,3.706060215436234
SSSniperWolf,Spoiled RICH Kids On Tik Tok,2020-09-01 19:16:51+00:00,8099201,186730,10510,2589,72.12437234453456,0.01386493868151877,2.467268067553824
SSSniperWolf,Entitled Karens Who Went TOO FAR,2020-09-02 18:08:20+00:00,13785981,299860,17563,3561,84.20668351586633,0.011875541919562463,2.328336300478
SSSniperWolf,Funniest Construction Design Fails,2020-09-03 19:40:41+00:00,6842348,158526,9487,2562,61.875878220140514,0.016161386775670868,2.492930789255384
SSSniperWolf,Amazing Hair Transformations You Won't Believe,2020-09-04 20:10:14+00:00,6724227,155175,8091,1749,88.7221269296741,0.011271145480908651,2.4540367242212375
SSSniperWolf,My daughter ruined my life...(Animated Story Time),2020-09-05 19:45:38+00:00,5757734,138123,7187,2137,64.634066448292,0.015471717237534661,2.5608511959739717
SSSniperWolf,People Who Got STUCK In Weird Places,2020-09-06 17:05:00+00:00,6517214,162797,10241,2553,63.766940853897374,0.01568210716413693,2.6942647579164962
SSSniperWolf,Tik Toks That Are Worth Watching,2020-09-07 18:37:19+00:00,15299060,274595,14013,4148,66.19937319189971,0.015105883209818096,1.9135554733428068
SSSniperWolf,School Tik Toks That Are Actually Funny,2020-09-08 20:14:38+00:00,27272604,525970,26622,7696,68.34329521829522,0.014632013232693879,2.054398619215092
SSSniperWolf,Genius Food Inventions You Didn't Know Existed,2020-09-09 19:11:01+00:00,4964917,132590,8717,2245,59.060133630289535,0.01693189531638887,2.8913272870422606
SSSniperWolf,Spoiled Kids Think They Own Their Parents,2020-09-10 19:48:43+00:00,8298033,245410,21289,3378,72.64949674363528,0.01376472026404792,3.2547110863502233
SSSniperWolf,Weird Mukbang Food You Can Actually Eat,2020-09-12 17:35:39+00:00,14689194,216634,12537,4256,50.900845864661655,0.01964603894125576,1.5891069312584476
SSSniperWolf,Trying School LIFE HACKS to see if they work,2020-09-13 18:03:48+00:00,7405471,157096,7967,2505,62.71297405189621,0.015945663797932476,2.2627595192797325
SSSniperWolf,Try Not To Say WOW Challenge (IMPOSSIBLE),2020-09-14 19:16:17+00:00,21778993,344736,20153,9604,35.89504373177842,0.02785899935022742,1.719514763607298
SSSniperWolf,Crazy Things I Learned On Tik Tok,2020-09-15 18:38:44+00:00,14804171,246721,11093,3727,66.19828280118057,0.015106132027674985,1.7666710280501354
SSSniperWolf,Weird Things That Should Not Exist,2020-09-16 20:49:13+00:00,6619164,149577,10849,2451,61.02692778457772,0.016386209109689322,2.4606883890473177
SSSniperWolf,Trying Clothing Life Hacks to see if they work,2020-09-17 18:23:48+00:00,19106312,337226,20466,7875,42.82234920634921,0.023352291934785573,1.9133310499692457
SSSniperWolf,Crazy KARENS Who Went Too Far,2020-09-18 18:09:04+00:00,11469218,250638,24730,3869,64.78108038252779,0.015436605782044224,2.4346646824569906
SSSniperWolf,Try Not To Get Impressed Challenge,2020-09-19 18:18:10+00:00,2907038,91712,6501,1029,89.12730806608357,0.011219905792044661,3.4138528632924645
SSSniperWolf,Most Oddly Satisfying Video to watch before bed,2020-09-20 19:28:50+00:00,17792621,308541,14554,6654,46.3692515779982,0.021566015537643295,1.8532907546336204
SSSniperWolf,Tik Toks That Will Make Your Day Better,2020-09-21 19:15:39+00:00,34830764,529206,23303,10151,52.133385873312974,0.019181566346564476,1.6154110199822203
SSSniperWolf,Amazing Things You Have Never Seen Before,2020-09-22 21:31:03+00:00,5566220,152663,8212,1913,79.8029273392577,0.01253086864531681,2.9245699954367597
SSSniperWolf,Tik Toks That Are Actually Relatable,2020-09-23 19:05:22+00:00,30233339,369457,25381,6545,56.44873949579832,0.0177151874237056,1.3276171712294167
SSSniperWolf,Strange Things Caught On Camera,2020-09-24 20:08:56+00:00,11081624,175753,9839,2796,62.85872675250358,0.015908690036585436,1.700003537387661
SSSniperWolf,People Caught Lying On Social Media,2020-09-25 19:44:46+00:00,27388731,442916,17658,8722,50.781472139417566,0.01969222154991014,1.7134638329902907
SSSniperWolf,Relationship Tik Toks That Are Worth Watching,2020-09-26 19:10:25+00:00,32105820,526226,15275,6909,76.16529164857432,0.013129339865381034,1.708132668780925
SSSniperWolf,Most Oddly Satisfying Food Ever,2020-09-27 19:32:58+00:00,9106308,212710,10673,3240,65.65123456790124,0.015232006017582624,2.48863754663251
SSSniperWolf,Funny Tik Toks That Will Make You Smile,2020-09-28 21:15:25+00:00,19813892,340601,26297,5053,67.4056995844053,0.014835540705987358,1.877223313824462
SSSniperWolf,I Tested Clothing Life Hacks to see if they work,2020-09-29 19:08:05+00:00,10479065,217227,19132,3962,54.827612317011614,0.018238985024881804,2.2933439195195375
SSSniperWolf,Worst Karens That Went Too Far,2020-09-30 19:16:25+00:00,28728398,625360,53874,14972,41.76863478493187,0.02394140974798516,2.416445219117335
SSSniperWolf,People Having A Really Bad Day,2020-10-01 20:40:41+00:00,16922377,304186,16864,6009,50.62173406556831,0.019754360818709606,1.9327012984050644
SSSniperWolf,How Everyday Food Is Made,2020-10-02 19:10:58+00:00,12663825,245037,15890,4053,60.45817912657291,0.016540359211057922,2.092416785607824
SSSniperWolf,Try Not To Get Uncomfortable Challenge (Impossible),2020-10-03 19:17:04+00:00,13226776,402129,71020,5610,71.68074866310161,0.013950747148303156,3.6196197773365175
SSSniperWolf,Most Oddly Satisfying Video to watch before bed,2020-10-04 19:05:01+00:00,14299040,240289,11331,4908,48.95863895680522,0.020425404408857668,1.7940225357786257
SSSniperWolf,Tik Toks That Are Worth Watching,2020-10-05 19:05:18+00:00,16881247,242044,9757,3519,68.78204035237283,0.0145386789178827,1.5124475105423194
SSSniperWolf,Creative People On Another Level,2020-10-06 18:16:59+00:00,19618453,294108,12106,6381,46.09120827456511,0.021696111632461546,1.5933723214567426
SSSniperWolf,Creepy Tik Toks You Should Not Watch At Night,2020-10-07 19:21:25+00:00,10149163,231230,21603,3400,68.00882352941177,0.014703974397785754,2.5246712462889795
SSSniperWolf,Cute Animals on Tik Tok That Will Make You Laugh,2020-10-08 19:06:22+00:00,24401001,363678,16048,6920,52.55462427745665,0.019027821314459493,1.5845497485943303
SSSniperWolf,Genius Inventions You Didn't Know Existed,2020-10-09 18:31:34+00:00,15235813,247388,11325,3831,64.57530670843121,0.015485795592348861,1.7232030873573994
SSSniperWolf,Try Not To Say Wow Challenge (Impossible),2020-10-10 19:19:57+00:00,28417434,386611,20052,10557,36.6212939281993,0.02730651740379865,1.468183228647597
SSSniperWolf,People With Satisfying Skills On Another Level,2020-10-11 17:30:36+00:00,12280357,218121,11624,4226,51.61405584477047,0.019374567327309154,1.905245914267802
SSSniperWolf,Crazy Karens Who Think They Own The World,2020-10-12 19:05:03+00:00,10985555,221402,19018,2942,75.25560842963971,0.013288046178444639,2.2152908979109385
SSSniperWolf,Crazy Halloween Tik Tok Makeup Transformations,2020-10-13 19:15:06+00:00,21153961,277707,10863,7054,39.368726963425004,0.025400872142221836,1.397487685639583
SSSniperWolf,Tik Toks That Are Actually Relatable,2020-10-14 19:18:46+00:00,37237201,498627,38358,8497,58.682711545251266,0.017040794020379963,1.4648845384485263
SSSniperWolf,Halloween Costumes That Should Not Exist,2020-10-15 19:06:47+00:00,4113761,124275,7848,1409,88.20085166784953,0.011337759002212835,3.2459834200382573
SSSniperWolf,Recreating My Favorite Tik Toks,2020-10-16 19:05:38+00:00,22590865,352237,20837,8600,40.95779069767442,0.02441537941783515,1.6895059131201924
SSSniperWolf,How Everyday Things Are Made,2020-10-17 18:05:02+00:00,17933596,317350,14135,5988,52.99766199064796,0.018868756893020325,1.8817921402935585
SSSniperWolf,Most Oddly Satisfying Video to watch before sleep,2020-10-18 18:05:08+00:00,11736422,196902,9528,3398,57.946439081812834,0.017257315822084084,1.7878361906209574
SSSniperWolf,Tik Toks That Will Make Your Day Better,2020-10-19 19:05:04+00:00,24975812,356567,17024,6185,57.65028294260307,0.01734596863983487,1.5205751869048343
SSSniperWolf,Funniest Design Fails Ever,2020-10-20 19:08:14+00:00,9143168,189187,9310,2641,71.6346081029913,0.013959732962624281,2.1998720793493023
SSSniperWolf,Among Us Tik Toks that are Worth Watching,2020-10-21 19:05:18+00:00,13797143,277491,12350,4608,60.219401041666664,0.016605943976561403,2.1341302326141
SSSniperWolf,Trying Rare Snacks You Have Never Seen Before,2020-10-22 19:05:19+00:00,6968153,157014,16139,2087,75.23430761859127,0.013291808373775587,2.5148701528224193
SSSniperWolf,Funniest Wisdom Teeth Removal Tik Toks,2020-10-23 20:03:40+00:00,4175965,127552,7981,1308,97.51681957186544,0.010254641244355243,3.2768713339311994
SSSniperWolf,Tik Tok Houses You Wish You Had,2020-10-24 18:05:25+00:00,10499758,192105,8855,2762,69.5528602461984,0.014377553941854715,1.94025424205015
SSSniperWolf,🔴 Live Among Us with Friends Stream,2020-10-25 20:51:05+00:00,10398239,135595,13510,3972,34.1377139979859,0.029293115527858696,1.4721435042991413
SSSniperWolf,Creative People On Another Level,2020-10-26 18:10:04+00:00,18688267,317064,12777,5843,54.2639055279822,0.018428456084575984,1.7962286176669031
SSSniperWolf,Crazy Videos Taken Moments Before Disaster,2020-10-27 20:16:00+00:00,8559567,219517,11729,2685,81.75679702048417,0.012231398934934424,2.73297703026333
SSSniperWolf,🔴 Live Among Us 0 IQ Imposter  Stream,2020-10-28 21:30:48+00:00,15803541,146253,13652,6496,22.514316502463053,0.044416182915905995,1.0529349087017903
SSSniperWolf,Best Halloween Costumes Ever 2020,2020-10-29 20:50:25+00:00,18750734,277068,12271,5080,54.540944881889764,0.01833484920669294,1.570173199619812
SSSniperWolf,Trying Crazy Halloween SFX Makeup to see if it works,2020-10-30 21:07:02+00:00,4737977,106576,7400,1899,56.12216956292786,0.01781827052995046,2.445664046068607
SSSniperWolf,Recreating My Favorite Tik Toks,2020-10-31 17:05:12+00:00,2856080,110522,9493,1304,84.75613496932516,0.011798555943613037,4.247745161199966
SSSniperWolf,How Everyday Things Are Made 2,2020-11-01 19:05:02+00:00,7763979,169732,8089,2171,78.18148318747122,0.012790752480380837,2.318295811979914
SSSniperWolf,Among Us Tik Toks That Are Actually Funny,2020-11-02 20:15:02+00:00,12023330,213396,11606,3696,57.73701298701299,0.017319912275768994,1.9021186310281761
SSSniperWolf,People Having A Really Bad Day,2020-11-03 19:33:01+00:00,14153466,267753,13254,5394,49.63904338153504,0.020145432544173173,2.023539675723247
SSSniperWolf,Among Us Imposter Funny Moments,2020-11-04 19:34:46+00:00,2981977,89264,5505,1383,64.54374548083875,0.015493367987094461,3.2244380154508234
SSSniperWolf,School Tik Toks That Will Make Your Day Better,2020-11-05 20:05:16+00:00,27064817,345728,16287,5647,61.22330440942093,0.016333649574231765,1.358449975848719
SSSniperWolf,Reacting To The Best Among Us Animations,2020-11-06 19:11:32+00:00,5035980,123244,6409,2292,53.77137870855148,0.018597254227386322,2.6200461479195707
SSSniperWolf,People Who Didn't Get What They Expected,2020-11-07 19:03:17+00:00,9466537,226983,8924,4071,55.75607958732498,0.01793526387438707,2.5350135957848154
SSSniperWolf,Oddly Satisfying Video To Relax You Before Sleep,2020-11-08 19:05:00+00:00,40323682,411940,20182,14140,29.132956152758133,0.03432538719230956,1.1066995320516613
SSSniperWolf,Cool Things I Learned On Tik Tok,2020-11-09 19:34:41+00:00,26835441,306829,13854,6907,44.422904299985525,0.022510909985692357,1.2207364134615861
SSSniperWolf,Gold Digger Dumps Broke Boyfriend Then Regrets Her Decision,2020-11-10 19:35:03+00:00,22245968,465351,35331,9513,48.91737622201198,0.020442633624941173,2.293426835820316
SSSniperWolf,Weird Mukbang FOOD That Has Gone Too Far,2020-11-11 19:35:17+00:00,18470625,308889,14622,6865,44.994756008739984,0.02222481214934815,1.7886563123879133
SSSniperWolf,Crazy Karens Who Took It Too Far,2020-11-12 20:05:20+00:00,24609397,426314,29679,8609,49.519572540364734,0.020194035382370742,1.8879048519555357
SSSniperWolf,Mean Girl Fat Shames A Stranger and Regrets It,2020-11-13 20:45:13+00:00,19834634,473376,32497,8201,57.721741251066945,0.017324494693436086,2.591799778105308
SSSniperWolf,Funny Tik Toks That Are Worth Watching,2020-11-14 18:10:01+00:00,19011734,292070,13574,5017,58.216065377715765,0.017177388982093336,1.6340487406356514
SSSniperWolf,Genius Inventions You Didn't Know Existed,2020-11-15 19:18:00+00:00,15379172,249128,11317,5532,45.03398409255242,0.022205452618734144,1.729462418392876
SSSniperWolf,Rich Mom Rejects Son's Poor Girlfriend Then Finds Out The Truth,2020-11-16 21:31:26+00:00,16994153,387266,23768,6244,62.02210121716848,0.01612328477067442,2.455420990972601
SSSniperWolf,Secrets That Will Ruin Your Childhood,2020-11-17 20:05:23+00:00,10753635,225094,11251,3474,64.79389752446747,0.015433552204856638,2.2301203267546277
SSSniperWolf,Real Mini Foods You Can Actually Eat,2020-11-18 19:35:02+00:00,4559185,222996,10906,2405,92.72182952182952,0.01078494681518951,5.183097417630563
SSSniperWolf,Tik Toks That Will Make You Say OH NO,2020-11-19 19:40:56+00:00,9666676,206339,15439,3587,57.524114859213825,0.017384013686215404,2.3313598179974173
SSSniperWolf,Car Salesman Shames Poor Man And Instantly Regrets It,2020-11-20 20:05:05+00:00,16193828,351465,18369,7514,46.774687250465796,0.021379084688375797,2.3301964180427257
SSSniperWolf,Try Not To Get Uncomfortable Challenge (Impossible),2020-11-21 19:05:14+00:00,8930495,192871,14364,3036,63.52799736495388,0.015741091195669646,2.354527940500499
SSSniperWolf,Most Creative People I Found On Tik Tok,2020-11-22 19:16:18+00:00,14892139,242439,19418,5003,48.458724765140914,0.020636118776269495,1.791952116482394
SSSniperWolf,Girl Gets Fired For How She Dresses,2020-11-23 20:17:01+00:00,15860676,367441,19033,5744,63.969533426183844,0.01563244167090771,2.4728958589154715
SSSniperWolf,People Who Got Stuck In Awkward Places,2020-11-24 19:49:04+00:00,18940863,262081,15958,5350,48.98710280373832,0.02041353627313693,1.4961778668691073
SSSniperWolf,Thanksgiving Food Fails,2020-11-25 21:27:20+00:00,2530813,112857,10955,1311,86.08466819221968,0.011616470400595444,4.943984403430834
SSSniperWolf,Tik Toks Only Girls Will Understand,2020-11-26 20:33:03+00:00,24566432,764534,37030,8329,91.79181174210589,0.010894217915749986,3.2967465523686954
SSSniperWolf,Mean Gold Digger Gets What She Deserves,2020-11-27 19:32:37+00:00,21280788,419219,25463,8025,52.2391277258567,0.019142739236532695,2.127303744579383
SSSniperWolf,Tik Toks Only Siblings Will Understand,2020-11-28 20:25:02+00:00,14502187,374870,21038,3826,97.97961317302666,0.010206204817670126,2.7563704701918406
SSSniperWolf,How Everyday Food Is Made,2020-11-29 19:41:01+00:00,7211118,189333,11183,2739,69.12486308871851,0.014466574765096418,2.8186336709508844
SSSniperWolf,Homeless Mom Has To Give Her Baby Away,2020-11-30 22:40:11+00:00,9757832,442746,28502,4576,96.75393356643356,0.010335497102175965,4.876329086215052
SSSniperWolf,Tik Tok Pranks That Went Too Far,2020-12-02 00:44:58+00:00,21694111,407493,14815,8288,49.166626447876446,0.020338999688338206,1.984852018135244
SSSniperWolf,People Who Are Living In The Future,2020-12-02 19:12:03+00:00,7571820,170691,10591,2336,73.06977739726027,0.013685548740121038,2.4250180273699056
SSSniperWolf,Rare Features Only 5% Of People Have,2020-12-03 19:36:26+00:00,9535492,281831,23969,3677,76.64699483274408,0.013046825934691357,3.2455273414313597
SSSniperWolf,Husband Leaves Pregnant Wife Then Regrets It,2020-12-04 19:35:02+00:00,13265240,290615,16353,4386,66.25968992248062,0.015092132202398361,2.3471418534455464
SSSniperWolf,Trying To Recreate My Favorite Tik Toks,2020-12-05 20:05:02+00:00,13658212,230588,9336,3842,60.017699115044245,0.016661751695664997,1.7847577706364495
SSSniperWolf,Most Oddly Satisfying Video to make your 2020 better,2020-12-06 19:23:01+00:00,13092123,222793,11614,4430,50.29187358916479,0.019883928130596563,1.8242801415782606
SSSniperWolf,Real Mom Rejects Step Mom Then Finds Out The Truth,2020-12-07 19:35:43+00:00,17320701,370106,34954,6885,53.75541031227306,0.018602778663409942,2.3783390753064784
SSSniperWolf,Worst Karen's of 2020,2020-12-08 21:24:02+00:00,11956608,282059,27843,4192,67.28506679389314,0.0148621387723845,2.626949047756688
SSSniperWolf,Things That Make No Sense,2020-12-09 20:07:08+00:00,7020587,165690,10422,1967,84.23487544483986,0.011871567384875369,2.5365257919316435
SSSniperWolf,Dumbest People Of 2020,2020-12-10 20:46:02+00:00,11772560,237214,15802,3255,72.8768049155146,0.013721787078334331,2.1768502347832586
SSSniperWolf,Memes I Watch Instead Of Sleeping,2020-12-11 20:11:02+00:00,14451595,226570,13829,3173,71.40560983296565,0.014004501919936444,1.6854333379810325
SSSniperWolf,People Having The Worst Year Ever,2020-12-12 19:45:15+00:00,19682978,324146,18319,5477,59.183129450429064,0.01689670703942051,1.7677304724925262
SSSniperWolf,Amazing Hair Transformations You Won't Believe,2020-12-13 20:11:18+00:00,26169462,342696,19379,6527,52.50436647770798,0.019046034969769126,1.408519594327159
SSSniperWolf,Spoiled Girl Goes TOO Far With Parents,2020-12-14 20:19:09+00:00,16501867,378616,39457,6318,59.926559037670145,0.016687091934836352,2.571775666353389
SSSniperWolf,Best Tik Toks Of 2020,2020-12-15 20:23:03+00:00,25258558,339901,19413,5606,60.631644666428826,0.016493037678618185,1.4447380567014159
SSSniperWolf,My Mom Is Always Lying (True Story Animation),2020-12-16 21:19:02+00:00,13733729,289716,14034,5326,54.396545249718365,0.0183835204130942,2.250488559953382
SSSniperWolf,DO NOT Use This Online Chatroom At Night,2020-12-17 20:51:14+00:00,14865937,344671,44172,6055,56.9233691164327,0.017567477391483472,2.6563949517611976
SSSniperWolf,People Who Got What They Deserve (Instant Karma),2020-12-18 20:05:17+00:00,16507254,306863,18591,5691,53.9207520646635,0.018545735393318843,2.0060574581332546
SSSniperWolf,Mom Says Girls Can't Play Video Games ft SSSniperWolf,2020-12-19 19:42:02+00:00,40281231,937548,102274,25840,36.2828173374613,0.02756125553038351,2.6455547001530317
SSSniperWolf,Creative People On Another Level,2020-12-20 19:39:02+00:00,15777431,263303,12509,4184,62.93092734225621,0.01589043801247992,1.7746615402723043
SSSniperWolf,I Tested Viral Tik Tok Food Hacks to see if they work,2020-12-21 20:05:30+00:00,17247672,253138,19621,4543,55.72044904248294,0.017946732612251024,1.6077648044327375
SSSniperWolf,Genius Inventions You Didn't Know Existed,2020-12-22 20:05:02+00:00,10796528,225242,11541,3059,73.63255966001961,0.013580948490956394,2.2214734218259795
SSSniperWolf,Cool Things I Learned On Tik Tok,2020-12-23 19:16:05+00:00,23052323,367716,20925,6515,56.44144282425173,0.01771747761859696,1.7141699775766635
SSSniperWolf,Girl Won't Accept Adopted Sister Then Learns The Truth,2020-12-24 20:13:08+00:00,20561643,466343,54299,10329,45.14890115209604,0.022148933295878786,2.5823374134061177
SSSniperWolf,Christmas Fails That You Won't Believe,2020-12-25 20:15:20+00:00,6513071,183707,15990,2320,79.18405172413793,0.01262880565247922,3.1017165327999647
SSSniperWolf,Tik Toks That Will Make Your Day Better,2020-12-26 19:51:18+00:00,13227045,232984,18323,3667,63.53531497136624,0.015739278233698452,1.9276716757219772
SSSniperWolf,Best Animal Tik Toks Of 2020,2020-12-27 20:06:13+00:00,16626488,247909,15723,3868,64.09229576008273,0.015602499304180163,1.6088785557118255
SSSniperWolf,Girlfriend Not Allowed To Have Guy Friends,2020-12-28 20:07:02+00:00,15696050,374508,25069,6269,59.7396713989472,0.016739295288752176,2.5856569009400454
SSSniperWolf,Amazing Things You Have Never Seen Before,2020-12-29 20:31:04+00:00,19374539,328593,21251,6077,54.07158137238769,0.018494003219788613,1.8370553229679425
SSSniperWolf,Trying Viral TikTok Life Hacks to see if they work,2020-12-30 20:05:02+00:00,15543837,257637,17709,5573,46.22949937197201,0.021631209802939796,1.8072693376802653
SSSniperWolf,Weird Vending Machines You've Never Seen Before,2020-12-31 20:07:04+00:00,13761619,228547,16070,4185,54.61099163679809,0.018311332023610023,1.8079413475987092
SSSniperWolf,Greedy Gold Digger Sues Husband Then Regrets It,2021-01-01 20:13:10+00:00,17439954,355997,18523,5790,61.48480138169257,0.01626418200153372,2.1806823573043825
SSSniperWolf,Funniest Design Fails Ever,2021-01-02 20:05:07+00:00,6541349,166820,11483,2252,74.07637655417406,0.013499580386044839,2.760210470347936
SSSniperWolf,Mom Fat Shames Her Daughter & Regrets It,2021-01-03 20:33:02+00:00,11271658,288432,30807,4397,65.59745280873322,0.015244494369556777,2.8712368668389336
SSSniperWolf,Most Oddly Satisfying Video To Start The Year,2021-01-05 20:05:19+00:00,12134314,242498,25110,5145,47.13275024295432,0.02121666982820477,2.247782610537357
SSSniperWolf,Annoying Things We Can All Relate To,2021-01-06 20:11:12+00:00,10333568,209676,14764,3028,69.24570673712022,0.014441328525916175,2.2012532360555426
SSSniperWolf,Food Lies They Don't Want You To Know,2021-01-07 20:07:10+00:00,14472323,259815,13264,4507,57.64699356556468,0.017346958412716742,1.9180472962080795
SSSniperWolf,Influencer Fakes Having A Perfect Life,2021-01-08 20:09:14+00:00,15307188,371878,16937,5732,64.87752965806001,0.015413657167135459,2.5775276295032112
SSSniperWolf,People Who Prove You Can Always Be Dumber!,2021-01-09 20:05:02+00:00,7684574,189685,10399,2352,80.64838435374149,0.012399504441574189,2.634316489111823
SSSniperWolf,Tik Tok Pranks That Went Too Far,2021-01-10 20:33:11+00:00,32524576,638342,16797,11488,55.56598189415042,0.01799662250016449,2.04961011636247
SSSniperWolf,Amazing Cakes That Look Like Everyday Objects,2021-01-11 20:07:03+00:00,20349190,352430,33873,7116,49.52641933670601,0.02019124365122152,1.9333398528393515
SSSniperWolf,Sisters Get Separated In Adoption...,2021-01-12 20:42:03+00:00,17697852,381275,39993,7063,53.98201897210817,0.01852468690577667,2.420242863371216
SSSniperWolf,Messed Up Riddles You Will Get WRONG,2021-01-13 20:22:10+00:00,4188321,120252,7785,1632,73.68382352941177,0.01357149985031434,3.095966140131093
SSSniperWolf,Lucky People Who Avoided Close Calls,2021-01-14 20:16:10+00:00,11596196,250860,14236,3652,68.69112814895948,0.014557920752611019,2.3175531010341666
SSSniperWolf,Crazy Karens Who Already Ruined 2021,2021-01-15 20:40:03+00:00,11265193,252412,24237,3717,67.9074522464353,0.014725924282522226,2.488781150931014
SSSniperWolf,Tik Toks That Are Actually Relatable,2021-01-16 19:09:09+00:00,20162676,294989,17288,3722,79.25550779150994,0.01261741963259647,1.5672473237183397
SSSniperWolf,Teacher Embarrasses Poor Student In Front Of Class,2021-01-17 20:05:01+00:00,24148550,476673,36502,8614,55.337009519387045,0.018071088565956118,2.160746711500276
SSSniperWolf,Try Not To Say Wow Challenge (Impossible),2021-01-19 20:54:01+00:00,14456458,243060,21304,5192,46.814329738058554,0.02136098082777915,1.8646061158272658
SSSniperWolf,Mean Foster Mother Won't Buy Daughter Food,2021-01-20 20:19:06+00:00,10885105,250420,19116,3352,74.70763723150358,0.013385512339270026,2.5069854631627346
SSSniperWolf,Things That Feel Illegal But Aren't,2021-01-21 20:05:06+00:00,13566061,362635,21779,4729,76.68323112708818,0.013040660719456202,2.868503982106523
SSSniperWolf,Creative People On Another Level,2021-01-22 20:15:04+00:00,25062701,359228,12664,8081,44.45340923153075,0.022495462491787944,1.5160895866730406
SSSniperWolf,Tik Toks I Watch Instead Of Sleeping,2021-01-23 19:19:03+00:00,50374022,655453,33646,13368,49.031493117893476,0.020395055023014617,1.394502507661588
SSSniperWolf,Exposing Magic Trick Secrets,2021-01-24 19:33:02+00:00,3792736,128347,7736,1614,79.52106567534076,0.012575284190514777,3.630545337191937
SSSniperWolf,Little Sister Refuses To Get A Job,2021-01-25 22:04:02+00:00,22603962,418501,27694,8240,50.78895631067961,0.019689319738781987,2.0104218897554333
SSSniperWolf,Craziest Nail Art On Another Level,2021-01-26 20:05:10+00:00,8299491,148030,11934,2530,58.5098814229249,0.01709113017631561,1.9578791036703336
SSSniperWolf,Weird Mukbang FOOD That Has Gone Too Far,2021-01-27 21:02:01+00:00,6862050,187315,11391,2799,66.9221150410861,0.014942743506926835,2.9365131411167216
SSSniperWolf,Genius Inventions You Didn't Know Existed,2021-01-28 20:05:00+00:00,15198229,451248,13499,5039,89.55110140900972,0.011166808495550119,3.0910575172936268
SSSniperWolf,Tik Toks With A Crazy Plot Twist,2021-01-29 20:42:01+00:00,27585279,478078,20692,9354,51.109471883686126,0.019565844903969645,1.8420114583579161
SSSniperWolf,People Who Prove You Can Always Be Dumber,2021-01-30 19:42:00+00:00,16102839,297229,16795,4136,71.86387814313346,0.013915196700187397,1.9758006647150852
SSSniperWolf,People Who Celebrated Too Early,2021-01-31 19:35:01+00:00,11306932,251382,14637,3575,70.31664335664335,0.014221384188207589,2.3843249433179574
SSSniperWolf,Wife Cheats On Husband Because He's Poor,2021-02-01 21:22:02+00:00,16627184,343832,26200,5867,58.60439747741606,0.01706356592754601,2.2607496254326653
SSSniperWolf,Rarest Features Only In 5% Of Humans,2021-02-02 21:24:01+00:00,13178369,235429,20698,4387,53.665147025302026,0.018634068020507245,1.9768303649715682
SSSniperWolf,Crazy Coincidences You Won't Believe,2021-02-03 20:05:00+00:00,12449031,271354,14283,3085,87.95915721231766,0.011368912932921572,2.319232717791449
SSSniperWolf,Waitress Flirts With Husband In Front Of Wife (WWYD),2021-02-04 20:09:12+00:00,3127524,126876,56536,1213,104.59686727122836,0.009560515779185976,5.903232077515632
SSSniperWolf,Girl Gamer Gets Bullied By Kid At School ft SSSniperWolf,2021-02-05 19:35:01+00:00,24015902,684177,249552,14428,47.42008594399778,0.021088110240478707,3.9480382623146943
SSSniperWolf,Cool Things I Learned On Tik Tok,2021-02-06 19:35:00+00:00,29712808,463691,29038,9190,50.45603917301415,0.019819233066848397,1.6892344876997152
SSSniperWolf,I Tested Viral TikTok Life Hacks to see if they work,2021-02-07 19:25:01+00:00,12759281,268207,18089,4926,54.44721883881446,0.018366411018355226,2.2824326856662225
SSSniperWolf,People Having A Really Bad Day,2021-02-08 20:29:02+00:00,18354765,308412,21141,5482,56.259029551258664,0.017774924451707457,1.8253298257972794
SSSniperWolf,Poor Girl Bullied For Her School Lunch,2021-02-09 20:19:00+00:00,17363865,361404,35620,7178,50.34884368904987,0.019861429314562095,2.327834269616816
SSSniperWolf,My Sisters Hate Me Because I'm The Favorite (Animated Story Time),2021-02-10 20:12:01+00:00,15930504,318397,18284,6133,51.91537583564324,0.019262116163154805,2.1519344271844756
SSSniperWolf,Cursed Tik Toks That Will Make You CRINGE,2021-02-11 20:05:01+00:00,17895000,336387,19726,6906,48.70938314509122,0.02052992535383353,2.0286057557977086
SSSniperWolf,Most Entitled Karens Who Went Too Far,2021-02-12 19:26:02+00:00,27580066,476614,33515,14260,33.42314165497896,0.02991938969480544,1.9013333760695135
SSSniperWolf,Amazing Things You Have Never Seen Before,2021-02-13 19:38:02+00:00,10073257,203442,14624,3213,63.31839402427638,0.0157931990444451,2.1966976520106654
SSSniperWolf,Most Oddly Satisfying Video to watch before sleep,2021-02-14 19:15:00+00:00,23377733,340374,22995,8185,41.58509468540012,0.02404707762637569,1.5893500024146907
SSSniperWolf,Foster Mom Is Mean To Kid,2021-02-15 19:40:00+00:00,28411576,453487,43861,10555,42.964187588820465,0.023275198627524054,1.7876621838929314
SSSniperWolf,Tik Tok Pranks That Went Too Far,2021-02-16 20:47:01+00:00,17240520,310248,12619,4465,69.48443449048152,0.014391712436502412,1.8986202272321253
SSSniperWolf,Funny Knock Off Brand Food My Mom Buys To Save Money,2021-02-17 20:05:00+00:00,9548002,208424,14890,2430,85.77119341563785,0.011658926035389398,2.3643061658344853
SSSniperWolf,Amazing Cartoon Character Glow Up Transformations,2021-02-18 20:32:00+00:00,24462193,467276,21611,8542,54.70334816202295,0.018280416713034695,2.0334603688230244
SSSniperWolf,How Everyday Objects Are Made,2021-02-19 20:32:00+00:00,8492131,197619,12956,2532,78.04857819905213,0.012812533207839327,2.509464349996485
SSSniperWolf,Tik Toks That Are Actually Funny,2021-02-20 21:05:01+00:00,22207226,369295,15718,5098,72.43919183993724,0.013804681893878878,1.7566849637140631
SSSniperWolf,Try Not To Say Wow Challenge (Impossible),2021-02-21 20:05:01+00:00,25759819,331383,16923,10451,31.70825758300641,0.03153752606500635,1.3927000030551457
SSSniperWolf,Homeless Mom Collects Cans For $$$ To Feed Family,2021-02-22 20:32:00+00:00,12423507,274351,18534,5089,53.91059147180193,0.01854923072997729,2.3984692889052988
SSSniperWolf,Amazing Cartoon Animals As Humans,2021-02-23 20:36:02+00:00,13181901,290222,22836,4132,70.23765730880929,0.014237376904576497,2.4062538476051367
SSSniperWolf,Amazing Ideas To Upgrade Your Home,2021-02-24 20:18:12+00:00,9979641,231200,9115,2919,79.20520726276122,0.012625432525951557,2.4373021033522146
SSSniperWolf,Amazing Hair Transformations You Won't Believe,2021-02-25 20:26:03+00:00,8940670,196782,10432,2556,76.98826291079813,0.012988992895691678,2.346244744521384
SSSniperWolf,Cool Jobs On Tik Tok You Didn't Know Existed,2021-02-26 20:16:00+00:00,18327766,299910,14602,4796,62.533361134278564,0.015991464105898436,1.7422090613771475
SSSniperWolf,Trying Tik Tok Life Hacks to see if they work,2021-02-27 19:35:01+00:00,12049064,229494,24009,3709,61.87489889458075,0.016161642570176125,2.1347052351950326
SSSniperWolf,Creative People On Another Level,2021-02-28 20:05:00+00:00,18921477,299385,13065,5360,55.855410447761194,0.01790336857223976,1.6796257501462493
SSSniperWolf,Gold Digger Is Mean To Employee And Regrets It,2021-03-01 20:17:03+00:00,14224574,304809,16181,4793,63.59461715001043,0.01572460130770417,2.290282998984715
SSSniperWolf,People Who Didn't Get What They Expected,2021-03-02 20:19:00+00:00,14863301,285291,11728,4432,64.3707129963899,0.01553501512490755,2.028156464031779
SSSniperWolf,Amazing Tik Tok Glow Up Transformations,2021-03-03 20:31:00+00:00,12178376,240834,9426,2718,88.60706401766005,0.01128578190787015,2.0772720434974254
SSSniperWolf,I'm A Genius Born Into A Family Of Idiots (True Story Animation),2021-03-04 20:40:18+00:00,16124567,327338,19959,6579,49.75497796017632,0.020098491467535087,2.1946387769668485
SSSniperWolf,People Having A Really Bad Day,2021-03-05 20:18:11+00:00,15123284,278387,14403,4255,65.42585193889542,0.015284478082669091,1.964156726806162
SSSniperWolf,Tik Toks That Are Actually Relatable,2021-03-06 21:16:04+00:00,36994939,586060,42651,10457,56.044754709763794,0.017842882981264716,1.7277174048050195
SSSniperWolf,Most Oddly Satisfying Video to watch before sleep,2021-03-07 20:35:01+00:00,18660912,288010,17350,5768,49.93238557558946,0.020027082392972465,1.6672711387310544
SSSniperWolf,Sister Ashamed Of Her Disabled Brother,2021-03-08 20:32:00+00:00,17189619,353102,32379,6910,51.10014471780029,0.019569416202683643,2.2827207514023433
SSSniperWolf,Spoiled RICH Kids On Tik Tok,2021-03-09 20:31:48+00:00,20843949,330009,15930,5275,62.56094786729858,0.015984412546324493,1.6849686208692989
SSSniperWolf,Worst Tattoos People Regret Getting,2021-03-10 21:05:00+00:00,14990404,268789,14406,4817,55.800083039236036,0.01792112028394019,1.9213091254912142
SSSniperWolf,Amazing Hidden Talents I Found On Tik Tok,2021-03-11 20:10:00+00:00,18937757,298830,25152,5176,57.73377125193199,0.017320884783990898,1.7381044650641573
SSSniperWolf,Dumbest People On The Internet,2021-03-12 21:19:00+00:00,29590862,457551,23528,7847,58.309035300114694,0.01715000076494205,1.6522871148532274
SSSniperWolf,Amazing Things You Have Never Seen Before,2021-03-13 21:05:00+00:00,11139152,230562,13728,4136,55.745164410058024,0.0179387756872338,2.2302056745432686
SSSniperWolf,Try Not To Get Uncomfortable Challenge,2021-03-14 19:35:00+00:00,10959322,221497,15646,4060,54.55591133004926,0.01832981936549931,2.2008934494305397
SSSniperWolf,Spoiled Wife Fires Maid And Instantly Regrets It,2021-03-15 20:31:00+00:00,12235956,272691,21172,4330,62.97713625866051,0.015878778544213046,2.4370224933793487
SSSniperWolf,Amazing Disney Princess Glow Up Transformations,2021-03-16 20:10:00+00:00,24754245,338512,21022,8102,41.78128857072328,0.02393415890721747,1.4851432552275379
SSSniperWolf,Food Tik Toks That Will Make You HUNGRY,2021-03-18 19:06:30+00:00,11783870,238918,14990,3043,78.51396648044692,0.012736587448413264,2.1805315231753237
SSSniperWolf,Tik Toks Only Siblings Will Understand,2021-03-19 19:05:31+00:00,50407193,610354,108334,11830,51.59374471682164,0.019382194595267663,1.4492336440951987
SSSniperWolf,Tik Toks That Are Actually Funny,2021-03-20 19:31:00+00:00,16878217,281761,13178,4130,68.22300242130751,0.014657812827183323,1.771922946600343
SSSniperWolf,Creative People On Another Level,2021-03-21 19:15:30+00:00,18734430,295486,10984,5403,54.689246714788084,0.018285130259978476,1.6647050377299977
SSSniperWolf,Dad Won't Accept Daughters Boyfriend,2021-03-22 19:05:00+00:00,4823114,166072,11504,1726,96.21784472769409,0.010393082518425743,3.717556748606813
SSSniperWolf,People Who Got What They Deserve (Instant Karma),2021-03-23 19:31:00+00:00,19610461,354884,14605,7160,49.564804469273746,0.020175606677111393,1.9206534716343486
SSSniperWolf,Craziest Karens Caught On Camera,2021-03-24 19:31:00+00:00,16974126,329967,22449,6631,49.76127280953099,0.020095948988838278,2.1152606031085193
SSSniperWolf,Creepy Tik Toks You Should NOT Watch At Night,2021-03-25 19:31:01+00:00,30575965,359182,35212,11135,32.25702739110911,0.031000996709189214,1.3262999221774359
SSSniperWolf,Genius Inventions You Didn't Know Existed,2021-03-26 19:31:01+00:00,14179069,245793,12904,3786,64.92155309033281,0.015403205136029097,1.8512005266354228
SSSniperWolf,Trying Tik Tok Life Hacks to see if they work,2021-03-27 19:05:00+00:00,19709935,310307,17155,6207,49.99307233768326,0.020002771448919942,1.6928975158974395
SSSniperWolf,Most Oddly Satisfying Video to watch before sleep,2021-03-28 20:39:04+00:00,22349284,287720,16650,8247,34.88783800169759,0.02866328374808842,1.3987785917436997
SSSniperWolf,Popular Girl Fat Shames Student...,2021-03-29 20:05:00+00:00,14206598,305602,28523,4710,64.88365180467092,0.015412202799719898,2.3850537616394862
SSSniperWolf,Cartoon Animals Reimagined As Humans,2021-03-30 19:10:01+00:00,11431498,227113,14184,3410,66.60205278592376,0.01501455222730535,2.1406380861021015
SSSniperWolf,Tik Tok Pranks That Went Too Far,2021-03-31 20:29:26+00:00,23665175,347488,17469,6138,56.61257738677094,0.01766391932958836,1.5681058770957748
SSSniperWolf,My Girlfriend Is A Billionaire (True Story Animation),2021-04-01 19:31:00+00:00,10023593,208199,14227,3607,57.720820626559465,0.017324771012348764,2.255009755483887
SSSniperWolf,Siblings Or Dating? (Tik Tok Challenge),2021-04-02 19:31:00+00:00,10820802,207644,14091,3513,59.10731568460006,0.01691837953420277,2.0816201978374615
SSSniperWolf,Tik Tok Safety Hacks You Need To Know,2021-04-03 19:35:00+00:00,32770198,429300,20508,7971,53.857734286789615,0.01856743535988819,1.3969369364200974
SSSniperWolf,People Who Didn't Get What They Expected,2021-04-04 19:21:01+00:00,15156611,263512,11553,4101,64.25554742745672,0.015562858617444367,1.841876129168981
SSSniperWolf,Spoiled Rich Girl Refuses To Pay Waiter,2021-04-05 20:03:41+00:00,16544194,300779,17784,5132,58.60853468433359,0.017062361401560613,1.9565474147607311
SSSniperWolf,School Tik Toks I Watch Instead Of Doing Homework,2021-04-06 19:31:00+00:00,25929324,388151,20182,5862,66.21477311497782,0.015102369953961216,1.5973999167891921
SSSniperWolf,Amazing Cakes That Look Like Everyday Objects,2021-04-07 19:31:00+00:00,3857593,123271,11724,1492,82.62131367292226,0.012103414428373259,3.538138937933577
SSSniperWolf,Tik Toks That Feel Illegal To Watch,2021-04-08 19:13:49+00:00,18322973,323765,19131,6921,46.780089582430286,0.021376615755254583,1.9091716175098878
SSSniperWolf,Messed Up Riddles To Test Your Brain,2021-04-09 19:51:51+00:00,5719464,126505,9397,1747,72.41270749856898,0.013809730840678235,2.4066765696925443
SSSniperWolf,Things I Learned On Tik Tok,2021-04-10 19:05:01+00:00,32793194,375268,16296,6792,55.25147232037691,0.018099065201402732,1.2147520610526685
SSSniperWolf,This Is Why I Have Trust Issues,2021-04-11 19:31:01+00:00,4464313,141689,8048,1567,90.42054881940012,0.01105943298350613,3.389188885277533
SSSniperWolf,Student Bullied For Not Knowing How To Spell,2021-04-12 19:26:08+00:00,15602760,297841,29849,5672,52.51075458392101,0.019043717956896467,2.13655789103979
SSSniperWolf,Mini Every Day Objects You Can Actually Use,2021-04-13 19:35:50+00:00,21150803,308285,17843,5893,52.31376209061599,0.019115428905071605,1.5697796438272342
SSSniperWolf,Karens Who Got What They Deserved,2021-04-14 19:31:00+00:00,25008601,471889,29739,11233,42.00916941155524,0.02380432686500427,2.0507384639388664
SSSniperWolf,Random Acts Of Kindness That Restored Faith In Humanity,2021-04-15 19:24:37+00:00,25669077,416704,19012,6280,66.35414012738853,0.015070649669789587,1.7219006355390185
SSSniperWolf,Relationship Tik Toks That Are Worth Watching,2021-04-16 19:23:44+00:00,30711932,463538,12872,7023,66.0028477858465,0.015150861418049869,1.5740885334077974
SSSniperWolf,Unique Features Of People On Tik Tok,2021-04-17 19:31:00+00:00,16453366,262969,22357,4744,55.431913996627316,0.018040149219109475,1.7629827234135556
SSSniperWolf,Most Oddly Satisfying Video to watch before sleep,2021-04-18 19:05:00+00:00,12947567,235490,17652,3558,66.18605958403597,0.0151089218225827,1.982611868314719
SSSniperWolf,Gold Digger Gets What She Deserves,2021-04-19 19:21:00+00:00,20399149,370051,19535,6273,58.99107285190499,0.016951717465970906,1.9405662461703672
SSSniperWolf,People Who Didn't See It Coming,2021-04-20 20:05:00+00:00,14462496,298961,16454,4628,64.59831460674157,0.015480280036526503,2.2129167745318647
SSSniperWolf,Amazing Hair Transformations You Won't Believe,2021-04-21 20:18:48+00:00,27943000,337810,17393,6658,50.7374586963052,0.019709304046653445,1.2949969580932614
SSSniperWolf,Dumbest People On The Internet,2021-04-22 19:25:00+00:00,27323354,421928,51909,7454,56.60423933458546,0.0176665213022127,1.761463837858266
SSSniperWolf,Tik Toks Worth Watching When You're Bored,2021-04-23 20:07:18+00:00,22482388,374490,22155,5943,63.01362948006057,0.015869582632380037,1.7906816660223104
SSSniperWolf,Mean Girl Bullies School Janitor For Doing His Job ft SSSniperWolf,2021-04-24 19:31:01+00:00,23174327,448110,40330,8785,51.00853727945361,0.019604561380018298,2.1455855007137856
SSSniperWolf,Creative People On Another Level,2021-04-25 19:20:01+00:00,23912239,357056,12937,7103,50.2683373222582,0.019893238035490233,1.5769999622369115
SSSniperWolf,Weird Things Spotted On Google Maps,2021-04-26 19:25:01+00:00,10018082,233985,19066,3589,65.19504040122597,0.01533859008056072,2.561767811443348
SSSniperWolf,My Sisters Are Jealous Because Im A Famous Gamer,2021-04-27 19:25:00+00:00,20341907,424996,22898,8115,52.37165742452249,0.01909429735809278,2.241721978180315
SSSniperWolf,You Had One Job,2021-04-28 19:47:55+00:00,15962249,305707,34301,4048,75.52050395256917,0.013241437062285128,2.15543561562033
SSSniperWolf,Genius Inventions And Gadgets You've Never Seen Before,2021-04-29 20:34:45+00:00,19163207,310205,12859,6111,50.761741122565866,0.01969987588852533,1.717744843021317
SSSniperWolf,People Who Were Very Unlucky,2021-04-30 20:14:41+00:00,24161433,315594,14709,5718,55.193074501573975,0.018118215175193443,1.390732908929698
SSSniperWolf,Tik Toks With A Crazy Plot Twist,2021-05-01 19:31:01+00:00,27040565,422708,15470,6842,61.78135048231511,0.01618611429166233,1.6457496357786903
SSSniperWolf,Try Not To Say Wow Challenge (Impossible),2021-05-02 19:20:00+00:00,23297258,300147,14939,8624,34.80368738404453,0.028732587698694308,1.3894768216929219
SSSniperWolf,Student Forces Nerd To Do His Homework,2021-05-03 20:04:10+00:00,11450778,235000,15143,3397,69.1786870768325,0.01445531914893617,2.214172696387966
SSSniperWolf,Craziest Nail Art On Another Level,2021-05-04 19:26:48+00:00,12454896,199382,11054,3050,65.3711475409836,0.015297268559849937,1.7140729236117265
SSSniperWolf,Funniest Kid Test Answers,2021-05-05 21:08:24+00:00,10906117,268534,15319,3383,79.37747561336093,0.012598032278966536,2.6337146392249413
SSSniperWolf,Tik Toks That Are Actually Relatable,2021-05-06 19:31:00+00:00,34696090,428826,22398,6727,63.74698974282741,0.015687015246277046,1.3198922414600607
SSSniperWolf,Video Game Food in Real Life,2021-05-07 21:32:16+00:00,2058827,92803,13053,9162,10.129120279414975,0.09872525672661445,5.586579154052283
SSSniperWolf,Tik Toks That Live Rent Free In My Head,2021-05-08 19:18:00+00:00,27589429,427118,20383,7300,58.50931506849315,0.017091295613858467,1.6484610826849662
SSSniperWolf,People Having A Really Bad Day,2021-05-09 19:23:30+00:00,11908055,239952,12417,3677,65.2575469132445,0.015323898112955925,2.1501916139957364
SSSniperWolf,Teacher Accuses Student Of Doing Drugs At School,2021-05-10 20:05:00+00:00,23031616,379563,27931,8794,43.1615874459859,0.02316874932488151,1.8074632713570773
SSSniperWolf,Creative People On Another Level,2021-05-11 19:17:54+00:00,16220913,267404,13374,4720,56.65338983050847,0.01765119444735307,1.7600612246671934
SSSniperWolf,Funniest Knock Off Brands You've Never Seen Before,2021-05-12 19:46:51+00:00,5768837,159442,10432,1835,86.88937329700272,0.011508887244264372,2.97649248886734
SSSniperWolf,Things That Happen Once In A Lifetime,2021-05-13 20:10:06+00:00,12994670,280997,10913,3262,86.14255058246475,0.01160866486119069,2.2714851550674235
SSSniperWolf,Tik Toks Only Girls Understand,2021-05-14 20:06:00+00:00,19813898,390575,17855,5252,74.36690784463062,0.013446841195673047,2.0878375370661546
SSSniperWolf,Tik Tok Pranks That Went Too Far,2021-05-15 19:05:01+00:00,10301446,196534,13257,2417,81.31319817956144,0.01229812653281366,2.05998264709634
SSSniperWolf,Skilled Workers On Another Level,2021-05-16 19:06:32+00:00,12747299,235432,10174,4075,57.77472392638037,0.017308607156206465,1.958697289519921
SSSniperWolf,Student Makes Fun Of Bald Girl At School And Regrets It,2021-05-17 19:19:26+00:00,17752715,315011,22184,7016,44.89894526795895,0.022272238112319886,1.9389203285243974
SSSniperWolf,People Who Got Caught Cheating,2021-05-18 20:05:01+00:00,24460542,443504,16723,7142,62.09801176141137,0.016103575165049244,1.9107058216453259
SSSniperWolf,People Who Got LUCKY With Food,2021-05-19 20:04:24+00:00,21697342,367121,15451,5644,65.0462437987243,0.015373677888216692,1.7892329853122102
SSSniperWolf,Karens Who Got Caught On Camera,2021-05-21 19:05:41+00:00,19076029,315866,19879,5571,56.69825884042362,0.01763722591225393,1.789240307822975
SSSniperWolf,Tik Toks That Feel Illegal To Watch,2021-05-22 19:16:01+00:00,14909590,246445,12838,4345,56.71921749136939,0.017630708677392522,1.7681773945494144
SSSniperWolf,Creative People And Art On Another Level,2021-05-23 19:31:01+00:00,17374447,274001,12594,4634,59.12839879154078,0.0169123470352298,1.6761914782093497
SSSniperWolf,Spoiled Girl Thinks She Owns Her Parents ft SSSniperWolf,2021-05-24 20:05:00+00:00,21313990,383570,31128,7079,54.18420680887131,0.01845556221810882,1.9788739696321525
SSSniperWolf,Cool Things I Learned On Tik Tok,2021-05-25 19:23:08+00:00,25458966,324913,16976,5631,57.70076362990588,0.017330793166170637,1.365020087618641
SSSniperWolf,How Everyday Things Are Made,2021-05-26 19:20:49+00:00,6305171,178262,8160,1782,100.03479236812571,0.009996521973275291,2.9849150800192414
SSSniperWolf,People Who Didn't Get What They Expected,2021-05-27 19:18:11+00:00,14401325,274181,9274,4097,66.92238223090065,0.014942683847531375,1.9967051642817586
SSSniperWolf,Dumbest People On The Internet,2021-05-28 19:31:00+00:00,26773192,385845,18833,6461,59.71908373316824,0.016745066023921524,1.5356368415092232
SSSniperWolf,Tik Toks I Watch Instead Of Sleeping,2021-05-29 19:31:01+00:00,42067048,751121,20171,9926,75.67207334273625,0.013214914774051052,1.8570782527930176
SSSniperWolf,Try Not To Say Wow Challenge (Impossible),2021-05-30 19:31:00+00:00,11365957,215360,12828,3861,55.77829577829578,0.017928120356612183,2.041614269700299
SSSniperWolf,Car Mechanic Tries To Scam Woman,2021-05-31 20:05:29+00:00,16092886,274902,12087,4767,57.667715544367525,0.01734072505838444,1.8129501445545566
SSSniperWolf,Tik Toks Where You Have To Trust The Process,2021-06-01 19:23:32+00:00,20676157,321235,12392,4639,69.24660487173959,0.01444114122060174,1.6360196916670733
SSSniperWolf,Genius Inventions And Gadgets You've Never Seen Before,2021-06-02 19:35:01+00:00,16062866,254825,10396,4244,60.04359095193214,0.016654566859609535,1.6775648878599871
SSSniperWolf,Trying Dumb Life Hacks To See If They Work,2021-06-03 19:20:00+00:00,9987560,230093,14271,3036,75.78820816864295,0.013194664765985928,2.4770814893727797
SSSniperWolf,Painful Things We Can All Relate To,2021-06-04 20:05:01+00:00,8992158,208554,11846,2486,83.89139179404665,0.01192017415153869,2.478670859653489
SSSniperWolf,School Tik Toks That Are Actually Relatable,2021-06-05 20:05:00+00:00,29795000,428395,29559,6355,67.41070023603461,0.014834440177873224,1.5583453599597248
SSSniperWolf,Most Oddly Satisfying Video to watch before sleep,2021-06-06 19:23:14+00:00,17739321,266892,11452,5438,49.079073188672304,0.02037528288596136,1.5997342852074214
SSSniperWolf,Rich Mom Shames Single Mom,2021-06-07 21:25:08+00:00,13259631,223210,21452,3457,64.56754411339311,0.01548765736302137,1.871236084925742
SSSniperWolf,Karens Who Got Caught On Camera,2021-06-08 19:35:00+00:00,17901259,316205,15287,4203,75.23316678562931,0.013292009930266758,1.8752591647324919
SSSniperWolf,People Who Got Stuck In Weird Places,2021-06-09 21:05:01+00:00,13993010,214924,13826,3661,58.70636438131658,0.017033928272319518,1.6609078389853218
SSSniperWolf,Amazing Things You Have Never Seen Before,2021-06-10 20:05:01+00:00,11960220,230818,9799,3231,71.43856391210151,0.01399804174717743,2.0388253727774237
SSSniperWolf,People Who Got Caught In 4k,2021-06-11 20:05:01+00:00,35974973,513105,14487,10383,49.417798324183764,0.02023562428742655,1.4954146039247895
SSSniperWolf,People Having A Worse Summer Than You,2021-06-12 19:25:01+00:00,15458663,258910,13195,3920,66.0484693877551,0.015140396276698467,1.7855683897113224
SSSniperWolf,Creative People And Art On Another Level,2021-06-13 19:31:01+00:00,16960924,262554,14480,4927,53.288816724172925,0.018765663444472374,1.6624153259574774
SSSniperWolf,Student Cheats On Final Exam and Regrets It,2021-06-14 20:06:00+00:00,19438826,320092,24296,7168,44.655691964285715,0.022393561850967848,1.808524856387932
SSSniperWolf,People Who Were Very Unlucky,2021-06-15 19:31:00+00:00,26495048,336230,16279,6706,50.13868177751267,0.01994468072450406,1.3557816539905871
SSSniperWolf,Creepy Tik Toks You Should NOT Watch At Night,2021-06-16 19:34:00+00:00,17540486,255140,20108,5370,47.512104283054,0.021047268166496824,1.5998302441562906
SSSniperWolf,Cool Jobs On Tik Tok You Can Actually Get,2021-06-17 22:05:41+00:00,18115221,276658,13405,4331,63.87854998845532,0.015654707255889945,1.6251195610586258
SSSniperWolf,Tik Toks That Are Actually Funny,2021-06-18 20:05:23+00:00,17510020,283818,12560,4216,67.31925996204933,0.014854589913254269,1.716697068307175
SSSniperWolf,Talented People On Tik Tok Worth Watching,2021-06-19 20:17:03+00:00,13164715,227802,11293,3271,69.64292265362275,0.014358960851967938,1.8410273218979674
SSSniperWolf,Try Not To Say Wow Challenge (Impossible),2021-06-20 19:15:00+00:00,20493725,287495,12735,7450,38.58993288590604,0.025913494147724307,1.5013376045594444
SSSniperWolf,Student With Down Syndrome Gets Bullied At School,2021-06-21 19:41:03+00:00,32786523,513247,57379,11640,44.093384879725086,0.022679138894138688,1.775930921372785
SSSniperWolf,People Who Didn't See It Coming,2021-06-22 21:11:25+00:00,16490718,302772,13324,4950,61.166060606060604,0.016348935832903966,1.9468285128640246
SSSniperWolf,Creative Anime Art On Another Level,2021-06-23 19:28:08+00:00,10746805,214180,16090,3170,67.56466876971609,0.014800634979923429,2.172180475964717
SSSniperWolf,Tik Tok Pranks That Went Too Far,2021-06-24 19:15:04+00:00,39429601,380323,14270,6896,55.15124709976798,0.018131956258233134,1.018242614222751
SSSniperWolf,Eating Mini Food For 24 Hours,2021-06-25 20:21:45+00:00,7175949,187885,18019,2793,67.26996061582528,0.01486547622215717,2.9082843258780127
SSSniperWolf,Cool Things I Learned On Tik Tok,2021-06-26 19:16:35+00:00,16985943,276654,13939,4716,58.662849872773535,0.01704656357760958,1.738549340475239
SSSniperWolf,Secrets That Will Ruin Your Childhood,2021-06-27 19:24:08+00:00,26483862,460627,29126,9292,49.57242789496341,0.020172503999982633,1.8843362044402738
SSSniperWolf,Sister Hates Her Little Sister,2021-06-28 19:14:38+00:00,10760039,220557,16379,3998,55.16683341670836,0.01812683342627983,2.239155452875217
SSSniperWolf,Dumbest People On Tik Tok,2021-06-29 20:08:48+00:00,34931498,442879,22981,7483,59.18468528664974,0.016896262861865206,1.3550606962232195
SSSniperWolf,Cool Things You Have Never Seen Before,2021-06-30 19:23:02+00:00,9274281,194112,10702,2799,69.35048231511254,0.014419510385756677,2.238588630212951
SSSniperWolf,Skilled Workers On Another Level,2021-07-01 20:16:26+00:00,6516414,161660,6810,1971,82.01927955352613,0.012192255350736113,2.6155643272511537
SSSniperWolf,Try Not To Get Uncomfortable Challenge (Impossible),2021-07-02 20:26:21+00:00,8926526,193883,9405,2963,65.43469456631792,0.015282412589035656,2.310540517105983
SSSniperWolf,Tik Toks That Live Rent Free In My Head,2021-07-03 19:05:00+00:00,18472507,331246,15358,4460,74.27040358744395,0.013464313531333209,1.9004675434687885
SSSniperWolf,Design Fails So Bad It's Actually Funny,2021-07-04 20:03:07+00:00,14466302,250281,9131,3881,64.48879154856995,0.015506570614629157,1.8200435743702847
SSSniperWolf,Kids Make Fun Of Boy With Autism,2021-07-05 19:05:00+00:00,10961095,218760,16665,4534,48.248786943096604,0.020725909672700677,2.189188215228497
SSSniperWolf,Crazy Karens Who Took It Too Far,2021-07-06 20:05:01+00:00,15509966,325870,18031,5568,58.52550287356322,0.017086568263417926,2.2531899812030534
SSSniperWolf,Creative People And Art On Another Level,2021-07-07 20:21:01+00:00,11353170,202208,9953,2929,69.03653123933083,0.014485084665295142,1.8945369443071847
SSSniperWolf,Crazy Things You Can't Explain,2021-07-08 20:05:00+00:00,7697089,182972,9803,2646,69.1504157218443,0.01446122904050893,2.538894899097568
SSSniperWolf,Life Hacks You Didn't Know You Needed,2021-07-09 19:05:00+00:00,6774217,175639,7880,2440,71.98319672131147,0.013892131018737297,2.745099544345863
SSSniperWolf,People Who Got LUCKY,2021-07-10 20:05:00+00:00,12136000,236012,9821,3271,72.15285845307245,0.013859464772977646,2.052603823335531
SSSniperWolf,Most Oddly Satisfying Video to watch before sleep,2021-07-11 20:19:26+00:00,34446837,377977,15606,11000,34.36154545454546,0.029102299875389242,1.1745142231781687
SSSniperWolf,I'm A Genius With A Dumb Mom (True Story Animation),2021-07-12 19:40:29+00:00,14581705,274806,15317,5506,49.91027969487831,0.020035952635677534,2.0273966590326715
SSSniperWolf,I Tested VIRAL TikTok Life Hacks to see if they work,2021-07-13 19:06:43+00:00,9977993,201741,13215,2875,70.17078260869565,0.014250945519254887,2.1831143798156605
SSSniperWolf,Proof Your Life Is A LIE,2021-07-14 19:20:27+00:00,27772349,355662,18382,7570,46.98309114927345,0.021284253026750116,1.3740789444925958
SSSniperWolf,People Who Got Caught In 4k,2021-07-15 19:14:42+00:00,17438457,314374,10237,5462,57.55657268399854,0.01737421033546031,1.8927878768173125
SSSniperWolf,Tik Toks Only Siblings Will Understand,2021-07-16 20:05:01+00:00,18617753,361939,17308,6268,57.74393746011487,0.0173178353258422,2.0706848995149953
SSSniperWolf,People Having A Worse Day Than You,2021-07-17 20:15:26+00:00,13806734,219880,9763,3448,63.77030162412993,0.015681280698562852,1.6882414045204317
SSSniperWolf,Tik Toks Worth Watching When You're Bored,2021-07-18 19:31:01+00:00,13831978,270641,10562,3816,70.92269392033543,0.014099859223103669,2.060580200460122
SSSniperWolf,Boy Scout Makes Fun Of Girl Scout,2021-07-19 20:14:07+00:00,17980713,276044,18542,6017,45.87734751537311,0.02179724971381374,1.6718080089482545
SSSniperWolf,Amazing Things That ONLY Exist In Japan,2021-07-20 19:32:34+00:00,13806229,277636,10903,3891,71.35337959393472,0.01401475312999755,2.118101908928209
SSSniperWolf,People Who Are Living In The FUTURE,2021-07-21 19:33:03+00:00,8817917,201236,8867,2761,72.88518652662079,0.013720209107714326,2.413994143968468
SSSniperWolf,People Who Didn't See It Coming,2021-07-22 21:22:30+00:00,12771841,281402,11216,4413,63.76659868570134,0.015682191313494572,2.3256709819672827
SSSniperWolf,Things That Feel Illegal To Watch,2021-07-23 19:24:45+00:00,10130067,220583,16368,4687,47.06272669084702,0.02124823762483963,2.3853544107852396
SSSniperWolf,TikToks That Are Actually FUNNY,2021-07-24 19:16:34+00:00,10739521,255672,10727,3327,76.84761045987376,0.013012766356894771,2.511527283200061
SSSniperWolf,Creative People On ANOTHER LEVEL,2021-07-25 19:30:22+00:00,11456678,219934,17357,3475,63.29035971223021,0.015800194603835697,2.101534144539979
SSSniperWolf,Poor Kid Doesn't Have Money For New Clothes,2021-07-26 19:09:25+00:00,10956727,202573,21332,4188,48.36986628462273,0.02067402862178079,2.081762190478963
SSSniperWolf,People Who Beat The System,2021-07-27 19:24:42+00:00,16447935,316307,9674,4819,65.63747665490766,0.015235198715172284,2.011194718364342
SSSniperWolf,Tik Toks That Ended In DISASTER,2021-07-28 20:23:56+00:00,11994735,237292,9370,3380,70.20473372781065,0.01424405373969624,2.0845979506841963
SSSniperWolf,Gold Digger Pranks That Went Too Far,2021-07-29 20:05:26+00:00,22930710,326239,9590,6563,49.708822184976384,0.020117153375286217,1.4931591738764305
SSSniperWolf,Tik Toks That Live Rent Free In My Head,2021-07-30 19:42:04+00:00,16171322,283864,9964,4440,63.93333333333333,0.01564129301355579,1.8444255825219482
SSSniperWolf,CHEAPEST Moms Do Anything To Save Money,2021-07-31 18:20:09+00:00,9880974,206866,8329,2768,74.73482658959537,0.013380642541548636,2.2058857760378685
SSSniperWolf,Tik Toks Where You Have To Trust The Process,2021-08-01 19:05:00+00:00,14939342,236596,8911,3525,67.11943262411347,0.01489881485739404,1.6669542741574561
SSSniperWolf,Prank On School Teacher Goes Too Far,2021-08-02 20:05:01+00:00,16649529,291245,12767,6882,42.31981981981982,0.02362959020755721,1.8672840535008526
SSSniperWolf,Tik Toks Only BOYS Will Understand,2021-08-03 19:29:13+00:00,15979793,275183,21222,5662,48.60173083716001,0.020575398916357478,1.8903060884455762
SSSniperWolf,People Who Got Caught LYING,2021-08-04 20:18:32+00:00,22609583,348868,11554,6237,55.935225268558604,0.01787782198424619,1.6216973130375734
SSSniperWolf,Genius Inventions And Gadgets You've NEVER Seen Before,2021-08-05 19:26:37+00:00,13927095,265112,9361,5153,51.4480884921405,0.019437068107064186,2.007784107166642
SSSniperWolf,The Most AWKWARD First Date Ever,2021-08-06 20:21:22+00:00,5660359,158169,9713,2389,66.20719966513185,0.015104097515948132,3.008130756370753
SSSniperWolf,Trying Tik Tok Life Hacks to see if they work,2021-08-07 19:05:01+00:00,25768450,362505,24272,9301,38.974841414901626,0.025657577136867078,1.5370656752734448
SSSniperWolf,Amazing Things You Have NEVER Seen Before,2021-08-08 19:22:49+00:00,12574247,240277,12371,3860,62.247927461139895,0.016064791886031538,2.039947203200319
SSSniperWolf,Lady Calls Cops On A Black Mom With A White Kid,2021-08-09 19:35:05+00:00,12692838,266180,16885,4704,56.5858843537415,0.01767225185964385,2.267176182347872
SSSniperWolf,Karens Who Got What They DESERVED,2021-08-10 19:21:36+00:00,12756113,284946,11901,4060,70.18374384236454,0.014248313715581197,2.358923913577749
SSSniperWolf,Something Scary Happened To Her Sister....,2021-08-11 19:05:00+00:00,17022638,283906,33641,9237,30.735736711053374,0.032535416651990445,1.9197024573982011
SSSniperWolf,Weird Vending Machines You've NEVER Seen Before,2021-08-12 20:05:01+00:00,10376878,207731,8345,3079,67.46703475154271,0.01482205352114032,2.111955060086473
SSSniperWolf,No One Would Believe It If It Were Not Filmed,2021-08-13 20:05:00+00:00,9409890,201502,7775,2449,82.27929767251939,0.012153725521334776,2.2500369292308413
SSSniperWolf,Tik Tok Pranks That Went Too Far,2021-08-14 19:24:28+00:00,13272383,208436,5813,2762,75.46560463432296,0.0132510698727667,1.635056794247122
SSSniperWolf,Most Oddly Satisfying Video to watch before sleep,2021-08-15 20:09:29+00:00,19301429,285491,9668,5843,48.860345712818756,0.02046649456550294,1.5594803887318396
SSSniperWolf,Rich Kid Treats Pizza Boy Like Garbage,2021-08-16 20:05:00+00:00,13063682,244096,16049,4648,52.51635111876076,0.019041688515993707,2.0269400311489516
SSSniperWolf,Wholesome Tik Toks That Will Make Your Day BETTER,2021-08-17 19:32:47+00:00,15165080,305047,8359,3380,90.25059171597633,0.011080259763249597,2.088917433999689
SSSniperWolf,How Things Are Actually Made,2021-08-18 19:15:00+00:00,20351758,309609,10382,5312,58.28482680722892,0.01715712398541386,1.5984024574191575
SSSniperWolf,Things You Should NOT Do,2021-08-19 19:39:00+00:00,12051479,207677,7859,3562,58.3034811903425,0.017151634509358284,1.8180175229944806
SSSniperWolf,Tik Toks That Are Actually RELATABLE,2021-08-20 20:22:43+00:00,14451229,279694,13492,3566,78.43353897924845,0.012749647829413574,2.0534724070873143
SSSniperWolf,Tik Toks That Will Get You In Trouble,2021-08-21 19:11:17+00:00,26405332,344195,9637,5924,58.10178933153275,0.01721117389851683,1.362436950234142
SSSniperWolf,Creative People On ANOTHER LEVEL,2021-08-22 19:23:52+00:00,20575703,271842,10746,4742,57.32644453816955,0.01744395641585921,1.3964528939788838
SSSniperWolf,Fake Mr Beast Gets Kicked Out Of Store,2021-08-23 19:35:00+00:00,10663107,255591,11093,4467,57.217595701813295,0.01747714121389251,2.5428892348168315
SSSniperWolf,Dumbest Tattoos People Actually Got,2021-08-24 19:14:31+00:00,6814945,150638,6353,2087,72.17920459990417,0.01385440592679138,2.33425214730273
SSSniperWolf,Trying Tik Tok Gadgets To See If They Work,2021-08-25 19:42:49+00:00,4199837,83387,5693,1488,56.03965053763441,0.01784450813675993,2.1564646437468884
SSSniperWolf,People Having A Worse Day Than You,2021-08-26 20:10:32+00:00,18214719,272651,12025,4120,66.17742718446603,0.015110892679652743,1.5855089502066981
SSSniperWolf,3D Art That Will Blow Your Mind,2021-08-27 20:20:02+00:00,5073725,131195,7649,1719,76.32053519488075,0.013102633484507794,2.7704103001246616
SSSniperWolf,Tik Toks Worth Watching When You're Bored,2021-08-28 19:36:11+00:00,31247634,417748,18887,7247,57.644266593073,0.017347779043825465,1.4205299511636624
SSSniperWolf,Try Not To Get Uncomfortable Challenge (Impossible),2021-08-29 19:27:56+00:00,16390847,225012,11123,4755,47.3211356466877,0.02113220628233161,1.469661695945304
SSSniperWolf,Girl Gets Suspended For Dress Code,2021-08-30 21:02:09+00:00,29114541,382493,24430,8640,44.27002314814815,0.022588648681152335,1.4273383186772548
SSSniperWolf,Karens Who Got Caught On Camera,2021-08-31 20:05:01+00:00,14120235,436700,16983,4519,96.63642398760788,0.010348065033203572,3.2450026504516396
SSSniperWolf,Back To School FAILS,2021-09-01 21:05:00+00:00,12468724,234084,13518,3385,69.1533234859675,0.014460620973667572,2.0129325181951256
SSSniperWolf,The Vegan Teacher FAILS Me,2021-09-02 19:09:11+00:00,32524770,702571,111286,10976,64.00974854227405,0.015622620347267394,2.5360148588291325
SSSniperWolf,Dumbest People On Tik Tok,2021-09-03 19:10:00+00:00,30294125,621913,13350,7476,83.18793472445158,0.012020973994754894,2.1216622034800476
SSSniperWolf,Tik Toks That Live RENT FREE In My Head,2021-09-04 17:39:18+00:00,13697737,253253,9906,3459,73.21566926857473,0.013658278480412869,1.9464383058311017
SSSniperWolf,Creative People On ANOTHER LEVEL,2021-09-05 18:15:06+00:00,11543643,210301,7697,2972,70.7607671601615,0.014132124906681375,1.914213736512815
SSSniperWolf,Rich Girl Rejects Poor Boy And Regrets It,2021-09-06 18:03:37+00:00,19043109,320831,13555,6043,53.09134535826576,0.01883546166050039,1.7876755313431227
SSSniperWolf,Tik Toks That Will Make You CRINGE,2021-09-07 20:03:30+00:00,10687802,229688,17292,4526,50.74856385329209,0.01970499111838668,2.353206019348038
SSSniperWolf,Amazing People On Tik Tok,2021-09-08 18:32:46+00:00,7825077,164797,5471,1695,97.22536873156342,0.010285381408642148,2.197588598808676
SSSniperWolf,Amazing Things You Have NEVER Seen Before,2021-09-09 19:37:52+00:00,9423449,190040,6451,2335,81.38758029978587,0.012286886971163966,2.10990689290089
SSSniperWolf,I TRICKED The Vegan Teacher,2021-09-10 19:09:41+00:00,30818705,587345,90612,8036,73.08922349427576,0.01368190756710281,2.2258982004597536
SSSniperWolf,Tik Tok Pranks That Will Get You In Trouble,2021-09-11 18:35:00+00:00,17724153,245429,11966,3335,73.59190404797602,0.013588451242518203,1.4710434964085448
SSSniperWolf,Most Oddly Satisfying Video to watch before sleep,2021-09-12 18:25:05+00:00,13654115,236418,10914,4024,58.75198807157058,0.017020700623471986,1.8408809358936846
SSSniperWolf,Kid Fakes Being Sick To Stay Out Of School,2021-09-13 19:32:23+00:00,14863527,223676,12158,5120,43.68671875,0.022890251971601782,1.621109175500539
SSSniperWolf,Tik Toks That Feel ILLEGAL To Watch,2021-09-14 20:07:59+00:00,25822615,295788,12883,5840,50.6486301369863,0.019743870610031508,1.2179672740347947
SSSniperWolf,People Who Had Too Much Free Time,2021-09-15 20:13:04+00:00,11264258,211205,8582,2744,76.96975218658892,0.012992116663904736,1.9755495657148479
SSSniperWolf,If It Were Not Filmed No One Would Believe It,2021-09-16 20:05:00+00:00,14934657,301021,17743,4116,73.1343537414966,0.01367346464200172,2.1619512252608146
SSSniperWolf,People Who Got LUCKY,2021-09-17 20:07:20+00:00,22175499,348582,13097,5266,66.19483478921383,0.015106918888525512,1.6547316477523235
SSSniperWolf,Trying Tik Tok Life Hacks to see if they work,2021-09-18 18:13:30+00:00,14035243,219563,10986,3573,61.450601735236496,0.01627323365047845,1.6681007945498343
SSSniperWolf,Creative People And Art On ANOTHER LEVEL,2021-09-19 19:12:46+00:00,7917203,164294,6217,2161,76.02683942619157,0.01315324966219095,2.180972244869811
SSSniperWolf,Kid Steals Moms Credit Card To Buy PS5,2021-09-20 20:50:17+00:00,10234016,193283,9590,3794,50.94438587243015,0.019629248304299914,2.019412516064075
SSSniperWolf,School Tik Toks That Are Actually Relatable,2021-09-21 19:32:27+00:00,29111123,354616,21302,5056,70.1376582278481,0.014257675908588445,1.308688778512598
SSSniperWolf,CHEAPEST People On The Internet,2021-09-22 19:18:45+00:00,12985068,223638,6538,3189,70.12793979303856,0.014259651758645669,1.7971796528135238
SSSniperWolf,Genius Inventions And Gadgets You've Never Seen Before,2021-09-23 19:25:00+00:00,17704158,298711,11676,4877,61.24892351855649,0.01632681755944709,1.7807342207406869
SSSniperWolf,People Who Got Caught In 4k,2021-09-24 21:07:55+00:00,23527067,338891,9415,5417,62.5606424220048,0.015984490588419286,1.5034725748007602
SSSniperWolf,Tik Toks That Escalated Quickly,2021-09-25 18:34:01+00:00,44250898,533951,21773,10823,49.33484246512057,0.02026965021134898,1.280306221130247
SSSniperWolf,Tik Toks Worth Watching When You're Bored,2021-09-26 19:05:00+00:00,20191784,345843,12758,4674,73.99293966623877,0.013514802959724499,1.7991228511556978
SSSniperWolf,Tik Tok Famous Girl Gets Kicked Out Of Club,2021-09-27 19:29:43+00:00,14506434,272332,9651,4378,62.204659661946096,0.016075966100201226,1.9740275246142505
SSSniperWolf,Karens Who Didn't Know When To Quit,2021-09-28 19:31:00+00:00,14391975,259351,10782,3217,80.61889959589679,0.012404039313517202,1.8993223654154483
SSSniperWolf,People Having A Worse Day Than You,2021-09-29 23:08:17+00:00,14968113,231393,8753,3514,65.84889015367104,0.015186284805504055,1.6278605058633644
SSSniperWolf,People Who Didn't Get What They Expected,2021-09-30 19:25:31+00:00,13360546,240174,7048,2797,85.86843046120843,0.011645723517116758,1.871323222868287
SSSniperWolf,Trying The Squid Game Honeycomb Candy Challenge,2021-10-01 19:31:00+00:00,14399213,324514,19960,6837,47.46438496416557,0.02106842848074351,2.439793063690356
SSSniperWolf,Cool Things I Learned On Tik Tok,2021-10-02 19:07:01+00:00,19017346,304528,10904,4453,68.38715472715023,0.014622629117847948,1.6820696221228768
SSSniperWolf,Creative People And Art On Another Level,2021-10-03 19:05:00+00:00,6085944,156006,5431,1987,78.51333668847509,0.012736689614502006,2.6852695325491003
SSSniperWolf,Evil BABYSITTER Thinks She Can Do Whatever She Wants,2021-10-04 20:18:00+00:00,21051906,322455,17299,7048,45.75127695800227,0.021857313423578485,1.647366276478719
SSSniperWolf,Creepy Tik Toks You Should NOT Watch At Night,2021-10-06 00:01:00+00:00,26712408,346092,26321,8296,41.71793635486981,0.02397050495244039,1.425214080288082
SSSniperWolf,Everyday Objects But MINI,2021-10-06 19:20:22+00:00,22533629,344597,12229,5303,64.9815198943994,0.015388990618026274,1.6070602742239166
SSSniperWolf,Tik Toks That Live RENT FREE In My Head,2021-10-07 19:05:00+00:00,17593224,279512,9263,3978,70.26445449974862,0.01423194710781648,1.6640099620171946
SSSniperWolf,The Vegan Teacher Is Actually CRAZY,2021-10-08 19:10:41+00:00,23052764,610990,111153,7163,85.29805947228814,0.011723596130869573,3.1636379915224047
SSSniperWolf,Tik Toks Only Girls Understand,2021-10-09 19:10:15+00:00,22423715,368520,14278,5794,63.60372799447705,0.015722348854878974,1.7329510297468549
SSSniperWolf,Most Oddly Satisfying Video to watch before sleep,2021-10-10 19:16:00+00:00,19810313,276379,13025,5267,52.47370419593697,0.01905716425632917,1.4874626160626538
SSSniperWolf,I CANT Grow Hair On My Body (True Story Animation),2021-10-11 20:05:01+00:00,16236148,293642,14397,4700,62.47702127659574,0.016005884716763952,1.9261896356204684
SSSniperWolf,You Had One Job And Failed,2021-10-12 19:39:50+00:00,8253122,183557,8399,2133,86.05578996718238,0.01162036860484754,2.351703997590245
SSSniperWolf,Tik Toks That Feel ILLEGAL To Watch,2021-10-13 19:24:17+00:00,11692179,219966,11407,3800,57.88578947368421,0.017275397106825602,2.0113701646202986
SSSniperWolf,Tik Toks That Are Actually Relatable,2021-10-14 20:02:31+00:00,23659008,397307,17572,4997,79.50910546327796,0.01257717583631801,1.7746982460126817
SSSniperWolf,People Who Didn't Get What They Asked For,2021-10-15 19:15:45+00:00,16475175,259247,9179,3563,72.76087566657311,0.013743649878301388,1.650902038976824
SSSniperWolf,Wholesome Tik Toks That Will Make Your Day Better,2021-10-16 19:31:20+00:00,13458478,226907,8917,2823,80.37796670208998,0.012441220411886809,1.773209422343299
SSSniperWolf,Creative People On Another Level,2021-10-17 19:10:34+00:00,20074017,313715,13744,5493,57.111778627343895,0.017509522974674466,1.6586216899188637
SSSniperWolf,Rich Kid Makes Fun Of Poor Students Halloween Costume,2021-10-18 19:45:35+00:00,5760961,149226,10442,1913,78.00627286983796,0.012819481859729538,2.804757747882688
SSSniperWolf,I Met SSSniperWolf In Real Life Animation Reaction,2021-10-19 19:26:34+00:00,24176574,510951,28172,7783,65.64962096877811,0.015232380404383199,2.2621319298590445
SSSniperWolf,Dumbest People On Tik Tok,2021-10-20 20:33:56+00:00,21144845,324793,11312,5223,62.18514263833046,0.016081011598156364,1.614237418150854
SSSniperWolf,If It Were Not Filmed No One Would Believe It,2021-10-21 21:02:19+00:00,14063444,276593,9757,3674,75.28388677191073,0.01328305488569848,2.062254452038917
SSSniperWolf,Weird Things Spotted On Google Maps,2021-10-22 20:27:57+00:00,5018848,141459,9168,1604,88.19139650872818,0.011338974543860765,3.0331861016711406
SSSniperWolf,Trying Tik Tok Life Hacks to see if they work,2021-10-23 19:05:00+00:00,22983989,284937,14905,5195,54.84831568816169,0.018232100429217687,1.327171710706962
SSSniperWolf,Tik Tok Pranks That Will Get You In Trouble,2021-10-24 19:05:00+00:00,11227263,195849,5755,2438,80.3318293683347,0.012448365832861031,1.8173797122237185
SSSniperWolf,Kid Lies To Mom About Report Card,2021-10-25 19:06:20+00:00,11315141,176445,9115,3068,57.511408083441985,0.01738785457224631,1.667040649338793
SSSniperWolf,Relationship Tik Toks That Make Me Feel Single,2021-10-26 20:05:00+00:00,22631720,303601,8570,4070,74.5948402948403,0.013405752945477781,1.3973352445152203
SSSniperWolf,People Who Were Very Unlucky,2021-10-27 19:09:54+00:00,17729049,270194,10615,4337,62.29974636845746,0.01605142971346514,1.6083547402909202
SSSniperWolf,Halloween Pranks That Went Too Far,2021-10-28 19:14:19+00:00,7406588,159880,6486,1849,86.4683612763656,0.011564923692769577,2.2711537350261684
SSSniperWolf,Spooky Halloween Tik Toks To Get You In The Mood,2021-10-29 19:36:16+00:00,19721950,248375,10347,3624,68.53614790286976,0.014590840463009562,1.3302234312529948
SSSniperWolf,Tik Toks With A Crazy Plot Twist,2021-10-30 20:47:21+00:00,20179576,321355,9976,4541,70.767452103061,0.014130789936363212,1.664415545698284
SSSniperWolf,Creative People Another Level,2021-10-31 21:20:36+00:00,15363804,244135,10414,4001,61.01849537615596,0.016388473590431524,1.682851460484656
SSSniperWolf,Rich Parents Adopted Me Then Changed Their Mind,2021-11-01 20:23:29+00:00,11394783,203532,7662,3438,59.20069808027923,0.01689169270679795,1.883598836414875
SSSniperWolf,Karens Who Went Too Far,2021-11-02 22:02:00+00:00,34853873,445429,24208,6938,64.20135485730758,0.015575995276463814,1.367351628325495
SSSniperWolf,Tik Toks That Will Make You CRINGE,2021-11-03 21:02:32+00:00,16836807,311716,19106,6207,50.220074109875945,0.019912356119031426,2.001739403439144
SSSniperWolf,Crazy Photos Taken At The Right Time,2021-11-04 19:04:20+00:00,6775011,171233,4870,1967,87.05287239450941,0.011487271729164354,2.628335215987103
SSSniperWolf,Amazing Cakes That Look Like Everyday Objects,2021-11-05 20:03:29+00:00,6613668,134731,5827,2048,65.78662109375,0.015200659091077777,2.156231610053604
SSSniperWolf,Tik Toks Worth Watching When You're Bored,2021-11-06 19:28:39+00:00,22797483,304416,8428,4013,75.85746324445552,0.013182618522022495,1.3898771193293575
SSSniperWolf,Most Oddly Satisfying Video to watch before sleep,2021-11-07 19:03:08+00:00,31332763,316580,9579,5794,54.63928201587849,0.018301851032914273,1.0594437522155324
SSSniperWolf,Babysitter Gets Revenge On Evil Kids,2021-11-08 21:32:59+00:00,14952339,225257,6560,4629,48.66213004968676,0.02054986082563472,1.58133118838464
SSSniperWolf,Tik Toks That Will Get You In Trouble,2021-11-09 21:43:58+00:00,13979087,214053,6380,2931,73.03070624360286,0.013692870457316646,1.5978439793671788
SSSniperWolf,The Vegan Teacher Must Be Stopped,2021-11-10 21:36:47+00:00,11522086,300744,40141,3020,99.5841059602649,0.010041763094193069,2.9847459913074768
SSSniperWolf,Cool Things I Learned On Tik Tok,2021-11-11 22:13:58+00:00,20507495,305155,8239,3981,76.65285104245164,0.013045829168783078,1.5476049122528128
SSSniperWolf,Tik Toks That Make NO SENSE,2021-11-12 20:11:42+00:00,11454624,191479,4125,2542,75.32612116443745,0.013275607246747685,1.7298341700260087
SSSniperWolf,Trying Tik Tok Hacks That ACTUALLY WORK,2021-11-13 20:31:01+00:00,6486302,156575,3131,1827,85.70060207991243,0.01166852945872585,2.4903712469755495
SSSniperWolf,Creative People On Another Level,2021-11-14 20:05:00+00:00,9614671,181096,2711,2357,76.83326262197708,0.013015196359941689,1.936249300678099
SSSniperWolf,Spoiled Sisters Demand New iPhone,2021-11-15 20:08:44+00:00,7597159,165299,6148,2279,72.53137340939008,0.013787137248259215,2.286723234303771
SSSniperWolf,Amazing Things You Have NEVER Seen Before,2021-11-16 20:35:00+00:00,9123982,178964,5648,2407,74.35147486497715,0.013449632328289489,2.0497519613694988
SSSniperWolf,Dumbest People On The Internet,2021-11-17 20:42:49+00:00,17698333,254483,9193,3815,66.70589777195282,0.014991178192649411,1.5113909315640066
SSSniperWolf,School Tik Toks That Will Make Your Day BETTER,2021-11-18 21:48:54+00:00,18455354,285191,11350,3512,81.20472665148064,0.012314554105844856,1.6258317234120787
SSSniperWolf,Tik Toks Where You Have To Trust The Process,2021-11-19 22:04:01+00:00,25353848,309992,8795,5578,55.574040874865545,0.017994012748716096,1.279352151988921
SSSniperWolf,Tik Tok Pranks That Will Get You In Trouble,2021-11-20 20:05:00+00:00,8887624,227403,6484,3092,73.54560155239328,0.013597006196048426,2.666393177749194
SSSniperWolf,Try Not To Say Wow Challenge (Impossible),2021-11-21 22:07:04+00:00,12419881,203591,7251,3202,63.582448469706435,0.015727610749001676,1.7233981549420643
SSSniperWolf,Kid Refuses To Spend Time With His Family On Thanksgiving,2021-11-22 21:02:39+00:00,5382950,139843,9636,1755,79.68262108262108,0.012549787976516522,2.809500366899191
SSSniperWolf,Live Stream Fails Gone WRONG,2021-11-23 21:05:00+00:00,6494603,171441,6606,1861,92.12305212251478,0.010855046342473505,2.770115432767792
SSSniperWolf,Karens Who Got Caught On Camera,2021-11-24 20:41:11+00:00,14016957,223800,10028,2861,78.22439706396365,0.012783735478105452,1.6885904693864724
SSSniperWolf,Mini Foods You Can Actually Eat,2021-11-26 00:07:05+00:00,9349999,158446,8589,2477,63.96689543802987,0.015633086351185894,1.8129627607446803
SSSniperWolf,If It Were Not Filmed No One Would Believe It,2021-11-26 21:05:00+00:00,15084951,284893,10552,3829,74.40402193784278,0.013440133664217794,1.9839242434397035
SSSniperWolf,Tik Toks I Watch Instead Of Sleeping,2021-11-27 20:17:55+00:00,10939446,215467,7476,2690,80.09925650557621,0.012484510389061898,2.062563314449379
SSSniperWolf,Creative People On Another Level,2021-11-28 19:38:56+00:00,11915223,185888,6819,2392,77.7123745819398,0.01286796350490618,1.6373927705759264
SSSniperWolf,I Was In A Coma And I Could Hear Everything,2021-11-29 22:24:08+00:00,6592753,161180,8491,2039,79.048553212359,0.012650452909790296,2.604526515705958
SSSniperWolf,People Who Beat The System,2021-11-30 20:05:00+00:00,7379266,168527,5318,1973,85.41662442980233,0.01170732286221199,2.382594691667166
SSSniperWolf,Tik Toks That Are Actually Relatable,2021-12-01 20:35:01+00:00,17081257,282522,10290,3641,77.59461686349904,0.01288749194752975,1.735545574895337
SSSniperWolf,Cursed Tik Toks That Will Make You CRINGE,2021-12-02 21:05:00+00:00,10552784,181894,21540,2738,66.43316289262235,0.015052723014502951,1.9537214065975386
SSSniperWolf,People Who Got Caught In 4k,2021-12-03 20:35:26+00:00,24281537,276149,8190,5101,54.13624779455009,0.018471911902632275,1.1920167986071062
SSSniperWolf,People Having A Worse Day Than You,2021-12-04 21:50:43+00:00,7160643,150486,7809,1764,85.30952380952381,0.011722020653084008,2.2352601575026156
SSSniperWolf,Most Oddly Satisfying Video to watch before sleep,2021-12-05 20:35:01+00:00,15391618,238206,8402,3826,62.259801359121795,0.01606172808409528,1.6270804018135065
SSSniperWolf,Protective Brother Spies On Sister,2021-12-06 21:00:42+00:00,8736236,159667,8898,2265,70.49315673289183,0.014185774142433941,1.9554187867635444
SSSniperWolf,Dumbest People On The Internet,2021-12-08 00:21:54+00:00,9679275,184966,6504,2114,87.4957426679281,0.011429127515327141,1.999984502971555
SSSniperWolf,People Who Got What They Deserved,2021-12-08 21:05:01+00:00,8205303,172325,4802,2056,83.81566147859922,0.011930944436384738,2.1837462918797756
SSSniperWolf,Lies That Will Destroy Your Trust,2021-12-09 20:35:01+00:00,6781264,151209,14327,1706,88.63364595545134,0.011282397211806176,2.466236383069587
SSSniperWolf,Tik Toks That Give Me Second Hand Embarrassment,2021-12-10 21:29:43+00:00,7356182,182763,5248,2045,89.37066014669927,0.011189354519240765,2.5836228630558624
SSSniperWolf,Funny Tik Toks That Will Make You LAUGH,2021-12-11 20:35:00+00:00,13519707,207022,6759,2897,71.46082153952365,0.01399368183091652,1.6026826616878604
SSSniperWolf,"Trying DUMB Hacks That ""Work Great""",2021-12-12 20:46:17+00:00,7852505,161698,6694,2408,67.15033222591362,0.014891959084218729,2.175102085258144
SSSniperWolf,Nerdy Guy Will Do Anything For A Girlfriend,2021-12-13 20:30:10+00:00,7509708,136018,4832,1684,80.770783847981,0.012380714317222721,1.8979965665775553
SSSniperWolf,Spoiled RICH Kids On Tik Tok,2021-12-14 20:25:01+00:00,16346525,262646,11535,3487,75.3214797820476,0.01327642530249842,1.6986362544944567
SSSniperWolf,Tik Tok Pranks That Went Too Far,2021-12-15 22:05:00+00:00,13311095,150437,4120,1890,79.5962962962963,0.012563398631985483,1.17531277479426
SSSniperWolf,Cool Jobs On Tik Tok You Didn't Know Existed,2021-12-16 21:15:00+00:00,13648839,189714,4820,2212,85.76582278481013,0.011659656113939931,1.441485242810762
SSSniperWolf,Lucky People Who Avoided Close Calls,2021-12-17 21:45:01+00:00,8893939,163233,4663,1719,94.95811518324608,0.010530958813475216,1.9070852633461957
SSSniperWolf,Trying Tik Tok Life Hacks to see if they work,2021-12-18 21:13:05+00:00,11348901,172138,8240,2660,64.71353383458647,0.015452718167981503,1.612825770530556
SSSniperWolf,Tik Tok Made Me Buy It,2021-12-19 20:12:28+00:00,14609041,209275,14293,3204,65.31679151061174,0.015309998805399594,1.5522716378166097
SSSniperWolf,Rich Mom Shames Poor Mom For Cheap Presents,2021-12-20 21:27:46+00:00,14137982,233255,14280,3705,62.956815114709855,0.015883903882017533,1.7770570085603448
SSSniperWolf,Unlucky People Having A Very BAD Day,2021-12-21 21:15:00+00:00,14996587,231839,10824,3216,72.08924129353234,0.013871695443820928,1.639566389339121
SSSniperWolf,Creative People On Another Level,2021-12-22 21:10:00+00:00,9200376,156832,5797,2076,75.54527938342967,0.013237094470516221,1.7901985744930424
SSSniperWolf,Tik Toks That Are Actually Relatable,2021-12-23 22:07:01+00:00,18210732,269885,8883,3075,87.76747967479675,0.011393741778905831,1.547675293887143
SSSniperWolf,Tik Toks Worth Watching When You're Bored,2021-12-24 21:09:17+00:00,13589794,220054,8552,3051,72.12520485086857,0.013864778645241622,1.7046395258088531
SSSniperWolf,Christmas Tik Toks To Get You In The Holiday Mood,2021-12-25 19:28:00+00:00,7122582,164513,9389,2245,73.27973273942094,0.013646337979369412,2.4730778810268523
SSSniperWolf,Most Oddly Satisfying Video to watch before sleep,2021-12-26 21:19:30+00:00,9094253,159527,5500,2857,55.8372418620931,0.01790919405492487,1.84604496927895
SSSniperWolf,Gender Reveal Fails,2021-12-27 22:03:59+00:00,18449977,275653,11727,5119,53.84899394412971,0.01857044907909582,1.5853624099368795
SSSniperWolf,Tik Toks That Ended In Disaster,2021-12-28 21:05:00+00:00,14161573,210791,9407,13236,15.925581746751284,0.06279205468924196,1.6483620852005634
SSSniperWolf,Trying Tik Tok Life Hacks So You Don't Have To,2021-12-29 21:15:00+00:00,12479454,199840,12229,10029,19.92621397945957,0.050185148118494796,1.7797092725370838
SSSniperWolf,Amazing Things You've Never Seen Before On TikTok,2021-12-30 20:30:00+00:00,15165760,229609,10113,5862,39.169054930058,0.025530358130561086,1.61933196885616
SSSniperWolf,People Who Got Very Lucky,2021-12-31 22:33:17+00:00,23645061,370129,17186,6725,55.03776951672862,0.01816934095950331,1.6664791010689295
SSSniperWolf,Tik Toks That Will Make You Cringe,2022-01-01 22:00:11+00:00,13096884,257662,11054,5549,46.43395206343485,0.021535965722535726,2.0941240679844153
SSSniperWolf,Tik Toks You Can't Explain,2022-01-02 21:15:00+00:00,11142881,256065,10208,4527,56.56394963552021,0.017679104914767735,2.430251207026262
SSSniperWolf,Mean Kids Kick Girl Off Tik Tok Dance Group,2022-01-03 21:15:01+00:00,4116504,112654,6415,2598,43.36181678214011,0.023061764340369627,2.9555904719150035
SSSniperWolf,Woman Is Trapped Inside An 8 Year Olds Body,2022-01-04 21:40:41+00:00,9127161,168366,7293,3031,55.54800395908941,0.018002447049879428,1.9577829294344646
SSSniperWolf,Crazy Coincidences You Won't Believe,2022-01-05 21:15:03+00:00,21213196,304038,8428,4743,64.10246679316889,0.01560002368125037,1.495338090498009
SSSniperWolf,All Your Pain In One Video,2022-01-06 21:46:24+00:00,26845811,299850,14953,6045,49.602977667493796,0.02016008004002001,1.1951510796228133
SSSniperWolf,Karens Who Got OWNED,2022-01-07 21:18:57+00:00,12057680,230603,9069,4006,57.564403394907636,0.017371846853683603,2.020936034129285
SSSniperWolf,Tik Toks I Watch Instead Of Doing Homework,2022-01-08 21:15:00+00:00,13326220,254427,8166,3955,64.33046776232617,0.015544733852932275,2.000177094479905
SSSniperWolf,Creative People On Another Level,2022-01-09 21:24:08+00:00,13590081,217811,7348,3349,65.03762317109585,0.015375715643378893,1.681432215157511
SSSniperWolf,Funniest Photoshop Trolls,2022-01-11 21:10:21+00:00,5045318,123580,4160,1578,78.31432192648923,0.012769056481631331,2.563128825576505
SSSniperWolf,Tik Toks That Give Me Second Hand Embarrassment,2022-01-12 21:29:45+00:00,17994364,289102,10203,5526,52.316684762938834,0.01911436102136962,1.6940359770425895
SSSniperWolf,Skilled Workers On Another Level,2022-01-13 21:11:52+00:00,5038467,125302,4816,1754,71.43785632839224,0.01399818039616287,2.6173040331513535
SSSniperWolf,"The Older I Get, The Prettier I Look (Animated Story Time)",2022-01-14 21:26:42+00:00,15169895,209873,9562,3799,55.2442748091603,0.018101423241674727,1.4715592955653285
SSSniperWolf,Cool Things I Learned On Tik Tok,2022-01-15 20:31:01+00:00,13290224,207407,6403,2833,73.21108365690081,0.013659133973298876,1.6300929164173608
SSSniperWolf,Most Oddly Satisfying Video to watch before sleep,2022-01-16 21:36:38+00:00,20070903,260380,11149,5484,47.479941648431804,0.02106152546278516,1.3801720829401647
SSSniperWolf,Tik Toks That Woke Up And Chose Violence,2022-01-18 21:28:26+00:00,11323949,208569,7144,2889,72.19418483904465,0.013851531147965421,1.9304396372678823
SSSniperWolf,Celebrities As Disney Princess Glow Up Transformations,2022-01-19 21:05:00+00:00,18013820,258953,10152,4090,63.31369193154034,0.015794371951666906,1.5165855992787758
SSSniperWolf,Restaurants That Went Too Far,2022-01-20 21:05:00+00:00,5099454,134150,5337,1786,75.11198208286675,0.01331345508758852,2.7703554145208487
SSSniperWolf,Optical Illusions That Will Trick Your Eyes,2022-01-21 21:05:01+00:00,6657273,153144,6779,2203,69.51611438946891,0.014385153842135507,2.4353214897451254
SSSniperWolf,Tik Toks That Live In My Head RENT FREE,2022-01-22 21:18:44+00:00,13279525,225333,8086,3302,68.24136886735312,0.01465386783116543,1.7826014108185344
SSSniperWolf,Creative People On Another Level,2022-01-23 21:05:00+00:00,8509681,149006,5807,3025,49.25818181818182,0.02030119592499631,1.8548051331183861
SSSniperWolf,People With Unique Features On Tik Tok,2022-01-25 21:09:05+00:00,26459431,279936,14973,5027,55.68649293813407,0.01795767604023777,1.133569349998494
SSSniperWolf,You Had One Job,2022-01-26 20:59:51+00:00,3306377,102864,4648,1774,57.98421645997745,0.01724607248405662,3.305309709086411
SSSniperWolf,People Having A Really Bad Day,2022-01-27 23:32:15+00:00,7102246,140594,6910,2242,62.709188224799284,0.01594662645632104,2.1084316144498514
SSSniperWolf,School Tik Toks That Are Actually Relatable,2022-01-28 21:43:33+00:00,13363978,204584,6393,2826,72.39348903043171,0.013813396942087358,1.5998454951063223
SSSniperWolf,If It Were Not Filmed No One Would Believe It,2022-01-29 22:23:04+00:00,7328115,157366,6503,2447,64.30976706170821,0.015549737554490805,2.269560453131535
SSSniperWolf,Tik Toks Where You Have To Trust The Process,2022-01-30 20:10:00+00:00,15226980,245640,8997,8900,27.6,0.036231884057971016,1.7307240175005154
SSSniperWolf,I Got Trapped With My Crush In The Pool House,2022-01-31 21:01:29+00:00,12058789,205994,7227,3284,62.72655298416565,0.01594221190908473,1.7954124580834774
SSSniperWolf,People Who Followed Instructions Too Literally,2022-02-01 21:34:32+00:00,5605952,129150,3965,1585,81.4826498422713,0.01227255129694154,2.402803306200267
SSSniperWolf,People Who Didn't Get What They Expected,2022-02-02 22:28:57+00:00,14869994,192375,5832,3076,62.540637191157344,0.015989603638726445,1.3536185690458247
SSSniperWolf,The Most Expensive RV In The World,2022-02-03 21:11:52+00:00,3123445,106951,3852,1216,87.953125,0.011369692662995203,3.5863925889522625
SSSniperWolf,Tik Toks That Feel ILLEGAL To Watch,2022-02-04 21:11:02+00:00,9308518,154286,6212,2175,70.93609195402298,0.014097196116303489,1.7475714179206614
SSSniperWolf,Tik Tok Pranks That Will Ruin Your Day,2022-02-05 21:05:22+00:00,11026526,187054,5296,2571,72.75534811357448,0.013744694045569729,1.7677462511764812
SSSniperWolf,Most Creative People I Found On Tik Tok,2022-02-06 20:10:00+00:00,14684650,207636,7550,3477,59.71699741156169,0.016745651043171703,1.489058302376972
SSSniperWolf,Weird Hacks That Actually Work,2022-02-08 22:13:30+00:00,11395958,181411,4956,2098,86.46854146806483,0.011564899592637711,1.653788123824254
SSSniperWolf,I Found HUGGY WUGGY On Omegle,2022-02-09 22:52:41+00:00,6596750,175296,11106,2281,76.85050416483998,0.013012276378240234,2.8602417857278204
SSSniperWolf,Dumbest People On Tik Tok,2022-02-10 21:05:00+00:00,19977916,212852,9715,5256,40.49695585996956,0.024693214064232423,1.1403742011929574
SSSniperWolf,Tik Toks That Are Actually Relatable,2022-02-11 20:05:00+00:00,27519443,298504,13494,3776,79.05296610169492,0.012649746737062149,1.1474578173693413
SSSniperWolf,Tik Toks I Watch Instead Of Sleeping,2022-02-12 21:03:53+00:00,22076337,251821,9136,3261,77.22201778595523,0.012949674570428995,1.196838044282437
SSSniperWolf,Most Oddly Satisfying Video to watch before sleep,2022-02-13 20:33:56+00:00,12849976,205284,6586,2583,79.47502903600464,0.012582568539194481,1.6688980586422886
SSSniperWolf,Students Make Fun Of SHORT Teacher,2022-02-14 22:03:30+00:00,24903224,325337,15244,6104,53.29898427260812,0.018762083624057516,1.3921289869938125
SSSniperWolf,TikToks That Passed The Vibe Check,2022-02-15 21:24:59+00:00,9230085,203316,4695,3677,55.29398966548817,0.018085148242145233,2.293456669142267
SSSniperWolf,Everyday Objects Cut In Half,2022-02-16 21:16:14+00:00,8859900,155325,4729,1973,78.72529143436391,0.012702398197328183,1.8287678190498764
SSSniperWolf,Karens That Think They're Smart,2022-02-17 22:05:00+00:00,19687521,268109,10897,5928,45.2275641025641,0.02211041031819148,1.4472822657560593
SSSniperWolf,Tik Toks That Will Get You In Big Trouble,2022-02-18 21:24:12+00:00,18921509,237437,6793,3222,73.69242706393544,0.013569915388081891,1.3077815305322638
SSSniperWolf,Cursed Tik Toks I Regret Watching,2022-02-19 20:31:00+00:00,8814215,156020,9083,2190,71.2420091324201,0.014036661966414562,1.8979909158104264
SSSniperWolf,Creative People On Another Level,2022-02-20 21:46:14+00:00,8536007,136354,4806,1854,73.54584681769148,0.013596960851900201,1.6754203692663325
SSSniperWolf,People Who Were Very Unlucky,2022-02-22 21:05:01+00:00,6449365,131398,5306,1433,91.69434752267969,0.010905797652932312,2.1418697809784377
SSSniperWolf,Nail Art That Has Gone Too Far,2022-02-23 22:10:07+00:00,6031116,121273,5524,1405,86.3153024911032,0.011585431217171175,2.1256762430037823
SSSniperWolf,Lucky People Who Avoided Close Calls,2022-02-24 21:43:02+00:00,11893750,194301,6133,2091,92.92252510760402,0.010761653311099788,1.7027850761954808
SSSniperWolf,Embarrassing Tik Toks That Should Have Stayed In The Drafts,2022-02-25 21:04:01+00:00,24963282,309796,12457,4822,64.24637080049771,0.015565081537527921,1.310224352711314
SSSniperWolf,Tik Toks Only Girls Will Understand,2022-02-26 20:33:23+00:00,16089947,255475,8786,6505,39.273635664873176,0.02546237400919855,1.6828271715251766
SSSniperWolf,Cool Gadgets Tik Tok Made Me Buy,2022-02-27 20:35:00+00:00,17372950,195732,5861,2415,81.04844720496894,0.01233829930721599,1.174285311360477
SSSniperWolf,Fake Homeless Person Gets Caught,2022-02-28 22:03:24+00:00,7669890,147425,4868,1798,81.99388209121246,0.012196031880617263,2.0090379392664044
SSSniperWolf,Cool Things You Have NEVER Seen Before,2022-03-01 21:10:44+00:00,9044217,160961,6914,1867,86.21371183717193,0.011599083007685092,1.8768014964700648
SSSniperWolf,Wholesome Tik Toks That Will Make Your Day,2022-03-02 23:13:14+00:00,20896878,231583,7401,2366,97.8795435333897,0.010216639390628847,1.1549572141829032
SSSniperWolf,Design Fails So Bad It's Actually Funny,2022-03-03 21:15:51+00:00,7357735,156375,5543,1633,95.75933864053889,0.010442845723421263,2.2228443943686473
SSSniperWolf,People Having A Worse Day Than You,2022-03-04 21:15:02+00:00,8714257,160804,7094,2144,75.0018656716418,0.013333001666625209,1.951308069064293
SSSniperWolf,Funny Tik Toks I Watch On The Toilet,2022-03-05 20:05:00+00:00,18113032,240010,10966,5514,43.527384838592674,0.022974042748218824,1.416052265573207
SSSniperWolf,Creative People On Another Level,2022-03-06 20:05:00+00:00,8806871,145788,5416,1679,86.8302561048243,0.011516722912722583,1.7359513952231163
SSSniperWolf,Woman Ruins Gender Reveal Party,2022-03-07 21:21:11+00:00,19174844,245165,10135,3934,62.31952211489578,0.01604633614096629,1.3519484174160687
SSSniperWolf,Tik Tok Pranks That Will Make Karen Call The Cops,2022-03-08 21:05:00+00:00,7794769,156840,3196,1640,95.63414634146342,0.010456516194848253,2.074160247725109
SSSniperWolf,How Paper Is Made From Trees,2022-03-10 21:05:00+00:00,3031143,92787,3390,890,104.25505617977528,0.009591860928793904,3.202323347991171
SSSniperWolf,Cool Things I Learned On Tik Tok,2022-03-11 22:01:39+00:00,8554380,150164,5178,1543,97.31950745301361,0.010275432194134413,1.833972771843196
SSSniperWolf,People Who Didn't See It Coming,2022-03-12 20:03:19+00:00,14605423,166536,6052,1897,87.78914074855034,0.011390930489503771,1.1946589975517998
SSSniperWolf,Most Oddly Satisfying Video to watch before sleep,2022-03-13 20:19:00+00:00,15333599,193598,6443,6028,32.11645653616456,0.031136685296335707,1.3439049762550854
SSSniperWolf,Mom Forces Daughter To Marry Rich Guy,2022-03-14 20:17:54+00:00,6487375,128917,5817,1734,74.34659746251442,0.01345051467223097,2.103593518179541
SSSniperWolf,Try Not To Get Uncomfortable Challenge (Impossible),2022-03-15 23:00:16+00:00,10534230,166331,6041,2087,79.69861044561571,0.012547270202187205,1.6561153496743475
SSSniperWolf,Tik Tok Animations That Get Weird...,2022-03-16 20:10:00+00:00,9903512,166066,5613,1540,107.83506493506493,0.009273421410764395,1.7490663918012115
SSSniperWolf,Creepy Tik Toks You Should NOT Watch At Night,2022-03-17 20:05:00+00:00,10151071,149215,9735,1888,79.03336864406779,0.012652883423248332,1.584443651315216
SSSniperWolf,Funniest Parents On Tik Tok,2022-03-18 20:07:00+00:00,19630358,227648,7218,2255,100.95254988913526,0.009905643800955861,1.2079300846168979
SSSniperWolf,Karens That Will Ruin Your Day,2022-03-19 19:05:00+00:00,13015619,223658,11005,4046,55.27879387048937,0.018090119736383227,1.8340195729453974
SSSniperWolf,Creative People On Another Level,2022-03-20 20:17:23+00:00,11066753,172160,4919,2042,84.30950048971596,0.011861059479553904,1.6185506263671015
SSSniperWolf,I'm 13 And My Mom Treats Me Like I'm 30,2022-03-21 20:15:00+00:00,11073578,201128,8179,3375,59.59348148148148,0.016780358776500536,1.9206258356603438
SSSniperWolf,Tik Toks I Really Can't Explain...,2022-03-22 20:05:00+00:00,7256113,128149,6327,1732,73.98903002309468,0.013515517093383483,1.8771482748408137
SSSniperWolf,Tik Toks That Feel ILLEGAL But Aren't,2022-03-23 20:05:01+00:00,16832089,151422,7184,1852,81.76133909287257,0.012230719446315595,0.9532863092632173
SSSniperWolf,Tik Toks That Are Actually Relatable,2022-03-24 20:42:57+00:00,23037514,259599,10033,3534,73.45755517826825,0.013613303595160229,1.185744260426711
SSSniperWolf,People Who Didn't Get What They Expected...,2022-03-25 21:05:00+00:00,9139280,155643,4765,1601,97.21611492816989,0.010286360453088157,1.7726669934611916
SSSniperWolf,People Having A Worse Day Than You,2022-03-26 19:06:15+00:00,31461903,353104,14721,5649,62.50734643299699,0.015998119534188227,1.187067419284841
SSSniperWolf,School Tik Toks I Watch Instead Of Doing Homework,2022-03-27 20:05:22+00:00,25681867,215076,8121,2367,90.86438529784537,0.011005412040395023,0.8783006313364989
SSSniperWolf,Delivery Driver Steals Packages,2022-03-28 21:05:00+00:00,4237285,100488,4480,1077,93.30362116991644,0.010717697635538571,2.5026638519712505
SSSniperWolf,Life Flashes Before Your Eyes Tik Toks,2022-03-29 20:32:00+00:00,12525597,192273,6079,1952,98.50051229508196,0.010152231462555845,1.599157309627637
SSSniperWolf,Genius Inventions And Gadgets You've Never Seen Before,2022-03-30 20:38:01+00:00,21945532,245849,9302,2816,87.30433238636364,0.011454185292598302,1.175487566216212
SSSniperWolf,People Who Got Caught In 4k,2022-03-31 21:05:00+00:00,19244521,237367,6803,4039,58.76875464223818,0.017015844662484677,1.2897644997243631
SSSniperWolf,Dumbest People On The Internet,2022-04-01 21:05:00+00:00,27651730,653298,10642,14824,44.07029141932002,0.022691023085942404,2.454689091785577
SSSniperWolf,Tik Toks With A Crazy Plot Twist,2022-04-02 18:05:12+00:00,16143480,208424,6764,5191,40.15103062993643,0.02490596092580509,1.3651269738618934
SSSniperWolf,Expensive Fails That Hurt To Watch,2022-04-03 19:05:46+00:00,4307543,106245,4486,1297,81.9159599074788,0.012207633300390607,2.6007401435110458
SSSniperWolf,Mean Kids Make Fun Of Foreign Exchange Student,2022-04-04 21:30:21+00:00,8432981,163582,9340,3573,45.78281556115309,0.021842256482987127,2.0929135260710297
SSSniperWolf,Man Is Married To Imaginary Wife,2022-04-05 21:15:30+00:00,6226969,156913,6776,1980,79.2489898989899,0.012618457361722738,2.6605078650624407
SSSniperWolf,You Have To LOOK TWICE To Understand,2022-04-06 20:32:00+00:00,5345685,123420,3426,1943,63.52032938754503,0.01574299141144061,2.4092141605799817
SSSniperWolf,Tik Toks That Will Make You CRINGE,2022-04-07 21:05:00+00:00,8785584,169511,5291,3334,50.84313137372526,0.019668340107721623,2.0275942953820714
SSSniperWolf,Tik Toks That Woke Up And Chose Violence,2022-04-08 20:32:00+00:00,15039184,191743,5640,3209,59.75163602368339,0.01673594342427103,1.3337957697704876
SSSniperWolf,Tik Toks I Watch Instead Of Sleeping,2022-04-09 18:39:46+00:00,17220299,222456,7903,2334,95.31105398457584,0.010491962455496818,1.351271542962175
SSSniperWolf,Try Not To Say Wow Challenge (Impossible),2022-04-10 20:05:00+00:00,18675524,206251,8425,8105,25.447378161628624,0.03929677916713131,1.1929036100941532
SSSniperWolf,I Tried Playing A Dirty Game,2022-04-11 21:25:29+00:00,13820462,272465,10384,8587,31.729940607895657,0.031515974528838565,2.10872834786565
SSSniperWolf,Amazing People You've Never Seen Before On TikTok,2022-04-12 21:31:01+00:00,5131460,111280,3733,1995,55.77944862155388,0.017927749820273186,2.2802087515054197
SSSniperWolf,Lucky People Who Avoided Disaster,2022-04-13 23:03:02+00:00,4648412,103013,4610,1763,58.43051616562677,0.017114344791434092,2.3531907240580225
SSSniperWolf,Tik Tok Safety Hacks You Need To Know,2022-04-14 20:42:12+00:00,10148646,266821,7666,4519,59.04425757911042,0.016936448030702232,2.749194326021422
SSSniperWolf,Cool Things You've Never Seen Before On TikTok,2022-04-15 19:32:00+00:00,6385047,129756,5801,1437,90.2964509394572,0.011074632386941645,2.145544112674503
SSSniperWolf,People Having A Really Bad Day,2022-04-16 18:32:00+00:00,11368921,159138,8304,2181,72.9656121045392,0.013705086151641972,1.4919885537070756
SSSniperWolf,Tik Tok Pranks That Will Ruin Your Day,2022-04-17 18:05:48+00:00,9924182,129290,5120,2538,50.94168636721828,0.019630288498723798,1.3799424476495896
SSSniperWolf,Mom Uses Daughter To Make Tik Toks For Money,2022-04-18 20:36:25+00:00,14572136,230424,11564,4749,48.52053063802906,0.020609832309134466,1.6932109335240901
SSSniperWolf,Annoying Things We Can All Relate To,2022-04-19 20:31:00+00:00,5080939,107768,4217,1558,69.17073170731707,0.014456981664315938,2.234685360324145
SSSniperWolf,My Crush Found Me Hiding In His Closet...,2022-04-20 22:26:21+00:00,5458096,159235,7537,3173,50.184368105893476,0.019926523691399505,3.1136315667588113
SSSniperWolf,Wholesome Tik Toks That Will Make You Smile,2022-04-21 19:06:03+00:00,8994735,169128,5417,1462,115.68262653898769,0.008644340381249704,1.956778048491701
SSSniperWolf,Dumbest People On The Internet,2022-04-22 20:31:57+00:00,20029285,501916,28645,19565,25.653769486327626,0.038980626240247375,2.7466082788277264
SSSniperWolf,Tik Toks I Watch Instead Of Sleeping,2022-04-23 19:07:42+00:00,6076307,125972,4750,1983,63.52597075138679,0.015741593369955228,2.1839745753465056
SSSniperWolf,Creative People On Another Level,2022-04-24 18:28:36+00:00,11045828,155817,5422,4992,31.213341346153847,0.03203758254875912,1.5049211340245385
SSSniperWolf,Kids Think Pregnancy Is A Joke,2022-04-25 19:44:02+00:00,7080965,156377,5646,2706,57.7889874353289,0.017304335036482345,2.3263637089012588
SSSniperWolf,Try Not To Get Uncomfortable Challenge (Impossible),2022-04-26 20:07:00+00:00,7802175,124933,5944,2915,42.85866209262436,0.023332506223335707,1.7148038848141705
SSSniperWolf,Design Fails So Bad It's Actually Funny,2022-04-27 21:23:28+00:00,10031928,149497,6041,2075,72.0467469879518,0.013879877188171,1.571113748025305
SSSniperWolf,Trying Weird Kitchen Gadgets To See If They Actually Work,2022-04-28 20:15:00+00:00,4941238,120977,5174,3414,35.435559461042764,0.02822024021094919,2.6221161579345096
SSSniperWolf,Crazy Karens That Went Too Far,2022-04-29 20:33:28+00:00,15966326,229856,11110,2981,77.1070110701107,0.012968989280245024,1.527884373649893
SSSniperWolf,People Who Are A Menace To Society,2022-04-30 18:32:00+00:00,9061164,164184,6081,3646,45.0312671420735,0.022206792379281783,1.9193008756932333
SSSniperWolf,Oddly Satisfying That Will Make You Sleepy,2022-05-01 18:05:00+00:00,21556184,307891,8602,14827,20.765562824576786,0.04815665284142765,1.5370067355149686
SSSniperWolf,My Sister Copies Everything I Do,2022-05-02 20:18:48+00:00,9613794,176664,9454,3294,53.63205828779599,0.01864556446135036,1.9702107201381682
SSSniperWolf,People Who Didn't See It Coming,2022-05-03 21:42:48+00:00,12531599,210564,8230,3008,70.00132978723404,0.014285442905719876,1.7699417289046675
SSSniperWolf,3d Illusions That Will Make Your Brain Hurt,2022-05-04 20:13:54+00:00,4131981,100224,2948,1029,97.399416909621,0.010267001915708812,2.5218170170676
SSSniperWolf,Cringe Tik Toks That Are Painful To Watch,2022-05-05 20:10:00+00:00,12316535,179081,7630,3731,47.99812382739212,0.020834147676191222,1.5462303318262807
SSSniperWolf,Tik Toks That Are Actually Relatable,2022-05-06 20:11:08+00:00,14732112,229452,9106,2701,84.95075897815624,0.011771525199170197,1.63764027859685
SSSniperWolf,Tik Toks I Watch On The Toilet,2022-05-07 18:40:29+00:00,9096775,156533,6957,1716,91.21969696969697,0.010962544639149573,1.8160941652398792
SSSniperWolf,Fast Workers Doing Their Job Perfectly,2022-05-08 18:06:44+00:00,5016719,109070,4299,1745,62.50429799426934,0.01599889978912625,2.2946072921365537
SSSniperWolf,Genius Kid Scams Students For Money,2022-05-09 20:44:30+00:00,7821875,133830,3895,3271,40.91409354937328,0.024441455577972053,1.802585697163404
SSSniperWolf,6 Fans Vs 1 Secret Sniper Wolf Reaction,2022-05-10 20:29:45+00:00,7591620,173381,5785,3457,50.153601388487125,0.01993874761363702,2.4055866863726054
SSSniperWolf,I Wish I Didn't Find Out How Its Made....,2022-05-11 21:05:00+00:00,7470319,135765,4306,1815,74.80165289256199,0.013368688542702465,1.8993298679748483
SSSniperWolf,People Who Got Caught In 4k,2022-05-12 20:15:22+00:00,15371809,254060,6674,5792,43.863950276243095,0.022797764307643863,1.7338622929806116
SSSniperWolf,People With Unique Features On Tik Tok!,2022-05-13 20:20:52+00:00,6453430,122533,8874,1471,83.29911624745071,0.012004929284356052,2.059029074461178
SSSniperWolf,Cool Things I Learned On Tik Tok,2022-05-14 19:05:00+00:00,6014387,130567,5148,3111,41.96946319511411,0.023826847518898343,2.3082319112488108
SSSniperWolf,Annoying Things That Will Ruin Your Day,2022-05-15 20:15:18+00:00,6674281,124823,4198,1550,80.53096774193548,0.012417583297949897,1.9563305770314436
SSSniperWolf,No One Has Ever Seen My Face,2022-05-16 22:34:00+00:00,9074696,149545,7325,2589,57.76168404789494,0.017312514627704036,1.7571828301465968
SSSniperWolf,Most Creative People On Tik Tok,2022-05-17 20:04:51+00:00,8310995,165759,5403,2862,57.91719077568134,0.01726603080375726,2.093900910781441
SSSniperWolf,My First Ever Fashion Show!,2022-05-18 19:27:01+00:00,5313593,168691,10916,3589,47.002229033156866,0.021275586723654493,3.4476859631514873
SSSniperWolf,Tik Toks You Can't Explain,2022-05-19 20:25:11+00:00,8422018,128303,5633,4068,31.539577187807275,0.03170619549036266,1.6386096538858026
SSSniperWolf,Lucky People Who Avoided Close Calls,2022-05-20 20:36:33+00:00,7465581,136063,4164,4139,32.873399371828945,0.030419732035895135,1.9337543856265171
SSSniperWolf,Things That Feel Illegal,2022-05-21 18:05:00+00:00,7356554,129318,5756,3027,42.721506442021806,0.02340741428107456,1.8772512238746566
SSSniperWolf,Genius Inventions And Gadgets You've Never Seen Before,2022-05-22 18:33:01+00:00,9691566,145957,4882,6894,21.171598491441834,0.047233089197503374,1.6275285129358867
SSSniperWolf,No One Knew I Was Pretty Until I Took Off My Mask,2022-05-23 20:17:52+00:00,9917516,153501,6271,3092,49.644566623544634,0.020143191249568405,1.6421854020704378
SSSniperWolf,The Coolest Houses On Tik Tok,2022-05-24 20:02:00+00:00,8471562,127416,4726,1540,82.73766233766234,0.012086394173416212,1.578008872507809
SSSniperWolf,Cute Animals on Tik Tok That Will Make You Laugh,2022-05-25 20:13:27+00:00,14964449,202687,8976,2326,87.13972484952708,0.011475822327036268,1.4299824871600686
SSSniperWolf,Do NOT Trust Shrek,2022-05-26 20:28:27+00:00,13262472,163471,13336,5877,27.81538199761783,0.035951330817086825,1.3774505989531967
SSSniperWolf,Try Not To Get Uncomfortable Challenge (Impossible),2022-05-27 19:18:40+00:00,9357725,137897,14872,3832,35.985647181628394,0.027788856900440185,1.6734943589387379
SSSniperWolf,People Having A Worse Day Than You,2022-05-28 18:05:00+00:00,9481849,154655,5730,3247,47.63012011087157,0.020995118166240986,1.7257393573763935
SSSniperWolf,Most Oddly Satisfying Video to watch before sleep,2022-05-29 19:22:05+00:00,6714534,110865,4403,2454,45.17726161369193,0.022135029089433093,1.7532415503443723
SSSniperWolf,Teacher Kicks Mom Out Of School,2022-05-30 19:38:30+00:00,15101892,216490,11668,3743,57.838632113278116,0.017289482193172896,1.535575807322685
SSSniperWolf,Tik Toks Where You Have To Trust The Process,2022-05-31 21:14:47+00:00,14508863,170079,5898,3101,54.84650112866817,0.018232703625962052,1.2342662550470012
SSSniperWolf,Things That Happen Once In A Lifetime,2022-06-01 20:05:00+00:00,4992317,116913,4061,1541,75.86826735885788,0.01318074123493538,2.4540709253839452
SSSniperWolf,Tik Toks That Will Make You CRINGE,2022-06-02 19:37:04+00:00,12423458,187937,10233,4019,46.762129883055486,0.021384825766081188,1.627477631429188
SSSniperWolf,Weird Things You Never Seen Before,2022-06-03 20:44:10+00:00,16923548,209529,7407,4681,44.76158940397351,0.022340582926468414,1.3095185477655158
SSSniperWolf,Try Not To Say Wow Challenge (Impossible),2022-06-04 19:14:43+00:00,3340772,77708,4633,1643,47.29640900791235,0.02114325423379832,2.51390995853653
SSSniperWolf,Wholesome Tik Toks That Will Make You Smile,2022-06-05 20:15:01+00:00,7805649,149960,4370,2026,74.0177690029615,0.013510269405174713,2.003113386215547
SSSniperWolf,YouTuber Family Uses Disabled Kid For Views,2022-06-06 19:42:59+00:00,12323331,206369,12406,4605,44.81411509229099,0.022314397995823018,1.8126592558456802
SSSniperWolf,You Laugh You Lose But Its Actually Funny,2022-06-07 20:41:51+00:00,6872912,136449,6104,1555,87.74855305466238,0.011396199312563669,2.096753166634463
SSSniperWolf,Creative People On Another Level,2022-06-08 21:02:43+00:00,4994554,117207,3878,2586,45.32366589327146,0.022063528628836163,2.4761169866218284
SSSniperWolf,Tik Toks That Give Me Second Hand Embarrassment,2022-06-10 19:15:04+00:00,13656775,194718,6267,5141,37.87551060105038,0.026402284329132386,1.5093314490426912
SSSniperWolf,People Who Didn't See It Coming,2022-06-11 18:30:57+00:00,9246018,139939,5289,2318,60.37057808455565,0.0165643601855094,1.5957788531235826
SSSniperWolf,Tik Toks That Pass The Vibe Check,2022-06-12 19:05:00+00:00,14854253,190030,4971,2957,64.26445722015556,0.015560700941956534,1.3326688322866185
SSSniperWolf,Girl Can't Stop Lying,2022-06-13 19:05:00+00:00,11288534,159858,8586,2898,55.161490683229815,0.018128589122846525,1.5178410234668205
SSSniperWolf,Dumb Life Hacks That Make My Brain Hurt,2022-06-14 18:31:01+00:00,5563629,114311,4630,2508,45.57854864433812,0.021940145742754415,2.182909751890358
SSSniperWolf,Tik Toks Only Boys Will Understand,2022-06-15 19:33:26+00:00,4738550,105095,8421,5930,17.722596964586845,0.05642513915980779,2.5207289149634384
SSSniperWolf,People Who Were Very Unlucky,2022-06-16 20:10:00+00:00,12264252,164867,6160,4727,34.8777237148297,0.02867159589244664,1.4330592685147043
SSSniperWolf,Tik Toks That Live In My Head RENT FREE,2022-06-17 21:10:12+00:00,5279749,125053,4436,1972,63.414300202839755,0.01576931381094416,2.4899100317079466
SSSniperWolf,Tik Toks That Feel ILLEGAL But Aren't,2022-06-18 18:10:00+00:00,8900079,146287,4737,2461,59.442096708655015,0.016823094328272507,1.7245352541252725
SSSniperWolf,Everyday Objects But MINI,2022-06-19 20:05:00+00:00,7475544,137403,5500,3434,40.01252184041934,0.024992176298916327,1.9575431567254504
SSSniperWolf,Crazy Mom Spies On Her Daughter,2022-06-20 18:44:31+00:00,4752306,105437,4607,1890,55.786772486772485,0.01792539620816222,2.355361796988662
SSSniperWolf,Karens That Went TOO Far,2022-06-21 21:40:54+00:00,14612298,224448,14460,6373,35.21857837753021,0.02839410464784716,1.678592922208403
SSSniperWolf,All Your Pain In One Video,2022-06-22 19:02:46+00:00,24081023,236904,15326,8670,27.324567474048443,0.03659710262384763,1.0834257332007864
SSSniperWolf,Relatable Tik Toks That Will Make You Feel Normal,2022-06-23 20:17:24+00:00,10348336,177607,7462,3908,45.44703172978505,0.022003637244027544,1.8261583311558496
SSSniperWolf,Creepy Tik Toks You Should NOT Watch At Night,2022-06-24 19:11:02+00:00,12138152,179317,18297,3179,56.40673167662787,0.01772838046587886,1.6542303968511844
SSSniperWolf,People Who Are A Menace To Society,2022-06-25 19:03:00+00:00,7805826,139344,5926,3175,43.88787401574803,0.022785337007693193,1.901720586648998
SSSniperWolf,Most Oddly Satisfying Video to watch before sleep,2022-06-26 18:38:42+00:00,20329130,192826,9657,5603,34.41477779760842,0.029057284805990895,1.0235853674013595
SSSniperWolf,Kid Thinks Deaf Student Is Faking It,2022-06-27 19:48:25+00:00,9769652,146862,6982,3857,38.07674358309567,0.026262750064686577,1.614192603789777
SSSniperWolf,Cool Things I Learned On Tik Tok,2022-06-28 20:40:51+00:00,13810134,270546,6791,3206,84.3873986275733,0.0118501105172503,2.031428514741421
SSSniperWolf,Tik Toks That Ended In Disaster,2022-06-29 20:17:08+00:00,4451404,113440,5907,2196,51.657559198542806,0.019358251057827926,2.7304419010271817
SSSniperWolf,Survival Hacks That You NEED To Know,2022-06-30 21:05:00+00:00,5645225,126149,3535,1596,79.04072681704261,0.012651705522834109,2.3255051835843568
SSSniperWolf,Dumbest People On Tik Tok,2022-07-01 20:26:35+00:00,11431681,160148,8243,4643,34.49235408141288,0.028991932462472215,1.513635658657725
SSSniperWolf,Tik Toks That Will Make You CRINGE,2022-07-02 18:32:41+00:00,10219966,324009,11652,8419,38.485449578334716,0.025983846127731018,3.3667430987539486
SSSniperWolf,Creative People On Another Level,2022-07-03 19:05:00+00:00,9445400,148447,4995,1753,84.68168853394181,0.011808928439106213,1.643074935947657
SSSniperWolf,Student Makes Teacher Quit His Job,2022-07-04 20:18:32+00:00,7060997,125055,7975,3278,38.149786455155585,0.026212466514733516,1.9304356027909375
SSSniperWolf,Tik Toks I Can't Explain,2022-07-05 20:31:33+00:00,6985072,134250,7186,3169,42.36352161565163,0.023605214152700185,2.070200564861751
SSSniperWolf,People Who Got What They Deserve (Instant Karma),2022-07-07 19:05:00+00:00,11693945,202885,5935,5243,38.696357047491894,0.025842225891514897,1.8305456370797022
SSSniperWolf,People Who Got Caught In 4k,2022-07-08 21:04:43+00:00,11848779,188583,6728,4153,45.408861064290875,0.0220221334902934,1.6834139618943016
SSSniperWolf,Wholesome Tik Toks That Will Make Your Day,2022-07-09 19:05:00+00:00,9923238,195603,9034,2621,74.62914917970241,0.013399589985838662,2.088612608102315
SSSniperWolf,Relationship Tik Toks That Make Me Feel Single,2022-07-10 18:42:36+00:00,6553469,137381,4491,2689,51.08999628114541,0.019573303440796035,2.2058698988276286
SSSniperWolf,No One Wants To Adopt Orphan Kid,2022-07-11 20:04:01+00:00,9068025,142362,8457,3250,43.80369230769231,0.022829125749848977,1.6990358981145288
SSSniperWolf,TikTok Memes I Watch At 3AM,2022-07-12 19:14:46+00:00,6773758,140293,6325,1891,74.18984664198837,0.013478933375150578,2.192416676237917
SSSniperWolf,People Who Didn't Get What They Expected,2022-07-13 21:14:28+00:00,9425421,154306,6882,2897,53.26406627545737,0.018774383368112713,1.7408771449041904
SSSniperWolf,Cursed Tik Toks I Regret Watching,2022-07-14 21:35:11+00:00,7270047,132617,5013,2966,44.7124072825354,0.022365156804934512,1.933907717515444
SSSniperWolf,Tik Toks That Will Get You In Trouble,2022-07-15 20:34:14+00:00,7558941,147483,3910,2888,51.067520775623265,0.019581917915963195,2.0410398758238752
SSSniperWolf,Worst Karens That Went Too Far,2022-07-16 18:15:03+00:00,6220379,130304,6086,3427,38.022760431864604,0.026300036836935166,2.247724776898642
SSSniperWolf,Genius Inventions And Gadgets You've Never Seen Before,2022-07-17 20:05:00+00:00,14660293,172431,6320,3957,43.57619408642911,0.022948309758686083,1.2462779563819086
SSSniperWolf,Cringy Dhar Mann Rip Off,2022-07-18 21:02:00+00:00,7035754,143955,7410,6857,20.993874872393175,0.047632940849571044,2.248827915245473
SSSniperWolf,Cringe TikToks That Should Have Stayed In The Drafts,2022-07-19 20:03:00+00:00,8205409,131981,6244,3119,42.31516511702469,0.023632189481819353,1.722571050388835
SSSniperWolf,If It Were Not Filmed No One Would Believe It,2022-07-20 20:20:42+00:00,6224009,125072,5940,2106,59.38841405508072,0.016838301138544197,2.138782254331573
SSSniperWolf,Secrets That Will Ruin Your Childhood,2022-07-21 19:10:43+00:00,15916633,239814,14841,5803,41.32586593141478,0.024197920054709065,1.6363888015763135
SSSniperWolf,TikToks Where Their Life Flashed Before Their Eyes,2022-07-22 19:53:45+00:00,8833423,134366,8401,1832,73.3438864628821,0.013634401559918432,1.636953194701533
SSSniperWolf,TikToks That I Watch At 3am,2022-07-23 19:43:25+00:00,6027607,131251,5798,1159,113.24503882657463,0.008830408911170201,2.2929165753507155
SSSniperWolf,Most Oddly Satisfying Video to watch before sleep,2022-07-24 19:07:00+00:00,6646679,130074,5081,2008,64.77788844621514,0.015437366422190445,2.0636320785162034
SSSniperWolf,Student Hacks School Computer To Change His Grades,2022-07-25 20:07:55+00:00,4979361,94320,5345,2254,41.84560780834073,0.023897370653095842,2.046828900334802
SSSniperWolf,People Who Got Stuck In Awkward Places,2022-07-27 00:11:10+00:00,13149521,184059,8900,4498,40.92018674966652,0.024437816135043654,1.5016288426019473
SSSniperWolf,People Who Had Too Much Free Time,2022-07-27 20:31:20+00:00,16298512,198198,7459,5292,37.45238095238095,0.02670057215511761,1.2942837971957193
SSSniperWolf,Weird Things I Learned On TikTok,2022-07-28 21:07:17+00:00,6509355,115347,5476,1672,68.98744019138756,0.014495392164512297,1.8818300737937936
SSSniperWolf,Trying TikTok Life Hacks to see if they work,2022-07-29 21:03:00+00:00,16451689,193234,18496,4534,42.61887957653286,0.023463779666104308,1.3145398019619747
SSSniperWolf,Summer Life Hacks You Need To Try!,2022-07-30 19:05:01+00:00,5377252,109560,5066,1806,60.66445182724252,0.016484118291347206,2.1652695466011265
SSSniperWolf,Cursed TikToks That Will Give You Nightmares,2022-07-31 20:07:00+00:00,3974543,96421,4368,1193,80.82229673093043,0.012372823347610997,2.5658799011609634
SSSniperWolf,YouTube Made Me A Millionaire,2022-08-01 19:10:00+00:00,6758717,121546,6992,3662,33.19115237575095,0.03012851101640531,1.9559925352696377
SSSniperWolf,TikToks That BACKFIRED,2022-08-02 19:13:21+00:00,6642711,136961,4611,2185,62.68237986270023,0.015953446601587314,2.164131481860343
SSSniperWolf,This Is Why I Have Trust Issues...,2022-08-03 21:07:39+00:00,4724088,109975,5299,949,115.88514225500526,0.008629233916799272,2.460220893429589
SSSniperWolf,People Who Had One Job,2022-08-04 18:39:06+00:00,9808368,157335,7396,2869,54.83966538863716,0.018234976324403344,1.7087450226174221
SSSniperWolf,Cool Things You've Never Seen Before On TikTok,2022-08-05 18:32:11+00:00,6506552,193074,5976,1870,103.24812834224599,0.009685405595781928,3.0879642551077744
SSSniperWolf,Tik Toks With A Crazy Plot Twist,2022-08-06 19:28:07+00:00,5683110,130830,4259,2261,57.863777089783284,0.017281968967362227,2.4168105139615457
SSSniperWolf,Mean Girl Makes Fun Of Poor Girl At Salon,2022-08-08 23:04:19+00:00,10174121,153271,9115,3557,43.08996345234748,0.023207260342791525,1.631030336674785
SSSniperWolf,Wholesome Tik Toks That Will Warm Your Heart,2022-08-09 19:18:34+00:00,9527067,185988,8777,2833,65.65054712319096,0.015232165516054798,2.074069595605867
SSSniperWolf,Worst Haircut Fails,2022-08-10 20:31:00+00:00,3659996,87246,4664,2176,40.09466911764706,0.024940971505857,2.570658547167811
SSSniperWolf,Weird Mukbang Food You Can Actually Eat,2022-08-12 19:33:41+00:00,12187646,192883,8641,4166,46.29932789246279,0.02159858567110632,1.687692602820922
SSSniperWolf,Trying Beauty Hacks To See If They Actually Work,2022-08-13 19:32:00+00:00,4980217,106744,5876,2595,41.1344894026975,0.024310499887581504,2.3134534097610606
SSSniperWolf,TikToks I Watch On The Toilet,2022-08-14 22:10:09+00:00,5873424,114991,5988,2471,46.536220153783894,0.021488638241253664,2.1018404256188554
SSSniperWolf,Mom Kicks Goth Girl Out Of House,2022-08-15 21:04:56+00:00,8952332,147560,8031,3223,45.78343158547937,0.02184196259148821,1.7739958705731647
SSSniperWolf,Unlucky People Having A Very BAD Day,2022-08-16 21:35:56+00:00,6428174,117336,7450,2429,48.306298888431456,0.020701234062862207,1.9790223475593536
SSSniperWolf,TikTok Pranks To Use On Your Friends,2022-08-18 21:05:00+00:00,8230514,133165,4448,3606,36.928729894620076,0.02707918747418616,1.7157980655886134
SSSniperWolf,Crazy Rides That Give Me Anxiety,2022-08-19 20:31:00+00:00,7474606,118736,8600,1502,79.05193075898802,0.012649912410726317,1.7236761375783554
SSSniperWolf,Weird Things You Have Never Seen Before,2022-08-20 18:30:49+00:00,7151269,126048,5672,2012,62.64811133200795,0.015962173140390962,1.8700457219550821
SSSniperWolf,Creative People On Another Level,2022-08-21 19:04:09+00:00,7333858,124007,5267,2975,41.68302521008403,0.023990581176869048,1.8032664390284077
SSSniperWolf,Girl Gets Bullied For Liking Anime,2022-08-22 19:05:00+00:00,20468204,337507,31963,19475,17.330269576379973,0.057702506910967774,1.9002400015164982
SSSniperWolf,TikToks That Give Me Second Hand Embarrassment,2022-08-23 19:15:00+00:00,12988143,199291,8761,5393,36.95364361208975,0.027060931000396405,1.643383507557624
SSSniperWolf,Movie Prop Secrets They Don't Want You To Know,2022-08-25 19:13:43+00:00,5688484,113625,3214,2557,44.436840046929994,0.022503850385038503,2.098907195660566
SSSniperWolf,Cringe Videos I Regret Watching,2022-08-26 21:23:47+00:00,6616727,116946,6537,4226,27.672976810222433,0.036136336428779094,1.9300932318954676
SSSniperWolf,TikToks Only Girls Will Understand,2022-08-27 18:35:00+00:00,5345259,116796,6912,2718,42.971302428256074,0.02327134490907223,2.3651987677304316
SSSniperWolf,Karens Caught In The Wild,2022-08-28 17:35:00+00:00,6664584,122115,6575,2362,51.69983065198984,0.01934242312574213,1.9663943015798138
SSSniperWolf,Broke Kids Steals New Shoes,2022-08-29 21:26:00+00:00,5155681,85074,4874,2129,39.9596054485674,0.025025272116040154,1.7859328379703863
SSSniperWolf,Crazy Coincidences You Won't Believe,2022-08-30 21:05:01+00:00,7438010,138643,4930,3423,40.503359626059016,0.02468930995434317,1.9762812902913547
SSSniperWolf,TikToks That Ended In Disaster,2022-09-01 22:05:00+00:00,4125732,95838,4020,2171,44.144633809304466,0.022652809950124166,2.4729914594549527
SSSniperWolf,TikTok Made Me Buy It,2022-09-02 21:07:00+00:00,5707816,121507,5683,2679,45.355356476297125,0.022048112454426495,2.2752835760648207
SSSniperWolf,TikToks Where You Have To Trust The Process,2022-09-03 17:03:53+00:00,4113380,104506,4881,2415,43.273706004140784,0.02310872103037146,2.718008061496871
SSSniperWolf,Try Not To Say Wow Challenge (Impossible),2022-09-04 17:14:00+00:00,6361847,120259,6334,2576,46.68439440993789,0.02142043422945476,2.030369482321722
SSSniperWolf,Pregnant Cheerleader Gets Kicked Off Team,2022-09-05 17:41:08+00:00,4724263,113502,7097,2975,38.151932773109245,0.026210991876795122,2.615730749960364
SSSniperWolf,Tik Toks That Feel ILLEGAL,2022-09-07 20:35:00+00:00,5621215,92266,4796,2119,43.542236904200095,0.022966206403225456,1.7644050263154853
SSSniperWolf,School Tik Toks That Are Actually Relatable,2022-09-08 20:31:00+00:00,13171789,181152,6449,3596,50.37597330367075,0.019850733086027205,1.4515644002496548
SSSniperWolf,Try Not To Get Uncomfortable Challenge (Impossible),2022-09-09 20:34:01+00:00,3226781,74744,4259,1317,56.75322703113136,0.01762014342288344,2.4891679974562884
SSSniperWolf,Annoying Things We Can All Relate To,2022-09-10 20:24:25+00:00,7547658,128670,8296,2884,44.61511789181692,0.02241392710033419,1.8528926456392167
SSSniperWolf,Funniest Kids On TikTok,2022-09-11 21:07:44+00:00,27522679,294181,14453,7363,39.95395898410974,0.025028808794585647,1.1481331450328653
SSSniperWolf,Reacting To My Cringey Old Videos,2022-09-12 21:04:00+00:00,5538971,145141,9782,3191,45.484487621435285,0.021985517531228255,2.8545735299932065
SSSniperWolf,Wholesome TikToks That Will Make You Smile,2022-09-13 21:10:00+00:00,6607832,112013,3994,1994,56.175025075225676,0.01780150518243418,1.785774819940943
SSSniperWolf,I Got A Job At An Ice Cream Shop,2022-09-15 20:40:06+00:00,4524532,104909,3903,4580,22.90589519650655,0.04365688358482113,2.5061597530971156
SSSniperWolf,People Who Were Very Unlucky On TikTok,2022-09-16 20:35:48+00:00,4499159,86784,3451,1141,76.05959684487291,0.013147584808259586,2.030957341138644
SSSniperWolf,If It Were Not Filmed No One Would Believe It,2022-09-17 19:05:00+00:00,3896389,88184,3961,1371,64.32093362509117,0.015547038011430645,2.4000683709968387
SSSniperWolf,Most Oddly Satisfying FOOD That Will Make You Hungry,2022-09-18 20:05:00+00:00,4643238,92345,4216,1203,76.76226101413134,0.013027234825924522,2.1055134369592943
SSSniperWolf,Jealous Sisters Steals Boyfriend,2022-09-19 20:25:24+00:00,3827884,79278,2878,1028,77.11867704280155,0.012967027422487953,2.173106604066372
SSSniperWolf,TikToks I Watch Instead Of Doing Homework,2022-09-20 21:04:00+00:00,4816184,108307,4651,2024,53.51136363636363,0.018687619452112975,2.3874087867074847
SSSniperWolf,Cool Things I Learned On Tik Tok,2022-09-22 20:10:52+00:00,8503886,122073,4178,2306,52.93712055507372,0.018890336110360194,1.511744160258028
SSSniperWolf,Crazy Karens That Went Too Far,2022-09-23 23:02:10+00:00,6900731,114696,5502,1931,59.397203521491456,0.016835809444095698,1.76979801125417
SSSniperWolf,Genius Inventions You've Never Seen Before,2022-09-24 19:04:00+00:00,13107243,162719,6067,3160,51.493354430379746,0.019419981686219803,1.311839568397412
SSSniperWolf,TikToks That Are Actually Relatable,2022-09-25 18:40:57+00:00,11989759,185846,9291,5442,34.15031238515252,0.029282309008533947,1.6729193639338373
SSSniperWolf,Mean Maid Can't Stop Lying,2022-09-26 20:15:02+00:00,9287601,117478,4217,2462,47.716490658001625,0.02095711537479358,1.3368037666562118
SSSniperWolf,TikToks That Passed The Vibe Check,2022-09-28 21:18:10+00:00,8151438,129124,3108,2360,54.7135593220339,0.01827700504940987,1.6511442520939252
SSSniperWolf,TikToks That BACKFIRED,2022-09-29 18:31:03+00:00,3538659,85297,2009,1520,56.11644736842105,0.01782008745911345,2.5101599221626048
SSSniperWolf,TikToks That Will Make You Cringe,2022-09-30 21:15:03+00:00,7641225,120507,5709,2403,50.14856429463171,0.019940750329856358,1.6832248755925916
SSSniperWolf,People With Unique Features On TikTok,2022-10-01 18:27:39+00:00,6703926,114574,5040,2181,52.53278312700596,0.019035732365109012,1.8167712471766544
SSSniperWolf,Dhar Mann Exposes YouTuber For Lying,2022-10-03 21:37:31+00:00,5108129,90516,4058,2325,38.931612903225805,0.025686066551769852,1.89695679181164
SSSniperWolf,TikToks That Will Get You In Big Trouble,2022-10-04 21:10:00+00:00,8281106,146432,5685,2751,53.228644129407485,0.018786877185314684,1.8701366701500983
SSSniperWolf,Creative People On Another Level,2022-10-06 20:31:00+00:00,4730465,91268,3435,1658,55.04704463208685,0.01816627952842179,2.037030186250189
SSSniperWolf,Creepy TikToks You Should NOT Watch At Night,2022-10-07 20:31:00+00:00,7055782,107426,5715,2086,51.49856184084372,0.019418017984473034,1.633086169612383
SSSniperWolf,Cringe TikToks I Regret Watching,2022-10-08 19:05:00+00:00,7270415,125016,6379,3338,37.452366686638705,0.02670058232546234,1.853167941582427
SSSniperWolf,Most Oddly Satisfying Video to watch before sleep,2022-10-09 20:23:27+00:00,11086461,131416,5239,2934,44.79072937968643,0.022326048578559687,1.2590943133250547
SSSniperWolf,I Pretend To Be Broke To See If My GF Is A Gold Digger,2022-10-10 21:05:00+00:00,5505669,103615,3602,1294,80.07341576506956,0.012488539304154804,1.97089581665734
SSSniperWolf,How Everyday Objects Are Made,2022-10-11 21:06:10+00:00,6988642,101184,3744,4913,20.59515570934256,0.04855510752688172,1.5717073502978118
SSSniperWolf,TikToks Only Girls Understand,2022-10-13 20:37:00+00:00,10428766,142618,3437,4256,33.50986842105263,0.029841955433395503,1.441311464846368
SSSniperWolf,People On TikTok Who Are Built Different,2022-10-14 20:37:00+00:00,5528634,99589,3162,2274,43.794635004397534,0.022833847111628794,1.8996555026069732
SSSniperWolf,People Having A Very BAD Day,2022-10-15 18:05:00+00:00,4420348,80199,3770,3113,25.762608416318663,0.03881594533597676,1.9700258893643667
SSSniperWolf,Mini Foods You Can Actually Eat,2022-10-16 17:31:07+00:00,11248739,126119,10774,2836,44.47073342736248,0.022486699069926022,1.2421747895475217
SSSniperWolf,Mom Tries To Sell Foster Kid,2022-10-17 20:37:04+00:00,3518768,74871,3457,1490,50.248993288590604,0.019900896208144676,2.2683507409411474
SSSniperWolf,Wholesome Tik Toks That Will Make Your Day,2022-10-18 22:08:19+00:00,10306144,135556,4529,3499,38.74135467276365,0.02581221045176901,1.3931883738476778
SSSniperWolf,TikToks I Watch On The Toilet,2022-10-20 21:37:00+00:00,4059312,84590,2708,2039,41.48602256007847,0.024104504078496278,2.2007916612470293
SSSniperWolf,People Who Had Too Much Free Time,2022-10-22 00:03:00+00:00,4005535,104956,3505,3048,34.43438320209974,0.029040740881893366,2.7838728159908723
SSSniperWolf,Dumb People On The Internet,2022-10-22 19:08:46+00:00,7359736,115929,10027,4920,23.56280487804878,0.04243976916906037,1.7782703075219002
SSSniperWolf,Best Halloween Costumes To Get You In The Mood,2022-10-23 17:29:03+00:00,7849927,115590,4468,2962,39.02430790006752,0.025625054070421316,1.567148331443082
SSSniperWolf,Teacher Gets Revenge On Bad Student,2022-10-26 20:32:00+00:00,6026131,86886,4223,4437,19.582150101419877,0.051066915268282574,1.585528094228287
SSSniperWolf,People Who WIN Halloween,2022-10-27 22:02:00+00:00,5184012,88483,3243,4895,18.076200204290092,0.055321361165421606,1.8638267041048515
SSSniperWolf,Things That Happen Once In A Lifetime,2022-10-28 21:15:10+00:00,9056840,101746,3858,4671,21.782487690002142,0.0459084386609793,1.2175880329121416
SSSniperWolf,Once You See It You Can't Unsee It,2022-10-29 18:05:01+00:00,8799176,162724,5914,6804,23.915931804820694,0.041813131437280306,1.9938457873782727
SSSniperWolf,Sibling TikToks That Are Relatable,2022-10-30 20:05:00+00:00,8935908,136075,6005,3292,41.33505467800729,0.024192540878192174,1.6268296405916445
SSSniperWolf,Girl Shamed For Liking Princesses,2022-10-31 20:38:02+00:00,11502024,139161,12450,8774,15.860610895828584,0.0630492738626483,1.3944067583235786
SSSniperWolf,TikToks That Feel ILLEGAL To Watch,2022-11-03 00:08:39+00:00,5063417,84500,4356,4473,18.891124524927342,0.05293491124260355,1.8432019326079603
SSSniperWolf,TikTok Pranks That Went Too Far,2022-11-03 21:11:36+00:00,4718401,91199,2732,3580,25.474581005586593,0.0392548163905306,2.0666111252519657
SSSniperWolf,Karens Who Got What They Deserved,2022-11-05 21:25:39+00:00,2937953,70461,4190,1177,59.864910790144435,0.016704276124380864,2.5809807032311274
SSSniperWolf,Most Oddly Satisfying Video to watch before sleep,2022-11-06 19:16:02+00:00,4336120,82666,3169,3385,24.421270310192025,0.04094791087024895,2.057599881922087
SSSniperWolf,Spoiled Kid Gets Adopted By Rich Parents,2022-11-07 21:03:05+00:00,5930267,92283,3944,2370,38.937974683544304,0.025681869900198304,1.662606422274073
SSSniperWolf,People On TikTok Who Are A Menace To Society,2022-11-08 21:05:00+00:00,9114440,119364,4275,4669,25.565217391304348,0.0391156462585034,1.407744194925854
SSSniperWolf,SUS Cartoon Moments,2022-11-12 19:03:22+00:00,9346515,172025,7297,6313,27.249326785997148,0.036698154338032266,1.9861413585705474
SSSniperWolf,People Who Didn't See It Coming,2022-11-13 19:05:16+00:00,10537279,119713,5088,2527,47.37356549267906,0.021108818591130455,1.20835748963276
SSSniperWolf,Tik Toks With A Crazy Plot Twist,2022-11-14 22:43:12+00:00,6356493,115336,3033,2764,41.72793053545586,0.0239647638204897,1.9056577266741266
SSSniperWolf,I Look Too Different From My Family (True Story Animation),2022-11-16 00:13:42+00:00,6638953,90305,3806,2721,33.18816611539875,0.030131221969990588,1.4585432371640528
SSSniperWolf,Design Fails So Bad It's Actually Funny,2022-11-17 22:14:52+00:00,7568471,101604,3968,2476,41.035541195476576,0.024369119326010786,1.4276067121086942
SSSniperWolf,Creative People On Another Level,2022-11-18 19:32:14+00:00,8888532,133382,15509,6265,21.29002394253791,0.04697035582012565,1.7455750848396563
SSSniperWolf,Cool Things I Learned On Tik Tok,2022-12-13 21:48:58+00:00,8975618,128650,11093,4656,27.631013745704468,0.0361912164788185,1.6087917288815101
SSSniperWolf,Try Not To Say Wow Challenge (Impossible),2022-12-22 19:11:53+00:00,5961183,75735,6065,2265,33.437086092715234,0.029906912259853435,1.4102066653548466
SSSniperWolf,TikToks That Will Make You Cringe,2022-12-23 21:05:00+00:00,4719384,83685,5514,2389,35.02930096274592,0.028547529425823028,1.9406770036089456
SSSniperWolf,People Having A Worse Day Than You,2022-12-24 18:10:09+00:00,11816073,108060,6561,3952,27.34311740890688,0.03657227466222469,1.0034890610442235
SSSniperWolf,Kid REFUSES To Listen To Mom,2022-12-26 19:05:00+00:00,7052728,88910,4760,3943,22.548820694902357,0.04434821729839163,1.3840460031919564
SSSniperWolf,TikToks Where You Have To Trust The Process,2022-12-27 19:16:40+00:00,7352736,120259,4889,11911,10.096465452103098,0.09904456215335235,1.8640544145743843
SSSniperWolf,TikToks That Are Actually Relatable,2022-12-28 21:29:06+00:00,5159787,96869,4614,2680,36.14514925373134,0.027666229650352536,2.0187461226597145
SSSniperWolf,Life Flashed Before Their Eyes,2022-12-29 19:15:00+00:00,3030292,67739,3184,1408,48.11008522727273,0.020785662616808632,2.386931688431346
SSSniperWolf,People Who Beat The System!,2022-12-30 19:15:00+00:00,3206855,69060,3312,1741,39.666858127512924,0.02520996235157834,2.311080482279367
SSSniperWolf,TikToks That Will Get You In Big Trouble,2022-12-31 20:15:00+00:00,6522827,98289,4951,4876,20.157711238720264,0.04960880668233475,1.657502184252319
SSSniperWolf,People Who Got Lucky Dumpster Diving,2023-01-01 21:49:32+00:00,4599069,80982,3957,1720,47.08255813953488,0.021239287742955224,1.8842726647501917
SSSniperWolf,Spoiled Kid Won't Sit In Economy,2023-01-03 22:06:57+00:00,4900494,71757,3232,2799,25.636655948553056,0.03900664743509344,1.5873501732682462
SSSniperWolf,Cursed TikToks I Regret Watching,2023-01-05 22:36:01+00:00,4064498,68741,3336,1831,37.54287274713271,0.02663621419531284,1.8183795391214366
SSSniperWolf,TikToks That Radiate Vine Energy,2023-01-06 21:15:01+00:00,4802242,76681,3930,1980,38.727777777777774,0.02582125950365801,1.719842523554623
SSSniperWolf,The Coolest Houses On Tik Tok,2023-01-07 20:12:44+00:00,4663520,73235,4146,2169,33.764407561088056,0.029616986413600055,1.7057930490273443
SSSniperWolf,Try Not To Get Uncomfortable Challenge (Impossible),2023-01-09 00:05:00+00:00,2371897,55744,3342,1115,49.99461883408072,0.020002152698048222,2.5380950353240466
SSSniperWolf,Dad Leaves Family After Winning Lottery,2023-01-09 23:11:03+00:00,8646895,108479,5887,6860,15.81326530612245,0.06323804607343357,1.4019598942741873
SSSniperWolf,People Who Didn't Get What They Expected,2023-01-10 22:21:11+00:00,4462540,69800,3619,1456,47.93956043956044,0.020859598853868195,1.6778561088528057
SSSniperWolf,School Tik Toks I Watch Instead Of Doing Homework,2023-01-11 21:15:00+00:00,13956016,138997,7397,2979,46.65894595501846,0.02143211723994043,1.0703126164372412
SSSniperWolf,This Dating Show will make you Mad,2023-01-13 21:29:24+00:00,5550582,97597,5472,2988,32.66298527443106,0.030615695154564176,1.9107365678049617
SSSniperWolf,Dumbest People On The Internet,2023-01-14 19:03:25+00:00,3984648,78169,3387,1785,43.792156862745095,0.02283513924957464,2.091552378026867
SSSniperWolf,Creative People On Another Level,2023-01-15 19:09:00+00:00,3191456,65060,2770,1354,48.050221565731164,0.020811558561328006,2.16778799394383
SSSniperWolf,Karens Who Got What They Deserved,2023-01-17 21:06:01+00:00,8382386,104090,4423,3843,27.0856102003643,0.03691997310020175,1.3403820821422445
SSSniperWolf,TikToks Where I Understood The Assignment,2023-01-23 23:55:17+00:00,6551844,104298,3113,2500,41.7192,0.023969778902759403,1.6775582568815741
SSSniperWolf,TikToks Only Girls Understand!,2023-01-25 21:30:04+00:00,6555851,103990,4208,2221,46.82125168842864,0.02135782286758342,1.6842817202526414
SSSniperWolf,Wholesome Tik Toks That Will Make Your Day,2023-01-26 22:40:55+00:00,6279985,85498,3276,1709,50.02808660035108,0.0199887716671735,1.4408155433492278
SSSniperWolf,Tik Toks That Give Me Second Hand Embarrassment,2023-01-27 21:35:00+00:00,7631912,117137,4225,4665,25.109753483386925,0.03982516198980681,1.6513162101449808
SSSniperWolf,Tik Tok Pranks That Went Too Far,2023-01-28 20:15:00+00:00,3276842,65648,2320,2093,31.365504061156233,0.03188215939556422,2.1380646366226994
SSSniperWolf,Most Oddly Satisfying Video to watch before sleep,2023-01-29 19:30:03+00:00,4156375,66928,3047,2285,29.29015317286652,0.03414116662682285,1.7385341794231752
SSSniperWolf,Spoiled Kid Takes Moms Credit Card,2023-01-30 21:30:00+00:00,5449591,77061,5208,2043,37.71953010279002,0.02651146494335656,1.547125279676952
SSSniperWolf,TikToks That Make My Brain Hurt,2023-01-31 21:29:38+00:00,4786531,79573,2826,2066,38.515488867376575,0.025963580611513954,1.7646391509842934
SSSniperWolf,Room Makeovers Gone Very Wrong,2023-02-02 18:27:42+00:00,4313808,80370,3851,2450,32.80408163265306,0.030484011447057358,2.009152934020244
SSSniperWolf,TikToks That Feel Illegal,2023-02-03 19:19:27+00:00,7618912,89190,4989,2233,39.94178235557546,0.02503643906267519,1.265430024654439
SSSniperWolf,Cool Things I Learned On TikTok,2023-02-04 19:14:34+00:00,7822858,96606,3706,1573,61.41513032422123,0.01628263254870298,1.3024012451715217
SSSniperWolf,Cool Things You've Never Seen Before,2023-02-05 20:08:22+00:00,3983350,66642,2756,1962,33.96636085626911,0.02944089313045827,1.7914569395107134
SSSniperWolf,How Everyday Things Are Made,2023-02-08 00:30:40+00:00,7505836,103850,4146,2648,39.218277945619334,0.025498314877226768,1.4741062820983566
SSSniperWolf,People Who Got Very Lucky,2023-02-09 20:39:16+00:00,8230898,100319,4079,1909,52.55055002619172,0.019029296544024563,1.2915601675540143
SSSniperWolf,Dumb Ways To Di3 TikToks,2023-02-10 21:17:39+00:00,3843226,72574,3662,1090,66.5816513761468,0.015019152864662275,2.0120076206811675
SSSniperWolf,Genius Inventions And Gadgets TikTok Made Me Buy!,2023-02-11 20:15:00+00:00,6789324,93856,2932,2423,38.73545191910854,0.02581614387998636,1.4612795029372585
SSSniperWolf,Creative People On Another Level,2023-02-12 18:32:59+00:00,4471039,80019,3362,2530,31.62806324110672,0.03161749084592409,1.9214996782627038
SSSniperWolf,Boy Gets Rejected In Front Of Whole School,2023-02-13 21:41:04+00:00,3402600,63059,3646,3321,18.987955435109907,0.052664964557002175,2.058014459530947
SSSniperWolf,TikToks That Will Unlock A New Fear,2023-02-15 21:15:01+00:00,10525554,104096,6290,3363,30.95331549212013,0.032306716876729175,1.0806937098037785
SSSniperWolf,TikToks That Will Make You Cringe,2023-02-16 21:15:00+00:00,7084024,98111,6934,4697,20.888013625718543,0.04787434640356331,1.5491477725089582
SSSniperWolf,The CUTEST Animals On Tik Tok,2023-02-17 20:26:55+00:00,2946651,63123,3124,1380,45.74130434782609,0.021862078798536192,2.295046138819969
SSSniperWolf,People Having A Very BAD Day,2023-02-18 20:05:00+00:00,3199795,60651,2321,1875,32.3472,0.030914576841272197,2.0265985789714653
SSSniperWolf,Try Not To Say Wow Challenge (Impossible),2023-02-19 19:00:53+00:00,5305027,74887,7893,3027,24.739676247109347,0.04042090082390802,1.6174658489014289
SSSniperWolf,TikToks Where You Have To Trust The Process,2023-02-22 23:37:24+00:00,2364505,50751,1650,1489,34.08394895903291,0.029339323363086443,2.279123960406089
SSSniperWolf,TikToks That Passed The Vibe Check,2023-02-23 22:20:42+00:00,3400094,63130,2242,1425,44.30175438596491,0.022572469507365755,1.9645633326608027
SSSniperWolf,People With Unique Features On Tik Tok,2023-02-24 21:43:47+00:00,3250364,54834,3280,1345,40.768773234200744,0.024528577160156106,1.8293028103929285
SSSniperWolf,TikToks I Watch On The Toilet,2023-02-25 19:19:46+00:00,5079687,82935,3305,2391,34.68632371392723,0.028829806474950263,1.7448122295724127
SSSniperWolf,Girl Gets Catfished By A Nerd,2023-02-27 22:18:47+00:00,4024214,64675,2510,1951,33.14966683751922,0.030166215693853884,1.7180000864765146
SSSniperWolf,Creepy TikToks You Should Not Watch At 3AM,2023-02-28 21:15:01+00:00,4238371,58941,2849,3154,18.687698161065313,0.053511138256900966,1.5322868149107287
SSSniperWolf,People Who Beat The System,2023-03-02 21:31:15+00:00,3703161,61776,1529,1834,33.68375136314068,0.02968790468790469,1.7590107478448815
SSSniperWolf,Crazy Karens That Went Too Far,2023-03-03 22:20:09+00:00,4447774,80324,3665,1659,48.41711874623267,0.020653851899805786,1.925637408735246
SSSniperWolf,Random Acts Of Kindness That Restored Faith In Humanity,2023-03-04 20:20:51+00:00,1950087,52380,1856,1309,40.01527883880825,0.02499045437189767,2.8483344589241404
SSSniperWolf,Trying Weird Vending Machines In Japan,2023-03-05 18:33:05+00:00,1654139,61447,3085,1848,33.250541125541126,0.030074698520676357,4.012963844030036
SSSniperWolf,Dumbest People On The Internet!,2023-03-07 21:26:07+00:00,6298555,87674,3479,3588,24.435340022296543,0.04092433332572941,1.5041704009887982
SSSniperWolf,Gender Reveal Fails,2023-03-09 22:12:20+00:00,5239060,64484,2487,1408,45.79829545454545,0.021834873767136033,1.3051768828759358
SSSniperWolf,Genius Inventions And Gadgets TikTok Made Me Buy,2023-03-10 21:42:24+00:00,5723600,74850,2371,2630,28.460076045627375,0.03513694054776219,1.3951184569152282
SSSniperWolf,You Laugh You Lose But Its Actually Funny,2023-03-11 19:15:00+00:00,7852102,108270,5173,5120,21.146484375,0.047289184446291675,1.5099523668948773
SSSniperWolf,Trying Expensive Fruit From Japan,2023-03-12 21:18:34+00:00,1842333,51241,3230,1615,31.728173374613004,0.03151772994281923,3.0442922099316467
SSSniperWolf,Rich Woman Shames Man For Tattos,2023-03-13 20:00:16+00:00,4413746,62247,2660,2122,29.334118755890668,0.034089996305042815,1.5186419880074657
SSSniperWolf,Tik Toks That Feel ILLEGAL To Watch,2023-03-14 21:15:00+00:00,4754910,64537,2621,2148,30.0451582867784,0.03328323287416521,1.4575670201959658
SSSniperWolf,People Who Got What They Deserve (Instant Karma),2023-03-16 21:26:37+00:00,3215890,63652,2618,2216,28.723826714801444,0.03481430277131905,2.129612642223459
SSSniperWolf,TikToks That Are Actually Relatable,2023-03-17 21:33:04+00:00,6084148,91350,3037,2429,37.60806916426513,0.026590038314176244,1.591282789307558
SSSniperWolf,People Who Got Caught In 4k,2023-03-18 20:03:06+00:00,4053383,66541,2132,3031,21.95348069943913,0.04555086337746653,1.7689914819300323
SSSniperWolf,Most Oddly Satisfying Video to watch before sleep,2023-03-19 19:15:00+00:00,7254390,89268,3585,3249,27.475530932594644,0.03639602097056056,1.3247426730572798
SSSniperWolf,Girl Gets Fat Shamed On Airplane,2023-03-20 21:03:26+00:00,4395498,70219,3440,2783,25.231404958677686,0.03963314772355061,1.7390975948572835
SSSniperWolf,All Your Pain In A Video,2023-03-21 22:32:40+00:00,6161543,77560,4266,2378,32.61564339781329,0.030660134089736977,1.366605734959571
SSSniperWolf,Try Not To Say Cringe (Impossible),2023-03-23 23:40:17+00:00,2709740,51667,2274,1918,26.937956204379564,0.03712234114618616,2.0614154863566245
SSSniperWolf,Close Calls That Could Have Ended In Disaster,2023-03-24 20:15:02+00:00,2623161,54715,1723,1594,34.32559598494354,0.029132778945444575,2.2122927262184824
SSSniperWolf,Trying TikTok Life Hacks to see if they work,2023-03-25 18:16:06+00:00,3879207,69681,4193,3046,22.876231122783977,0.043713494352836495,1.9828794905762954
SSSniperWolf,Creative People On Another Level,2023-03-26 18:30:43+00:00,2793399,56966,2260,2214,25.729900632339657,0.03886528806656602,2.1994709670906305
SSSniperWolf,Taxi Driver Kicks Out Pregnant Women,2023-03-27 21:15:00+00:00,4577192,68501,3212,2462,27.82331437855402,0.03594108115209997,1.620535035454051
SSSniperWolf,School Tik Toks I Watch Instead Of Doing Homework,2023-03-28 23:15:00+00:00,4693529,79589,2180,1910,41.669633507853405,0.023998291221148653,1.782858910640586
SSSniperWolf,Weird Beds That Aren't Just For Sleeping,2023-03-30 19:03:00+00:00,3543128,64104,2757,1604,39.96508728179551,0.02502183951079496,1.9323321088032945
SSSniperWolf,Tik Toks With A Crazy Plot Twist,2023-03-31 20:05:00+00:00,4343317,77322,2453,2342,33.01537147736977,0.030288921652311115,1.890651776050424
SSSniperWolf,Tik Toks That Live In My Head RENT FREE,2023-04-01 19:15:02+00:00,4245107,74932,2890,2146,34.9170549860205,0.028639299631666042,1.883768771906103
SSSniperWolf,Cool Things You've Never Seen Before,2023-04-02 18:11:51+00:00,4457080,71494,3342,2745,26.045173041894355,0.038394830335412765,1.740623906234575
SSSniperWolf,Bad Kids Gets Military Babysitter,2023-04-03 21:30:07+00:00,3413807,55208,3581,2117,26.078412848370334,0.03834589189972468,1.7841078889345532
SSSniperWolf,Once You see it You Can't Unsee it,2023-04-05 20:15:02+00:00,3062995,58939,2590,1248,47.22676282051282,0.02117443458490982,2.049529953525879
SSSniperWolf,Wholesome Tik Toks That Will Make You Smile,2023-04-07 19:05:00+00:00,2580003,58699,2292,1733,33.87132140796307,0.029523501252150804,2.431159963767484
SSSniperWolf,Tik Tok Pranks That Went Too Far,2023-04-08 18:15:02+00:00,3707449,63722,1999,1935,32.9312661498708,0.030366278522331376,1.824866640107524
SSSniperWolf,Try Not To Get Uncomfortable Challenge (Impossible),2023-04-09 20:15:01+00:00,2752046,59278,2460,3003,19.73959373959374,0.05065960390026654,2.3524679456666058
SSSniperWolf,Dumb Life Hacks That Will Make You Lose Braincells,2023-04-10 19:30:04+00:00,7837870,96456,4045,3651,26.419063270336895,0.037851455585966656,1.3288304092821137
SSSniperWolf,People Who Didn't Get What They Expected,2023-04-12 21:05:00+00:00,5006514,70835,3506,3069,23.08080808080808,0.043326039387308536,1.546185629362067
SSSniperWolf,Cool Things I Learned On TikTok,2023-04-13 23:42:00+00:00,3395178,55679,2101,1398,39.82761087267525,0.025108209558361322,1.7430013978648542
SSSniperWolf,Amazing Hair Transformations On TikTok You Won't Believe,2023-04-14 21:30:50+00:00,3139664,54722,2419,2285,23.94835886214442,0.041756514747268006,1.8927503070392246
SSSniperWolf,This Video Will Ruin Your Childhood!,2023-04-15 18:05:00+00:00,4049969,70043,5308,2503,27.983619656412305,0.03573519123966706,1.9223357018288287
SSSniperWolf,Try Not To Say Wow Challenge (Impossible),2023-04-16 19:05:00+00:00,4372811,63386,2568,3511,18.053545998291085,0.05539078029848862,1.5885662563508918
SSSniperWolf,Famous TikToker Wants Free Meal At Restaurant,2023-04-17 21:05:00+00:00,5545921,78073,2954,3810,20.491601049868766,0.04880048160055333,1.5297188690570962
SSSniperWolf,People Who Had One Job...,2023-04-18 20:33:29+00:00,3513645,60035,2649,1704,35.23180751173709,0.02838344299158824,1.832512960188067
SSSniperWolf,Dumbest People On The Internet,2023-04-20 20:19:01+00:00,4514516,74103,3066,2791,26.550698674310283,0.037663792289111105,1.7711754704158762
SSSniperWolf,TikToks I Watch Instead Of Sleeping,2023-04-21 20:05:00+00:00,3795481,64598,2702,2404,26.871048252911812,0.0372147744512214,1.8364997743369023
SSSniperWolf,Crazy Karens That Went Too Far,2023-04-22 16:05:00+00:00,7873823,97698,5955,6537,14.945387792565397,0.06691027451943744,1.3994472570694059
SSSniperWolf,I Found Her In My Kitchen At 3am (Alternate Watch),2023-04-23 16:06:46+00:00,8820985,81196,6008,4343,18.69583237393507,0.053487856544657375,1.0378319428045735
SSSniperWolf,Dad Ruins Gender Reveal Party,2023-04-24 21:15:02+00:00,4196262,64334,4448,4402,14.61472058155384,0.06842416140765381,1.7440283757305906
SSSniperWolf,Weird Things You Can't Explain,2023-04-25 21:32:00+00:00,2576256,49759,2386,2474,20.112772837510104,0.049719648706766616,2.120092102648184
SSSniperWolf,Cursed Tik Toks I Regret Watching At 3AM,2023-04-28 00:03:00+00:00,2272359,45807,1868,2622,17.47025171624714,0.05724015980090379,2.213426663656579
SSSniperWolf,TikToks Only Girls Understand,2023-04-28 21:05:00+00:00,7087235,96594,3666,5276,18.308188021228204,0.054620369795225374,1.489099768809698
SSSniperWolf,Cool Things I Learned On TikTok,2023-04-29 17:05:00+00:00,3647082,55408,2093,2901,19.099620820406756,0.052357060352295696,1.656173346253251
SSSniperWolf,Creative People On Another Level,2023-04-30 18:05:00+00:00,2869136,53257,2077,3627,14.683484973807554,0.06810372345419381,2.055008894663759
SSSniperWolf,Rich Man Is Ungrateful For What He Has,2023-05-01 21:04:06+00:00,2507453,47497,2230,2960,16.046283783783785,0.062319725456344614,2.1012158552922027
SSSniperWolf,Funniest Kids On TikTok,2023-05-02 21:34:47+00:00,6349598,77420,3949,4707,16.44784363713618,0.0607982433479721,1.355613378988717
SSSniperWolf,Do NOT Trust Spongebob,2023-05-04 20:21:19+00:00,1645144,33592,2222,2754,12.197530864197532,0.08198380566801619,2.344354050466099
SSSniperWolf,People Having A Very BAD Day,2023-05-05 19:26:03+00:00,3280779,53479,2374,3268,16.364443084455324,0.06110809850595561,1.8020415273323807
SSSniperWolf,TikToks That Feel Illegal To Watch,2023-05-06 18:03:01+00:00,2528834,43600,2443,1897,22.98365840801265,0.04350917431192661,1.8957353468041
SSSniperWolf,Cool Inventions And Gadgets TikTok Made Me Buy,2023-05-07 18:12:41+00:00,3883342,61855,2110,3705,16.695006747638327,0.059898148896613046,1.7425712182959936
SSSniperWolf,Disabled Janitor Gets Bullied At Work,2023-05-08 19:05:00+00:00,2049398,39364,1684,2776,14.180115273775217,0.07052128848694239,2.1383840522924293
SSSniperWolf,Funniest Karen Freakouts,2023-05-09 19:23:29+00:00,6269244,83396,4492,5447,15.310446117128695,0.06531488320782772,1.4887759991475846
SSSniperWolf,Weird Things You Have Never Seen Before On TikTok,2023-05-11 20:10:39+00:00,2637980,49145,1768,2601,18.894655901576318,0.0529250178044562,2.028597639102647
SSSniperWolf,TikToks That Are Actually Relatable!,2023-05-12 20:15:01+00:00,5091721,79928,2372,5911,13.521908306547116,0.07395405865278751,1.73243977822037
SSSniperWolf,TikToks Where Their Life Flashed Before Their Eyes,2023-05-13 18:05:00+00:00,3608814,62715,2498,2249,27.885726989773232,0.035860639400462406,1.8693676094140625
SSSniperWolf,Most Oddly Satisfying Video to watch before sleep,2023-05-14 19:05:00+00:00,5142319,59334,2761,5230,11.34493307839388,0.0881450770216065,1.3092342190361974
SSSniperWolf,No One Comes To Disabled Kids Birthday Party,2023-05-15 19:27:11+00:00,2469312,49262,2628,2513,19.602865101472343,0.05101295115910844,2.2031642821968225
SSSniperWolf,Dumb Life Hacks That Will Make My Brain Hurt,2023-05-16 23:33:44+00:00,2266893,45723,1572,3374,13.5515708358032,0.07379218336504603,2.2351738701385555
SSSniperWolf,Prom Dress Fails,2023-05-17 19:00:32+00:00,4248195,70042,7227,9107,7.691006917755573,0.13002198680791524,2.0332399995762906
SSSniperWolf,People Who Got Caught In 4k,2023-05-19 21:26:13+00:00,4307832,63055,2308,3642,17.313289401427788,0.05775909919911189,1.6018498400123309
SSSniperWolf,Trying Weird Food Combinations,2023-05-20 17:12:44+00:00,3179371,79774,5655,4354,18.322002756086356,0.05457918620101788,2.8239233483604145
SSSniperWolf,Creative People On Another Level,2023-05-21 16:39:39+00:00,4554049,59047,2668,5511,10.714389403012158,0.09333243009805747,1.4761808667407839
SSSniperWolf,I Have The Worst Best Friend (Animated Story Time),2023-05-22 20:09:49+00:00,4301250,63167,3399,4300,14.69,0.06807351940095303,1.6475675675675676
SSSniperWolf,Wholesome Tik Toks That Will Make Your Day,2023-05-23 21:05:00+00:00,2380516,49742,2054,3335,14.915142428785607,0.06704595713883639,2.315926463002139
SSSniperWolf,Trying Peanuts In The SHELL,2023-05-24 21:32:32+00:00,5924502,229419,3408,23448,9.784160696008188,0.102206007348999,4.325680031840651
SSSniperWolf,Spoiled Girl Thinks She Is Beyonce,2023-05-25 21:01:19+00:00,5600042,66566,3450,7825,8.506837060702875,0.117552504281465,1.3900074320871165
SSSniperWolf,People Who Got LUCKY With Food,2023-05-26 22:31:26+00:00,5248216,66212,2262,7621,8.688098674714604,0.11509998187639703,1.4499212684843765
SSSniperWolf,Pranks That Went Too Far,2023-05-27 18:05:01+00:00,2652742,47616,1559,3964,12.012108980827447,0.08324932795698925,2.0031725663483293
SSSniperWolf,Sssniperwolf Room Tour in my New House,2023-05-28 19:05:00+00:00,1654614,54805,3937,7493,7.314159882557053,0.13672110208922544,4.003048445135844
SSSniperWolf,Famous TikToker Saves Dying Business,2023-05-29 20:04:04+00:00,3127550,53533,2295,5153,10.388705608383466,0.09625838267984234,1.9498009624146697
SSSniperWolf,Fast Workers Doing Their Job Perfectly,2023-05-30 22:35:01+00:00,2040359,43981,1734,4316,10.190222428174236,0.09813328482753916,2.4520684840265856
SSSniperWolf,TikToks That Make Me Bombastic Side Eye,2023-06-01 21:24:04+00:00,2686721,53662,2514,4443,12.07787530947558,0.08279601952964855,2.2562446938107827
SSSniperWolf,How Things Are Actually Made,2023-06-02 19:14:18+00:00,2882469,55129,1826,4383,12.577914670317135,0.0795044350523318,2.1279673779665975
SSSniperWolf,All Your Pain In One Video,2023-06-03 18:05:00+00:00,3430196,68075,3458,6031,11.287514508373404,0.08859346309217775,2.261211895763391
SSSniperWolf,Dumb People On The Internet,2023-06-04 18:35:00+00:00,6468542,75729,2622,7162,10.573722423903938,0.09457407334046403,1.3219826044261596
SSSniperWolf,My Brothers Won't Let Me Date Until 18,2023-06-05 18:37:42+00:00,4816743,74601,4504,5294,14.09161314695882,0.07096419619039959,1.7522006052637644
SSSniperWolf,This Game Will Ruin Your Day,2023-06-06 20:05:00+00:00,2437432,48184,4893,5885,8.187595581988106,0.12213597874813216,2.4190213306463524
SSSniperWolf,Karen Thinks She Owns The Gym,2023-06-07 20:15:46+00:00,4119288,73762,3355,8475,8.703480825958701,0.11489655920392614,2.0778348102876034
SSSniperWolf,Parents Having A Very Bad Day,2023-06-09 20:35:00+00:00,2431353,46280,2480,2534,18.263614838200475,0.054753673292999135,2.1096895432296336
SSSniperWolf,TikToks That Are Actually Relatable,2023-06-10 17:32:00+00:00,3273635,63435,2206,5284,12.005109765329296,0.08329786395522976,2.166551860546457
SSSniperWolf,Do NOT Play This Game Home Alone,2023-06-11 17:17:05+00:00,2697943,45400,3184,5944,7.637954239569313,0.1309251101321586,2.0210953307760766
SSSniperWolf,Mean Girl Rejects Autistic Girl... and Regrets It!,2023-06-12 21:31:00+00:00,4452565,65411,4327,5929,11.03238320121437,0.09064224671691305,1.6994024792451095
SSSniperWolf,This Game Will TRAUMATIZE You,2023-06-13 19:05:00+00:00,3944354,173465,2257,27050,6.41275415896488,0.15593923846309055,5.1408164682987385
SSSniperWolf,TikToks Only Girls Will Understand,2023-06-13 22:21:36+00:00,4819160,80160,2480,6523,12.288824160662273,0.081374750499002,1.850177209306186
SSSniperWolf,Cool Gadgets TikTok Made Me Buy,2023-06-15 23:30:55+00:00,3479526,50844,1917,6960,7.305172413793104,0.13688930847297617,1.7163544689707735
SSSniperWolf,A Quiz So Scary You Can't Finish It,2023-06-16 20:14:03+00:00,3032701,46814,5705,4958,9.442113755546591,0.10590848891357287,1.8952412387505395
SSSniperWolf,Weirdest Nail Art That Should NOT Exist,2023-06-17 18:38:23+00:00,2401150,39519,1753,5249,7.528862640502953,0.1328221867962246,1.9374466401515942
SSSniperWolf,Creative People On Another Level,2023-06-18 17:12:58+00:00,2455088,43798,1774,5025,8.716019900497512,0.11473126626786612,2.060903723206663
SSSniperWolf,My Ex Ruined My Wedding Day,2023-06-19 20:34:22+00:00,4428183,60506,3103,12844,4.710837745250701,0.21227646844940998,1.726509496107094
SSSniperWolf,Don't Go Downstairs At 1AM....,2023-06-20 22:02:48+00:00,2803511,42793,2955,7146,5.9883851105513575,0.16698992825929473,1.8867056344704907
SSSniperWolf,Testing VIRAL TikTok Life Hacks to see if they work!,2023-06-21 20:44:51+00:00,25259567,889382,4465,123950,7.175328761597418,0.1393664364693686,4.029352522155269
SSSniperWolf,People Who Got Stuck In Weird Places,2023-06-22 23:01:00+00:00,3314342,44454,2261,5777,7.694997403496624,0.12995455976964954,1.5837834478155848
SSSniperWolf,TikToks That Made Me Cringe,2023-06-23 20:30:38+00:00,7981637,97523,5411,15080,6.467042440318302,0.15463018980138019,1.4785688700200224
SSSniperWolf,Funniest Kids and Parents On TikTok,2023-06-24 17:35:00+00:00,8622244,88968,4273,12764,6.970228768411157,0.14346731409045949,1.229436327712368
SSSniperWolf,Most Oddly Satisfying Video to watch before sleep,2023-06-25 18:18:00+00:00,2783789,47703,2217,7357,6.484028816093517,0.1542251011466784,2.0575194456189028
SSSniperWolf,Dad Doesn't Let Daughter Wear Crop Tops,2023-06-26 21:05:00+00:00,7997845,93121,7285,18586,5.010276552243624,0.19958978103757477,1.487800776334125
SSSniperWolf,Try Not To Get Uncomfortable Challenge (Impossible),2023-06-27 20:03:00+00:00,2451216,42621,2819,21722,1.9621121443697633,0.5096548649726661,2.7399462144502973
SSSniperWolf,I Created An AI Of Myself - SSSniperWolf AI,2023-06-28 21:05:00+00:00,2847668,59022,3818,24518,2.4072926013541074,0.4154044254684694,3.0677031170768503
SSSniperWolf,Wholesome TikToks That Will Make Your Day,2023-06-29 21:16:43+00:00,2130193,44876,1890,16618,2.700445300276808,0.3703092967287637,2.9755050363981104
SSSniperWolf,TikToks That Will Unlock A New Fear,2023-06-30 21:02:38+00:00,7985661,66487,4530,28548,2.3289547428891693,0.4293771714771309,1.2467972281818624
SSSniperWolf,Summer Life Hacks You Need To Try,2023-07-01 18:05:00+00:00,3025837,46433,2059,24458,1.898479025267806,0.526737449658648,2.4109031649755095
SSSniperWolf,TikToks Where You Have To Trust The Process,2023-07-02 18:17:31+00:00,3632670,58122,2332,45769,1.269898839826083,0.7874642992326486,2.924102657274126
SSSniperWolf,OG Fortnite Snipes,2023-07-04 01:28:07+00:00,1390187,53339,1089,9085,5.871106219042377,0.17032565289937945,4.568665942063909
SSSniperWolf,I Only Date Psychos,2023-07-04 18:05:57+00:00,3183819,53895,3495,20719,2.6012355808678027,0.3844326931997402,2.453311573302377
SSSniperWolf,Cool Things I Learned On TikTok,2023-07-05 23:05:02+00:00,1886231,39955,1810,12472,3.203576010262989,0.3121511700663246,2.875416637728889
SSSniperWolf,People With Unique Features On TikTok,2023-07-06 21:17:30+00:00,2454035,40288,2347,13243,3.042210979385336,0.32870830023828435,2.27698463958338
SSSniperWolf,TikToks I watch when I’m Bored,2023-07-07 21:05:29+00:00,2722161,53254,2615,13214,4.030119570152868,0.24813159574867616,2.5377999317454036
SSSniperWolf,Dumb People On TikTok,2023-07-08 18:05:00+00:00,3878259,58518,2343,15895,3.681535073922617,0.27162582453262246,1.9791354832155355
SSSniperWolf,TikToks With A Crazy Plot Twist,2023-07-09 19:05:00+00:00,3220051,54019,2394,12921,4.180713567061373,0.23919361706066383,2.1531957102542783
SSSniperWolf,Funniest Design Fails Ever!,2023-07-10 18:13:35+00:00,8568516,277414,2419,56688,4.893698842788597,0.2043444094386008,3.927412868225957
SSSniperWolf,I Have Too Many Sisters...,2023-07-10 21:18:41+00:00,4652486,64168,4199,26767,2.397280233122875,0.41713938411669366,2.0447992750542396
SSSniperWolf,Karens Who Need To Be Stopped,2023-07-11 23:09:46+00:00,5081640,70759,5041,23216,3.047854927636113,0.32809960570386804,1.9485048134066953
SSSniperWolf,Gender Reveal FAIL,2023-07-12 23:03:00+00:00,3852924,167751,3796,25249,6.6438670838449045,0.1505147510298001,5.107705212975911
SSSniperWolf,Crazy TikTok Coincidences You Won't Believe,2023-07-13 18:16:12+00:00,2569276,48187,2309,15544,3.1000386001029336,0.322576628551269,2.5703739107826484
SSSniperWolf,People Who Only Had One Job,2023-07-14 18:42:30+00:00,4315393,58410,3651,19361,3.016889623469862,0.331467214518062,1.8867806477880462
SSSniperWolf,If It Were Not Filmed No One Would Believe It,2023-07-15 18:03:00+00:00,2528839,50016,2174,17773,2.8141563045068363,0.35534628918746003,2.766605545074242
SSSniperWolf,Funny TikToks That Will Make You LAUGH,2023-07-15 20:15:00+00:00,8129597,381912,2131,84226,4.5343718091800636,0.22053771549466894,5.760051820526897
SSSniperWolf,Creative People On Another Level,2023-07-16 18:05:00+00:00,2486127,43468,2402,48282,0.9002941054637339,1.1107481365602283,3.7870953495135202
SSSniperWolf,I Failed The EASIEST Test,2023-07-17 01:41:01+00:00,1773636,77591,1457,18755,4.137083444414823,0.24171617842275522,5.51426561030561
SSSniperWolf,Mean Girl Leaks Diary To School,2023-07-17 18:19:51+00:00,3772103,57010,3227,28540,1.9975473020322354,0.5006139273811612,2.3535147370047955
SSSniperWolf,Asking The SSSniperWolf AI About GTA5,2023-07-18 01:08:52+00:00,1614601,68887,393,14249,4.83451470278616,0.20684599416435612,5.173352425769587
SSSniperWolf,Cursed TikToks That Will Make You Cringe!,2023-07-18 19:15:01+00:00,1921893,38395,2039,31510,1.2185020628371945,0.8206797760125016,3.7433925822093115
SSSniperWolf,SSSniperWolf AI Thinks She's Real,2023-07-18 22:05:00+00:00,13258971,541012,3285,91725,5.8981956936494955,0.1695433742689626,4.796918252555195
SSSniperWolf,Can You Blow A Water Bottle Over!?,2023-07-20 00:00:52+00:00,1800902,69158,752,19567,3.5344201972709155,0.28293183724225685,4.968454696590931
SSSniperWolf,People Who Didn't Get What They Expected,2023-07-20 22:22:56+00:00,2401306,43171,2664,56831,0.759638225616301,1.3164161126682263,4.275423457068778
SSSniperWolf,Cool Things You've Probably Never Seen Before,2023-07-21 19:10:25+00:00,1982841,37291,1851,49564,0.7523807602291986,1.3291142634952133,4.47368195432715
SSSniperWolf,Starbucks got YEETED,2023-07-22 00:35:00+00:00,2778898,117693,885,46570,2.5272278290745116,0.39569048286644065,5.942931334651362
SSSniperWolf,Most Unlucky People Ever On TikTok,2023-07-22 18:33:48+00:00,2881168,42821,2157,56163,0.7624414650214554,1.3115760958408258,3.5104166088197566
SSSniperWolf,Trying Slime VS Crumbs Life Hack,2023-07-23 02:03:54+00:00,12840040,436871,2254,83451,5.235060095145655,0.19101977471610612,4.069893863258993
SSSniperWolf,SUS Cartoon Moments That Will Ruin Your Childhood,2023-07-23 17:15:01+00:00,2689613,55273,3331,78690,0.7024145380607447,1.4236607385160929,5.1046005503393985
SSSniperWolf,Trying Thumb Life Hack To Unlock Any iPhone,2023-07-24 03:22:40+00:00,14103118,578357,5355,152621,3.789498168666173,0.2638871838674037,5.221065299177104
SSSniperWolf,This Girl Thinks She's Wednesday Adams,2023-07-24 18:19:56+00:00,5043249,75312,6006,156117,0.48240742520033053,2.072936583811345,4.70797694105526
SSSniperWolf,People Who Got What They Deserve (Instant Karma),2023-07-26 19:26:26+00:00,1249577,36430,2378,142409,0.25581248376156,3.9091133681032115,14.50226756734479
SSSniperWolf,CEO of Changing His Identity!,2023-07-27 02:06:05+00:00,3159306,160263,642,123928,1.293194435478665,0.7732789227706957,9.015682558131438
SSSniperWolf,The Most Jealous Girlfriend,2023-07-27 18:17:33+00:00,1258291,34428,2795,142398,0.24177305861037374,4.1361101429069365,14.274996801216888
SSSniperWolf,TikToks That Will Make You Cringe,2023-07-28 17:35:01+00:00,3979921,81890,3960,242157,0.33816903909447177,2.9571009891317623,8.241545498013654
SSSniperWolf,People Having A Very Bad Day,2023-07-29 17:15:00+00:00,1526065,35229,2564,128265,0.2746579347444743,3.6408924465639103,10.88145000376786
SSSniperWolf,Trying Splinter Remover Life Hack,2023-07-29 22:57:24+00:00,31828773,848221,2502,300580,2.821947568035132,0.35436519491972024,3.6171768229959733
SSSniperWolf,Most Oddly Satisfying Video to watch before sleep,2023-07-30 17:05:00+00:00,3206583,43212,2286,151988,0.2843119193620549,3.517263723039896,6.15876775994883
SSSniperWolf,Rich Girl Forced To Get A Real Job,2023-07-31 18:22:58+00:00,3332313,57437,3029,156943,0.365973633739638,2.732437279105803,6.524267078152622
SSSniperWolf,Cute Animals on TikTok That Will Make You Laugh,2023-08-01 20:41:12+00:00,1842579,42664,2466,180595,0.23624131343614163,4.232959872492031,12.250492380516656
SSSniperWolf,Trying The Basketball Drink Challenge!,2023-08-03 02:09:58+00:00,2746040,150165,824,68716,2.1852989114616683,0.45760330303333,8.00079387044617
SSSniperWolf,People Who Have Way Too Much Free Time,2023-08-03 20:38:01+00:00,2286313,41596,2385,125577,0.33123900077243446,3.0189681700163478,7.416219913896303
SSSniperWolf,People Who Let The Intrusive Thoughts WIN,2023-08-04 18:04:55+00:00,1083684,35153,3277,1991,17.655951783023607,0.05663812476886752,3.7299618708036655
SSSniperWolf,Try Not To Say Wow Challenge (Impossible),2023-08-05 17:15:02+00:00,2255845,38038,2864,162571,0.23397776971292544,4.27391030022609,9.019812974738956
SSSniperWolf,Entitled Girl Refuses To Pay On Date,2023-08-07 18:36:07+00:00,1765715,39568,2967,173095,0.22859123602645945,4.37462090578245,12.212050076031522
SSSniperWolf,The Coolest Houses On TikTok,2023-08-09 21:19:40+00:00,1592145,37308,2539,124008,0.3008515579640023,3.323898359601158,10.29146214697782
SSSniperWolf,People Who Got Caught LYING On The Internet,2023-08-10 20:05:00+00:00,2085389,44878,2245,121714,0.3687168279737746,2.712108382726503,8.096187330037704
SSSniperWolf,Man Spends $20000 to look like DOG,2023-08-11 22:14:50+00:00,1397171,29824,2140,71047,0.4197784565147015,2.382208959227468,7.372826948168836
SSSniperWolf,Don't Go On Omegle At 3AM,2023-08-12 19:06:16+00:00,1933130,49487,3129,36181,1.3677620850722756,0.7311213045850425,4.5934313781277
SSSniperWolf,The Best and Worst Gender Reveal Fails,2023-08-13 19:05:00+00:00,1072673,30150,1649,83716,0.3601462086100626,2.7766500829187395,10.768892290567582
SSSniperWolf,Fake Pregnant Woman Kicked Off Plane,2023-08-14 20:02:05+00:00,2840979,44548,2617,99826,0.4462564862861379,2.240863787375415,5.173955879293722
SSSniperWolf,Weird TikToks I Can't Explain,2023-08-15 20:32:44+00:00,3419688,51562,3509,98163,0.5252691951142487,1.9037857336798418,4.480935102851488
SSSniperWolf,Cool Things You've Probably Never Seen Before,2023-08-16 17:31:26+00:00,1911130,34814,2320,136779,0.2545273762785223,3.928850462457632,9.100008895260919
SSSniperWolf,TikToks That Are Actually Relatable,2023-08-18 18:33:32+00:00,2874945,54906,2937,129626,0.4235724314566522,2.360871307325247,6.5207856150291565
SSSniperWolf,Karens Who Got What They Deserved,2023-08-19 17:36:13+00:00,12120820,122284,8560,168756,0.7246201616535116,1.3800333649537142,2.471779962081773
SSSniperWolf,NPC TikTok Streamer Breaks Character,2023-08-20 19:05:00+00:00,1881473,49151,1963,94751,0.5187385885109392,1.9277532501881955,7.752702271039764
SSSniperWolf,The Worlds Cheapest Proposal,2023-08-21 21:15:45+00:00,2620897,52230,3739,107895,0.4840817461420826,2.065766800689259,6.252210598127282
SSSniperWolf,Try Not To Say WOW,2023-08-23 02:05:00+00:00,1761250,68163,783,75414,0.9038507438937068,1.1063773601514018,8.196451383960255
SSSniperWolf,Creative People On Another Level,2023-08-23 18:36:46+00:00,1161529,29521,1873,84490,0.3494022961297195,2.8620304190237458,9.97684948029709
SSSniperWolf,Wholesome TikToks That Will Make You Smile,2023-08-24 19:28:42+00:00,1146856,30594,1671,81383,0.37592617622845065,2.6600967509969276,9.909526566543663
SSSniperWolf,Trying TikTok Life Hacks to see if they work,2023-08-25 18:05:00+00:00,8402157,90040,6946,120591,0.7466560522758746,1.3393047534429143,2.589537424735101
SSSniperWolf,I Bought Viral Products From TikTok Shop,2023-08-26 19:24:28+00:00,4619448,75776,5065,67072,1.1297709923664123,0.8851351351351351,3.2019626587419103
SSSniperWolf,Cool Inventions And Gadgets on TikTok!,2023-08-27 19:36:31+00:00,2089831,34987,1779,66592,0.525393440653532,1.9033355246234316,4.945758771881554
SSSniperWolf,Dying Man Adopts Terminally ill Child,2023-08-28 19:05:32+00:00,2000692,38989,3443,76716,0.508225142082486,1.9676318961758446,5.955339452549418
SSSniperWolf,Annoying Things We Can All Relate To,2023-08-30 18:18:18+00:00,1864406,36561,1471,72263,0.5059435672474157,1.976505019009327,5.915825201163266
SSSniperWolf,Don't Talk To Strangers On Omegle,2023-08-31 22:15:02+00:00,1137972,32215,2036,37443,0.8603744358090964,1.1622846500077604,6.300155012601365
SSSniperWolf,People On TikTok That Will Make You CRINGE,2023-09-01 18:33:00+00:00,2798868,47121,2976,174364,0.2702450047028056,3.7003459179559006,8.019706538500564
SSSniperWolf,Most Oddly Satisfying Video to watch before sleep,2023-09-03 17:47:06+00:00,4060590,49303,3267,80913,0.6093334816407746,1.6411374561385716,3.287280912379728
SSSniperWolf,I Had Amnesia and Woke Up Married To A Billionaire,2023-09-04 18:15:00+00:00,2859097,44538,2456,111855,0.39817621027222744,2.511450895864206,5.555915031913923
SSSniperWolf,TikToks That Give Me Second Hand Embarrassment,2023-09-05 23:05:00+00:00,4123538,58733,2711,89545,0.655904852308895,1.524611376909063,3.6616371669183114
SSSniperWolf,People Who Got Caught In 4k!,2023-09-06 22:15:02+00:00,4893732,64383,3298,137895,0.46689872729250514,2.1417920879735335,4.200802168978603
SSSniperWolf,Rude Student Gets Kicked Out Of School,2023-09-08 21:30:05+00:00,1861419,42141,2538,79622,0.5292632689457688,1.8894188557461855,6.677754981549022
SSSniperWolf,Karens That Should Not Be Allowed Outside,2023-09-09 18:07:00+00:00,2754631,47036,2242,77437,0.6074098944948797,1.646334722340335,4.600071661140821
SSSniperWolf,How Things Are Actually Made,2023-09-10 17:15:01+00:00,2253791,44673,2143,88122,0.5069449172737795,1.972600899872406,5.98715675055939
SSSniperWolf,Strict Dad Won't Let His Son Socialize,2023-09-11 18:06:54+00:00,1812340,34863,1452,100172,0.3480313860160524,2.8733040759544504,7.530982045311586
SSSniperWolf,It Fell OFF,2023-09-12 16:03:00+00:00,25638240,643000,7860,288038,2.2323443434546832,0.44795956454121305,3.662100050549492
SSSniperWolf,People Who Got Roasted On The Internet,2023-09-12 21:29:27+00:00,1739407,40553,1736,127661,0.3176616194452495,3.1480038468177445,9.770571234909369
SSSniperWolf,The Hamster Got SUCKED UP,2023-09-14 18:13:42+00:00,6987226,231294,1434,215398,1.0737982711074383,0.9312736171279843,6.413503728088944
SSSniperWolf,TikToks That Feel ILLEGAL To Watch,2023-09-14 21:33:12+00:00,1274306,30398,1438,71423,0.42560519720538204,2.3495953681163235,8.103155756937502
SSSniperWolf,People Who Got Very Lucky,2023-09-15 20:37:13+00:00,1247589,31727,1775,80275,0.39522890065400185,2.5301793425158383,9.119750174135874
SSSniperWolf,TikToks That Unlock A New Fear,2023-09-16 20:03:00+00:00,1306115,35367,2175,1147,30.83435047951177,0.03243136256962705,2.962143455974397
SSSniperWolf,Dumbest People On TikTok,2023-09-17 19:12:10+00:00,2267562,37099,2729,84460,0.43924934880416766,2.276611229413192,5.4811290716637515
SSSniperWolf,Dumb Parents Trade Kids,2023-09-18 21:19:34+00:00,2795159,44410,1843,117483,0.37801213792633825,2.6454176987165052,5.8578420762468255
SSSniperWolf,Cool Things You've Never Seen Before On TikTok,2023-09-19 23:17:03+00:00,1675720,31402,1953,95247,0.3296901739687339,3.033150754728998,7.674432482753682
SSSniperWolf,the messiest rooms on tiktok,2023-09-21 21:01:33+00:00,2183859,39199,2804,82388,0.47578530854007867,2.101788310926299,5.695926339566794
SSSniperWolf,School TikToks I Watch Instead Of Doing Homework,2023-09-22 19:30:47+00:00,2848100,43988,2593,111197,0.39558621185823356,2.5278939710830226,5.539763351005933
SSSniperWolf,People Who Didn't Get What They Expected,2023-09-23 18:07:00+00:00,2152049,36811,1729,96024,0.38335207864700493,2.6085680910597375,6.252831603741364
SSSniperWolf,Try Not To Get Uncomfortable Watching These TikToks!,2023-09-24 18:28:09+00:00,1845044,34314,2368,115259,0.29771210924960306,3.3589496998309727,8.235088160499153
SSSniperWolf,Spoiled Girl Only Wears Designer,2023-09-25 22:02:56+00:00,7346619,93476,7129,336049,0.2781618156875932,3.595029740254183,5.943604806510314
SSSniperWolf,Her Mic WASNT MUTED,2023-09-27 00:24:51+00:00,36058252,1365586,8236,490677,2.7830650305598184,0.3593160738320399,5.170796964866739
SSSniperWolf,TikToks Where You Have To Trust The Process,2023-09-27 20:05:00+00:00,2304540,38761,1662,147728,0.26238086212498646,3.8112535796290086,8.16436251920123
SSSniperWolf,Cool Things I Learned On TikTok,2023-09-29 20:05:01+00:00,1653641,30956,1494,158047,0.19586578675963479,5.105536891071198,11.519852253300444
SSSniperWolf,Trying TikTok Hacks to see if they work,2023-09-30 17:04:38+00:00,3901365,58183,4884,166776,0.34886914184295104,2.8664042761631405,5.891348284510678
SSSniperWolf,I watched the scariest videos on YouTube,2023-10-01 20:40:10+00:00,2584533,46841,3461,182756,0.25630348661603447,3.901624645075895,9.017412430021206
SSSniperWolf,Girl gets CATFISHED on VR game,2023-10-02 19:04:10+00:00,4414293,63791,3427,233188,0.2735603890423178,3.6554999921619036,6.805302683804632
SSSniperWolf,TikToks That Will Make You Cringe,2023-10-03 20:05:00+00:00,2646106,42585,2479,237963,0.17895639238032804,5.587953504755196,10.695981188962197
SSSniperWolf,You laugh you lose,2023-10-05 23:27:24+00:00,2385899,43867,2733,221028,0.1984680673941763,5.038593931657054,11.217071636309836
SSSniperWolf,creepy tiktoks I watch at 2am,2023-10-06 18:24:37+00:00,3191898,45339,3397,320250,0.14157377049180328,7.063455303381195,11.560081180538976
SSSniperWolf,I Bought Viral Items From TikTok Shop,2023-10-07 18:37:28+00:00,4108577,57805,4334,366205,0.15784874592100054,6.335178617766629,10.425604777517862
SSSniperWolf,TikToks that are ONLY for girls,2023-10-08 18:05:00+00:00,3242586,49092,3123,405200,0.12115498519249754,8.253890654281756,14.106487846428745
SSSniperWolf,kids try to break out of JAIL,2023-10-09 20:31:27+00:00,1728798,30831,7087,216017,0.14272487813459125,7.006486977392884,14.688529255586829
SSSniperWolf,the car is THIRSTY,2023-10-11 00:15:14+00:00,1560142,55945,818,141716,0.3947684100595557,2.533130753418536,12.721854805524114
SSSniperWolf,this is the SCARIEST MAZE,2023-10-12 23:22:09+00:00,4460280,119113,3973,337473,0.35295564385891615,2.8332171971153444,10.325786721909836
SSSniperWolf,TikToks that are ONLY for boys,2023-10-13 19:30:04+00:00,2126806,33252,4091,265839,0.1250832270660061,7.994677011909058,14.255272930394217
SSSniperWolf,the most CREATIVE people on the internet,2023-10-15 18:05:00+00:00,1701277,30108,10572,212644,0.14158875867647336,7.062707586023648,14.890226576859616
SSSniperWolf,mom wont feed HUNGRY kid,2023-10-16 22:40:54+00:00,3220473,48688,9946,402518,0.12095856582811204,8.26729378902399,14.319387245289745
SSSniperWolf,people having a very BAD day,2023-10-17 21:05:01+00:00,4818634,50608,16240,602176,0.08404187480072271,11.898830224470439,13.88410076382643
SSSniperWolf,the funniest kids on TikTok,2023-10-19 20:07:56+00:00,2778400,36717,25203,347289,0.10572462703972772,9.458534193970095,14.72822487762741
SSSniperWolf,asking strangers on omegle what their SECRET is,2023-10-21 02:01:00+00:00,1735253,60390,3053,198755,0.30384141279464666,3.291190594469283,15.110073286143288
SSSniperWolf,get ready without me,2023-11-16 01:17:47+00:00,6034204,218115,170,121179,1.7999405837645137,0.5555738945051922,5.625663302069336
SSSniperWolf,trying on Kylie Jenner’s new brand KHY ASMR,2023-11-17 00:29:28+00:00,1686804,51905,111,71382,0.7271440979518646,1.3752432328292072,7.3154913078223665
SSSniperWolf,my boyfriend has 2 girlfriends trend,2023-11-22 20:53:52+00:00,1399845,50571,68,82534,0.6127292994402307,1.6320420794526507,9.513410413295757
SSSniperWolf,thanksgiving FAILS,2023-11-23 21:28:17+00:00,1648937,59251,2,84440,0.7016935101847466,1.425123626605458,8.714280776039352
SSSniperWolf,trying water balloon hack,2023-11-24 21:12:00+00:00,1995650,66918,9,81616,0.8199127622034895,1.219641949849069,7.4433392628968
SSSniperWolf,weird things I can NOT explain,2023-11-25 19:09:06+00:00,3099792,46393,26,85821,0.5405786462520829,1.8498695923954045,4.266092692670992
SSSniperWolf,this secret will RUIN your childhood,2023-11-26 22:12:08+00:00,2749863,155063,1,98828,1.5690189015258833,0.6373409517421951,9.232896329744428
SSSniperWolf,making a GIANT spicy chip,2023-11-29 02:29:25+00:00,20696914,477173,5,225753,2.113695056101137,0.4731051421601809,3.3963082612219386
SSSniperWolf,$500 for a FIRST date??,2023-12-01 23:15:58+00:00,1206747,44645,20,38942,1.1464485645318678,0.8722589315712845,6.928295657664779
SSSniperWolf,trying the chik-fil-a buffalo chicken fries hack,2023-12-02 20:11:23+00:00,1881375,92359,11,48720,1.8957101806239738,0.527506794140257,7.4993023719354195
SSSniperWolf,trying an ice cream SANDWICH hack,2023-12-04 01:27:42+00:00,1105640,49323,5,43364,1.1374181348584078,0.8791841534375443,8.383560652653667
SSSniperWolf,Trying The Hot Cheetos PICKLE Hack,2023-12-05 19:09:21+00:00,1936804,83247,1,42099,1.977410389795482,0.5057119175465783,6.471847435259324
SSSniperWolf,The Strongest Family In The World,2023-12-07 01:24:17+00:00,23164507,588301,4137,111412,5.280409650665996,0.18937924633818404,3.038484695573275
SSSniperWolf,"Spoiled Girl Spends $10,000 a MONTH",2023-12-08 00:23:10+00:00,7057000,270491,1120,57409,4.711647999442596,0.21223996362171016,4.662321099617401
SSSniperWolf,she gave birth to it during the night...,2023-12-08 21:05:00+00:00,1827710,39961,1296,228337,0.17500886847072528,5.713996146242587,14.75037068243868
SSSniperWolf,This Guy Thinks He’s A Real Life Doll,2023-12-09 04:21:49+00:00,9293981,311926,2141,66280,4.706185878092939,0.21248629482633702,4.092401307900242
SSSniperWolf,She Thinks She’s Pregnant With Jesus???,2023-12-09 21:09:25+00:00,14140086,454282,2410,105723,4.29690795758728,0.23272548769266668,3.9774510565211556
SSSniperWolf,Woman Has A Fear Of... Blushing,2023-12-10 22:12:34+00:00,6027345,230674,1369,71460,3.2280156731038345,0.30978783911494145,5.035434341322755
SSSniperWolf,This Device Removes Moles!?,2023-12-12 23:07:34+00:00,1937799,56274,1213,54840,1.026148796498906,0.9745175391832818,5.796628030048525
SSSniperWolf,Billionaire Girl Gets Bullied For Being Rich,2023-12-14 20:24:59+00:00,2447265,38934,5921,305885,0.127283129280612,7.856500744850259,14.331917467049951
SSSniperWolf,the most DELULU girl on Dr Phil,2023-12-16 01:02:03+00:00,1779993,69425,1146,47947,1.4479529480468016,0.6906301764494058,6.658340791227831
SSSniperWolf,Dad Cant Afford To Buy Kids Christmas Gifts...,2023-12-18 23:07:00+00:00,1533796,28302,4778,182997,0.15465827308644403,6.465868136527454,14.087727442241341
SSSniperWolf,Can You Recognize These Foods!?,2023-12-21 21:30:19+00:00,2983073,117811,6018,48216,2.443400530944085,0.4092656882634049,5.767374784324756
SSSniperWolf,Rude Nail Tech Fat Shames Customer,2023-12-22 22:04:47+00:00,2329123,36399,3712,218137,0.16686302644668258,5.9929393664661115,11.087778532949956
SSSniperWolf,the MOST expensive Christmas Lights!,2023-12-23 22:13:59+00:00,2064448,87176,863,29105,2.9952241882838,0.33386482518124255,5.674349753541867
SSSniperWolf,The Dumbest Vending Machine EVER,2023-12-24 22:43:11+00:00,4561476,175809,1171,75710,2.3221371021001187,0.4306377944246313,5.539654269802143
SSSniperWolf,Dumb Christmas Life Hacks That Will Make You Lose Braincells,2023-12-25 18:05:00+00:00,1514039,24631,2021,154655,0.15926416863340984,6.27887621290244,11.975054803740194
SSSniperWolf,A nice wholesome Christmas game,2023-12-26 22:13:48+00:00,1872099,65750,1821,59721,1.100952763684466,0.9083041825095057,6.799426739718359
SSSniperWolf,Try Not To Get Uncomfortable Challenge (Impossible),2023-12-27 23:03:00+00:00,3455165,34360,1191,280778,0.12237426009160261,8.171653084982538,9.155250183421053
SSSniperWolf,don’t play this scary VR game while home alone,2023-12-28 22:12:24+00:00,1663947,46556,1426,57946,0.80343768336037,1.2446516023713377,6.366068150007181
SSSniperWolf,Life Hacks for Lazy People,2024-01-10 20:34:59+00:00,1196591,46608,1279,54443,0.8560880186617196,1.1681041881222107,8.55179422208591
SSSniperWolf,Nail Art... but it's ANTS,2024-01-15 21:03:00+00:00,1786222,56138,1762,82921,0.6770058248212154,1.47709216573444,7.883734496607925
SSSniperWolf,Girl is scared of MINIONS,2024-01-22 23:05:01+00:00,3525668,154996,4507,126664,1.2236783932293311,0.8172081860177037,8.116674627333033
SSSniperWolf,this doctor NEEDS to be stopped...,2024-01-25 22:35:49+00:00,5336969,164503,4874,129896,1.266420828970869,0.7896269368947679,5.607546155879864
SSSniperWolf,female plumber gets SHAMED by a man,2024-02-13 18:34:31+00:00,1057087,24962,4675,94496,0.26415932949542836,3.785594103036616,11.742931281909625
SSSniperWolf,Cool Inventions And Gadgets TikTok Made Me Buy,2024-02-16 20:04:00+00:00,2131804,28350,2619,76442,0.37086941733601947,2.6963668430335095,5.038502601552488
SSSniperWolf,I Tried Recreating Popular Fast Food,2024-02-17 18:04:00+00:00,1964906,36045,3895,50964,0.7072639510242524,1.413899292550978,4.626379073604539
SSSniperWolf,i made a REALISTIC Cake!,2024-02-18 21:27:00+00:00,782258,19848,2504,71333,0.27824429086117225,3.5939641273679968,11.97622779185384
SSSniperWolf,the cringiest tiktok ever made,2024-02-19 22:48:19+00:00,3052836,104833,1329,37108,2.825078150264094,0.3539725086566253,4.6930133161427605
SSSniperWolf,i can’t believe her parents made her do this,2024-02-21 19:26:05+00:00,3675478,118186,959,39857,2.9652507715081415,0.33723960536781006,4.326022356819983
SSSniperWolf,Cool Things You've Never Seen Before,2024-02-22 20:15:00+00:00,2816000,34101,2695,81906,0.4163431250457842,2.401865047945808,4.215269886363637
SSSniperWolf,I tried apple vision pro for 24 hours,2024-02-23 19:35:00+00:00,1886949,36589,2622,44330,0.8253778479584931,1.2115663177457705,4.427305666448855
SSSniperWolf,People Who Got Caught In 4k!,2024-02-24 17:34:00+00:00,1772055,30970,1612,52474,0.590197049967603,1.6943493703584114,4.7998510204254385
SSSniperWolf,The Most Creative People On The Internet,2024-02-25 17:32:00+00:00,1072908,21310,1465,47028,0.4531343029684443,2.2068512435476304,6.505963232635044
SSSniperWolf,tiktoks that caused emotional DAMAGE,2024-02-26 20:55:19+00:00,713467,18985,1403,52981,0.35833600724788134,2.7906768501448513,10.283446886821675
SSSniperWolf,TikToks that feel ILLEGAL to watch,2024-02-29 19:31:00+00:00,1390987,20115,936,39128,0.5140819873236557,1.9452150136713895,4.326352438951623
SSSniperWolf,Cool Things I Learned On TikTok,2024-03-01 19:31:00+00:00,1541343,24265,1261,39844,0.609000100391527,1.6420358541108593,4.241106619357274
SSSniperWolf,14 year old kid forced to be a dad,2024-03-02 21:29:08+00:00,2911001,39911,2802,64618,0.6176452381689312,1.619052391571246,3.687082209865266
SSSniperWolf,dumb girl fakes getting her period,2024-03-03 22:09:11+00:00,3922505,58905,6080,97424,0.6046251437017572,1.6539173245055598,4.140440866232165
SSSniperWolf,Karens Who Need To Be Stopped,2024-03-04 20:11:33+00:00,1274675,26645,2278,59028,0.451395947685844,2.2153499718521297,6.899876439092317
SSSniperWolf,empty playstation box for christmas prank!,2024-03-06 00:14:50+00:00,1223655,40994,737,14763,2.77680688207004,0.3601258720788408,4.616824186555851
SSSniperWolf,trying fluffy soufflé pancakes in japan,2024-03-06 23:05:00+00:00,1162148,55318,920,13691,4.040464538748083,0.24749629415380164,6.01721983774872
SSSniperWolf,Try Not To Cringe (VERY Hard),2024-03-07 19:35:53+00:00,4100778,49335,2594,58283,0.8464732426264948,1.1813722509374682,2.6875875748455536
SSSniperWolf,people having a very BAD day on tiktok,2024-03-08 19:36:42+00:00,1475801,23664,1072,47901,0.4940189140101459,2.024213995943205,4.921869547452536
SSSniperWolf,5 Minute Hacks needs to be stopped,2024-03-09 18:05:00+00:00,1743563,23782,1476,47335,0.5024189289109539,1.9903708687242452,4.1634859193502045
SSSniperWolf,People Who Got LUCKY With Food,2024-03-10 18:42:08+00:00,1542008,27839,1797,59083,0.4711846047086302,2.1223104278170912,5.753472096124015
SSSniperWolf,girl gets betrayed by fake friend,2024-03-11 18:42:26+00:00,2745648,40852,2890,82117,0.4974852953712386,2.01010966415353,4.583945210748064
SSSniperWolf,I Tried An Onsen Hotel In Japan,2024-03-12 21:39:15+00:00,1194334,49321,790,12696,3.8847668557025834,0.25741570527767077,5.2587467157428325
SSSniperWolf,male Karen thinks he’s smart,2024-03-13 22:20:28+00:00,1284589,48524,786,17968,2.7005788067675867,0.3702909900255544,5.2373171496875655
SSSniperWolf,Annoying Things That Will Drive You NUTS,2024-03-14 19:05:00+00:00,744442,19868,1259,33697,0.5896073834465976,1.6960438896718342,7.364442092197915
SSSniperWolf,I tried mini everyday objects that actually work,2024-03-15 19:05:00+00:00,1579318,26389,2222,38966,0.6772314325309244,1.476600098525901,4.278872272715184
SSSniperWolf,30 year old man thinks he's a BABY,2024-03-16 21:01:46+00:00,855740,18591,1629,39143,0.4749508213473673,2.1054811467914583,6.937036950475611
SSSniperWolf,girl won't show her face at school,2024-03-18 18:12:34+00:00,3073414,43957,4531,81785,0.5374701962462555,1.8605682826398526,4.2387065328654066
SSSniperWolf,weird but TRUE facts about the human body,2024-03-20 23:36:04+00:00,3793649,139004,930,29648,4.688478143550999,0.21328882622082818,4.470155251579679
SSSniperWolf,Dumbest Tattoos People Regret Getting,2024-03-21 18:04:26+00:00,1129543,20573,1090,35746,0.5755329267610362,1.737520050551694,5.082497965991556
SSSniperWolf,Dumb People On The Internet,2024-03-22 19:24:50+00:00,2814358,32208,1873,52144,0.617674133169684,1.6189766517635371,3.063753793938085
SSSniperWolf,trying on cheap dresses from TEMU,2024-03-23 19:36:18+00:00,3996438,63803,3739,52322,1.2194296854095792,0.8200554832844851,2.999270850692542
SSSniperWolf,TikToks That Are Actually Relatable,2024-03-24 19:16:40+00:00,5158416,54986,3305,78369,0.7016294708366829,1.425253700942058,2.649262874494806
SSSniperWolf,dumb girl gets played by photographer,2024-03-25 19:12:08+00:00,1661422,31674,2402,65413,0.4842156757831012,2.065195428427101,5.988183616203469
SSSniperWolf,this will RUIN your childhood,2024-03-27 01:16:50+00:00,2189415,76341,1274,20746,3.679793695170153,0.27175436528208957,4.492569933064312
SSSniperWolf,he got rejected to PROM,2024-03-27 21:28:45+00:00,2437904,93196,878,33495,2.7823854306612925,0.35940383707455253,5.232732708096791
SSSniperWolf,I tried the worlds SPICIEST noodles,2024-03-28 20:05:00+00:00,1724092,32263,4332,40659,0.793502053665855,1.260236183863869,4.480851369880494
SSSniperWolf,I bought viral products from tiktok shop,2024-03-29 20:05:00+00:00,1352092,29813,2679,32010,0.9313651983755077,1.073692684399423,4.770533366072723
SSSniperWolf,TikToks That Are Oddly Satisfying,2024-03-30 17:35:00+00:00,3031315,35995,2024,82141,0.43820990735442716,2.2820113904708985,3.9639562368147154
SSSniperWolf,Cool Things That ONLY Exist In Japan,2024-03-31 21:27:47+00:00,1221992,26666,1646,60098,0.44370860927152317,2.253731343283582,7.234908248171837
SSSniperWolf,girl bullied so bad she gets surgery,2024-04-01 18:32:55+00:00,2144344,36303,3048,120831,0.30044442237505276,3.3284026113544334,7.46997683207545
SSSniperWolf,how to get a free car,2024-04-02 23:26:36+00:00,1442342,59666,719,27298,2.1857278921532712,0.45751349177085776,6.079210062523313
SSSniperWolf,cup matching game in 1 MINUTE,2024-04-04 01:08:45+00:00,5127782,219746,1002,52178,4.211468434972594,0.23744687047773338,5.322496159158092
SSSniperWolf,5 min craft hacks that are literal brain rot,2024-04-04 22:02:00+00:00,890146,20045,1358,85492,0.2344663828194451,4.265003741581442,12.008704190099152
SSSniperWolf,TikToks Only Girls Understand,2024-04-05 21:39:15+00:00,3867538,47672,3036,104322,0.4569697666839209,2.188328578620574,4.00849325850192
SSSniperWolf,I Tried Tik Tok Food Hacks to see if they work,2024-04-06 18:05:00+00:00,2897182,39214,3965,63346,0.6190446121302056,1.6153924618758606,3.6768487447457567
SSSniperWolf,Lies That Will Destroy Your Trust,2024-04-07 18:15:01+00:00,2933548,38920,2980,90597,0.4295947989447774,2.327774922918808,4.516612647892586
SSSniperWolf,poor boy only has water for school lunch,2024-04-08 21:23:13+00:00,4670376,54245,5687,169287,0.32043216549410175,3.120785325836483,4.907934607406342
SSSniperWolf,Try Not To Laugh Challenge (Impossible),2024-04-11 19:05:00+00:00,3162009,37424,2776,75165,0.49789130579392005,2.0084705002137664,3.6484715887905446
SSSniperWolf,I Mixed EVERY Fast Food Sauce,2024-04-12 20:24:06+00:00,492805,14610,1787,32185,0.45393816995494796,2.202943189596167,9.858260366676475
SSSniperWolf,Wholesome TikToks That Will Make You Smile,2024-04-13 19:13:14+00:00,1707739,29880,1698,52390,0.5703378507348731,1.7533467202141901,4.916910605192011
SSSniperWolf,People Who Had Too Much Free Time,2024-04-14 21:02:00+00:00,5124467,45462,2730,76871,0.5914063821206957,1.6908846949100347,2.440507471313602
SSSniperWolf,girl gets rejected for the dumbest reason,2024-04-15 20:39:38+00:00,1651294,29262,2632,59319,0.493298943003085,2.0271683411933568,5.523728663702527
SSSniperWolf,spy hacks you NEED to know,2024-04-16 21:26:53+00:00,3857755,147570,917,49819,2.962122884843132,0.3375957172867114,5.140450858076783
SSSniperWolf,how to make a VIRAL tiktok,2024-04-18 00:16:08+00:00,2670496,111363,3466,96550,1.153423096841015,0.8669845460341407,7.915346063053455
SSSniperWolf,People Who Only Had One Job,2024-04-18 20:17:23+00:00,1454920,23354,1271,30699,0.7607413922277598,1.3145071508092832,3.802545844445055
SSSniperWolf,Cool Inventions And Gadgets On TikTok,2024-04-19 20:05:00+00:00,1581253,22659,1365,35023,0.6469748451017903,1.5456551480647867,3.734190543828217
SSSniperWolf,I Tried RARE Snacks,2024-04-20 21:04:08+00:00,1214708,26232,2418,37409,0.7012216311582774,1.4260826471485208,5.438261705693879
SSSniperWolf,Gamer Is Addicted To Mobile Games,2024-04-22 22:49:36+00:00,1374520,25364,1920,40180,0.6312593330014933,1.5841349944803658,4.908186130430987
SSSniperWolf,All Your Pain In One Video,2024-04-23 21:19:49+00:00,4079771,37164,2548,70331,0.5284156346419076,1.8924496824884296,2.697283744602332
SSSniperWolf,Weird TikToks I Can't Explain,2024-04-25 21:12:26+00:00,2596507,27866,2176,37585,0.7414127976586404,1.3487762865140314,2.6045375575725385
SSSniperWolf,Try Not To Get Uncomfortable Challenge (Impossible),2024-04-26 20:11:29+00:00,2095555,27979,2146,36007,0.7770433526814231,1.2869294828264055,3.155822681819375
SSSniperWolf,I Tried Rare And EXOTIC Fruit,2024-04-27 19:10:51+00:00,2181158,33170,4632,28971,1.1449380414897656,0.8734097075670787,3.061355481812872
SSSniperWolf,Karens Who Went Too Far,2024-04-28 23:13:10+00:00,1236627,26777,1717,30373,0.8816053731932967,1.134294357097509,4.760287459355165
SSSniperWolf,kid always wears a mask,2024-04-30 01:22:55+00:00,1643006,27070,2469,43360,0.6243081180811808,1.601773180642778,4.436928410486632
SSSniperWolf,People Who Got Lucky Dumpster Diving,2024-05-02 23:07:07+00:00,2394692,30104,1947,25728,1.1700870646766168,0.854637257507308,2.412794630791768
SSSniperWolf,People Who Got Stuck In Weird Places,2024-05-03 20:41:51+00:00,1854263,24749,1507,25654,0.9647228502377797,1.0365671340256173,2.7994950015181232
SSSniperWolf,TikToks That Are Actually Relatable,2024-05-04 20:32:19+00:00,5700003,52069,4009,45978,1.1324764017573623,0.883020607271121,1.7904551980060361
SSSniperWolf,TikToks that feel ILLEGAL to watch,2024-05-05 19:19:05+00:00,1348595,22941,1600,30606,0.7495589100176436,1.334117954753498,4.0892187795446375
SSSniperWolf,Dad Keeps His Genius Daughter A SECRET,2024-05-06 22:21:34+00:00,2592956,31758,2567,42950,0.73941792782305,1.3524151394924113,2.9801894054507674
SSSniperWolf,Roasting The Met Gala 2024 Looks,2024-05-07 22:06:54+00:00,1458400,32761,2267,36318,0.9020595847788975,1.1085742193461738,4.89207350521119
SSSniperWolf,Relationship TikToks That Make Me Feel Single,2024-05-09 20:21:58+00:00,1758327,26446,1181,33522,0.7889147425571267,1.2675640928684868,3.477680772689039
SSSniperWolf,Most Creative People On TikTok,2024-05-10 20:05:00+00:00,1281570,21439,1080,30860,0.6947180816591056,1.4394328093661084,4.16512558814579
SSSniperWolf,The Cringiest TikToks On The Internet,2024-05-11 20:30:36+00:00,1212025,22806,1733,43349,0.5261021015479019,1.9007717267385775,5.601204595614777
SSSniperWolf,Rich Boy Wears Helmet At School To Avoid Girls,2024-05-13 21:14:33+00:00,4524017,54098,4370,70704,0.765133514369767,1.3069614403489962,2.8552501018453293
SSSniperWolf,don't watch this video before bed,2024-05-16 23:33:39+00:00,648714,15192,2539,28301,0.5368008197590192,1.8628883622959453,7.095885089577225
SSSniperWolf,Cool Things I Learned On TikTok,2024-05-17 18:16:47+00:00,1894087,23195,1249,18157,1.2774687448367021,0.7827980168139685,2.249157509660327
SSSniperWolf,People On TikTok Who Are A Menace To Society,2024-05-18 18:01:10+00:00,1833300,24241,1767,29298,0.827394361389856,1.20861350604348,3.0167457590138005
SSSniperWolf,I Bought EVERY Ad On TikTok Shop,2024-05-19 18:37:34+00:00,2844650,43541,3496,25708,1.693675120585032,0.5904320066144554,2.5572566045031904
SSSniperWolf,Mexican Girl Shamed For Her Food,2024-05-20 19:42:05+00:00,4805984,54865,6816,70050,0.783226266952177,1.2767702542604575,2.740978746496035
SSSniperWolf,Only Eating  7/11 Food From Japan For 24 Hours,2024-05-23 21:33:49+00:00,1597137,29326,2172,21015,1.3954794194622888,0.7165996044465662,3.287945868137799
SSSniperWolf,People Who Didn't See It Coming,2024-05-24 20:15:02+00:00,1245278,21265,1432,19813,1.0732852167768636,0.9317187867387726,3.4136955764094443
SSSniperWolf,People Who Took Instructions Too Literally,2024-05-25 18:14:59+00:00,2914153,33299,2009,31848,1.0455601607636271,0.9564251178714076,2.3044774931172114
SSSniperWolf,i got a job at a supermarket...,2024-05-26 20:14:20+00:00,2102108,38235,3736,37915,1.0084399314255572,0.9916307048515758,3.8002804803559096
SSSniperWolf,Spoiled Rich Girl Gets A Job,2024-05-27 22:05:00+00:00,1104355,23840,1738,41368,0.5762908528331078,1.735234899328859,6.0619999909449405
SSSniperWolf,people having a very BAD day on tiktok,2024-05-30 20:04:42+00:00,2059419,26098,1619,27972,0.933004433004433,1.0718062686795924,2.7041121792117098
SSSniperWolf,TikToks That Will Make Your Brain Hurt,2024-05-31 19:15:00+00:00,1507555,19889,1399,23561,0.8441492296591826,1.1846246669013023,2.974949504329859
SSSniperWolf,TikToks I Watch Instead Of Sleeping,2024-06-01 17:19:51+00:00,996512,21453,1312,28668,0.7483256592716618,1.3363165990770522,5.161302623550946
SSSniperWolf,scary videos you should NOT watch alone,2024-06-02 18:15:02+00:00,2656490,30554,3299,50263,0.6078825378509043,1.6450546573280094,3.1664339033837883
SSSniperWolf,Guy Caught Dating 4 Girls At The Same Time....,2024-06-03 20:14:50+00:00,4031926,42005,3742,53679,0.7825220290989028,1.2779192953219856,2.4659678773866385
SSSniperWolf,Tik Toks Only BOYS Will Understand,2024-06-06 20:17:13+00:00,879784,20681,1199,18742,1.1034574751894142,0.9062424447560563,4.617269693470216
SSSniperWolf,People Who Got Caught In 4k,2024-06-07 22:05:00+00:00,1366214,21782,1298,24505,0.8888798204448072,1.125011477366633,3.4829829001898673
SSSniperWolf,TikToks that feel ILLEGAL to watch,2024-06-08 19:39:34+00:00,954568,15296,1486,27051,0.5654504454548815,1.7685015690376569,4.591920114648721
SSSniperWolf,Dumb Athlete Ruins His Life,2024-06-10 22:04:39+00:00,793411,16889,1462,38929,0.4338410953273909,2.3049914145301678,7.219461288033567
SSSniperWolf,TikTok Pranks That Went Too Far,2024-06-12 23:02:39+00:00,2087344,29164,1838,41656,0.7001152294987517,1.428336305033603,3.48088288274477
SSSniperWolf,Try Not To Cringe (VERY Hard),2024-06-14 20:19:50+00:00,4520578,46271,3648,55293,0.8368328721537989,1.194981738021655,2.3274014960033873
SSSniperWolf,Spoiled RICH Kids On TikTok,2024-06-15 19:15:00+00:00,2103107,25518,2717,32018,0.796989193578612,1.2547221569088487,2.8649517119195553
SSSniperWolf,Cool Inventions And Gadgets On TikTok,2024-06-16 19:25:16+00:00,3384858,33824,2022,39268,0.8613629418355914,1.1609508041627248,2.2191182022997715
SSSniperWolf,Man Dumps His Girlfriend For Being Too Tall,2024-06-17 20:22:16+00:00,802959,17774,1838,30547,0.581857465544898,1.7186339597164397,6.24676976034891
SSSniperWolf,I Recreated VIRAL Cakes!,2024-06-19 19:20:00+00:00,5374221,57191,5195,35464,1.6126494473268667,0.6200975677991293,1.8207289949557341
SSSniperWolf,TikToks That Are Actually Relatable,2024-06-20 23:32:57+00:00,2204389,32210,2054,37103,0.8681238713850632,1.1519093449239366,3.237495741450352
SSSniperWolf,Embarassing Things People Did To Impress Their Crush,2024-06-21 22:03:00+00:00,2783534,32262,2141,55663,0.579595063147872,1.725342508213998,3.2356709133066097
SSSniperWolf,The Most Creative People On The Internet,2024-06-22 17:25:20+00:00,1914804,24345,2426,59408,0.4097932938324805,2.440254672417334,4.500669520222435
SSSniperWolf,Kid Finds Out His Dad Is A MILLIONAIRE,2024-06-24 19:40:44+00:00,2881573,33013,3063,54877,0.6015817191172987,1.662284554569412,3.1563663318611055
SSSniperWolf,Karens That Went Crazy!,2024-06-25 21:31:01+00:00,2358030,67014,3020,103370,0.6482925413562929,1.5425135046408214,7.353765643354834
SSSniperWolf,Waterpark Rides That Are BANNED,2024-06-28 00:05:00+00:00,1160066,23452,1796,64432,0.3639806307424882,2.747398942520894,7.730594638580908
SSSniperWolf,Try Not To Say Wow Challenge (Impossible),2024-06-28 20:19:41+00:00,1047866,19730,1821,71905,0.2743898199012586,3.644450076026356,8.91869761973382
SSSniperWolf,Cursed TikToks That Will Make You Uncomfortable,2024-06-29 19:27:28+00:00,1050285,20393,2063,81736,0.24949838504453362,4.008041975187564,9.92035495127513
SSSniperWolf,Autistic Boy Gets Kicked Out Of Restaurant,2024-07-01 23:38:09+00:00,2036976,35598,3669,105837,0.3363474021372488,2.973116467217259,7.123500718712444
SSSniperWolf,I Tried Weird Candy and Food Hacks From TikTok,2024-07-03 22:09:07+00:00,5413769,58107,7142,178627,0.32529796727258475,3.0741046689727574,4.504735979684393
SSSniperWolf,Evil TikTok Girls Dance On Homeless Man,2024-07-09 21:03:00+00:00,724043,17252,2200,43843,0.39349497069087425,2.541328541618363,8.741884114617502
SSSniperWolf,I scrolled to the END of TikTok,2024-07-10 19:05:42+00:00,3199682,48566,4308,87845,0.5528601514030395,1.8087756866943951,4.397905791888069
SSSniperWolf,School TikToks I Watch Instead Of Doing Homework,2024-07-13 17:05:00+00:00,4358735,47028,4093,39184,1.2001837484687627,0.8332057497660968,2.0718167082880696
SSSniperWolf,People Having A Very BAD Day,2024-07-14 17:05:00+00:00,1068311,21453,1438,29278,0.7327344763986611,1.3647508506968722,4.883315813466303
SSSniperWolf,Girl Won't Show Her Face At School,2024-07-15 21:01:42+00:00,4973113,57025,5266,57385,0.9937265836019866,1.0063130206049977,2.406460500696445
SSSniperWolf,Dumb People On The Internet,2024-07-16 18:35:00+00:00,2340890,31301,2849,45705,0.6848484848484848,1.4601769911504425,3.411309373785184
SSSniperWolf,Wholesome TikToks That Will Make Your Day,2024-07-19 20:05:00+00:00,1252238,22032,1893,42067,0.5237359450400552,1.9093591140159767,5.269924726769192
SSSniperWolf,I found someone WORSE than vegan teacher....,2024-07-20 22:33:51+00:00,1561291,55528,5996,66792,0.8313570487483531,1.202852614896989,8.218583210945301
SSSniperWolf,Dumb Influencer Tries To Steal TikTok Account,2024-07-22 19:05:00+00:00,1646604,27426,2484,45919,0.5972691042923408,1.674287172755779,4.605175257681871
SSSniperWolf,TikToks That Will Unlock New Fears,2024-07-26 00:45:19+00:00,1938590,25845,3547,22157,1.1664485264250575,0.857303153414587,2.6590975915484965
SSSniperWolf,Karens Who Went Too Far,2024-07-26 18:55:41+00:00,1877037,30536,2373,22897,1.3336244922915665,0.7498362588420225,2.9730900349859914
SSSniperWolf,Cool Things You've Never Seen Before,2024-07-27 18:10:00+00:00,1018012,18012,1677,19928,0.9038538739462063,1.1063735287586054,3.891604421165959
SSSniperWolf,Funny TikTok Pranks You Need To Try,2024-07-28 19:27:30+00:00,1053405,21458,1575,27776,0.7725374423963134,1.2944356417187064,4.823311072189709
SSSniperWolf,Undercover Millionaire Surprises Waitress,2024-07-29 19:42:03+00:00,530563,13369,2061,25876,0.5166563611068171,1.935522477373027,7.785314844796942
SSSniperWolf,Try Not To Cringe (VERY Hard),2024-07-31 21:16:22+00:00,1505646,27331,2415,31667,0.8630751255249944,1.158647689436903,4.0788472190674305
SSSniperWolf,How Things Are Actually Made,2024-08-02 20:47:32+00:00,1920670,30206,2011,34731,0.8697129365696352,1.1498046745679666,3.485658650366799
SSSniperWolf,I Bought Unrealistic Dresses From Temu,2024-08-03 22:27:52+00:00,2314580,49116,3315,26581,1.8477860125653662,0.5411882075087547,3.4136646821453573
SSSniperWolf,Realtor Doesn't Like Influencers,2024-08-05 20:36:00+00:00,1566118,26295,3159,46025,0.5713199348180337,1.7503327628826773,4.819496359788982
SSSniperWolf,Trying EVERY Youtuber Product,2024-08-09 21:28:31+00:00,1890585,36422,4552,19544,1.8635898485468687,0.5365987589918181,3.201019790170767
SSSniperWolf,TikToks That Feel ILLEGAL To Watch,2024-08-10 19:05:00+00:00,2522042,31086,2617,21043,1.4772608468374282,0.6769285208775655,2.1707013602469747
SSSniperWolf,The Olympics Are CRAZY,2024-08-11 21:38:09+00:00,530376,18110,1722,13304,1.361244738424534,0.734621755935947,6.247643181441091
SSSniperWolf,Mean Girl Steals Her Friend's Boyfriend,2024-08-12 22:46:00+00:00,4302555,42061,3698,39668,1.060325703337703,0.9431064406457288,1.9854946653790597
SSSniperWolf,I scrolled to the END of Instagram Reels,2024-08-15 21:27:33+00:00,737983,17231,2021,13157,1.3096450558637986,0.7635656665312518,4.391564575335746
SSSniperWolf,Dumb Pregnancy Hacks That Went Too Far,2024-08-16 23:05:13+00:00,1172081,20521,2008,25026,0.8199872132981699,1.2195312119292432,4.0573134450605375
SSSniperWolf,Single Mom Gets Rejected By Her Date,2024-08-19 21:11:36+00:00,1011781,21745,2322,25722,0.8453852733068968,1.182892618992872,4.920926564147774
SSSniperWolf,the most CREATIVE people on the internet,2024-08-23 18:32:54+00:00,1457529,22166,1682,14323,1.5475808140752636,0.6461698096183344,2.6188844269993945
SSSniperWolf,Most Oddly Satisfying Video to watch before sleep,2024-08-24 18:09:54+00:00,3230868,32691,3010,23395,1.3973498610814277,0.7156403903214952,1.8291059863788928
SSSniperWolf,Genius Inventions And Gadgets You've Never Seen Before,2024-08-25 18:05:00+00:00,1802622,25482,2555,17253,1.476960528603721,0.6770661643513068,2.512451307040522
SSSniperWolf,My Real Parents Left Me At The Orphanage,2024-08-26 21:22:46+00:00,1917294,27898,2949,38105,0.7321348904343262,1.365868521040935,3.5963185614725752
SSSniperWolf,TikToks That EVERYONE Can Relate To,2024-08-29 20:20:03+00:00,1925911,27984,1671,19837,1.4106971820335736,0.7088693539165237,2.5697968390024255
SSSniperWolf,TikToks That Live In My Head RENT FREE,2024-08-30 20:05:00+00:00,1252417,22474,1541,15580,1.4424903722721438,0.6932455281658806,3.161486948835731
SSSniperWolf,i bought the REAL version of SCAM dresses,2024-08-31 19:32:00+00:00,1323894,28076,1709,8820,3.1832199546485263,0.3141473144322553,2.916018956200421
SSSniperWolf,Woman In Hijab Is Shamed By Rude Customer In Hair Salon,2024-09-01 21:03:45+00:00,1724194,27294,2399,18319,1.4899284895463727,0.6711731516084121,2.7846054446309405
SSSniperWolf,Pretty Girls All Go To War In School,2024-09-02 18:10:00+00:00,3436124,36198,3449,28953,1.2502331364625427,0.7998508204873197,1.9964355186250553
SSSniperWolf,I Played Dress To Impress For The First Time,2024-09-05 21:05:04+00:00,4648862,71249,11462,23850,2.9873794549266246,0.3347415402321436,2.2921953802887676
SSSniperWolf,People Who Didn't Get What They Expected,2024-09-07 18:09:52+00:00,1291321,22181,1869,14698,1.509116886651245,0.6626391957080384,3.0006481734595813
SSSniperWolf,I Bought Every Girly Ad On TikTok Shop,2024-09-08 17:27:42+00:00,5856073,68282,5171,16928,4.03367202268431,0.2479130664011013,1.5433721540014955
SSSniperWolf,NERDY Girl Transforms After Bullied By Pretty Girl,2024-09-09 22:19:58+00:00,3096049,40370,4475,17660,2.2859569648924123,0.43745355461976715,2.0188633965418505
SSSniperWolf,Cringe TikToks That Are Not So Skibidi,2024-09-10 18:33:47+00:00,2371817,31441,3705,18884,1.6649544588011014,0.6006170287204605,2.278000368493859
SSSniperWolf,Nikocado Avocado Tricked Us All,2024-09-12 23:01:00+00:00,1480437,32428,3581,18916,1.7143159230281244,0.5833230541507339,3.7100531802434014
SSSniperWolf,I Played Dress To Impress as a BOY,2024-09-13 18:33:18+00:00,1052769,18532,2214,11459,1.6172440876167204,0.618335851500108,3.0590756376755017
SSSniperWolf,Dumb People On The Internet,2024-09-14 19:37:59+00:00,2336949,50176,2165,20430,2.4559960841899167,0.4071667729591837,3.1139318829807583
SSSniperWolf,I Played Youtube Shorts BINGO!,2024-09-15 21:37:35+00:00,1917439,35116,2452,33081,1.0615156736495268,0.9420492083380795,3.6845500691286657
SSSniperWolf,Homeless Woman Wins Lottery Then Loses Everything,2024-09-17 00:20:40+00:00,785172,15752,1680,16068,0.9803335822753299,1.0200609446419502,4.266581080323801
SSSniperWolf,Watching Creepy YouTube Shorts Until I SCREAM,2024-09-19 20:11:47+00:00,4022820,105190,3738,41211,2.5524738540680887,0.3917767848654815,3.732182896575039
SSSniperWolf,Wholesome TikToks That Will Make You Smile,2024-09-21 18:05:00+00:00,1615331,23736,1591,19131,1.2407087972400817,0.8059908998988877,2.7522532533579804
SSSniperWolf,Embarrassing Things People Did To Impress Their Crush,2024-09-22 19:21:29+00:00,3246590,35456,2654,17424,2.034894398530762,0.4914259927797834,1.7105332056095781
SSSniperWolf,Girl Has A Fear Of FOOD,2024-09-23 21:05:00+00:00,6010800,67340,7964,42830,1.5722624328741537,0.636026136026136,1.9653623477740068
SSSniperWolf,Dress To Impress But I Can Only Copy My REAL Outfits,2024-09-26 20:05:00+00:00,2165765,27695,3672,14688,1.8855528322440087,0.5303484383462719,2.1265003359090207
SSSniperWolf,Don't Watch This Horror Short At Night,2024-09-27 20:13:58+00:00,951351,19079,1906,14520,1.3139807162534436,0.7610461764243409,3.7320610374089056
SSSniperWolf,People Who Are Having The WORST Day Ever,2024-09-28 22:03:25+00:00,2304942,25871,2387,17157,1.5078976511045055,0.6631749835723397,1.970331574503827
SSSniperWolf,Only Eating BLACK Food For 24 Hours,2024-09-29 22:05:00+00:00,2311224,34489,5944,17018,2.0266188741332707,0.49343268868334833,2.485739158125738
SSSniperWolf,Gen Z Girl Has The Worst Mom EVER,2024-09-30 22:17:04+00:00,3545620,39817,4965,37802,1.05330405798635,0.9493934751488058,2.3291836124570597
SSSniperWolf,Lies That Will Destroy Your Trust,2024-10-04 21:22:42+00:00,924647,38460,1199,30301,1.2692650407577308,0.787857514300572,7.566130642288354
SSSniperWolf,Cool Things I Learned On TikTok,2024-10-05 18:05:00+00:00,2421080,27846,1942,25200,1.105,0.9049773755656109,2.2712178036248285
SSSniperWolf,Reacting To My Old Cringe Videos,2024-10-06 21:20:43+00:00,3413498,63817,5147,23388,2.7286215153069953,0.36648541924565553,2.705494481027966
SSSniperWolf,White Family Won't Adopt Black Kid,2024-10-09 22:05:00+00:00,607890,16381,1532,19960,0.8206913827655311,1.2184848299859594,6.230239023507543
SSSniperWolf,Scariest youtube shorts you should not watch alone,2024-10-10 19:05:00+00:00,639635,13832,1434,23255,0.5947968178886262,1.6812463851937536,6.0223408662752975
SSSniperWolf,Trying Viral Fruit Hacks To See If They Work,2024-10-11 22:17:19+00:00,3033097,35605,3324,41119,0.8659014081081738,1.1548658896222441,2.63915067668459
SSSniperWolf,I Found My BIGGEST Hater On Roblox Dress To Impress,2024-10-12 20:05:00+00:00,1577867,27076,5481,100737,0.26877909804739075,3.72052740434333,8.44773355422225
SSSniperWolf,Bully Doesn't Know Kid Is A Rap God,2024-10-14 23:05:44+00:00,3697199,41290,6082,56684,0.7284242467010091,1.372826350205861,2.8144549427823606
SSSniperWolf,Spooky Halloween TikToks To Get You In The Mood,2024-10-17 23:09:01+00:00,621096,18026,1401,24780,0.7274414850686037,1.3746810163097747,7.117579247008514
SSSniperWolf,I Bought Viral FOOD From TikTok Shop,2024-10-19 19:00:12+00:00,3878973,42273,3766,22798,1.8542416001403632,0.5393040475007688,1.7746192097753708
SSSniperWolf,Teacher Won't Show Her Face At School,2024-10-21 23:19:04+00:00,4491202,41918,4380,28598,1.4657668368417371,0.6822367479364474,1.6676159299893436
SSSniperWolf,Karens Who Got INSTANT Karma,2024-10-22 20:05:00+00:00,1082726,26075,2320,40880,0.6378424657534246,1.5677852348993289,6.398202315267206
SSSniperWolf,Most Oddly Satisfying Video to watch before sleep,2024-10-27 20:05:00+00:00,3753004,58758,3200,33957,1.730364873222016,0.5779127948534668,2.555686058421467
SSSniperWolf,Students Take Halloween Prank Too Far,2024-10-28 21:38:18+00:00,2049681,26955,2625,26438,1.0195551857175278,0.9808198849935077,2.7330106489741572
SSSniperWolf,I Tried $1 Vs $100 Halloween Costumes,2024-10-30 20:02:41+00:00,1987147,35542,3315,9066,3.9203617913081845,0.25507849867762084,2.4116484588206104
SSSniperWolf,Little Brother Left Home ALONE on Halloween,2024-10-31 21:05:00+00:00,1506945,24431,2393,15259,1.6010878825611115,0.6245753346158569,2.7926035787636576
SSSniperWolf,I Got A Job As A Criminal Sketch Artist,2024-11-01 22:05:00+00:00,4406381,60509,3933,34373,1.7603642393739272,0.5680642549042291,2.2425432571536597
SSSniperWolf,TikToks Only Girls Will Understand,2024-11-03 22:04:53+00:00,1593544,32025,1962,13804,2.3199797160243407,0.43103825136612023,2.9990386208350697
SSSniperWolf,Rich Couple Laughs At Poor People....Guess What Happens Next,2024-11-05 01:37:27+00:00,1453594,24538,2163,15237,1.6104219990811839,0.6209552530768604,2.8851247322154605
SSSniperWolf,My Evil Parents Hate Me... (Bad Parenting),2024-11-08 00:45:35+00:00,1722923,28516,4838,8606,3.3135022077620264,0.30179548323748073,2.4353961262343122
SSSniperWolf,The Cringiest People On TikTok!,2024-11-08 23:01:05+00:00,2942452,32014,3469,12660,2.5287519747235385,0.3954519897544824,1.6361524334126778
SSSniperWolf,I Made A Gourmet Version of LUNCHLY,2024-11-09 20:00:14+00:00,903659,21130,1995,5309,3.9800339046901487,0.25125414103170846,3.146540896510741
SSSniperWolf,The Most Uncomfortable TikToks Ive Ever Seen,2024-11-10 22:01:00+00:00,754498,15486,1468,10950,1.4142465753424658,0.7070902750871755,3.698353077145334
SSSniperWolf,Girl Hides Huge SECRET From Her Bully,2024-11-12 21:05:00+00:00,6544253,67433,9170,23773,2.8365372481386446,0.35254252369018135,1.5338037817303212
SSSniperWolf,15 Tricky Riddles That Will Drive You Insane,2024-11-14 22:32:43+00:00,1030049,27697,2139,11318,2.4471638098603994,0.4086363144022818,3.99534391082366
SSSniperWolf,"The More You Watch, The Dumber The Hacks Get!",2024-11-15 21:06:07+00:00,1634990,25179,1844,15568,1.6173561151079137,0.6182930219627467,2.604970060978966
SSSniperWolf,I Tested Weird Gadgets From TikTok Shop,2024-11-16 21:11:04+00:00,3404411,36742,3870,7787,4.718376781815847,0.2119372924718306,1.4216556109118434
SSSniperWolf,TikToks That Are Actually Relatable,2024-11-17 21:09:56+00:00,2986380,49058,2335,11259,4.357225330846434,0.22950385258265726,2.0979245775822233
SSSniperWolf,Pretty Girl Pretends To Be UGLY To Get A Boyfriend,2024-11-18 21:29:56+00:00,2708316,31221,2579,13603,2.2951554804087335,0.43570032990615293,1.7502758171498451
SSSniperWolf,I Thought This Was A Kids Game... (Sprunki),2024-11-20 22:28:57+00:00,929747,19844,2488,11616,1.7083333333333333,0.5853658536585366,3.651315895614613
SSSniperWolf,People Who Let The Intrusive Thoughts WIN,2024-11-22 22:20:55+00:00,3153336,31946,2490,8979,3.5578572224078404,0.28106805233832094,1.3767958758597245
SSSniperWolf,Cool Things I Learned On TikTok,2024-11-23 18:09:44+00:00,1696542,22333,1670,6228,3.585902376364804,0.2788698338781176,1.7819187500221039
SSSniperWolf,People Who Got UNLUCKY With Food,2024-11-24 22:17:29+00:00,1228078,23855,2081,8179,2.9166157231935443,0.3428631314189897,2.7779180149795044
SSSniperWolf,12 Year Old Knocks Out A PRO Fighter (True Story),2024-11-25 23:06:03+00:00,711573,14175,1755,7801,1.8170747340084605,0.5503350970017636,3.335005684588932
SSSniperWolf,I Bought My Dog A Fancy Pet Dryer,2024-11-26 17:27:10+00:00,713202,24664,515,5212,4.732156561780506,0.21132014271813168,4.261205100378294
SSSniperWolf,I Bought The Viral TikTok Dog Bed,2024-11-27 02:09:47+00:00,1410142,42374,522,6386,6.635452552458503,0.1507056213715958,3.494825343830622
SSSniperWolf,Dumb Siblings Ruin Thanksgiving,2024-11-27 22:32:50+00:00,881727,18207,1326,7970,2.2844416562107903,0.43774372494095676,3.119219440938068
SSSniperWolf,I Got A Job As A Judge For A Day,2024-11-28 22:00:15+00:00,1202143,26420,2235,8423,3.1366496497684913,0.3188115064345193,3.0843252425044274
SSSniperWolf,People Having A Very BAD Day,2024-11-29 21:14:26+00:00,1389647,22287,1569,9718,2.2933731220415723,0.4360389464710369,2.416009245513429
SSSniperWolf,I Tested Viral Art Supplies From TikTok,2024-11-30 20:17:12+00:00,2582390,29811,3850,6555,4.547826086956522,0.2198852772466539,1.5573170590034813
SSSniperWolf,I Bought A Celebrity Mystery Box,2024-12-01 22:02:00+00:00,1220057,22115,2407,8603,2.570614901778449,0.3890119828170925,2.715037084332945
SSSniperWolf,Boy Replaces His Own Mom With An AI Robot,2024-12-02 23:03:00+00:00,1470528,23559,2674,14395,1.6366099340048628,0.6110191434271404,2.762817164991078
SSSniperWolf,Crayons You Can Actually Eat,2024-12-03 23:05:47+00:00,1157410,36683,698,4951,7.409210260553423,0.13496715099637435,3.6574766072523994
SSSniperWolf,Glue But For Your…,2024-12-05 00:07:24+00:00,871175,21813,513,4799,4.545321942071265,0.220006418190987,3.1136109277699657
SSSniperWolf,Weird TikToks I Can't Explain,2024-12-06 22:13:51+00:00,1704382,22798,2061,17169,1.3278583493505738,0.7530923765242565,2.465879128035851
SSSniperWolf,TikToks That Are Oddly Satisfying,2024-12-07 18:08:38+00:00,1630334,23801,2003,8968,2.653991971454059,0.37679089113902775,2.1328145030404815
SSSniperWolf,The Most Creative People On The Internet,2024-12-08 21:28:23+00:00,1768643,25073,2013,9640,2.6009336099585063,0.38447732620747416,2.076507243123683
SSSniperWolf,Rich Girl is the Worst Roomate Ever,2024-12-09 22:26:25+00:00,1026676,17758,1887,6472,2.7438195302843016,0.36445545669557383,2.5438405105408135
SSSniperWolf,Dumb Gold Digger Tries To Find A Rich Husband On Plane,2024-12-10 22:36:19+00:00,2474245,32037,3321,11569,2.7692108220243754,0.36111371227018757,1.8966189686146682
SSSniperWolf,Student Stands Up To Mean Teacher,2024-12-12 04:01:55+00:00,768418,30946,402,7970,3.882810539523212,0.2575454016674207,5.116746354197845
SSSniperWolf,Wholesome TikToks That Will Make You Smile,2024-12-12 22:30:39+00:00,670085,16134,1040,8787,1.8361215431888016,0.5446262551134251,3.8742846056843536
SSSniperWolf,I Tried MORE Viral TikTok Food,2024-12-13 22:35:49+00:00,2354349,30136,2784,8617,3.4972728327724267,0.28593708521369793,1.7642668950100433
SSSniperWolf,I Tried YouTube Playables... It Got Weird,2024-12-14 22:29:01+00:00,1014138,15913,1604,5567,2.858451589725166,0.3498397536605291,2.276218818346221
SSSniperWolf,The Password Game Is IMPOSSIBLE,2024-12-15 21:27:07+00:00,832436,18040,2056,5405,3.337650323774283,0.2996119733924612,3.0634186892445783
SSSniperWolf,Gamer Girl Won't Show Her Face At School,2024-12-16 23:09:03+00:00,2602569,24898,3640,11955,2.082643245503973,0.48015904891959194,1.5558857421263375
SSSniperWolf,How To Make A Bouncy Egg,2024-12-18 00:26:16+00:00,1638824,52030,1204,18464,2.817915944540728,0.3548721891216606,4.374966439349192
SSSniperWolf,Dumb People On The Internet,2024-12-19 22:37:49+00:00,2788174,34017,3085,13938,2.4405940594059405,0.40973630831643004,1.830588765263574
SSSniperWolf,Cool Things You've Never Seen Before,2024-12-21 21:24:06+00:00,1198432,19691,1931,7039,2.7974144054553203,0.3574729571885633,2.391541614376118
SSSniperWolf,TikToks With A Crazy Plot Twist,2024-12-22 18:33:00+00:00,1019602,18423,1175,9765,1.8866359447004608,0.5300439667806546,2.879849196058854
SSSniperWolf,Ungrateul Kid Has The Worst Christmas Ever,2024-12-23 22:06:39+00:00,542218,13340,2176,8695,1.5342150661299598,0.6517991004497751,4.465178212453293
SSSniperWolf,Smart vs Dumb Christmas Hacks,2024-12-24 22:22:14+00:00,892677,18128,2143,10175,1.7816216216216216,0.5612864077669902,3.410640130752781
SSSniperWolf,School TikToks I Watch Instead Of Doing Homework,2024-12-27 17:02:55+00:00,1735177,23952,2943,12571,1.9053376819664307,0.5248413493653975,2.2744653715442285
SSSniperWolf,Dress To Impress But I Can't See The Theme,2024-12-28 20:00:59+00:00,1573351,22765,4161,9286,2.4515399526168427,0.4079068745881836,2.301584325430244
SSSniperWolf,I Tried FOOD from Temu,2024-12-29 19:36:32+00:00,2195308,36439,5085,13521,2.6949929738924636,0.3710584812975109,2.5073930400654487
SSSniperWolf,Problem Child Get STRICTEST Babysitter Ever,2024-12-30 21:30:22+00:00,2909639,32648,8094,35253,0.9261055796669787,1.0797904925263415,2.611836038766321
SSSniperWolf,Problem Child Shipped Off To TINY House,2025-01-06 21:02:00+00:00,1713723,22720,3565,18964,1.1980594811221261,0.8346830985915493,2.6403917085783406
SSSniperWolf,Weird Things That LOOK LIKE Food,2025-01-09 22:02:00+00:00,737769,14836,1296,8933,1.6608082391133998,0.6021164734429766,3.397404878762865
SSSniperWolf,Cool Inventions And Gadgets On TikTok,2025-01-11 18:05:00+00:00,1607793,22985,2123,9505,2.4182009468700683,0.41353056341092015,2.1528268875408716
SSSniperWolf,funniest kids on TikTok,2025-01-12 18:05:00+00:00,779273,16081,1614,9285,1.7319332256327409,0.5773894658292394,3.462201308142333
SSSniperWolf,Siblings Switch Bodies For 72 Hours,2025-01-13 20:26:37+00:00,5226311,50385,4399,17910,2.8132328308207706,0.3554629353974397,1.3909237318636416
SSSniperWolf,Girl Bullied For Her GREEN Skin Color,2025-01-16 21:05:00+00:00,2498152,57337,4015,18868,3.0388488446046216,0.32907197795489823,3.2111736995987434
SSSniperWolf,I Got Paid To Punish Criminals For A Day,2025-01-17 19:29:54+00:00,673284,14442,1508,5810,2.4857142857142858,0.40229885057471265,3.2319199624526944
SSSniperWolf,I Tried Every Fast Food Kids Meal,2025-01-18 17:04:00+00:00,1974816,32821,3970,9728,3.3738692434210527,0.2963956003778069,2.355611864599031
SSSniperWolf,Spoiled RICH Kids On Tik Tok,2025-01-19 16:05:00+00:00,2250798,29936,3229,10498,2.8515907791960373,0.3506814537680385,1.9398897635416417
SSSniperWolf,Bullied Kid Turns Into Rich Youtuber,2025-01-21 22:11:42+00:00,1423404,21981,3246,8729,2.5181578645893,0.39711569082389336,2.385549007871272
SSSniperWolf,The Coolest Houses On TikTok,2025-01-23 22:29:15+00:00,2182542,28731,1599,5520,5.204891304347826,0.19212697086770386,1.6425800740604304
SSSniperWolf,Angry Karens Who Went Too Far,2025-01-24 23:15:17+00:00,1099746,20474,1824,4612,4.439288811795317,0.22526130702354205,2.446928654434751
SSSniperWolf,i bought Satisfying Sensory Toys from TikTok Shop,2025-01-25 18:05:00+00:00,3838250,51096,6462,10557,4.840011366865586,0.20661108501643966,1.774636878785905
SSSniperWolf,TikToks That Made Me Cringe,2025-01-26 20:05:00+00:00,2827722,31127,3413,10815,2.878132223763292,0.3474475535708549,1.603941264381718
SSSniperWolf,AI Girl Sent To SCHOOL As Experiment,2025-01-28 20:38:15+00:00,971158,19301,2191,85,227.0705882352941,0.004403916895497643,2.221780595948342
SSSniperWolf,I Got A Job Cleaning Crime Scenes,2025-01-31 22:07:07+00:00,879127,15601,1525,5130,3.041130604288499,0.3288250753156849,2.531602373718473
SSSniperWolf,TikToks That Are Actually Relatable,2025-02-01 20:01:35+00:00,2025625,29239,2277,3390,8.625073746312685,0.11594103765518657,1.7232212280160444
SSSniperWolf,Cool Things I Learned On The Internet,2025-02-02 17:05:00+00:00,1574615,23652,1912,4615,5.125027085590466,0.19512092000676476,1.9165954852455998
SSSniperWolf,Tomboy Transforms Into Real Life BARBIE,2025-02-03 23:02:00+00:00,2012835,25898,2240,13182,1.9646487634653316,0.5089968337323345,2.0528259892142176
SSSniperWolf,People On TikTok Who Are A Menace To Society,2025-02-07 00:23:28+00:00,714516,15305,1274,4486,3.4117253678109676,0.2931068278340412,2.9481495165958496
SSSniperWolf,TikToks Only Girls Will Understand,2025-02-07 19:25:34+00:00,4260260,44572,2749,11201,3.979287563610392,0.2513012653683927,1.373672029406656
SSSniperWolf,The Most Creative People On The Internet,2025-02-08 17:05:00+00:00,1420091,22112,1786,6986,3.1651875178929285,0.3159370477568741,2.174790207106446
SSSniperWolf,Cool Inventions And Gadgets On TikTok,2025-02-09 18:05:00+00:00,2084674,44310,2039,9345,4.741573033707865,0.2109004739336493,2.6715927766163916
SSSniperWolf,Emo girl gets bullied by evil cheerleader,2025-02-10 21:01:11+00:00,2136742,23395,3169,9288,2.518841515934539,0.3970079076725796,1.6778815598701198
SSSniperWolf,Girl Gives Birth at School,2025-02-13 19:30:49+00:00,3168634,35677,3896,11817,3.019124989422019,0.33122179555455894,1.6218345192281596
SSSniperWolf,I Got A Job Cleaning A Haunted House,2025-02-14 17:05:00+00:00,493125,10712,1441,5464,1.9604685212298683,0.5100821508588499,3.5725221799746514
SSSniperWolf,Reacting To Subtle Foreshadowing TikToks,2025-02-15 22:02:00+00:00,562985,14026,1564,5023,2.7923551662353177,0.3581206331099387,3.661376413225929
SSSniperWolf,Flight Attendant Changes Mans Life Forever,2025-02-17 22:31:09+00:00,4590577,40946,4888,14468,2.8301078241636715,0.3533434279294681,1.3136039325775388
SSSniperWolf,I Tried The WORST Temu Products,2025-02-20 22:23:10+00:00,1647476,26185,3647,7447,3.5161810124882504,0.2843994653427535,2.262794723565017
SSSniperWolf,TikToks That Will Unlock New Fears!,2025-02-22 20:03:17+00:00,2282370,26028,2976,14547,1.7892348937925346,0.5588981097279853,1.9081481092022765
SSSniperWolf,Family Judged For Having Too Many Kids,2025-02-25 18:05:00+00:00,1880694,23481,2352,10921,2.150077831700394,0.4650994421021251,1.9542785801411606
SSSniperWolf,TikToks That Feel ILLEGAL To Watch,2025-02-28 18:05:00+00:00,768286,14856,1105,3823,3.8859534397070363,0.2573371028540657,2.575082716592519
SSSniperWolf,I Tried Clickbait Products From TEMU,2025-03-01 21:20:41+00:00,904170,21104,2559,4359,4.8414774030741,0.20654852160727824,3.099195947664709
SSSniperWolf,Are They Siblings or Dating!?,2025-03-02 18:32:00+00:00,1250086,23776,2076,7138,3.330905015410479,0.3002187079407806,2.6390184355316353
SSSniperWolf,Mom Makes Kids PAY For Food,2025-03-03 20:38:46+00:00,1616845,27319,2217,11013,2.4806138200308725,0.4031260295032761,2.5079089213870223
SSSniperWolf,Karens Who Went TOO Crazy,2025-03-06 22:02:00+00:00,1480857,23451,1792,5881,3.98758714504336,0.25077821841286085,2.1017559426737353
SSSniperWolf,Wholesome Videos That Will Make You Smile,2025-03-07 19:05:00+00:00,1275019,19666,1455,14525,1.3539414802065404,0.7385843587918235,2.7957230441271856
SSSniperWolf,Can I survive Squid Game?,2025-03-09 00:10:29+00:00,2121197,19842,2156,7941,2.498677748394409,0.40021167221046267,1.4114200614087236
SSSniperWolf,Girl Bullied For Liking K-POP,2025-03-10 21:16:48+00:00,1562926,22077,4570,10205,2.1633512983831453,0.4622457761471214,2.3578851461937416
SSSniperWolf,Dhar Mann Employee Quits His Job,2025-03-13 18:39:27+00:00,882166,18318,2567,7467,2.4531940538368824,0.407631837536849,3.2139075865540043
SSSniperWolf,TikToks That Are Only For The Boys,2025-03-15 19:01:30+00:00,894304,20601,1688,6291,3.274678111587983,0.3053735255570118,3.19578130031846
SSSniperWolf,TikToks That Are Oddly Satisfying,2025-03-16 18:05:00+00:00,950826,16467,1794,7926,2.0775927327781982,0.4813262889415194,2.7541316707788805
SSSniperWolf,Teacher Is Secretly a POPSTAR,2025-03-17 21:23:27+00:00,2215953,20948,2166,14199,1.4753151630396506,0.6778212717204506,1.6838353521035871
SSSniperWolf,i got a job making DISGUSTING ice cream desserts,2025-03-20 19:05:00+00:00,984547,17871,1604,8309,2.1508003369839934,0.46494320407363887,2.822008497308915
SSSniperWolf,TikToks That Are Actually Relatable,2025-03-21 19:05:00+00:00,1653470,23929,1609,7896,3.030521783181358,0.32997617953111286,2.0220505966240694
SSSniperWolf,Reacting To The Biggest TikTok ICKs,2025-03-22 18:32:00+00:00,484955,13306,1070,10604,1.2548095058468502,0.7969337141139335,5.150993391139385
SSSniperWolf,Boy Gives HAIR LICE To The Whole School,2025-03-24 20:09:00+00:00,1313916,18709,2448,15519,1.205554481603196,0.8294938265006147,2.7913504364053714
SSSniperWolf,The Most Creative People On The Internet,2025-03-28 20:33:28+00:00,1247436,23983,1330,9461,2.5349328823591586,0.3944877621648668,2.787638003071901
SSSniperWolf,Videos That Will Make Your Brain Hurt,2025-03-29 17:22:33+00:00,1046274,14914,1213,10318,1.4454351618530723,0.6918331768807832,2.527540586882595
SSSniperWolf,Mean Girls BACKSTAB The Prom Queen,2025-03-31 20:41:08+00:00,1398253,17132,1960,13195,1.298370594922319,0.7701961242120009,2.3090957072861635
SSSniperWolf,"I did a Scavenger Hunt in a $10,000,000 Mansion",2025-04-03 22:17:53+00:00,329670,11466,1092,3698,3.100594916170903,0.32251875109017963,4.930991597658265
SSSniperWolf,I became a maid for a BILLIONAIRE family,2025-04-04 21:43:03+00:00,558069,12561,1167,7774,1.6157705171083097,0.6188997691266619,3.8529285805160294
SSSniperWolf,Cool Things You've Never Seen Before On The Internet,2025-04-05 19:13:29+00:00,1254710,19986,1956,13981,1.4295114798655317,0.6995396777744421,2.8630520199886824
SSSniperWolf,Girl Bullied At School For Her MUSCLES,2025-04-07 22:36:16+00:00,1214000,19009,2235,8816,2.1561932849364793,0.4637803145878268,2.4761120263591434
SSSniperWolf,Roblox School But If You Fail You Die,2025-04-10 19:12:38+00:00,1451357,22588,1929,5765,3.9181266261925414,0.2552240127501328,2.08646115325175
SSSniperWolf,Famous Youtuber Bullied For Being SHY,2025-04-11 21:01:24+00:00,577473,11792,1364,5282,2.232487694055282,0.4479308005427408,3.192876550072471
SSSniperWolf,Dumb Life Hacks That Will Give You 0 IQ,2025-04-12 19:05:00+00:00,1602712,22532,1761,5785,3.8949006050129644,0.2567459612994852,1.87669400366379
SSSniperWolf,I failed the EASIEST Roblox game,2025-04-13 19:05:01+00:00,776557,11271,1364,7348,1.533886771910724,0.6519386034956969,2.5732818067443857
SSSniperWolf,Student Wears MINECRAFT Mask to HIDE Face,2025-04-14 22:27:13+00:00,2067164,17767,2276,11950,1.4867782426778242,0.6725952608769066,1.547675946369035
SSSniperWolf,Cool Things I Learned On The Internet,2025-04-18 19:05:00+00:00,713008,16528,1252,5034,3.283273738577672,0.3045740561471442,3.1996835940129706
SSSniperWolf,Cool Inventions And Gadgets On TikTok!,2025-04-19 19:15:00+00:00,968794,15024,1919,5343,2.8119034250421113,0.35563099041533547,2.300385840539888
SSSniperWolf,Relationship TikToks That Make Me Feel Single,2025-04-20 21:25:56+00:00,918861,20533,1384,11130,1.8448337825696317,0.5420542541275021,3.5965178628758867
SSSniperWolf,Girl Can't Stop Sleeping In Class,2025-04-21 23:10:06+00:00,802995,15112,1722,10245,1.4750610053684725,0.6779380624669137,3.372250138543827
SSSniperWolf,Creepy TikToks You Should NOT Watch At Night,2025-04-24 23:27:43+00:00,2022616,34533,1830,10846,3.183938779273465,0.31407639069875193,2.3340564892199014
SSSniperWolf,i broke EVERY rule on Roblox,2025-04-25 20:27:44+00:00,1990683,25102,3142,8066,3.112075378130424,0.3213289777706956,1.8239970904458418
SSSniperWolf,Design Fails So Bad It's Actually Funny,2025-04-26 18:15:00+00:00,1551911,32446,1836,14631,2.21762012165949,0.45093385933551133,3.1517915653668287
SSSniperWolf,guy gets DUMPED for being TOO SHORT,2025-04-28 23:01:03+00:00,1154954,15701,1723,20238,0.7758177685542049,1.2889624864658302,3.260909092483337
SSSniperWolf,FUNNIEST Peppa Pig Animations,2025-05-01 20:20:28+00:00,1370279,20271,2965,7879,2.572788424927021,0.38868334073306693,2.270705454874518
SSSniperWolf,Dumb People On The Internet,2025-05-02 19:05:00+00:00,1520962,21481,1233,4913,4.372277630775494,0.22871374703226108,1.8164161892276074
SSSniperWolf,the CREEPIEST roblox game that will keep you up at night,2025-05-03 20:22:16+00:00,871377,11517,1361,3062,3.7612671456564337,0.26586784752973863,1.8292885857671248
SSSniperWolf,Most Oddly Satisfying Video to watch before sleep,2025-05-04 19:05:01+00:00,956210,15434,1369,5438,2.8381757999264434,0.35233899183620576,2.3259535039374195
SSSniperWolf,Real Teacher Gets Replaced By AI Robot,2025-05-06 20:31:04+00:00,920527,14367,1453,5157,2.7859220477021522,0.3589475882230111,2.2788033376533225
SSSniperWolf,Try Not To Get Uncomfortable Challenge (Impossible),2025-05-08 20:28:38+00:00,1130010,15349,1516,4114,3.730918813806514,0.2680304905857059,1.8565322430774949
SSSniperWolf,All Your Pain In One Video,2025-05-09 21:01:13+00:00,1135409,18865,1894,4431,4.257503949447077,0.23487940630797774,2.2185837878685124
SSSniperWolf,Do NOT take this Roblox Survey at night,2025-05-10 23:37:34+00:00,2053881,22693,3174,4874,4.655929421419779,0.2147798880712114,1.4967274150741938
SSSniperWolf,Girl Gets Bulled For THRIFT Shopping!,2025-05-12 21:34:09+00:00,1234095,20291,2828,6566,3.0903137374352725,0.3235917401803755,2.405406390918041
SSSniperWolf,People Having A Very BAD Day,2025-05-15 22:02:33+00:00,1299206,22303,1216,4189,5.324182382430174,0.1878222660628615,2.1326871951022395
SSSniperWolf,I Tried Making Viral TikTok Food Recipes,2025-05-16 23:10:31+00:00,2978824,54002,2773,5086,10.617774282343689,0.09418169697418614,2.076692010001262
SSSniperWolf,TikToks That Will Get You In Trouble,2025-05-17 19:16:06+00:00,813463,15209,929,2936,5.180177111716621,0.19304359260963902,2.344790113379465
SSSniperWolf,Italian Brainrot Has Taken Over ROBLOX,2025-05-18 20:36:09+00:00,594238,12663,1706,4426,2.8610483506552193,0.34952223011924505,3.1628741346059996
SSSniperWolf,Kid Survives The CHEAPEST Mom In The World,2025-05-19 23:11:34+00:00,3144642,28876,2003,6221,4.641697476289986,0.21543842637484417,1.1797845350917529
SSSniperWolf,Most Unlucky People Ever On TikTok,2025-05-22 20:03:14+00:00,775397,14040,1149,4875,2.88,0.3472222222222222,2.5875777182527147
SSSniperWolf,the funniest kids on TikTok,2025-05-23 21:14:00+00:00,520446,11951,976,5650,2.115221238938053,0.4727637854572839,3.5694385200385823
SSSniperWolf,I Faked Being an Adult to Teach My Own Class,2025-05-24 22:32:37+00:00,1058405,17037,1183,4901,3.4762293409508263,0.28766801666960146,2.1845134896377094
SSSniperWolf,TWIN Sisters Reunite After 18 Years,2025-05-26 23:19:43+00:00,1960201,21363,1785,7119,3.000842815002107,0.33323971352338155,1.54407634727255
SSSniperWolf,fast workers doing their job perfectly,2025-05-29 21:11:14+00:00,724071,13519,1007,2549,5.303648489603766,0.18854944892373696,2.358194154993088
SSSniperWolf,People Who Only Had One Job,2025-05-31 21:17:24+00:00,898115,16661,1386,3637,4.580973329667308,0.21829422003481183,2.414390139347411
SSSniperWolf,Girl Wont Show Her Face At School,2025-06-02 23:10:30+00:00,1066164,15985,1498,3670,4.355585831062671,0.22959024085079763,1.9840287235359664
SSSniperWolf,DON'T Get A Snack At 3am In Roblox,2025-06-05 19:33:17+00:00,1332437,16934,1563,3264,5.1881127450980395,0.19274831699539388,1.6331729004823492
SSSniperWolf,I Tried Viral TikTok Food Trends,2025-06-06 20:37:20+00:00,2705424,32259,3829,4298,7.505583992554676,0.1332341362100499,1.4927789507300888
SSSniperWolf,Cartoon Secrets You NEVER NOTICED,2025-06-07 18:25:52+00:00,1180191,19411,1334,4209,4.611784271798527,0.2168358147442172,2.1144035160410475
SSSniperWolf,She Hid Her Face For 10 Years… until now,2025-06-09 23:43:14+00:00,1333574,17939,1970,4257,4.214000469814423,0.23730419755839233,1.8121229118144173
SSSniperWolf,I Tried Roblox IMPOSSIBLE Brainrot,2025-06-10 23:27:01+00:00,391533,6646,744,3868,1.718200620475698,0.5820042130604876,2.8753642732541063
SSSniperWolf,Videos That Will Unlock A New Fear,2025-06-12 20:44:49+00:00,1614541,33526,1956,10300,3.2549514563106796,0.3072242438704289,2.835604670305678
SSSniperWolf,Dumb Life Hacks That Will Make You Lose Braincells,2025-06-14 19:02:00+00:00,911109,15547,1304,2911,5.340776365510134,0.18723869556827683,2.1690050257433526
SSSniperWolf,Girl Gets Bullied For Having Stretch Marks,2025-06-16 19:36:52+00:00,693860,13704,1516,3068,4.466753585397653,0.22387624051371863,2.6356901968696853
SSSniperWolf,I Fell in Love with the Cop Who Arrested My MOM,2025-06-17 21:02:29+00:00,754749,13272,824,4557,2.912442396313364,0.34335443037974683,2.4714176501061944
SSSniperWolf,Gender Reveal Fails Gone Wrong,2025-06-18 22:15:15+00:00,766769,21800,1155,3872,5.630165289256198,0.17761467889908256,3.4987069117296086
SSSniperWolf,Do NOT Take the Wrong Pill,2025-06-19 23:31:31+00:00,422247,9227,950,3638,2.5362836723474436,0.39427766337921316,3.271781682285487
SSSniperWolf,The Most Creative People On The Internet,2025-06-21 18:15:00+00:00,792093,30091,1586,11264,2.6714311079545454,0.3743311953740321,5.4212068532356685
SSSniperWolf,Boy Hides His MEXICAN Culture From School,2025-06-23 21:41:40+00:00,1657944,18768,2292,3218,5.83219390926041,0.171462063086104,1.4643437896575517
SSSniperWolf,I Ate Like a SuperModel For a Day,2025-06-24 20:02:00+00:00,1096741,21587,1911,2980,7.243959731543624,0.13804604623152825,2.4142436546094292
SSSniperWolf,TikToks That Are Actually Relatable,2025-06-25 22:05:00+00:00,1082695,17893,1429,3089,5.792489478795726,0.17263734421282065,2.069927357196625
SSSniperWolf,Everyday Things You've Been Doing WRONG,2025-06-26 20:05:00+00:00,804577,18423,1378,10187,1.8084813978600176,0.5529501167019486,3.727175894911239
SSSniperWolf,Toxic Boyfriend Tells His Girl What To Wear,2025-06-30 21:05:48+00:00,2001595,23375,2200,7438,3.1426458725463835,0.31820320855614975,1.649334655612149
SSSniperWolf,#travel #europe,2025-07-01 21:11:49+00:00,546020,13220,558,2095,6.310262529832936,0.15847201210287443,2.9070363722940553
SSSniperWolf,TikToks That Made Me Cringe,2025-07-02 19:07:00+00:00,1054754,22414,1248,3958,5.662961091460334,0.176586062282502,2.6186200763400755
SSSniperWolf,Dumb People On The Internet,2025-07-03 21:01:02+00:00,3174218,40796,2211,6811,5.9897225077081195,0.16695264241592314,1.5694574222690438
SSSniperWolf,People Having A Very BAD Day,2025-07-05 19:11:22+00:00,1355839,19405,1439,5765,3.366001734605377,0.29708837928368975,1.9625486506878767
SSSniperWolf,Real Princess Goes Under Cover As A Normal Girl,2025-07-07 19:40:26+00:00,2527725,22161,1746,5174,4.283146501739466,0.2334732187175669,1.1504811638924328
SSSniperWolf,People Who's Life Flashed Before Their Eyes...,2025-07-09 19:30:28+00:00,477180,11686,1193,4376,2.670475319926874,0.3744651720006846,3.616035877446666
SSSniperWolf,Gluten free pastry tasting in Paris,2025-07-09 20:57:46+00:00,800673,31808,1328,1936,16.429752066115704,0.06086519114688129,4.380315059955812
SSSniperWolf,Girl Wakes Up From Coma Pregnant,2025-07-10 18:40:12+00:00,1064781,15866,1651,10186,1.5576281170233655,0.6420017647800328,2.6017556661886343
SSSniperWolf,Videos That Feel ILLEGAL To Watch,2025-07-16 19:05:00+00:00,1447362,28337,2135,4980,5.690160642570281,0.1757419628048135,2.4494217756166043
SSSniperWolf,Evil Parents Force Kid To Be A Youtuber,2025-07-17 19:17:58+00:00,937487,13867,1452,4777,2.902867908729328,0.3444869113723228,2.143603057962404
SSSniperWolf,Annoying Things We Can All Relate To,2025-07-19 18:19:42+00:00,887027,15539,1249,3433,4.526361782697349,0.22092798764399255,2.2796374856684185
SSSniperWolf,Cool Things You've Probably Never Seen Before,2025-07-20 19:00:38+00:00,1139238,16436,1364,3602,4.563020544142144,0.21915307860793382,1.8786241329730926
SSSniperWolf,Bully Shaves Girls Head At Sleepover,2025-07-21 23:43:41+00:00,747785,17397,1295,4885,3.561310133060389,0.2807955394608266,3.15291159892215
SSSniperWolf,I Played Squid Games 3 on Roblox,2025-07-22 19:02:00+00:00,620126,9717,1169,2892,3.3599585062240664,0.2976227230626737,2.2218065360910524
SSSniperWolf,People Who Got Very Lucky,2025-07-23 22:38:34+00:00,3266665,30540,2033,6705,4.554809843400448,0.21954813359528488,1.2023883685654941
SSSniperWolf,Dumb Inventions That Are Actually USELESS,2025-07-26 21:13:29+00:00,666388,13049,1149,4666,2.79661380197171,0.35757529312591,2.8307832674057756
SSSniperWolf,POOR Kid Shamed For OLD Shoes FT FOLTYN,2025-07-29 00:02:00+00:00,1921254,39009,3562,11410,3.418843120070114,0.29249660334794536,2.80967534745536
SSSniperWolf,The Most Creative People On The Internet,2025-07-31 22:16:18+00:00,1015954,16798,1409,5713,2.9403115701032734,0.34010001190617933,2.3544373072009166
SSSniperWolf,Online Dating Fails,2025-08-01 23:07:51+00:00,417758,12120,969,3074,3.9427456083279115,0.25363036303630365,3.868986350949593
SSSniperWolf,karens who got INSTANT Karma,2025-08-02 20:28:48+00:00,1207853,18666,1443,5117,3.647840531561462,0.27413479052823314,2.088499179949878
SSSniperWolf,MASKED Girl gamer has a huge secret,2025-08-04 22:28:55+00:00,761838,12965,1381,4908,2.64160554197229,0.3785576552256074,2.527308955447221
SSSniperWolf,i was today years old when i learned,2025-08-06 22:14:19+00:00,897787,16030,1174,4089,3.9202739056003915,0.2550842170929507,2.3717206865325515
SSSniperWolf,Dumb Hacks For Embarrassing Moments,2025-08-08 21:48:57+00:00,560182,11430,971,2897,3.9454608215395237,0.25345581802274714,2.730898172379691
SSSniperWolf,People With Unique Features,2025-08-09 20:38:53+00:00,789544,22787,3088,12868,1.7708268573204848,0.5647079475139334,4.907009615676897
SSSniperWolf,Evil Principal hides SECRET from school,2025-08-11 22:16:50+00:00,1175000,15308,1752,4293,3.565804798509201,0.2804415991638359,1.817276595744681
SSSniperWolf,people having a really bad day,2025-08-13 21:32:11+00:00,1110012,15386,1542,1759,8.747015349630471,0.11432471077603015,1.6834953135641775
SSSniperWolf,Cool Things That ONLY Exist In Japan,2025-08-14 22:14:48+00:00,2144915,27437,1687,9810,2.7968399592252804,0.3575463789772934,1.815176825188877
SSSniperWolf,Family Gets Kicked Off Plane,2025-08-16 19:27:00+00:00,676188,12095,1135,3522,3.434128336172629,0.29119470855725504,2.4774175229374076
SSSniperWolf,Most Oddly Satisfying Video to watch before sleep,2025-08-17 19:05:00+00:00,1533047,17153,1914,3923,4.37241906704053,0.22870634874366,1.4996278652904966
SSSniperWolf,Cool Things You Have Never Seen Before,2025-08-18 23:38:19+00:00,616990,12988,1028,2598,4.999230177059276,0.2000307976593779,2.6927502876869966
SSSniperWolf,Girl bullied for wearing TEMU,2025-08-19 19:41:46+00:00,1102191,13379,1123,5717,2.340213398635648,0.427311458255475,1.834437044033203
SSSniperWolf,I Ranked Every Mexican Candy,2025-08-21 21:05:00+00:00,730325,15524,2102,3090,5.0239482200647245,0.199046637464571,2.8365453736350252
SSSniperWolf,Reacting to Youtuber Face Reveals,2025-08-22 20:15:05+00:00,360828,9318,730,2581,3.6102285935683844,0.2769907705516205,3.500005542807099
SSSniperWolf,Cool Inventions And Gadgets You've Never Seen Before,2025-08-23 17:05:01+00:00,1174992,19449,1322,8068,2.4106346058502726,0.4148285258882205,2.4543996895298013
SSSniperWolf,Mean Teacher BANS Roblox From School ft. Foltyn,2025-08-25 22:02:01+00:00,888300,15109,1582,11055,1.366711895070104,0.7316831027864187,3.1234943149836765
SSSniperWolf,People Who Got Stuck In Weird Places,2025-08-29 23:11:35+00:00,676735,11049,872,1216,9.086348684210526,0.11005520861616436,1.9412325356306381
SSSniperWolf,TikToks Where Their Life Flashed Before Their Eyes,2025-08-30 19:32:14+00:00,720089,12453,1091,3878,3.211191335740072,0.31141090500281055,2.4194231546378293
SSSniperWolf,Girl Pretends to be Sabrina Carpenter,2025-09-01 22:02:00+00:00,1347284,20443,1632,4824,4.237769485903814,0.23597319375825465,1.9965352516618617
SSSniperWolf,Videos That Will Unlock A New Fear,2025-09-02 22:23:55+00:00,1057933,16645,1380,1731,9.615829000577701,0.10399519375187743,1.867415044241932
SSSniperWolf,Kid ADOPTED By the WORST Foster Parents,2025-09-04 21:16:22+00:00,995103,15547,1377,1538,10.108582574772432,0.09892583778220879,1.8552853322721368
SSSniperWolf,I tried the most expensive pastries in the world,2025-09-05 19:30:32+00:00,437876,15553,593,770,20.198701298701298,0.04950813347907156,3.8631941462879906
SSSniperWolf,People Who Did NOT See It Coming,2025-09-05 20:01:00+00:00,706492,15926,858,2154,7.393686165273909,0.1352505337184478,2.680568215917519
SSSniperWolf,Karens Who Went TOO Far,2025-09-06 19:16:43+00:00,1547330,28851,1864,3500,8.243142857142857,0.12131295275727011,2.2112283740378587
SSSniperWolf,IMPOSSIBLE Don't Say The Same Thing Challenge,2025-09-07 21:20:06+00:00,1244908,37751,2835,6790,5.5597938144329895,0.17986278509178566,3.8055824205483457
SSSniperWolf,BAD Parents Adopted Girl For VIEWS,2025-09-09 16:29:48+00:00,1544869,28308,1852,4783,5.918461216809534,0.16896283736046347,2.2618746314412417
SSSniperWolf,TikTok Pranks That Went TOO Far,2025-09-11 21:30:30+00:00,555321,12695,689,1505,8.435215946843854,0.11855061047656558,2.681151982366955
SSSniperWolf,People Who Took Instructions Too Literally,2025-09-12 22:26:49+00:00,877459,13055,816,1084,12.043357933579335,0.08303332056683263,1.7043531378674104
SSSniperWolf,Rating Crazy YouTuber Houses,2025-09-13 21:01:03+00:00,462949,9308,632,1162,8.010327022375215,0.12483884830253546,2.398104326826497
SSSniperWolf,Most Oddly Satisfying Video to watch before sleep,2025-09-14 19:01:00+00:00,983501,12585,788,2312,5.443339100346021,0.18371076678585618,1.594812816662108
SSSniperWolf,Surviving The Worst College Roomate Ever,2025-09-15 23:08:22+00:00,730202,11878,875,2004,5.9271457085828345,0.16871527193130156,2.0209476281905556
SSSniperWolf,What happened to SSSniperwolf? ,2025-09-16 19:05:00+00:00,1476808,15982,2018,8223,1.943572905265718,0.5145163308722313,1.7756539780391223
SSSniperWolf,Cool Things I Learned On TikTok,2025-09-18 20:33:24+00:00,776922,14395,876,1904,7.5603991596638656,0.13226814866273012,2.2106466286190893
SSSniperWolf,I Went to KENYA,2025-09-19 20:00:30+00:00,743394,21372,2736,1317,16.22779043280182,0.06162268388545761,3.4201244562103
SSSniperWolf,Creepiest TikToks On The Internet,2025-09-20 20:47:47+00:00,871429,19762,1661,2937,6.728634661218931,0.14861856087440542,2.795408461274527
SSSniperWolf,DUMB Girls bully student for LABUBU,2025-09-22 22:31:59+00:00,960490,14465,2051,5196,2.78387220939184,0.35921189077082616,2.2605128632260616
SSSniperWolf,Luckiest People On The Internet,2025-09-25 22:16:00+00:00,687410,12162,974,2282,5.329535495179667,0.18763361289261635,2.2429117993628256
SSSniperWolf,Creative People On Another Level,2025-09-27 19:05:00+00:00,714550,13774,903,2130,6.466666666666667,0.15463917525773196,2.3521097194038205
SSSniperWolf,Weird Things Spotted On Google Maps,2025-09-28 18:31:06+00:00,2130379,37778,1974,6597,5.726542367742914,0.17462544337974484,2.1756222719056093
SSSniperWolf,Rich Family Goes Undercover At School,2025-09-30 18:00:41+00:00,532097,10073,612,3239,3.1099104661932695,0.3215526655415467,2.6168161068376627
SSSniperWolf,Dumbest Laws All Around The World,2025-10-02 20:02:46+00:00,1096798,18963,1556,3566,5.317722938867078,0.18805041396403524,2.1959376293538098
SSSniperWolf,People Who Got Very Lucky,2025-10-04 17:15:00+00:00,412141,8745,586,1719,5.087260034904014,0.19656946826758148,2.681121266750942
SSSniperWolf,Weird Inventions and Gadgets That Went Viral,2025-10-05 19:39:54+00:00,448301,12184,582,1531,7.95819725669497,0.12565659881812213,3.1891519314032313
SSSniperWolf,Evil Stepmom Locks Daughter In Attic,2025-10-06 23:13:45+00:00,696588,11319,956,2281,4.962297238053485,0.20151956886650765,2.0896139468380164
SSSniperWolf,People Who Had Too Much Free Time,2025-10-09 22:02:25+00:00,656287,11893,639,1294,9.190880989180835,0.10880349785588161,2.1067002698514523
SSSniperWolf,Testing Viral TikTok Food Hacks to see if they work,2025-10-10 21:30:01+00:00,1898974,27397,1380,1512,18.119708994708994,0.05518852429098076,1.5950192051076002
SSSniperWolf,Crazy Inventions And Gadgets You've Never Seen Before,2025-10-11 19:18:38+00:00,705104,16066,798,3074,5.226415094339623,0.19133574007220217,2.8276679752206766
SSSniperWolf,Girl Caught Pretending To Be KATSEYE,2025-10-13 23:29:28+00:00,940439,21164,1618,2086,10.145733461169703,0.09856359856359856,2.6442969719460803
SSSniperWolf,Her Son Cant Stop Growing At Night,2025-10-14 22:07:52+00:00,608487,11162,2222,2535,4.403155818540434,0.22710983694678374,2.6161610683547885
SSSniperWolf,Cool Things They Only Have In Japan,2025-10-16 23:29:19+00:00,993000,20309,955,3497,5.8075493279954244,0.1721896696046088,2.493554884189325
SSSniperWolf,Cool Things I Learned On TikTok,2025-10-17 22:30:25+00:00,583716,14162,777,2939,4.818645797890439,0.20752718542578732,3.0627908092291456
SSSniperWolf,Most Oddly Satisfying Video to watch before sleep,2025-10-19 21:52:47+00:00,755808,21154,862,5792,3.652279005524862,0.2738016450789449,3.6792412887929213
SSSniperWolf,Reacting to My Dhar Mann Episode!!,2025-10-21 22:51:35+00:00,2181555,31802,9112,4756,6.686711522287637,0.14955034274573925,2.093460857049215
SSSniperWolf,Things Other Countries Do Differently,2025-10-24 17:12:21+00:00,678191,10674,1387,2292,4.657068062827225,0.21472737492973581,2.1163654486715395
SSSniperWolf,People Who Got What They Deserve (Instant Karma),2025-10-25 21:05:00+00:00,452490,12903,774,2818,4.578779276082328,0.21839882197938465,3.645384428385158
SSSniperWolf,How Random Things Are Made!,2025-10-26 22:10:08+00:00,659016,16189,857,2915,5.55368782161235,0.18006053493112606,3.0289097685033446
SSSniperWolf,I went undercover in a dhar man episode,2025-10-27 22:04:00+00:00,728937,13434,1666,2262,5.938992042440319,0.16837874050915588,2.3818244923772562
SSSniperWolf,Design Fails So Bad It's Actually Funny,2025-10-31 19:05:00+00:00,1048209,15519,1165,1464,10.600409836065573,0.09433597525613764,1.7313341137120555
SSSniperWolf,TikToks Only Kids Understand,2025-11-01 17:15:04+00:00,839473,25853,2270,6296,4.106257941550191,0.2435307314431594,4.100072307268965
SSSniperWolf,TikToks That Are Actually Relatable,2025-11-02 20:10:00+00:00,426765,12395,628,2667,4.647544056992876,0.21516740621218233,3.6764964324628306
SSSniperWolf,Rich Girl Pretends to be POOR for Love,2025-11-03 21:38:15+00:00,775746,10347,866,2232,4.635752688172043,0.21571469991301825,1.733170393401964
SSSniperWolf,Crazy Things Spotted On Google Maps,2025-11-06 23:00:09+00:00,2003755,40615,1163,4763,8.527188746588285,0.11727194386310476,2.3226891511187744
SSSniperWolf,Weird Things Banned in Schools Around The World,2025-11-07 21:24:59+00:00,504088,12715,2209,1664,7.641225961538462,0.13086905230043255,3.2906952754281003
SSSniperWolf,Trying Weird Things I Bought On TikTok Shop,2025-11-08 21:24:06+00:00,658937,11914,1074,2089,5.703207276208713,0.17533993620950142,2.2880791335135227
SSSniperWolf,rich kid has EVERYTHING except one thing...,2025-11-10 23:01:01+00:00,403338,8550,658,4104,2.0833333333333335,0.48,3.300457680654935
SSSniperWolf,TikToks That Are Actually Relatable,2025-11-14 21:27:20+00:00,680891,11704,703,1861,6.289091886082751,0.15900546821599454,2.0954895864389456
SSSniperWolf,All Your Pain In One Video,2025-11-15 21:00:28+00:00,416508,8625,819,1254,6.87799043062201,0.1453913043478261,2.568498084070414
SSSniperWolf,Cool Things You Have Never Seen Before,2025-11-16 23:06:59+00:00,953408,12608,830,2936,4.294277929155314,0.23286802030456852,1.7174179364972813
SSSniperWolf,NERDY Girl turns POPULAR Overnight,2025-11-18 00:18:29+00:00,614887,11364,1000,3961,2.868972481696541,0.3485568461809222,2.65495936651775
SSSniperWolf,My WHOLE Life is a Lie (True Story Animation),2025-11-20 22:01:08+00:00,406276,9957,529,2698,3.6905114899925873,0.27096515014562617,3.2450846222764818
SSSniperWolf,Proof Your Life Is A LIE,2025-11-21 20:00:29+00:00,457022,10571,613,2059,5.134045653229723,0.19477816668243308,2.8976723221201603
SSSniperWolf,Things That Feel Illegal To Watch,2025-11-22 18:15:10+00:00,835880,16444,986,5263,3.1244537336120084,0.3200559474580394,2.714863377518304
SSSniperWolf,Teen Falls In Love With a DYING Girl,2025-11-24 23:30:48+00:00,420317,8085,713,5123,1.5781768495022448,0.6336425479282622,3.312024019965883
SSSniperWolf,Weird Things Spotted On Google Maps,2025-11-27 20:51:33+00:00,628052,9451,1084,2435,3.8813141683778234,0.25764469368320814,2.065115627368434
SSSniperWolf,Wholesome TikToks That Will Make You Smile,2025-11-28 20:19:43+00:00,274485,6557,576,1117,5.8701880035810206,0.1703522952569773,3.005628722881032
SSSniperWolf,I Opened SMALL vs GIANT Advent Calendars,2025-11-29 20:53:28+00:00,896124,16334,1488,2039,8.010789602746444,0.12483163952491735,2.21632274104923
SSSniperWolf,Girl Pretends To Be ARIANA GRANDE To Meet Crush,2025-12-01 22:01:14+00:00,397634,8758,775,4845,1.8076367389060888,0.5532084950902032,3.6158879773862393
SSSniperWolf,Dumb People On The Internet,2025-12-05 19:15:56+00:00,571865,11035,867,2857,3.8624431221561077,0.25890348889895787,2.580853872854607
SSSniperWolf,Genius Secrets I Learned on the Internet,2025-12-06 20:00:55+00:00,865845,21078,789,3741,5.634322373696873,0.17748363222317107,2.9575732377042083
SSSniperWolf,How Everyday Things Are Actually Made,2025-12-07 20:41:18+00:00,505907,10536,672,2014,5.231380337636544,0.19115413819286256,2.613523829478541
SSSniperWolf,This is the LAST Dhar Mann video ever...,2025-12-09 00:04:51+00:00,1372368,28428,1758,5672,5.011988716502116,0.19952159842408893,2.6128560269548693
SSSniperWolf,Cool Inventions You've Probably Never Seen Before,2025-12-11 21:00:09+00:00,656557,10608,658,1312,8.085365853658537,0.12368024132730016,1.9157514122916977
SSSniperWolf,Videos That Are Oddly Satisfying,2025-12-12 21:02:58+00:00,488028,11947,709,1829,6.531984691088026,0.1530928266510421,2.96806740596851
SSSniperWolf,People Who Had ONE Job,2025-12-13 19:08:19+00:00,693808,14753,784,3614,4.082180409518539,0.24496712533044127,2.7602737356732696
SSSniperWolf,Vegan Teacher Bans All Meat In School,2025-12-15 21:36:25+00:00,1045449,19273,1624,5469,3.5240446151033096,0.2837648523841644,2.5219785948429814
SSSniperWolf,I reacted to AI videos of myself,2025-12-19 21:29:34+00:00,1006999,20909,1801,1880,11.121808510638298,0.08991343440623654,2.4419090783605544
SSSniperWolf,Cool Things I Learned On TikTok,2025-12-20 17:33:21+00:00,456222,9767,629,2899,3.3690927906174544,0.2968158083341865,2.9141514438146343
SSSniperWolf,Useless Inventions You've Probably Never Seen Before,2025-12-21 18:00:23+00:00,296951,10053,633,3369,2.9839715048975957,0.3351238436287675,4.73310411482029
SSSniperWolf,Poor Girl Shamed for Cheap Christmas Gifts,2025-12-22 20:31:53+00:00,645622,11736,728,1281,9.1615925058548,0.10915132924335379,2.128954713439133
SSSniperWolf,Rarest Things On Earth,2025-12-23 19:15:02+00:00,428365,21051,1859,4935,4.26565349544073,0.2344306683767992,6.500297643364887
SSSniperWolf,Videos That Will Unlock A New Fear,2025-12-24 22:06:44+00:00,426691,7949,1074,2840,2.798943661971831,0.35727764498679077,2.780232064890049
SSSniperWolf,I Ate Every Food At Disneyland,2025-12-26 15:50:15+00:00,381972,11351,778,1047,10.841451766953199,0.09223856928904943,3.4494675002356194
SSSniperWolf,TikToks That Will Make You Super Uncomfortable,2025-12-27 22:11:21+00:00,509542,10996,1197,1658,6.632086851628468,0.15078210258275737,2.7183235140577224
SSSniperWolf,TikToks That Are Actually Relatable,2025-12-28 23:49:31+00:00,601211,17277,1045,5678,3.0427967594223317,0.3286450193899404,3.9919429285225987
SSSniperWolf,Rich Family Stranded On Christmas,2025-12-31 21:20:04+00:00,652967,10345,1104,2560,4.041015625,0.24746254229096182,2.145437671429031
SSSniperWolf,I reacted to creepy AI videos of myself,2026-01-03 00:45:59+00:00,321514,7482,690,1891,3.956636700158646,0.2527399091152098,3.129879258757006
SSSniperWolf,Weird Things Spotted On Google Maps,2026-01-03 20:05:00+00:00,422961,7693,935,3330,2.3102102102102102,0.43286104250617446,2.8272110194556945
SSSniperWolf,I Tested Viral TikTok Food Hacks to see if they work,2026-01-08 18:00:49+00:00,682745,16530,897,3156,5.237642585551331,0.1909255898366606,3.0147419607613384
SSSniperWolf,Kid Secretly HIDES In YOUTUBERS House...,2026-01-10 22:06:01+00:00,910446,14829,1368,4507,3.2902152207676947,0.3039314856025356,2.274050300621893
SSSniperWolf,Girl With OCD Fears ALL Germs,2026-01-12 22:38:22+00:00,484976,14382,945,5747,2.502523055507221,0.3995967181198721,4.3453696677773745
SSSniperWolf,I Starred in AI Commercials that Don't Exist,2026-01-16 21:10:15+00:00,341340,7101,718,1189,5.972245584524811,0.16744120546401917,2.6390109568172497
SSSniperWolf,The WORST Toy design fails,2026-01-17 18:05:00+00:00,524227,11808,819,2629,4.491441612780525,0.22264566395663957,2.9101896697423064
SSSniperWolf,Trying Every Viral Street Food In JAPAN,2026-01-18 21:06:59+00:00,380090,11996,774,1127,10.644188110026619,0.09394798266088696,3.656239311741956
SSSniperWolf,Spoiled Girl Rips Off Waitress Wig,2026-01-20 00:14:32+00:00,289448,7227,590,3361,2.1502529009223443,0.46506157465061576,3.8618335590503303
SSSniperWolf,TikToks Only Girls Will Understand,2026-01-22 20:05:00+00:00,395385,14009,669,2738,5.116508400292184,0.19544578485259476,4.4048206178787765
SSSniperWolf,videos that make my brain hurt,2026-01-23 20:34:48+00:00,307591,9301,601,3293,2.8244761615548133,0.3540479518331362,4.289787412505568
SSSniperWolf,Karens Who Got What They Deserved,2026-01-24 19:05:01+00:00,315635,9830,803,3071,3.200911755128623,0.31241098677517803,4.341723826571831
SSSniperWolf,Funny TikTok Pranks You Need To Try,2026-01-25 19:05:00+00:00,335115,8315,613,7165,1.1605024424284718,0.8616957306073362,4.802232069588052
SSSniperWolf,Girl Uses Coworker as Her Personal ATM,2026-01-28 01:05:03+00:00,452500,9967,854,3395,2.935787923416789,0.3406240593960068,3.1416574585635364
SSSniperWolf,People Who Only Had One Job,2026-01-30 23:20:01+00:00,352762,7507,554,1904,3.942752100840336,0.253629945384308,2.824850749230359
SSSniperWolf,Reacting to DIABOLICAL AI Disney Movie Trailers!,2026-01-31 18:23:29+00:00,288663,11750,835,4996,2.3518815052041635,0.42519148936170215,6.090493066309157
SSSniperWolf,Subscriber sent me a MYSTERY Squishy Sensory Toy Box!,2026-02-01 23:22:11+00:00,556847,13525,1464,5283,2.5600984289229602,0.39060998151571164,3.640497299976474
SSSniperWolf,Jealous TWIN Ruins her sisters LIFE,2026-02-02 23:12:39+00:00,289413,6818,652,4091,1.6665851869958446,0.6000293341155765,3.994637421263039
SSSniperWolf,Only Eating  7/11 Food From Japan For 24 Hours,2026-02-05 23:11:57+00:00,284502,10656,615,2093,5.091256569517439,0.19641516516516516,4.697330774476102
SSSniperWolf,Dumb People On The Internet,2026-02-07 19:10:36+00:00,417206,9817,784,2730,3.595970695970696,0.2780890292350005,3.195303998504336
SSSniperWolf,I Tried CANDY From Every Country,2026-02-08 17:16:10+00:00,486028,12684,2830,1631,7.776824034334764,0.12858719646799116,3.527574543030443
SSSniperWolf,DHAR MANN Goes to Jail!,2026-02-09 21:13:54+00:00,222563,6487,763,2577,2.517268141249515,0.3972560505626638,4.4153790162785365
SSSniperWolf,People Who Got Very Lucky,2026-02-12 22:31:49+00:00,675505,20572,1020,4037,5.095863264800594,0.19623760451098582,3.7940503771252616
SSSniperWolf,Annoying Things That Will Ruin Your Day,2026-02-14 21:14:52+00:00,455421,12131,841,1437,8.441892832289492,0.11845684609677685,3.163885723319741
SSSniperWolf,Karens Who Got What They Deserved,2026-02-15 23:01:04+00:00,168154,6657,560,893,7.45464725643897,0.1341445095388313,4.822959905800635
SSSniperWolf,Dumb Girl Orders Valentines Date On TEMU,2026-02-16 23:01:20+00:00,225839,5840,947,1273,4.587588373919874,0.21797945205479452,3.5689141379478304
SSSniperWolf,SCARIEST TikToks On The Internet,2026-02-19 00:30:32+00:00,134333,6603,783,745,8.863087248322147,0.11282750265031047,6.0528686175399935
SSSniperWolf,Cool Things I Learned On The Internet,2026-02-20 00:07:46+00:00,206406,6240,889,392,15.918367346938776,0.06282051282051282,3.6437894247260254
SSSniperWolf,Design Fails So Bad They're Actually FUNNY,2026-02-20 20:24:15+00:00,166954,5753,680,564,10.200354609929079,0.09803580740483227,4.190974759514597
