YouTuber_Name,Title,Date,Views,Likes,Comments,Dislikes,Like_to_Dislike_Ratio,Dislike_to_Like_Ratio,Engagement_Ratio
Destiny,LEARNING ABOUT THE OPPOSITION?,2020-01-01 00:00:06+00:00,60463,1236,990,1208,1.0231788079470199,0.9773462783171522,5.6795064750343185
Destiny,IS JK ROWLING A TERF?,2020-01-02 11:18:05+00:00,63269,1151,725,698,1.648997134670487,0.6064291920069504,4.0683431064186255
Destiny,MY SUBREDDIT IS CANCEROUS,2020-01-03 00:00:07+00:00,98644,2094,443,355,5.898591549295775,0.16953199617956066,2.931754592271197
Destiny,IS DIVERSITY BAD? - LNOD,2020-01-04 20:50:02+00:00,59070,959,389,180,5.3277777777777775,0.18769551616266944,2.586761469443034
Destiny,Destiny reviews first episode of The Witcher,2020-01-05 00:04:20+00:00,40120,670,197,89,7.52808988764045,0.1328358208955224,2.382851445663011
Destiny,CAN A FALLING BULLET KILL YOU?,2020-01-05 08:00:01+00:00,63694,1010,508,241,4.190871369294606,0.2386138613861386,2.7616415988947156
Destiny,"Iran attack, frenworld, T.O.S. & more - Destiny on the Scuffed podcast",2020-01-06 19:00:06+00:00,94085,1439,195,92,15.641304347826088,0.06393328700486449,1.8345113461231866
Destiny,THESE MOVIE SCENES MAKE NO SENSE,2020-01-06 20:30:00+00:00,36274,612,90,39,15.692307692307692,0.06372549019607843,2.042785466174119
Destiny,WHO WAS QASEM SOLEIMANI?,2020-01-08 03:30:01+00:00,55437,924,484,403,2.292803970223325,0.43614718614718617,3.2667712899327164
Destiny,"Conservative videos, Future podcast & more - Destiny 2019 recap",2020-01-08 07:00:00+00:00,53667,721,113,61,11.819672131147541,0.08460471567267684,1.667691505021708
Destiny,Discussing the Iran situation ft. DylanBurnsTV & Bastiat,2020-01-08 23:30:02+00:00,95793,1467,336,133,11.030075187969924,0.09066121336059986,2.021024500746401
Destiny,"Destiny reacts to ""Why women should reject cuckoldry"" by Sargon of Akkad",2020-01-09 18:59:13+00:00,174811,2956,1094,674,4.385756676557864,0.2280108254397835,2.702347106303379
Destiny,ADDRESSING THE TRAINWRECKSTV DRAMA,2020-01-10 19:23:15+00:00,96630,1771,438,214,8.27570093457944,0.12083568605307736,2.5075028459070685
Destiny,BERNIE SANDERS OF SAYING THE N-WORD? - Destiny awards 2019,2020-01-11 00:30:00+00:00,113182,2559,179,255,10.035294117647059,0.09964830011723329,2.64441342262904
Destiny,ARE WHITE PEOPLE OPPRESSED? - Debating Mike Enoch,2020-01-12 15:04:18+00:00,380134,5765,3417,647,8.910355486862443,0.11222896790980053,2.5856671594753426
Destiny,Post-Mike Enoch debate discussion,2020-01-12 16:45:00+00:00,76057,1399,491,198,7.065656565656566,0.14152966404574696,2.745309438973402
Destiny,Destiny's discussion with Economics Professor Dr. Gordon Menzies,2020-01-13 20:52:07+00:00,81437,1642,252,62,26.483870967741936,0.037758830694275276,2.4018566499257097
Destiny,THIS IS THE MOST DISINGENUOUS FRAMINGS I'VE HEARD,2020-01-14 17:04:41+00:00,68724,1628,1560,2522,0.6455194290245837,1.549140049140049,8.308596705663232
Destiny,"""I'M GONNA MAKE SOMEONE CRY"" - Destiny on the Rajj Royale podcast",2020-01-14 19:27:35+00:00,403939,6070,996,248,24.475806451612904,0.04085667215815486,1.810669432760887
Destiny,"Of Dice & Men - D&D | EP 13 ft. LilyPichu, Koibu, Mr. Mouton & Katerino",2020-01-15 22:55:29+00:00,35956,517,60,17,30.41176470588235,0.03288201160541586,1.6520191344977193
Destiny,"Antifa, Alt-right & More - Destiny's Q&A on a political Discord",2020-01-16 22:27:37+00:00,95751,1187,312,130,9.13076923076923,0.10951979780960404,1.7012877150108092
Destiny,"Suleimani, greener policies & more - LNOD",2020-01-17 05:00:05+00:00,27450,458,119,82,5.585365853658536,0.17903930131004367,2.400728597449909
Destiny,"Deep state, Republican hypocrisy & more - Destiny on the Yes Politics podcast",2020-01-18 00:39:35+00:00,64390,816,254,84,9.714285714285714,0.10294117647058823,1.7922037583475696
Destiny,Destiny talks with congressional candidate Skylar Hurwitz,2020-01-19 00:00:59+00:00,25497,387,91,25,15.48,0.06459948320413436,1.972781111503314
Destiny,Discussing the Trainwrecks drama with EsfandTV,2020-01-19 07:00:07+00:00,65517,1513,432,242,6.25206611570248,0.1599471249173827,3.338064929712899
Destiny,The booty take ft. Rajjpatel & Peachachoo,2020-01-20 01:00:07+00:00,63309,1041,264,97,10.731958762886597,0.09317963496637849,2.214535058206574
Destiny,"Of Dice & Men - D&D | EP 14 ft. LilyPichu, Koibu, Mr. Mouton & Katerino",2020-01-20 18:58:12+00:00,32842,514,84,12,42.833333333333336,0.023346303501945526,1.8573777480056026
Destiny,Pre-Democratic debate memes,2020-01-21 19:04:47+00:00,47708,1053,608,1027,1.0253164556962024,0.9753086419753086,5.6342751739750145
Destiny,Destiny reacts to the Democratic Debates,2020-01-22 05:00:02+00:00,90053,1231,690,493,2.4969574036511157,0.40048740861088544,2.6806436209787567
Destiny,CALLING OUT GREEKGODX - BESTINY OF DESTINY,2020-01-22 22:00:04+00:00,127122,2559,117,109,23.477064220183486,0.04259476357952325,2.1908088293135726
Destiny,"Rapping the N-Word, iCloud, Weed & More - LNOD Ft. RajjPatel",2020-01-25 01:47:16+00:00,49683,901,150,45,20.022222222222222,0.049944506104328525,2.205985950928889
Destiny,Fact-checking the Mike Enoch debate,2020-01-26 21:45:01+00:00,100754,1294,444,344,3.761627906976744,0.26584234930448225,2.0664191992377474
Destiny,Destiny plays Blackjack ft. WesBTW,2020-01-27 01:00:01+00:00,60264,961,107,42,22.88095238095238,0.043704474505723206,1.84189565909996
Destiny,"Badbunny drama, Joe Rogan & more - Destiny on the Rajj Royale podcast",2020-01-28 00:02:36+00:00,260163,3223,789,202,15.955445544554456,0.06267452683834937,1.61975376975204
Destiny,"AOC, Majority Report, Streamer drama & more - LNOD",2020-01-28 06:00:10+00:00,45451,712,350,429,1.6596736596736597,0.6025280898876404,3.2804558755582933
Destiny,Destiny takes a Political Quiz,2020-01-29 01:15:43+00:00,77471,1069,143,223,4.79372197309417,0.20860617399438727,1.852306024189697
Destiny,"Destiny reacts to ""5 Gamers vs 1 Fake gamer""",2020-01-29 02:30:00+00:00,52726,881,178,319,2.761755485893417,0.3620885357548241,2.6135113606190497
Destiny,Discussion with terrorism/radicalization expert Phil Gurski,2020-01-30 00:14:20+00:00,57426,1254,249,60,20.9,0.04784688995215311,2.7217636610594504
Destiny,Destiny talks with a police hostage negotiator,2020-01-30 08:00:07+00:00,89330,1588,154,88,18.045454545454547,0.055415617128463476,2.0485839023844172
Destiny,WHAT A MESS... ft. Jesse Lee Peterson,2020-01-30 14:11:22+00:00,464203,13030,3006,450,28.955555555555556,0.03453568687643899,3.5514634761085127
Destiny,my fastest debate yet ft. Rajjpatel,2020-01-30 21:30:01+00:00,84275,1545,113,56,27.589285714285715,0.036245954692556634,2.033817858202314
Destiny,Danger of technology ft. Computer scientist,2020-02-01 19:16:52+00:00,42497,588,277,53,11.09433962264151,0.09013605442176871,2.160152481351625
Destiny,"Destiny reviews ""Male Privilege is a Myth"" by Steven Crowder",2020-02-02 19:49:03+00:00,561406,6668,2703,1253,5.321628092577813,0.1879124175164967,1.892391602512264
Destiny,"Kobe bryant twitter takes, cancer & more - LNOD",2020-02-03 20:38:44+00:00,49163,884,138,68,13.0,0.07692307692307693,2.2171144966743284
Destiny,IS RAJJ A COOMER? - LNOD,2020-02-04 19:31:52+00:00,53742,932,122,41,22.73170731707317,0.043991416309012876,2.0375125600089317
Destiny,"Coronavirus, Spoilers, Twitch TOS & more - Destiny on the Scuffed podcast",2020-02-05 04:00:01+00:00,80305,1174,433,68,17.264705882352942,0.05792163543441227,2.085797895523317
Destiny,"Of Dice & Men - D&D | EP 15 ft. LilyPichu, Koibu, Mr. Mouton & Katerino",2020-02-06 21:06:31+00:00,32362,623,154,17,36.64705882352941,0.027287319422150885,2.453494839626723
Destiny,"TWO BROTHERS - Of Dice and Men Animated ft. LilyPichu, Koibu, Mr. Mouton & Katerino",2020-02-06 23:00:13+00:00,34352,1526,74,17,89.76470588235294,0.011140235910878113,4.707149510945506
Destiny,LEFTY HOMOPHOBIA DEBATE,2020-02-08 23:33:28+00:00,111940,2582,1457,767,3.366362451108214,0.2970565453137103,4.293371448990531
Destiny,Destiny watches the State of the Union speech,2020-02-09 01:00:05+00:00,66078,837,437,134,6.246268656716418,0.16009557945041816,2.130815097309241
Destiny,"Of Dice & Men - D&D | EP 16 ft. LilyPichu, Koibu, Mr. Mouton & Katerino",2020-02-09 07:30:01+00:00,35625,665,104,11,60.45454545454545,0.016541353383458645,2.189473684210526
Destiny,"Verizon, Twitch TOS & more - LNOD",2020-02-09 20:11:02+00:00,35285,637,96,29,21.96551724137931,0.04552590266875981,2.159557885787162
Destiny,"Pete Buttigieg, Music theory & more - LNOD",2020-02-09 21:45:00+00:00,34279,588,227,200,2.94,0.3401360544217687,2.9609965284868287
Destiny,Discussing the Iowa caucus ft. Hutch,2020-02-09 23:00:04+00:00,32243,679,315,348,1.9511494252873562,0.5125184094256259,4.162143721117762
Destiny,WHY CAN'T YOU JUST BE HONEST ft. Pxie,2020-02-10 19:56:42+00:00,59041,1234,967,867,1.4232987312572087,0.7025931928687196,5.196388950051659
Destiny,I'm running for House?,2020-02-10 21:30:00+00:00,53860,1737,268,95,18.28421052631579,0.05469199769717904,3.8989974006684
Destiny,"Iowa caucus, running for House & more - chatting with Rajj",2020-02-11 05:15:01+00:00,38475,787,119,58,13.568965517241379,0.07369758576874205,2.505523066926576
Destiny,"Conspiracy theories, Buttigieg & more - Destiny on the Rajj Royale",2020-02-11 22:02:43+00:00,86085,1396,427,173,8.06936416184971,0.12392550143266476,2.318638554916652
Destiny,Discussing the Electoral College ft. Pxie,2020-02-12 21:38:29+00:00,46797,669,410,277,2.4151624548736463,0.414050822122571,2.8976216424129753
Destiny,State of politics on Twitch ft. Hutch,2020-02-13 09:45:01+00:00,54600,1321,368,298,4.432885906040268,0.22558667676003027,3.639194139194139
Destiny,"BEST-IALITY - Of Dice and Men Animated ft. LilyPichu, Koibu, Mr. Mouton & Katerino",2020-02-13 20:31:59+00:00,25602,1041,47,21,49.57142857142857,0.020172910662824207,4.331692836497149
Destiny,Bernie bro conspiracy theories,2020-02-14 23:39:15+00:00,48808,1055,554,1128,0.9352836879432624,1.0691943127962085,5.6076872643828874
Destiny,"Of Dice & Men - D&D | EP 17 ft. LilyPichu, Koibu, Mr. Mouton & Katerino",2020-02-15 20:57:39+00:00,35906,517,122,17,30.41176470588235,0.03288201160541586,1.826992703169387
Destiny,Debating Hasan - Destiny on the Scuffed podcast,2020-02-16 03:35:51+00:00,449124,5148,1562,884,5.823529411764706,0.1717171717171717,1.6908470711874672
Destiny,THIS IS YOUR BRAIN ON CONSPIRACY,2020-02-17 02:30:14+00:00,64033,1431,737,1788,0.8003355704697986,1.249475890985325,6.178064435525432
Destiny,Who do I respect?,2020-02-17 05:00:00+00:00,76724,1379,709,773,1.7839586028460543,0.5605511240029006,3.7289505239559984
Destiny,"Destiny reacts to ""There Is Only One Way Out of Poverty"" by PragerU",2020-02-18 04:00:02+00:00,65481,1366,183,328,4.164634146341464,0.24011713030746706,2.866480353079519
Destiny,Should Parasite have won Best Picture?,2020-02-18 07:00:02+00:00,40941,599,263,340,1.761764705882353,0.5676126878130217,2.9359321951100363
Destiny,Flat tax debate ft. Harkdan,2020-02-18 10:00:02+00:00,52783,970,219,103,9.41747572815534,0.10618556701030928,2.447757800807078
Destiny,CAN I JUST ADOPT A POOR PERSON,2020-02-19 12:29:43+00:00,63166,1362,1070,2322,0.58656330749354,1.7048458149779735,7.526200804230124
Destiny,"Politics, TikTok & more - Discussion with Dominic Andre",2020-02-19 22:14:29+00:00,28787,491,124,53,9.264150943396226,0.1079429735234216,2.32049188869976
Destiny,Technical errors - Iowa Caucus discussion,2020-02-20 00:30:03+00:00,30481,473,150,179,2.642458100558659,0.3784355179704017,2.6311472720711264
Destiny,Democratic debate discussion ft. Hutch,2020-02-20 02:00:05+00:00,29134,498,107,131,3.801526717557252,0.26305220883534136,2.5262579803665823
Destiny,How to save money when you're poor?,2020-02-20 05:00:18+00:00,44732,1133,532,828,1.3683574879227054,0.7308031774051191,5.5731914513100245
Destiny,Who am I voting for?,2020-02-20 06:00:03+00:00,66250,1031,795,2098,0.4914204003813155,2.034917555771096,5.923018867924528
Destiny,"THAT'S A HORRIBLE EXAMPLE - Abortion debate ft. Rem, Marty",2020-02-21 01:05:47+00:00,96168,1503,741,198,7.590909090909091,0.1317365269461078,2.539306214125281
Destiny,"Las Vegas Democratic Debate discussions ft.Hutch, MindWavesTV, Pxie, Bastiat",2020-02-21 18:00:03+00:00,71805,990,333,158,6.265822784810126,0.1595959595959596,2.0625304644523363
Destiny,"Discussing the ""Poor people moving"" video ft. Claudia Brown, MindWavesTV",2020-02-22 19:33:12+00:00,47818,910,495,385,2.3636363636363638,0.4230769230769231,3.7433602409134634
Destiny,Iowa caucus conspiracy debate ft.Paul DuPont,2020-02-23 01:00:04+00:00,44685,696,343,98,7.1020408163265305,0.14080459770114942,2.5444780127559583
Destiny,International politics discussion ft. Tristan from Atlas News,2020-02-23 19:33:29+00:00,30100,497,103,36,13.805555555555555,0.07243460764587525,2.1129568106312293
Destiny,"Destiny reacts to ""Buttigieg's Leftist Extremism"" by Steven Crowder",2020-02-24 01:00:03+00:00,135128,2082,714,291,7.154639175257732,0.13976945244956773,2.2845006216328225
Destiny,"Drug use, Moving & more - LNOD",2020-02-24 20:20:17+00:00,53465,907,153,42,21.595238095238095,0.04630650496141125,2.0611615075282894
Destiny,THE CHAD SKEPTIC - BESTINY OF DESTINY,2020-02-25 02:00:00+00:00,103535,2179,102,57,38.228070175438596,0.026158788435061954,2.2581735644950984
Destiny,Confronting Coach Red Pill on his AMA,2020-02-25 17:35:16+00:00,170674,3659,738,375,9.757333333333333,0.10248701831101394,2.7959736105089235
Destiny,"Empty home tax debate, Scammers & more - LNOD",2020-02-25 21:45:00+00:00,56489,890,148,38,23.42105263157895,0.04269662921348315,1.9047956239267823
Destiny,Dissecting persuasion tactics - Destiny discusses,2020-02-26 22:12:19+00:00,97096,1533,311,56,27.375,0.0365296803652968,1.9568262338304359
Destiny,Democratic Debate break commentary & Twitch bans - Destiny discusses,2020-02-27 08:12:46+00:00,41962,754,164,117,6.444444444444445,0.15517241379310345,2.4665173251989896
Destiny,South Carolina Democratic Debate discussion ft. DougofCA,2020-02-27 21:00:08+00:00,47122,631,181,50,12.62,0.07923930269413629,1.8292941725733203
Destiny,Clarifying DMCAs misconceptions ft. TheSerfsTV,2020-02-29 20:29:29+00:00,29940,572,60,27,21.185185185185187,0.0472027972027972,2.201068804275217
Destiny,Debate/Interview on Liberty Radio ft. Ernest Hancock,2020-02-29 22:30:00+00:00,62261,1071,372,61,17.557377049180328,0.05695611577964519,2.415637397407687
Destiny,"Cat Cafe, DariusIRL Arc & more - LNOD",2020-03-01 20:30:02+00:00,43260,738,148,49,15.061224489795919,0.06639566395663957,2.1613499768839572
Destiny,WHY WOULD I EVEN LISTEN TO HIM - BESTINY OF DESTINY,2020-03-04 21:00:08+00:00,112093,2431,129,78,31.166666666666668,0.03208556149732621,2.353402977884435
Destiny,Super Tuesday - Destiny Discusses,2020-03-05 18:33:41+00:00,72598,1330,360,203,6.551724137931035,0.15263157894736842,2.6075098487561643
Destiny,"Destiny reviews ""MikeFromPA: From Mt Olympus to Rock Bottom""",2020-03-06 13:00:43+00:00,176251,2921,486,137,21.32116788321168,0.046901745977405,2.010768733227046
Destiny,"MERCHANTS - Of Dice and Men Animated ft. LilyPichu, Koibu, Mr. Mouton & Katerino",2020-03-07 23:29:25+00:00,32714,1206,94,10,120.6,0.008291873963515755,4.0044017851684295
Destiny,"Of Dice & Men - D&D | EP 18 ft. LilyPichu, Koibu, Mr. Mouton & Katerino",2020-03-08 00:15:01+00:00,36783,589,116,18,32.72222222222222,0.030560271646859084,1.9655819264334067
Destiny,Confronting Mike From PA - Destiny debates,2020-03-10 14:00:01+00:00,259548,2979,1066,341,8.736070381231672,0.1144679422625042,1.6898608349900597
Destiny,Bernie Sanders' electability is gone - Destiny discusses,2020-03-12 19:01:49+00:00,82584,1732,738,916,1.8908296943231442,0.5288683602771362,4.100067809745229
Destiny,"Destiny reviews Kyle Kulinski's ""What The Hell Happened?""",2020-03-13 20:48:32+00:00,104639,1892,1035,1595,1.186206896551724,0.8430232558139535,4.3215244794006065
Destiny,"Musical IQ, Perfect Pitch & More - LNOD",2020-03-14 22:37:44+00:00,31065,508,71,32,15.875,0.06299212598425197,1.9668437147915658
Destiny,"Bernie's toxic supporters, Socialism Boogeyman & more - Destiny on the Big Brain Podcast",2020-03-15 21:54:42+00:00,89048,1478,745,679,2.1767304860088363,0.459404600811908,3.258916539394484
Destiny,"Destiny reviews ""Corona Hoax"" by Mr Reagan",2020-03-18 12:39:30+00:00,76295,2056,510,156,13.179487179487179,0.07587548638132295,3.5677305196932956
Destiny,"Democracy, Progressives & more - Debating Vaush",2020-03-19 02:05:21+00:00,157463,3082,831,206,14.96116504854369,0.06683971447112265,2.6158526129947988
Destiny,Debating Pxie about her tweets ft. MindWavesTV,2020-03-20 16:35:41+00:00,78780,1064,327,128,8.3125,0.12030075187969924,1.9281543538969281
Destiny,I HATE KYLE KULINSKI - Destiny reviews,2020-03-21 20:10:25+00:00,138395,3558,2971,6061,0.5870318429302095,1.7034851039910062,9.097149463492178
Destiny,You have no policy solution - Debate with Vaush,2020-03-22 13:17:45+00:00,265494,4868,2443,4248,1.1459510357815443,0.8726376335250616,4.353770706682637
Destiny,"Of Dice & Men - D&D | EP 19 ft. LilyPichu, Koibu, Mr. Mouton & Katerino",2020-03-22 15:48:36+00:00,28074,449,63,14,32.07142857142857,0.031180400890868598,1.8736197193132438
Destiny,Destiny debates nazbol Eric Striker,2020-03-22 17:14:13+00:00,1462969,19582,8397,1469,13.330156569094623,0.07501787355734858,2.01289295945437
Destiny,"""You can't respond to anything I've said"" - Debating Coach Red Pill",2020-03-24 16:35:11+00:00,596133,10497,4730,548,19.155109489051096,0.052205392016766695,2.6462215646508414
Destiny,Trump's coronavirus response - Debating LCTRfan,2020-03-25 20:09:43+00:00,154555,2391,1575,136,17.580882352941178,0.056879966541196154,2.654071366180324
Destiny,Do rights exist without state? - Pxie vs MindWavesTV debate,2020-03-26 00:30:04+00:00,58877,948,551,95,9.978947368421053,0.10021097046413502,2.7073390288228
Destiny,"Empires of Arcadia - D&D | EP 16 ft. Trump, Koibu, Zizaran & Devin Nash",2020-03-27 17:22:09+00:00,16727,271,128,17,15.941176470588236,0.06273062730627306,2.486997070604412
Destiny,"Of Dice & Men - D&D | EP 20 ft. LilyPichu, Koibu, Mr. Mouton & Katerino",2020-03-28 22:33:01+00:00,31502,413,90,7,59.0,0.01694915254237288,1.6189448288997523
Destiny,"E-girls, Kaceytron, Food takes & more - LNOD",2020-03-29 16:11:01+00:00,86151,1296,350,70,18.514285714285716,0.05401234567901234,1.9918515165233137
Destiny,TINDER MOUTON - BESTINY OF DESTINY,2020-03-29 19:12:46+00:00,115348,2505,75,43,58.25581395348837,0.01716566866267465,2.273988278947186
Destiny,"Truth, reality and morality - MindwavesTV, Pxie & Rem Debate",2020-03-30 14:32:55+00:00,43445,637,249,64,9.953125,0.10047095761381476,2.186672804695592
Destiny,Debate with Bryson Gray - TPUSA Ambassador,2020-03-30 22:34:04+00:00,139075,2511,1034,123,20.414634146341463,0.04898446833930705,2.637425849361855
Destiny,Real transgenderism? - Debate with Arielle Scarcella,2020-04-01 00:35:23+00:00,206862,3238,1883,250,12.952,0.07720815318097592,2.596416934961472
Destiny,IS THIS GAME TOO HARD FOR YOU? - DOOM ETERNAL ft. MrMouton,2020-04-01 18:37:30+00:00,44407,1060,60,43,24.651162790697676,0.040566037735849055,2.6189564708266713
Destiny,"DSPGaming, Business Tax, DOOM & more - LNOD",2020-04-02 20:48:08+00:00,50924,854,125,30,28.466666666666665,0.0351288056206089,1.981384023250334
Destiny,Handling aggravating topics - Debate with Booksmarts,2020-04-03 10:53:07+00:00,62665,1088,367,65,16.73846153846154,0.05974264705882353,2.4255964254368467
Destiny,"Of Dice & Men - D&D | EP 21 ft. LilyPichu, Koibu, Mr. Mouton & Katerino",2020-04-04 01:29:32+00:00,33680,519,142,24,21.625,0.046242774566473986,2.0338479809976246
Destiny,Debate with Richard and Luke - The New Church (Swedenborgianism),2020-04-05 01:30:17+00:00,77845,1338,504,47,28.46808510638298,0.035127055306427506,2.4266169953111953
Destiny,"Political hobbyism, popularism and influencers - Destiny Discusses",2020-04-05 19:16:12+00:00,67825,1014,677,364,2.7857142857142856,0.358974358974359,3.0298562476962774
Destiny,"Far Verona Drama, DBZ and Star Wars cringe, FFVII remake - LNOD",2020-04-06 10:42:33+00:00,56001,830,267,70,11.857142857142858,0.08433734939759036,2.083891359082873
Destiny,"""Do you ever have your own thoughts?"" - Debate with a Chapo poster",2020-04-07 02:49:00+00:00,148335,2079,912,267,7.786516853932584,0.12842712842712842,2.196379815957124
Destiny,Arielle Scarcella and the trans community,2020-04-07 21:53:56+00:00,69861,1141,569,101,11.297029702970297,0.08851884312007012,2.592290405233249
Destiny,"""Is It Time To Get Over Slavery?"" - Destiny Reacts",2020-04-09 04:20:58+00:00,100689,2026,688,175,11.577142857142857,0.0863770977295163,2.86923099842088
Destiny,"GOBLIN SLAYER - Of Dice and Men Animated ft. LilyPichu, Koibu, Mr. Mouton & Katerino",2020-04-09 11:46:52+00:00,28482,1026,108,16,64.125,0.015594541910331383,4.037637806333825
Destiny,Online Debates and Politics - Undergraduate Researcher interview with Destiny,2020-04-10 01:11:05+00:00,25768,425,49,32,13.28125,0.07529411764705882,1.9636758770568148
Destiny,"Of Dice & Men - D&D | EP 22 ft. LilyPichu, Koibu, Mr. Mouton & Katerino",2020-04-10 11:35:27+00:00,32749,454,136,20,22.7,0.04405286343612335,1.8626522947265565
Destiny,Coronavirus survival depends on the outcome of this debate...,2020-04-11 04:10:28+00:00,63222,894,622,496,1.8024193548387097,0.5548098434004475,3.1824364936256364
Destiny,Online Political Communities - Destiny discusses ft. Kraut,2020-04-11 21:17:50+00:00,87623,1257,541,203,6.192118226600985,0.1614956245027844,2.2836469876630563
Destiny,Destiny plays Final Fantasy VII Remake P1,2020-04-12 17:01:41+00:00,42353,546,124,29,18.82758620689655,0.05311355311355311,1.65041437442448
Destiny,Return of the (Reformed) Chapo Poster,2020-04-13 15:13:25+00:00,54146,953,385,107,8.906542056074766,0.11227701993704092,2.668710523399697
Destiny,"""You're tone policing SO hard right now..."" - Destiny debates Nuance Bro",2020-04-14 17:01:03+00:00,152960,2236,1931,755,2.96158940397351,0.33765652951699465,3.217834728033473
Destiny,I want to go back to debating lefties after this...,2020-04-15 03:24:51+00:00,301817,5118,2249,1455,3.5175257731958762,0.2842907385697538,2.922963252566953
Destiny,"Politics, philosophy, religion and more - Destiny AMA",2020-04-16 06:36:18+00:00,91297,1452,317,69,21.043478260869566,0.047520661157024795,2.013209634489633
Destiny,Effective Altruism - Destiny Discusses ft. Oxford Researcher,2020-04-17 17:44:21+00:00,29552,560,118,34,16.470588235294116,0.060714285714285714,2.4093123984840283
Destiny,"COVID-19, Altruism and more - Destiny Discusses ft. Oxford Researcher",2020-04-17 18:13:12+00:00,28494,451,80,29,15.551724137931034,0.06430155210643015,1.965326033550923
Destiny,"Of Dice & Men - D&D | EP 23 ft. LilyPichu, Koibu, & Mr. Mouton",2020-04-18 00:07:29+00:00,33228,390,200,45,8.666666666666666,0.11538461538461539,1.9110388828698688
Destiny,WTF is morality... - Destiny prepares for a debate,2020-04-18 07:33:31+00:00,42476,805,192,63,12.777777777777779,0.0782608695652174,2.495526885770788
Destiny,I've never thought about this... - Destiny debates Perspective Philosophy,2020-04-18 18:57:06+00:00,112130,1667,393,87,19.160919540229884,0.052189562087582485,1.9147418175332203
Destiny,"""You're an evil woman..."" - TreeOfLogic Drama",2020-04-20 01:37:12+00:00,157857,2133,879,177,12.05084745762712,0.0829817158931083,2.020182823694863
Destiny,"That's SUCH a cop-out... - Destiny debates on Bernie or Bust ft. Pxie, Joshua4Congress & more",2020-04-21 18:38:42+00:00,396822,4762,1652,431,11.048723897911833,0.09050818983620328,1.7249547656127937
Destiny,"""You're doing the Destiny thing..."" - Post Bernie or Bust Discussion ft. Pxie",2020-04-22 04:05:32+00:00,61259,1070,268,130,8.23076923076923,0.12149532710280374,2.396382572356715
Destiny,"Socialism, Climate and More - Destiny Interviews Congressional Candidate Yana Ludwig",2020-04-23 08:23:39+00:00,52339,1233,399,180,6.85,0.145985401459854,3.4620455109956247
Destiny,"You CAN afford to sub, you just don't want to... - Destiny on the InvaderVie Drama",2020-04-24 15:42:02+00:00,93435,2404,1940,4615,0.5209100758396533,1.9197171381031615,9.588483972815325
Destiny,"""You give the benefit of the doubt to your friends?"" - Destiny debates Bowblax",2020-04-26 07:02:28+00:00,155814,2646,3050,6077,0.4354122099720257,2.296674225245654,7.5558037146854575
Destiny,"""You just defeated your own argument..."" - Destiny Debates 1 VS 5",2020-04-26 19:08:53+00:00,229670,5466,1285,574,9.522648083623693,0.10501280643980973,3.189358645012409
Destiny,"Philosophy, policies, positions and more - Destiny AMA",2020-04-28 04:24:47+00:00,58813,876,197,97,9.030927835051546,0.11073059360730593,1.9893560947409585
Destiny,Destiny reviews the Nuance Bro Debate,2020-04-28 20:11:24+00:00,74872,1066,450,182,5.857142857142857,0.17073170731707318,2.267870498984934
Destiny,"Empires of Arcadia - D&D | EP 19 ft. Trump, Koibu, Zizaran & Devin Nash",2020-04-29 08:08:44+00:00,17970,229,47,24,9.541666666666666,0.10480349344978165,1.669449081803005
Destiny,"""You MUST accept that you're begging the question..."" - Destiny Debates Marty",2020-04-29 16:04:47+00:00,70217,994,482,127,7.826771653543307,0.12776659959758552,2.2829229388894428
Destiny,"Preferential Treatment, Drama, DMCA - Destiny interviews Alinity",2020-04-30 00:41:38+00:00,85871,2098,568,382,5.492146596858639,0.18207816968541468,3.549510311979597
Destiny,Destiny Debates: Should USA Stop Trading with China? (ft. Halsey News),2020-05-01 22:00:05+00:00,119633,2149,685,132,16.28030303030303,0.06142391810144253,2.4792490366370483
Destiny,Destiny talks to a Virologist about Coronavirus,2020-05-02 22:00:00+00:00,60962,1113,257,134,8.305970149253731,0.12039532794249776,2.4671106590991108
Destiny,Interviewing a Congressional Candidate (Nick Rubando),2020-05-04 22:00:01+00:00,27899,631,125,49,12.877551020408163,0.07765451664025357,2.8854080791426218
Destiny,Are Corporations Stealing? Interviewing a Congressional Candidate (Adam Christensen),2020-05-05 22:00:02+00:00,34542,605,374,48,12.604166666666666,0.07933884297520662,2.97319205604771
Destiny,"$1,000 Prize! Who do you think will win?? Destiny Composition Challenge #9 (Part 1)",2020-05-06 22:00:09+00:00,51895,708,117,77,9.194805194805195,0.10875706214689265,1.7381250602177476
Destiny,Destiny's Thoughts on His Recent Twitch Ban,2020-05-07 20:30:05+00:00,89187,1743,420,241,7.232365145228216,0.13826735513482502,2.69546010068732
Destiny,So Many Meme Songs! Destiny Composition Challenge #9 (Part 2),2020-05-07 22:30:01+00:00,22076,281,71,22,12.772727272727273,0.07829181494661921,1.6941474904874072
Destiny,Follow-Up Debate with NuanceBro,2020-05-09 00:00:09+00:00,281086,3937,2193,521,7.5566218809980805,0.13233426466852935,2.366179745700604
Destiny,Everyone's Favorite Song is Back! - Destiny Composition Challenge #9 (Part 3),2020-05-09 22:30:01+00:00,21411,288,62,33,8.727272727272727,0.11458333333333333,1.788800149455887
Destiny,Parent Deletes Son's Minecraft World - Destiny Reacts,2020-05-10 23:45:00+00:00,147071,2582,735,148,17.445945945945947,0.05731990704879938,2.356004922792393
Destiny,He's Scamming People! - Destiny Reacts to Lumi Rue's Interview with Joshua Collins,2020-05-12 00:30:04+00:00,111093,1662,508,358,4.64245810055866,0.21540312876052947,2.2755709180596435
Destiny,Are the Rules Around Trans Athletes Fair? - MxVivianWulf vs HoundTheForge,2020-05-13 22:00:32+00:00,63719,946,791,95,9.957894736842105,0.10042283298097252,2.8751235895101934
Destiny,There's NO WAY Trump Actually Said That! - Destiny Reacts to Asian-American Reporter & Trump,2020-05-13 23:00:04+00:00,67091,2164,335,150,14.426666666666666,0.06931608133086876,3.948368633646838
Destiny,"""They Threaten my Family!"" - Destiny Reacts to Fleccas Interview with a Doctor",2020-05-14 22:00:08+00:00,43729,815,360,72,11.319444444444445,0.08834355828220859,2.85165450844977
Destiny,"Destiny Reacts to Forsen's Ban / Explains what ""Debate Bro"" Culture is",2020-05-14 23:00:17+00:00,48967,1070,104,73,14.657534246575343,0.06822429906542056,2.546613025098536
Destiny,Joshua 4 Congress Rage Quits Social Media - Destiny Reacts,2020-05-15 22:00:10+00:00,89756,1884,249,120,15.7,0.06369426751592357,2.510138597976737
Destiny,Interview with Florida House of Representatives Candidate Jessica Harrington,2020-05-15 23:00:06+00:00,36772,1142,261,47,24.29787234042553,0.04115586690017513,3.943217665615142
Destiny,Twitch's New Safety Advisory Council - Destiny Reacts,2020-05-16 22:00:13+00:00,107773,1931,399,156,12.378205128205128,0.08078715691351632,2.3067001939261225
Destiny,Destiny Debates: Is Voice Chat Essential in Competitive Multiplayer Games? ft. Pxie,2020-05-16 23:00:19+00:00,102082,1844,924,140,13.17142857142857,0.07592190889370933,2.84869026860759
Destiny,The Damaging Effects of Misinformation,2020-05-17 22:00:10+00:00,49360,1412,233,111,12.72072072072072,0.07861189801699717,3.557536466774716
Destiny,This Drink Destroyed Friendship,2020-05-17 23:00:07+00:00,41651,954,255,139,6.863309352517986,0.14570230607966456,3.236416892751675
Destiny,Peachachoo Knows Nothing About Facial Hair,2020-05-18 22:30:01+00:00,58773,1096,174,109,10.055045871559633,0.09945255474452555,2.3463154850016164
Destiny,This is how CORRUPT our Government is,2020-05-19 22:00:20+00:00,74661,1528,267,131,11.664122137404581,0.08573298429319372,2.579660063486961
Destiny,This Mask Meltdown is Ridiculous,2020-05-19 23:00:04+00:00,85397,1983,507,93,21.322580645161292,0.046898638426626324,3.024696417906952
Destiny,I Can't Believe Pokimane Actually Did This!,2020-05-20 22:00:08+00:00,102506,1958,250,172,11.383720930232558,0.08784473953013279,2.3218153083721926
Destiny,THIS is why Twitch is so Successful - Interview with Martin Wong,2020-05-20 23:00:08+00:00,36886,741,81,26,28.5,0.03508771929824561,2.2989752209510383
Destiny,Destiny vs Rem - Stop Tone Policing on Twitter!,2020-05-21 23:00:08+00:00,119489,1864,503,150,12.426666666666666,0.08047210300429185,2.106470051636552
Destiny,Debate Follow-Up - Rem is Wrong... Plus He's White,2020-05-22 22:00:13+00:00,153621,2713,740,238,11.399159663865547,0.08772576483597494,2.402666302133172
Destiny,Fast Food Tier List... Plus Peachachoo Normalizes Moaning?,2020-05-22 23:00:30+00:00,48486,911,136,94,9.691489361702128,0.10318331503841932,2.353256610155509
Destiny,This is Why I Hate Online Leftists ft. TheSerfs,2020-05-23 22:30:02+00:00,338963,4768,937,476,10.016806722689076,0.09983221476510067,1.8235028601941805
Destiny,Your Outlook on Our Country is PATHETIC - Bryson Gray vs Destiny,2020-05-24 22:00:00+00:00,170264,2953,1287,362,8.157458563535911,0.12258719945817813,2.702861438706949
Destiny,Our Government is Broken ft DougofCA,2020-05-25 22:00:07+00:00,45723,787,123,49,16.06122448979592,0.062261753494282084,2.0974126807077402
Destiny,"Viewer Discord Call-Ins - Katerino, Final Fantasy 7 Remake, Karen, and More",2020-05-26 00:30:02+00:00,67060,1066,152,63,16.92063492063492,0.05909943714821764,1.9102296450939458
Destiny,"I Got Catfished! Destiny Discusses: MDMA, Tinder, Dating, and More",2020-05-26 22:30:00+00:00,130636,2201,235,115,19.139130434782608,0.052248977737392094,1.9527542178266328
Destiny,Are Twitch Beggars Baiting Us? - Destiny Reacts,2020-05-26 23:30:00+00:00,65026,1251,508,1597,0.7833437695679399,1.2765787370103916,5.161012518069695
Destiny,Losing Freedom of Speech ft. Bastiat,2020-05-27 22:30:01+00:00,69534,1249,474,225,5.551111111111111,0.1801441152922338,2.801507176345385
Destiny,Can Video Games be Political? ft DougofCA,2020-05-27 23:30:06+00:00,39541,658,189,73,9.013698630136986,0.11094224924012158,2.326698869527832
Destiny,Was this Tax Fraud?,2020-05-28 22:00:02+00:00,25175,499,104,55,9.072727272727272,0.11022044088176353,2.6137040714995035
Destiny,My Identity is not a Meme,2020-05-28 23:00:29+00:00,39792,856,82,94,9.106382978723405,0.10981308411214953,2.5934861278648977
Destiny,Your Belief System is a Fashion Statement,2020-05-29 22:00:14+00:00,54171,1101,368,248,4.439516129032258,0.22524977293369663,3.1695925864392382
Destiny,Can Jokes Go Too Far?,2020-05-29 23:00:02+00:00,83564,1278,361,149,8.577181208053691,0.11658841940532082,2.139677373031449
Destiny,"Risks, Viruses, and Climate Change ft Postnormal",2020-05-30 22:00:04+00:00,35469,513,98,45,11.4,0.08771929824561403,1.8495023823620627
Destiny,Forsen's Ignorance and Minneapolis Protests,2020-05-30 23:00:11+00:00,103577,1836,454,297,6.181818181818182,0.16176470588235295,2.49765874663294
Destiny,Hackerman Nathan and More! - Bestiny of Destiny (May),2020-05-31 22:00:20+00:00,202002,3840,185,93,41.29032258064516,0.02421875,2.038593677290324
Destiny,This Twitch Ban was Ridiculous!,2020-05-31 23:00:21+00:00,60512,953,98,68,14.014705882352942,0.07135362014690451,1.8492199894235852
Destiny,The Modern Day Boston Tea Party?,2020-06-01 00:00:06+00:00,55104,1023,287,104,9.836538461538462,0.10166177908113393,2.5660569105691056
Destiny,Interview with House of Representatives Candidate for AZ-01 Eva Putzova,2020-06-01 23:00:15+00:00,20949,429,81,20,21.45,0.046620046620046623,2.529953697073846
Destiny,Hasan's Lack of Accent is Suspicious,2020-06-02 00:30:01+00:00,84459,1254,379,756,1.6587301587301588,0.6028708133971292,2.8285913875371484
Destiny,Raw Eggs Lost in this Debate - Crime Debate with Pxie,2020-06-02 22:30:00+00:00,53212,1091,318,87,12.540229885057471,0.07974335472043996,2.811395925731038
Destiny,People Don't Make Good Decisions! - Modern-Day Debates with Kay Fellows,2020-06-03 00:15:01+00:00,69236,1035,244,74,13.986486486486486,0.07149758454106281,1.9541856837483391
Destiny,Trump did Nothing! - Debate vs Rob Noerr,2020-06-03 23:30:38+00:00,177869,2602,840,135,19.274074074074075,0.05188316679477325,2.0110305899285428
Destiny,xQc and Destiny Almost Join a Streamer House?!,2020-06-04 01:07:01+00:00,74934,1392,133,49,28.408163265306122,0.035201149425287355,2.100515119972242
Destiny,What's Actually Happening? - Talking with Protest Livestreamer Actual Intelligence,2020-06-04 23:45:03+00:00,69696,1399,236,94,14.882978723404255,0.06719085060757685,2.480773645546373
Destiny,"Protests, Music School, Trump, and More - Viewer Discord Call-ins",2020-06-05 22:00:00+00:00,48381,744,116,43,17.302325581395348,0.05779569892473118,1.866435170831525
Destiny,Interview with a Riot Officer - Do You ACTUALLY do this?!,2020-06-06 00:15:01+00:00,110692,2097,400,169,12.408284023668639,0.08059132093466857,2.408484804683265
Destiny,How Does the Senate Work? - Destiny Explains,2020-06-06 00:45:00+00:00,35076,754,92,33,22.848484848484848,0.04376657824933687,2.5059869996578854
Destiny,Campaign Zero - Destiny Explains,2020-06-06 22:00:00+00:00,67557,1348,191,81,16.641975308641975,0.06008902077151335,2.3979750432967717
Destiny,These Issues with Voting Need to Stop,2020-06-06 23:00:07+00:00,49204,1667,346,208,8.014423076923077,0.1247750449910018,4.513860661734818
Destiny,I am being CONSTANTLY Attacked! - Talk with Booksmarts,2020-06-07 23:00:07+00:00,168999,3064,1030,283,10.826855123674912,0.09236292428198434,2.5899561535867073
Destiny,"Relationships, Dreams, and Emotions - Late Night Talks",2020-06-08 00:00:02+00:00,198369,3858,387,127,30.37795275590551,0.03291861067910835,2.203973403102299
Destiny,These People are Officially Banned,2020-06-08 22:00:00+00:00,82663,1544,472,785,1.9668789808917198,0.508419689119171,3.38845674606535
Destiny,Destiny Skydiving?!,2020-06-08 22:00:12+00:00,28950,522,63,74,7.054054054054054,0.1417624521072797,2.2763385146804835
Destiny,This is Why Caring About Your Job is an Issue,2020-06-09 22:00:10+00:00,96113,2277,284,76,29.960526315789473,0.03337725076855512,2.7436455006086584
Destiny,Twitch Staff AGREED With Me! - My Thoughts on Recent Twitch DMCA,2020-06-09 23:00:05+00:00,56761,1037,145,93,11.150537634408602,0.08968177434908389,2.24626063670478
Destiny,I Want out of this Lefty Arc ft David Pakman,2020-06-10 23:00:09+00:00,210056,4260,1216,621,6.859903381642512,0.14577464788732394,2.9025593175153293
Destiny,Destiny's Sykkuno Impression is Flawless! ft MafiaJinx,2020-06-11 22:00:16+00:00,82981,1274,732,1879,0.6780202235231506,1.4748822605965464,4.681794627685855
Destiny,"Ben Shapiro is WRONG, Here's Why",2020-06-11 23:00:03+00:00,371482,8908,1913,1485,5.998653198653199,0.16670408621463853,3.3126773302609545
Destiny,Should Destiny Sell His Kidney? ft Bastiat,2020-06-12 22:30:03+00:00,46781,883,137,52,16.98076923076923,0.05889014722536806,2.291528612043351
Destiny,"Trump, Incels, Police and More ft Phil Gurski",2020-06-12 23:15:01+00:00,64436,1465,236,51,28.725490196078432,0.0348122866894198,2.7189769693959898
Destiny,Rajj TAKES OVER Destiny's Stream?!,2020-06-13 00:00:01+00:00,42742,768,103,45,17.066666666666666,0.05859375,2.143091104768144
Destiny,Only 90's Kids Will Remember These! - Nostalgia with TayborSnapping,2020-06-13 22:00:09+00:00,32006,706,101,12,58.833333333333336,0.0169971671388102,2.5588952071486597
Destiny,He Never Stood a Chance! - Rated Chess,2020-06-13 23:00:21+00:00,62744,1038,153,92,11.282608695652174,0.08863198458574181,2.0448170342981005
Destiny,Protests are WORSE than Nothing - Defund the Police with Pxie,2020-06-14 22:00:23+00:00,118215,1732,745,558,3.1039426523297493,0.32217090069284066,2.567356088482849
Destiny,Indigenous Culture and Issues - Discussion with an Ojibwe Native,2020-06-14 23:00:09+00:00,44263,784,101,57,13.75438596491228,0.07270408163265306,2.1281883288525405
Destiny,Destiny Gets REVENGE on the Chicken! - Cooking Stir-Fry,2020-06-15 22:15:01+00:00,43957,825,260,43,19.186046511627907,0.052121212121212124,2.5661441863639465
Destiny,Interview with California Congressional Candidate Rishi Kumar,2020-06-16 22:00:02+00:00,17029,497,77,26,19.115384615384617,0.052313883299798795,3.523401256679781
Destiny,Interview with North Carolina Congressional Candidate Moe Davis,2020-06-16 23:45:01+00:00,22873,695,120,36,19.305555555555557,0.051798561151079135,3.7205438726883227
Destiny,David Pakman's Chess Tournament was a DISASTER!,2020-06-17 22:00:13+00:00,62004,755,118,49,15.408163265306122,0.06490066225165562,1.4870008386555706
Destiny,Judging the Rajj (Austin) Talent Show! Amazin!,2020-06-18 00:15:01+00:00,48520,819,156,37,22.135135135135137,0.045177045177045176,2.0857378400659523
Destiny,I KNEW Trump was an Idiot! - Reading a Washington Post Article on John Bolton's Book,2020-06-18 22:45:00+00:00,62871,1245,157,126,9.880952380952381,0.10120481927710843,2.430373304067058
Destiny,Love or Host (Rajjchelorette) - Is Alex Botez My Dream Girl?!,2020-06-19 21:00:13+00:00,159196,2224,288,111,20.036036036036037,0.049910071942446045,1.6476544636799921
Destiny,Steven Crowder is WRONG! COVID - Change My Mind,2020-06-19 22:00:12+00:00,190214,2953,827,793,3.7238335435056746,0.2685404673213681,2.404134290851357
Destiny,This is my Issue with Streamer Relationships,2020-06-21 01:00:05+00:00,61495,885,169,187,4.732620320855615,0.21129943502824858,2.018050247987641
Destiny,"Killstream ft. Nick Fuentes, Dick Masterson, and Ethan Ralph",2020-06-21 22:01:11+00:00,902907,11762,3110,1260,9.334920634920636,0.10712463866689338,1.7866734890747331
Destiny,Nick Fuentes Lies About EVERYTHING,2020-06-22 01:00:02+00:00,189419,2476,658,4599,0.5383779082409219,1.8574313408723748,4.082483805742823
Destiny,Ben Shapiro MUST be Grifting,2020-06-22 22:00:02+00:00,79253,1209,360,775,1.56,0.6410256410256411,2.9576167463692227
Destiny,I Can't Believe Steven Crowder Did This! - Destiny Reacts,2020-06-22 23:00:12+00:00,131160,1860,658,602,3.089700996677741,0.32365591397849464,2.3787740164684354
Destiny,I Can't Believe Alex Botez Made Me Do THIS!,2020-06-24 01:05:37+00:00,249729,4575,493,125,36.6,0.0273224043715847,2.07945412827505
Destiny,LSF and its Biased Banning System,2020-06-24 22:45:01+00:00,53244,967,141,64,15.109375,0.06618407445708377,2.2011869882052437
Destiny,Chris D'Elia Accusations - Destiny Reacts,2020-06-24 23:30:00+00:00,108370,1586,396,354,4.480225988700565,0.223203026481715,2.1555781120236226
Destiny,Method Josh and Sascha - Destiny Investigates Allegations,2020-06-26 00:00:07+00:00,273298,3225,493,373,8.646112600536194,0.11565891472868217,1.4969008188863437
Destiny,Swifty - Destiny Investigates Allegations,2020-06-26 21:00:05+00:00,207777,2299,535,364,6.315934065934066,0.15832970856894302,1.5391501465513509
Destiny,Banned From r/LSF Again?! Their Logic Is Ridiculous!,2020-06-26 22:00:00+00:00,73196,1516,106,73,20.767123287671232,0.048153034300791556,2.315700311492431
Destiny,GranDGranT - Destiny Investigates Allegations,2020-06-26 23:00:10+00:00,77002,1035,107,55,18.818181818181817,0.05314009661835749,1.5545050777901872
Destiny,TVGBadger - Destiny Investigates Allegations,2020-06-27 22:00:02+00:00,72783,1306,177,39,33.48717948717949,0.02986217457886677,2.0911476581069754
Destiny,DrDisrespect Banned From All Streaming Sites?! - Destiny Reacts,2020-06-27 23:00:06+00:00,137186,2125,393,252,8.432539682539682,0.11858823529411765,2.0191564736926506
Destiny,Lilypichu and Yvonne Speak Out About Fedmyster - Destiny Reacts,2020-06-28 22:15:00+00:00,455728,7628,1077,376,20.28723404255319,0.04929208180388044,1.9926359582909103
Destiny,Scuffed Podcast #98 - Mostly Destiny,2020-06-29 22:30:00+00:00,169986,2309,348,87,26.54022988505747,0.037678648765699436,1.6142505853423224
Destiny,This Twitch Partnership Manager should be FIRED - Destiny Investigates Allegations (Hassan Bokhari),2020-06-29 23:30:01+00:00,131604,1824,215,69,26.434782608695652,0.03782894736842105,1.6017750220358045
Destiny,The LilyPichu Backlash is INSANE! It Needs to STOP!,2020-06-30 22:15:00+00:00,387430,6689,670,334,20.026946107784433,0.049932725370010464,1.9856490204682138
Destiny,Bestiny of Destiny - June,2020-07-01 01:45:01+00:00,159550,2754,104,70,39.34285714285714,0.025417574437182282,1.83516139141335
Destiny,Yuna's Statement on Fedmyster - Destiny Reacts,2020-07-01 23:00:00+00:00,149654,2426,245,216,11.231481481481481,0.08903544929925804,1.9291164953826827
Destiny,Ninja is Simping for His Wife! - xQc vs Ninja,2020-07-02 00:00:17+00:00,138902,2476,308,141,17.56028368794326,0.05694668820678514,2.1058012123655527
Destiny,This Argument COMPLETELY Changed My Mind,2020-07-03 22:30:00+00:00,102210,1912,408,91,21.01098901098901,0.047594142259414225,2.3588689952059485
Destiny,Rest in Peace Reckful - Destiny Discusses,2020-07-04 00:00:00+00:00,406026,8880,955,396,22.424242424242426,0.0445945945945946,2.519789373094334
Destiny,Lilypichu Thanks Destiny & Botez EXPOSES Destiny for Sending Pics - LNOD,2020-07-04 22:00:01+00:00,266351,6070,335,99,61.313131313131315,0.016309719934102143,2.4418905879835253
Destiny,Hasan Has NO EXCUSE For This!,2020-07-04 23:15:00+00:00,210761,4580,748,810,5.654320987654321,0.17685589519650655,2.9123035096626038
Destiny,I Can't Believe Alex Almost Tweeted This! - Poker w/ Alex Botez,2020-07-05 22:00:06+00:00,139982,2589,285,58,44.63793103448276,0.022402471996910003,2.0945550142161133
Destiny,The Smash Scene is Falling Apart! - ZeRo Allegations (Destiny Reacts),2020-07-05 23:00:01+00:00,142589,2355,335,365,6.4520547945205475,0.15498938428874734,2.142521512879675
Destiny,I Taught HIM Something! - Discussion with Economics Professor Dr. Gordon Menzies,2020-07-06 22:00:16+00:00,114816,2613,317,80,32.6625,0.030616150019135095,2.6215858416945372
Destiny,I FINALLY Beat Alex at Chess!,2020-07-07 01:00:04+00:00,133134,3078,239,71,43.352112676056336,0.023066926575698504,2.5448044827016387
Destiny,"Stocks, Finances, and Investment Advice - Destiny Discusses",2020-07-07 23:00:03+00:00,72863,1385,278,82,16.890243902439025,0.0592057761732852,2.394905507596448
Destiny,"Interviewed by Journalist Dylan Meisner - Politics, Trump, Biden and More",2020-07-08 22:00:11+00:00,31586,719,92,27,26.62962962962963,0.037552155771905425,2.6530741467738874
Destiny,KaeporaDeborah's Statement on GiantWaffle and Stivitybobo - Destiny Reacts,2020-07-08 23:00:10+00:00,103505,1434,233,137,10.467153284671532,0.09553695955369595,1.7429109704845176
Destiny,GiantWaffle's Mod SPEAKS OUT Against Him,2020-07-09 23:00:11+00:00,99574,1171,187,94,12.457446808510639,0.0802732707087959,1.4582119830477835
Destiny,"Breonna Taylor, No Knock Warrants, and Defunding Police - Destiny Discusses",2020-07-10 22:30:06+00:00,81984,1551,586,598,2.5936454849498327,0.38555770470664086,3.3360167837626853
Destiny,"Lilypichu Asked Tough Question, Botez PTSD - LNOD",2020-07-11 22:00:11+00:00,157973,3518,208,60,58.63333333333333,0.017055144968732235,2.396612079279371
Destiny,TheStocksGuy Watches My Video?! - Destiny Reacts,2020-07-12 00:30:01+00:00,59047,1102,174,191,5.769633507853404,0.1733212341197822,2.484461530645079
Destiny,"Interview w/ Occupational Therapist - Mental Health in Streamers, Covid, and More",2020-07-13 00:00:11+00:00,27758,436,89,26,16.76923076923077,0.05963302752293578,1.9850133294905974
Destiny,Interview with Georgia House of Representatives Candidate Kevin Van Ausdal,2020-07-13 01:45:01+00:00,20664,397,63,20,19.85,0.05037783375314862,2.3228803716608595
Destiny,Why I Miss Reckful,2020-07-13 22:00:16+00:00,129860,2828,273,381,7.42257217847769,0.1347241867043847,2.681349145233328
Destiny,"Alisha12287 is Back?! Shane Dawson, Why She Left, and More",2020-07-13 23:00:05+00:00,55541,875,118,61,14.344262295081966,0.06971428571428571,1.8976971966655265
Destiny,"Debate Tactics, Self-Confidence, and Leftists - Talking with Journalist Disco Doomer",2020-07-14 00:15:00+00:00,68637,1154,163,66,17.484848484848484,0.05719237435008666,2.014948205778224
Destiny,Hashinshin Responds to Allegations - Destiny Discusses,2020-07-15 01:00:05+00:00,123570,2466,398,94,26.23404255319149,0.038118410381184104,2.3937848992473905
Destiny,Ariana Grande and Cultural Appropriation - Destiny Discusses,2020-07-15 22:00:08+00:00,119882,2710,873,372,7.28494623655914,0.13726937269372694,3.2990774261357
Destiny,"Interview with Heyitsjoe - Reckful, Streamer Drama, Twitch Secrets, and More!",2020-07-17 00:00:14+00:00,55362,1110,108,32,34.6875,0.02882882882882883,2.2578664065604563
Destiny,Dan RAGED at Who I Put in this Tier! - Streamer Tier List,2020-07-17 22:00:09+00:00,70713,1429,136,124,11.524193548387096,0.0867739678096571,2.38852827627169
Destiny,Controversial Reckful Bans - LNOD,2020-07-18 22:00:15+00:00,112437,2175,187,162,13.425925925925926,0.07448275862068965,2.244812650639914
Destiny,"Chatting with a Philosopher Marty about Dualism, Imperceptibility, Idealism and More!",2020-07-19 22:00:06+00:00,37067,717,249,48,14.9375,0.06694560669456066,2.7355869101896566
Destiny,Hashinshin Looks REALLY BAD in these Allegations...,2020-07-19 23:00:07+00:00,81449,1560,287,106,14.716981132075471,0.06794871794871794,2.3978194944075435
Destiny,Watching the Trump Interview w/ Chris Wallace - Destiny Reacts,2020-07-21 00:15:01+00:00,161039,3376,789,197,17.13705583756345,0.05835308056872038,2.7086606350014595
Destiny,This Horrible Twitter Trend Has Me TRIGGERED,2020-07-21 23:30:03+00:00,80915,2840,1202,2071,1.3713182037662965,0.729225352112676,7.554841500339863
Destiny,Hashinshin FINALLY ADMITS IT!,2020-07-23 00:30:01+00:00,152372,2020,940,907,2.227122381477398,0.449009900990099,2.537867849736172
Destiny,Catching up with Arian Foster - Private Language and More!,2020-07-24 23:00:14+00:00,46393,1115,350,57,19.56140350877193,0.051121076233183856,3.2806673420559136
Destiny,"Discussion with Australian Doctor - Covid, Mental Health, and More",2020-07-25 00:00:01+00:00,34809,787,90,33,23.848484848484848,0.04193138500635324,2.614266425349766
Destiny,Jordan Peterson Defender vs Destiny - LNOD,2020-07-25 23:30:04+00:00,158615,3681,1183,559,6.584973166368515,0.15186090736212984,3.4189704630709583
Destiny,Discussion w/ Dr. K (Dr. Alok Kanojia) - Is Video Game Addiction a Cause for Alarm?,2020-07-28 01:00:06+00:00,162380,4317,404,77,56.064935064935064,0.01783646050498031,2.95479738884099
Destiny,Trump Transition of Power? - Discourse Diner Discord Ask Me Anything,2020-07-29 00:00:01+00:00,50014,1069,172,71,15.056338028169014,0.06641721234798878,2.6232654856640143
Destiny,Are Democrats Hypocritical? - Debate with exskillsme,2020-07-29 23:00:09+00:00,102421,2182,1022,289,7.550173010380623,0.1324472960586618,3.410433407211412
Destiny,Ben Shapiro BULLIED by Milo Yiannopoulos? - Destiny Reacts,2020-08-01 00:30:04+00:00,107749,2015,430,378,5.330687830687831,0.18759305210918115,2.6199779116279505
Destiny,Leafy FLAMES Pokimane - Destiny Reacts,2020-08-01 00:45:00+00:00,243076,7165,5567,11681,0.6133892646177553,1.6302861130495465,10.043360924155408
Destiny,Destiny Makes Alex Botez Jealous - LNOD,2020-08-01 22:00:17+00:00,66101,1679,214,163,10.300613496932515,0.09708159618820726,3.110391673348361
Destiny,"Hippy Dippy Podcast Left vs Right - ft. Dylan Burns, Bastiat, LTCRfan, imreallyimportant",2020-08-02 22:00:03+00:00,284620,4618,1887,281,16.434163701067614,0.060848852317020356,2.3842316070550207
Destiny,"Chatting w/ SweetAnita - Life, Police, Twitch, Cancel Culture, and More",2020-08-02 23:00:05+00:00,66605,2337,391,260,8.988461538461538,0.11125374411638853,4.486149688461827
Destiny,The TRUTH About Pokimane's Boyfriend - Reacting to Scarce Video / Chatting with Bowblax,2020-08-03 18:00:09+00:00,101128,2470,982,656,3.7652439024390243,0.26558704453441295,4.062178625108773
Destiny,Talking w/ Zane Carney - Introducing a Grammy Nominee to Final Fantasy Music!,2020-08-05 22:30:06+00:00,48003,1752,212,73,24.0,0.041666666666666664,4.243484782201112
Destiny,"Pokimane, React Streamers, and Copyright - Destiny Debates",2020-08-06 22:00:06+00:00,78930,2066,565,459,4.501089324618737,0.22216844143272024,3.9148612694792853
Destiny,"Talking w/ Tom Burns - Materialism, Afterlife, Ender's Game and More",2020-08-07 23:30:01+00:00,32688,754,200,60,12.566666666666666,0.07957559681697612,3.102055800293686
Destiny,Debate w/ Trump Simps and Angry Leftist - LNOD,2020-08-08 22:00:01+00:00,179230,3848,849,380,10.126315789473685,0.09875259875259876,2.8326731016012947
Destiny,Voting For / Against Biden - Debate w/ Kim Iversen,2020-08-09 23:30:01+00:00,178517,3616,2071,247,14.639676113360323,0.06830752212389381,3.324053171406645
Destiny,Finding Purpose in Life - Discussion w/ a Viewer,2020-08-10 23:00:01+00:00,59214,1257,225,87,14.448275862068966,0.06921241050119331,2.6497112169419395
Destiny,Are You Going To Let Me Answer?! - Debating on PrimeCayes Podcast,2020-08-11 22:00:01+00:00,101052,2143,678,166,12.909638554216867,0.07746150256649556,2.955903891065986
Destiny,TheQuartering Compared Me To DrDisRespect?! - Streamers vs YouTubers (Destiny Reacts),2020-08-12 22:00:16+00:00,72202,1705,355,161,10.590062111801242,0.09442815249266862,3.0760920750117724
Destiny,"Destroyed Her Ego, Destiny Has",2020-08-13 23:00:15+00:00,202993,3913,235,100,39.13,0.025555839509327882,2.092682998921145
Destiny,"Hasanabi vs Melina - ""I Think Less of Melina Now""",2020-08-14 23:00:09+00:00,235354,3575,1102,981,3.6442405708460752,0.2744055944055944,2.4040381722851536
Destiny,Milo Yiannopoulos Gets Visibly Upset - LNOD,2020-08-15 23:30:02+00:00,162477,3115,524,279,11.164874551971327,0.08956661316211878,2.411418231503536
Destiny,Ben Shapiro is More Extreme than Kamala Harris!,2020-08-16 22:00:01+00:00,76133,1914,801,501,3.820359281437126,0.2617554858934169,4.224186620782053
Destiny,"Milo Yiannopoulos vs Destiny - Cancel Culture, Double Standards, Deplatforming, and More",2020-08-18 00:00:05+00:00,151485,4514,1491,189,23.883597883597883,0.04186973859105007,4.088853681882695
Destiny,I Can't Believe Apple Went This Far vs Epic Games - Destiny Reacts,2020-08-18 22:00:09+00:00,58853,1605,636,196,8.188775510204081,0.1221183800623053,4.140825446451328
Destiny,Milo Yiannopoulos vs Destiny - Official Debate Footage,2020-08-18 22:30:00+00:00,772526,14703,3955,671,21.912071535022356,0.045636944841188874,2.502051710880928
Destiny,Pokimane Apologizes?! - Destiny Reacts,2020-08-19 22:00:00+00:00,103435,2384,1003,460,5.182608695652174,0.1929530201342282,3.7192439696427706
Destiny,Real Talk w/ Destiny - Airport Edition,2020-08-21 22:30:02+00:00,47207,1300,203,72,18.055555555555557,0.055384615384615386,3.3363696062024704
Destiny,How Twitch Convinced Lilypichu to Stay - LNOD,2020-08-22 22:30:00+00:00,68813,2974,160,68,43.73529411764706,0.022864828513786146,4.6531905308589945
Destiny,Political Banter w/ David Pakman (DNC),2020-08-23 22:00:14+00:00,63481,2123,208,120,17.691666666666666,0.05652378709373528,3.8609977788629672
Destiny,Destiny and Melina Discuss Having a Baby?!,2020-08-25 00:00:06+00:00,98342,2527,368,151,16.735099337748345,0.059754649782350615,3.097354131500275
Destiny,Gooteck's Conspiracy Theories - Destiny Reacts,2020-08-25 22:30:01+00:00,92920,1984,291,185,10.724324324324325,0.09324596774193548,2.6474386569091695
Destiny,Tim Pool is a Republican Tool! - Destiny Reacts,2020-08-26 22:00:12+00:00,171739,4180,2401,3294,1.2689738919247116,0.7880382775119618,5.7500043670919245
Destiny,Vaush vs Destiny Debate - Morality of Kyle Rittenhouse,2020-08-28 22:00:16+00:00,1037571,17968,12011,4832,3.718543046357616,0.26892252894033836,3.3550475100017256
Destiny,#MeToo Victim Told To SHUT UP! - DEBATE PANEL | LNOD,2020-08-29 22:00:18+00:00,63184,1144,353,120,9.533333333333333,0.1048951048951049,2.559192200557103
Destiny,Vaush is Arguing in Bad Faith! - Vaush Debate Review,2020-08-30 23:45:00+00:00,156298,4774,2237,1853,2.5763626551538046,0.3881441139505656,5.671217801891259
Destiny,Was Kyle Defending His Community? - Debate with Bobby Feeno (Arian Foster),2020-08-31 01:30:05+00:00,137065,2984,2306,387,7.710594315245478,0.1296916890080429,4.141830518367199
Destiny,This isn't even a Controversial Take!,2020-09-02 22:15:01+00:00,81425,2901,1274,515,5.633009708737864,0.17752499138228198,5.759901750076757
Destiny,What is Self Defense? - Discussion with Bastiat,2020-09-03 23:30:04+00:00,61984,1485,433,123,12.073170731707316,0.08282828282828283,3.2927852348993287
Destiny,Destiny Vs Vaush And Leftists - Kyle Rittenhouse Breakdown And Debates,2020-09-06 00:15:00+00:00,239996,8871,2882,771,11.505836575875486,0.08691241122759553,5.2184203070051165
Destiny,Underage Carry Laws - Debate w/ Riley Roshong,2020-09-07 00:00:07+00:00,107191,1847,1658,131,14.099236641221374,0.07092582566323768,3.3920758272616167
Destiny,Reviewing Riley Debate w/ Booksmarts,2020-09-07 00:45:00+00:00,48768,1133,504,75,15.106666666666667,0.06619593998234775,3.510498687664042
Destiny,Andy Milonakis Talks About Meeting Robin Williams,2020-09-08 00:00:04+00:00,53601,1174,162,109,10.770642201834862,0.09284497444633731,2.6958452267681574
Destiny,Leftists are Weird about Ben Shapiro's WAP,2020-09-10 00:30:01+00:00,97445,2309,1308,1973,1.1702990369994932,0.8544824599393677,5.736569346811021
Destiny,Defending Communities - Discussion with TheSerfs,2020-09-11 22:00:01+00:00,94881,1796,743,208,8.634615384615385,0.11581291759465479,2.8952055732970776
Destiny,Portland Investigation & Dark Confession - LNOD,2020-09-12 23:15:00+00:00,67095,1829,511,272,6.724264705882353,0.1487151448879169,3.8929875549593858
Destiny,Discussing Twitch Departnering and Plans Moving Forward,2020-09-14 23:00:07+00:00,149139,4921,2257,1324,3.7167673716012084,0.26905100589311115,5.700722145112948
Destiny,Why I Burned the Vaush Bridge - Debate w/ Xanderhal,2020-09-15 22:15:01+00:00,408598,7287,3668,1577,4.6207989854153455,0.2164127898998216,3.0670732602704858
Destiny,"Destiny's Departnering Discussion -Reverie Roundtable ft PrimeCayes, LCTRfan, Dylan Burns, and More!",2020-09-16 23:00:15+00:00,111185,2109,1536,124,17.008064516129032,0.05879563774300616,3.3898457525745376
Destiny,Reddit Lashes Out at Melina / Xanderhal Lied to Destiny,2020-09-18 00:00:01+00:00,82143,1854,653,396,4.681818181818182,0.21359223300970873,3.5340808102942427
Destiny,"Chatting w/ Coach Red Pill - Departnering, Vaush, Election and More",2020-09-18 22:30:00+00:00,88812,1848,748,212,8.716981132075471,0.11471861471861472,3.1617349006890962
Destiny,"Chatting w/ David Pakman - Departnering, Principles and More",2020-09-18 23:30:00+00:00,87898,2527,1690,251,10.06772908366534,0.09932726553225169,5.083164577123484
Destiny,Questioning My Moral System & Political Position | SCRIPTED - EP #1,2020-09-19 22:00:02+00:00,220217,11052,1530,357,30.95798319327731,0.03230184581976113,5.875568189558481
Destiny,"Past, Present, and Future - Discussion with Jon Zherka",2020-09-21 00:00:01+00:00,98304,2233,316,94,23.75531914893617,0.04209583519928348,2.6885986328125
Destiny,Will Trump Remain in Office? - Chatting with a Law Student,2020-09-21 23:00:04+00:00,68525,1640,338,87,18.850574712643677,0.05304878048780488,3.0134987230937615
Destiny,Public Security Guards - Debating a Viewer,2020-09-22 00:00:04+00:00,32043,807,320,54,14.944444444444445,0.06691449814126393,3.6856723777424083
Destiny,The Pipeline to Fascism - Chatting with an Old Friend,2020-09-22 22:45:01+00:00,77705,1594,1270,161,9.900621118012422,0.10100376411543287,3.8929283829869377
Destiny,"Happiness, Wal-Mart, and Rioting - Conversation with LiberalSanityProject",2020-09-22 23:30:01+00:00,58571,1303,274,65,20.046153846153846,0.0498848810437452,2.803435147086442
Destiny,The New Portal Debate - Physics Questions w/ Dan,2020-09-23 00:00:00+00:00,38936,898,259,60,14.966666666666667,0.066815144766147,3.1256420793096367
Destiny,"Ethics, Use of Force, and Veganism  - Discussion with Perspective Philosophy",2020-09-24 00:00:04+00:00,74990,1508,382,83,18.16867469879518,0.055039787798408485,2.631017468995866
Destiny,Was the Breonna Taylor Case Handled Badly?,2020-09-25 22:30:03+00:00,79290,1735,1073,195,8.897435897435898,0.11239193083573487,3.787362845251608
Destiny,Adam Neely Schools Destiny Ft. Eric Striker Debate | LNOD,2020-09-26 22:00:01+00:00,131269,2945,807,167,17.634730538922156,0.0567062818336163,2.985472579207581
Destiny,"Chatting w/ Sargon of Akkad - WHO, Breadtube, the NHS, and More",2020-09-27 00:45:00+00:00,173275,3334,1960,367,9.084468664850137,0.11007798440311937,3.2670610301543785
Destiny,Destiny Gives His Thoughts on Among Us Gameplay / Drama,2020-09-27 22:45:01+00:00,75894,2565,349,127,20.19685039370079,0.04951267056530215,4.006904366616597
Destiny,"Chatting w/ Kraut - Departnering, Vaush, Online Politics, and More",2020-09-27 23:15:01+00:00,117914,2527,957,305,8.285245901639344,0.12069647803719825,3.213358888681581
Destiny,"Chatting w/ Kraut - Follow-Up: NATO, Trump, Economy, Immigration, China and More",2020-09-28 00:15:01+00:00,92743,1961,450,97,20.216494845360824,0.049464558898521166,2.704247220814509
Destiny,Watching the 1st Presidential Debate + Afterthoughts with xQc,2020-10-01 00:00:01+00:00,174288,3894,949,195,19.96923076923077,0.05007704160246533,2.890617827962912
Destiny,The Donald Trump Bombshell - LNOD,2020-10-03 22:00:02+00:00,105152,2388,477,182,13.12087912087912,0.076214405360134,2.8977099817407184
Destiny,"Electronic Records, Loopholes, and Psych Evaluations - Arguing with Counterpoints",2020-10-06 22:00:03+00:00,56176,1215,187,72,16.875,0.05925925925925926,2.6238963258330963
Destiny,Trump's Tax Fraud Explained by Money Laundering Specialist,2020-10-07 22:00:05+00:00,68626,1669,299,119,14.025210084033613,0.0713001797483523,3.041121440853321
Destiny,In-Group Bias and Prejudice - Talking with Psychology Grad Student,2020-10-07 23:00:01+00:00,38022,780,254,64,12.1875,0.08205128205128205,2.887801798958498
Destiny,Appearance on Russia Today Pre-Vice-President Debate Panel,2020-10-08 22:30:03+00:00,53978,1418,343,45,31.511111111111113,0.03173483779971791,3.345807551224573
Destiny,Watching the Vice-Presidential Debate,2020-10-09 00:30:01+00:00,77253,1405,829,97,14.484536082474227,0.06903914590747331,3.017358549182556
Destiny,Destiny Reveals the Secrets of Casinos,2020-10-09 23:00:03+00:00,102917,2191,234,93,23.559139784946236,0.04244637151985395,2.4466317517999943
Destiny,Destiny Destroys MAGA Professor - 1v2 Debate | LNOD,2020-10-10 22:00:04+00:00,196397,4205,573,174,24.166666666666668,0.041379310344827586,2.521423443331619
Destiny,Ben Shapiro Hates California! Here's Why,2020-10-12 22:00:07+00:00,114288,2848,1077,547,5.206581352833638,0.19206460674157302,3.9129217415651687
Destiny,Am I a Psychopath? - Taking a Dark Triad Personality Test,2020-10-13 00:00:04+00:00,62355,1718,170,50,34.36,0.02910360884749709,3.1080105845561703
Destiny,The Problems with Packing the Supreme Court! - Discussion w/ Law Student Pisco95,2020-10-13 23:15:01+00:00,64431,1301,461,81,16.061728395061728,0.0622598001537279,2.8604243299033074
Destiny,"TwitchPlaysPokemon, YouTube Creators, and Adult Swim - Talking w/ TheGamerFromMars",2020-10-14 22:00:03+00:00,55827,1216,199,70,17.37142857142857,0.05756578947368421,2.6600032242463323
Destiny,Reacting to the Trump Town Hall,2020-10-17 22:00:06+00:00,73119,1646,611,182,9.043956043956044,0.11057108140947752,3.335658310425471
Destiny,I Was Voting Biden But This Changed My Mind,2020-10-17 23:00:00+00:00,275569,7948,1672,1413,5.624911535739561,0.17778057372924005,4.00371594772997
Destiny,Reacting to the Biden Town Hall,2020-10-18 22:00:05+00:00,60630,1586,517,174,9.114942528735632,0.10970996216897856,3.7555665512122713
Destiny,Is Online Politics Worthwhile? - Discussion with Booksmarts,2020-10-21 00:45:01+00:00,63373,1525,299,77,19.805194805194805,0.050491803278688525,2.999700187777129
Destiny,Destiny and Melina Discuss Raising Kids,2020-10-23 23:00:04+00:00,50988,1825,256,100,18.25,0.0547945205479452,4.277477053424335
Destiny,Destiny Bullies Undecided Voters,2020-10-24 22:00:01+00:00,81449,2455,648,181,13.56353591160221,0.07372708757637475,4.0319709265921
Destiny,Noam Chomsky on Free Trade - Newstiny Ep. 1,2020-10-24 23:00:05+00:00,82524,1621,379,155,10.458064516129033,0.09561998766193708,2.6113615433086133
Destiny,Are Power Supplies Useful? Arguing w/ Mouton and Dan,2020-10-25 22:00:13+00:00,38434,1238,180,55,22.509090909090908,0.0444264943457189,3.832544101576729
Destiny,Why You Shouldn't Buy a House - Newstiny Ep. 2,2020-10-26 00:45:00+00:00,73997,1621,541,155,10.458064516129033,0.09561998766193708,3.131208021946836
Destiny,Reviewing Joe Biden's Progressive Presidential Agenda - Newstiny Ep. 3,2020-10-26 23:00:02+00:00,53700,1425,394,90,15.833333333333334,0.06315789473684211,3.554934823091248
Destiny,Why the Mainstream Media isn't Covering Hunter Biden's Laptop - Newstiny #4,2020-10-27 23:15:02+00:00,59362,1426,743,266,5.360902255639098,0.18653576437587657,4.101950742899498
Destiny,I Think I Have ADHD,2020-10-28 23:00:02+00:00,51282,1853,281,72,25.73611111111111,0.038855909336211546,4.3017043017043015
Destiny,Jesse Lee Peterson vs Destiny: 1v3 Election Debate Panel,2020-10-30 07:30:04+00:00,742437,17650,8456,893,19.764837625979844,0.050594900849858356,3.636537510926853
Destiny,People have NO IDEA How Drugs are Priced!,2020-10-30 22:00:07+00:00,61626,2362,327,178,13.269662921348315,0.07535986452159187,4.652257164183949
Destiny,AOC Messed Up Without Realizing : Will It Impact Biden?,2020-11-01 00:45:01+00:00,90164,1655,411,796,2.079145728643216,0.4809667673716012,3.1742158732975465
Destiny,Upset Trump Supporter Hijacks Our Podcast to Debate,2020-11-02 22:59:27+00:00,294241,6786,2142,360,18.85,0.05305039787798409,3.1565961235857682
Destiny,This Debate Proves You Can Reach Trump Voters,2020-11-03 06:55:13+00:00,182392,4937,923,235,21.00851063829787,0.047599756937411385,3.341703583490504
Destiny,How Trump Wins The 2020 Election | Interview & News Article (Breaking),2020-11-03 17:00:09+00:00,51857,1300,397,94,13.829787234042554,0.07230769230769231,3.4537285226681065
Destiny,Destiny UPSETS Trump Supporters At MAGA Rally,2020-11-03 23:56:50+00:00,123489,5879,789,315,18.663492063492065,0.05358054090831774,5.654754674505422
Destiny,Trump Declares Win And Demands Supreme Court to Stop Counting,2020-11-04 12:00:07+00:00,102612,3259,864,179,18.206703910614525,0.05492482356551089,4.19249210618641
Destiny,Trump vs Biden Debate Panel | Election Day Special,2020-11-04 20:29:22+00:00,278898,4360,1374,247,17.65182186234818,0.056651376146788994,2.144511613564816
Destiny,Trump Supporters SURROUND Destiny At MAGA Rally...,2020-11-05 03:19:08+00:00,123607,6311,1983,219,28.817351598173516,0.034701315163999366,6.887150404103328
Destiny,Trump and Biden Voters React to Election Together w/ Big Money Bets,2020-11-05 10:30:28+00:00,192477,3296,454,85,38.77647058823529,0.02578883495145631,1.9924458506730673
Destiny,Trump Phones and Screams at Murdoch Over Fox News Betrayal,2020-11-05 17:45:01+00:00,88885,2400,417,138,17.391304347826086,0.0575,3.3245204477695895
Destiny,"Trump IMPLODES, claims win and THREATENS lawsuits",2020-11-06 09:16:19+00:00,76902,1982,884,104,19.057692307692307,0.05247225025227043,3.8620582039478815
Destiny,Court Packing Debate  | Destiny in Moderation EP 00,2020-11-06 17:45:02+00:00,72413,3295,454,90,36.611111111111114,0.027314112291350532,5.301534254898982
Destiny,"Trump wins, obviously... | Sargon Debate on Election Day",2020-11-07 06:33:39+00:00,188617,3757,1902,289,13.0,0.07692307692307693,3.15348033316191
Destiny,Fox News Crew EMBARRASS Trump Voters Protesting Voter Fraud,2020-11-07 17:00:04+00:00,96458,2569,322,166,15.475903614457831,0.064616582327754,3.16925501254432
Destiny,Trump CLASHES With Mike Pence During Press Conference | LNOD,2020-11-08 04:55:44+00:00,120241,2430,301,257,9.455252918287938,0.10576131687242799,2.4850092730433047
Destiny,Giuliani Changed My Mind  |  Trump Campaign Press Conference,2020-11-08 16:30:01+00:00,106158,2613,795,510,5.123529411764705,0.19517795637198623,3.6907251455377836
Destiny,Steven Crowder Admits He's UPSET to Giuliani in Interview,2020-11-09 10:27:24+00:00,148014,3401,1161,768,4.428385416666667,0.22581593648926787,3.6010107152026163
Destiny,"Trump Loses Compilation ft. Tim Pool, Sargon, Keemstar on copium...",2020-11-10 07:44:50+00:00,467803,10513,2346,1687,6.231772377000593,0.1604679920098925,3.109428541501444
Destiny,Philosophy Tube  |  Lefty Arc Season 2,2020-11-11 05:36:14+00:00,212424,4556,1329,1072,4.25,0.23529411764705882,3.275053666252401
Destiny,Hannity sells voter fraud propaganda in latest Fox News interview,2020-11-11 15:45:03+00:00,80953,2352,626,271,8.678966789667896,0.11522108843537415,4.013439897224315
Destiny,Postal Worker Interrogation Explained (RAW AUDIO),2020-11-13 05:08:16+00:00,74384,1834,562,131,14.0,0.07142857142857142,3.397235964723597
Destiny,Trump's proposal MOCKED by Republican and Democrat economists,2020-11-13 22:31:37+00:00,70237,1989,280,105,18.942857142857143,0.05279034690799397,3.3799849082392477
Destiny,"Trump to Biden administration whiplash, China surpasses the US and more | Interview w/ Phil Gurski",2020-11-14 15:00:12+00:00,70310,2179,391,112,19.455357142857142,0.05139972464433226,3.8145356279334375
Destiny,Trump finally acknowledges Biden's administration | LNOD,2020-11-15 13:00:00+00:00,94062,2162,538,166,13.024096385542169,0.07678075855689177,3.0469264952903403
Destiny,I Changed his Mind on Voter Suppression in Under 8 Minutes,2020-11-16 07:55:34+00:00,85969,2771,808,338,8.198224852071005,0.12197762540599062,4.556293547674162
Destiny,IMPORTANT: I'm Getting Involved in Politics and Heading to Atlanta,2020-11-16 15:00:01+00:00,110939,6877,917,352,19.536931818181817,0.051185109786244,7.342773956859175
Destiny,I went to school for this! - Huge Debate Erupts on Scuffed Podcast,2020-11-18 06:18:54+00:00,144744,4656,1247,158,29.468354430379748,0.033934707903780066,4.18739291438678
Destiny,Timbah On Toast Debates Destiny As Project Veritas Supporter,2020-11-18 14:55:53+00:00,110483,2971,315,135,22.007407407407406,0.04543924604510266,3.096403971651747
Destiny,'Trump is better for LGBTQ' - Insane Biden Hater Triggers Destiny,2020-11-19 06:09:50+00:00,131914,3430,673,202,16.980198019801982,0.05889212827988338,3.2634898494473674
Destiny,My Blackpill Moment,2020-11-19 12:33:53+00:00,567055,15575,1997,792,19.66540404040404,0.05085072231139647,3.2384865665587994
Destiny,Confronting an Old Friend | A Personal Debate,2020-11-20 13:13:47+00:00,233970,4549,1871,137,33.2043795620438,0.03011650912288415,2.8024960465016884
Destiny,Twitter Argument Escalates Into Lefty Debate | Lefty Arc,2020-11-21 03:49:40+00:00,119588,2670,685,247,10.809716599190283,0.09250936329588015,3.0120078937686054
Destiny,Fox News EXPOSES Trump's Lawyers after meltdown press conference,2020-11-21 15:45:00+00:00,108479,2743,598,191,14.361256544502618,0.06963179001093693,3.2559297191161423
Destiny,"Departnering, Online Lefties, Streaming Career Struggles & More...",2020-11-22 11:23:52+00:00,97846,2264,383,147,15.401360544217686,0.06492932862190813,2.8555076344459662
Destiny,My Honest Opinion on PaymoneyWubby vs Hasanabi and Cut,2020-11-24 06:14:01+00:00,164392,5079,1146,782,6.494884910485934,0.1539673164008663,4.2623728648596035
Destiny,BREAKING: Donald Trump Reacts to Formal Biden Transition & GSA Statement,2020-11-24 12:15:20+00:00,68983,1914,134,98,19.53061224489796,0.051201671891327065,3.110911383964165
Destiny,"Fedmyster EXPOSES Pokimane, LEAKS everything",2020-11-25 09:45:03+00:00,2103795,57293,8520,2991,19.155132062855234,0.052205330494126685,3.2704707445354706
Destiny,My Issues With Pokimane's Response to Fedmyster,2020-11-26 01:03:58+00:00,948950,29768,5498,1221,24.38001638001638,0.04101719967750605,3.84498656409716
Destiny,Addressing the Pokimane/Fed Aftermath and My Involvement,2020-11-27 05:21:52+00:00,506586,17289,1455,778,22.22236503856041,0.04499971079877379,3.85363985581915
Destiny,She Almost Ruins His Life,2020-11-29 06:14:08+00:00,253948,5670,3392,239,23.723849372384937,0.04215167548500882,3.6625608392269284
Destiny,"Pokimane EXPOSES Fedmyster, Still LYING! (With Inside Info)",2020-11-30 02:12:54+00:00,1014924,25029,5087,1619,15.45954292773317,0.06468496544008949,3.126835112776917
Destiny,Company Founder Calls in to Defend Kpop,2020-12-02 03:13:02+00:00,153143,4863,882,184,26.429347826086957,0.03783672630063747,3.871544895946925
Destiny,████████████████████████████,2020-12-03 12:28:32+00:00,461106,10468,1584,739,14.16508795669824,0.07059610240733664,2.7739825549873567
Destiny,Would This Fool You? How To Disguise Fake News,2020-12-05 02:04:54+00:00,74795,2574,599,213,12.084507042253522,0.08275058275058275,4.527040577578715
Destiny,Destiny Debunks a Fake Lawyer w/ David Pakman,2020-12-05 13:30:06+00:00,191098,4580,827,206,22.233009708737864,0.044978165938864625,2.937236391798972
Destiny,Defending My Blackpill Positions,2020-12-06 02:44:38+00:00,285782,7253,1412,391,18.54987212276215,0.05390872742313525,3.1688489827910784
Destiny,Highs and Lows of the Tim Pool Debate,2020-12-06 11:37:44+00:00,256084,5650,1270,651,8.678955453149001,0.1152212389380531,2.95645178925665
Destiny,"""It just feels scary"" - Giving Heartfelt Advice to a Friend",2020-12-07 02:09:29+00:00,104788,4441,342,71,62.54929577464789,0.015987390227426256,4.632209795014696
Destiny,China is Secretly Doomed?  Was I fooled?,2020-12-07 23:43:28+00:00,57683,1575,273,167,9.431137724550899,0.10603174603174603,3.4932302411455716
Destiny,Destiny Judges Democrat vs Republican Debate Performance,2020-12-08 07:51:46+00:00,87956,2326,372,94,24.74468085106383,0.040412725709372314,3.174314429942244
Destiny,Twitter Drama ESCALATES Into Insanely HEATED Debate,2020-12-08 15:30:00+00:00,516173,11907,3877,373,31.92225201072386,0.031326110691190054,3.130152100167967
Destiny,I Disappointed Lilypichu.,2020-12-09 00:42:10+00:00,328348,11831,575,266,44.47744360902256,0.022483306567492183,3.8593199897669543
Destiny,I Was Right So They Decided to Lie,2020-12-09 10:52:17+00:00,120589,3668,655,199,18.4321608040201,0.05425299890948746,3.74992743948453
Destiny,tfw you're not mad and you don't care,2020-12-10 01:24:22+00:00,104345,7112,368,82,86.73170731707317,0.011529808773903262,7.247112942642196
Destiny,Tim Pool Fan Links Proof That Debunks His Own Argument...,2020-12-10 04:48:33+00:00,132897,3218,962,152,21.17105263157895,0.04723430702299565,3.2596672611119892
Destiny,Because of the Implication,2020-12-11 02:57:00+00:00,113303,3003,517,128,23.4609375,0.042624042624042624,3.2196852687042705
Destiny,Gaze Within,2020-12-11 05:42:30+00:00,183322,12588,1513,259,48.602316602316606,0.0205751509374007,7.833211507620471
Destiny,Your Movie Sucks,2020-12-11 23:00:11+00:00,190228,4565,702,166,27.5,0.03636363636363636,2.8560464284963305
Destiny,Talking w/ Social Services,2020-12-12 15:00:18+00:00,83238,2359,339,59,39.983050847457626,0.025010597710894446,3.3121891443811724
Destiny,Destiny Had to Apologize in This Debate,2020-12-13 05:44:56+00:00,127982,2463,1064,183,13.459016393442623,0.07429963459196103,2.8988451500992327
Destiny,XQC Tries to Debate Destiny - BESTINY OF DESTINY,2020-12-14 02:31:46+00:00,152029,7172,400,179,40.06703910614525,0.024958170663692138,5.098369390050583
Destiny,Destiny vs Communist,2020-12-15 11:48:03+00:00,156867,4207,1172,317,13.271293375394322,0.07535060613263608,3.6311015063716394
Destiny,DREAM EXPOSED: Allegation & Response,2020-12-16 04:17:14+00:00,226174,6405,837,433,14.79214780600462,0.06760343481654957,3.3934050775066984
Destiny,Afraid of Backlash,2020-12-16 16:45:01+00:00,116676,3146,273,119,26.436974789915965,0.03782581055308328,3.0323288422640475
Destiny,Addressing Rumors & Involving Other Big Streamers,2020-12-17 05:01:36+00:00,100072,2828,242,88,32.13636363636363,0.031117397454031116,3.155727875929331
Destiny,"Georgia, Infighting, Acknowledging My Past and Limits",2020-12-17 13:07:13+00:00,97921,4749,592,89,53.359550561797754,0.01874078753421773,5.545286506469501
Destiny,Changing Stance on Slurs and Taboo Topics,2020-12-18 04:58:08+00:00,86419,2321,275,107,21.69158878504673,0.046100818612666954,3.1277843992640504
Destiny,My Embarrassing Door-Knock Story...,2020-12-18 18:00:13+00:00,58206,2071,189,34,60.911764705882355,0.016417189763399325,3.9411744493694805
Destiny,"""Debate"" Turns Ugly and Personal",2020-12-19 00:31:32+00:00,770333,15783,3248,614,25.705211726384366,0.038902616739529876,2.550195824403213
Destiny,Trump's Leaked RNC Surprise,2020-12-19 18:00:01+00:00,60842,1745,185,58,30.086206896551722,0.0332378223495702,3.2674797015219745
Destiny,She Was Actually Right,2020-12-20 02:07:50+00:00,84964,2253,169,80,28.1625,0.03550821127385708,2.944776611270656
Destiny,"Trump Supporter Confronts Me IRL, Doesn't Go Well...",2020-12-20 06:25:34+00:00,711714,24982,5787,584,42.77739726027397,0.023376831318549354,4.405280772894731
Destiny,Tim Pool and Kyle Kulinski are Both Wrong,2020-12-21 04:35:15+00:00,93472,2507,1069,810,3.095061728395062,0.32309533306741123,4.692314275932899
Destiny,Explaining Problematic Takes to Cancelled TikTok Star Papa Gut,2020-12-21 08:55:07+00:00,130956,3328,543,135,24.651851851851852,0.04056490384615385,3.0590427319099547
Destiny,Jimmy Dore LOSES IT in Unhinged AOC Rant,2020-12-22 03:35:04+00:00,113918,2919,2111,1954,1.4938587512794268,0.6694073312778349,6.130725609649046
Destiny,Heated Debate Lures Destiny Back Onto Panel,2020-12-22 15:17:01+00:00,205630,4008,642,125,32.064,0.031187624750499,2.3221319846325925
Destiny,"Simp and Virgin Bans, Non-Lethal Debate",2020-12-23 07:41:05+00:00,72937,1902,300,111,17.135135135135137,0.0583596214511041,3.1712299655867393
Destiny,Craziest Debates and Panels | Destiny Awards 2020,2020-12-24 05:29:53+00:00,217882,5160,440,101,51.08910891089109,0.019573643410852715,2.616553914504181
Destiny,Dream Almost Fools The Internet,2020-12-24 13:01:17+00:00,131117,4319,770,425,10.16235294117647,0.09840240796480666,4.2054043335341715
Destiny,Trump Outflanks Democrats!? Destiny Visibly Loses Patience,2020-12-25 03:30:44+00:00,124554,4118,906,667,6.173913043478261,0.1619718309859155,4.569102557926683
Destiny,Kyle Kulinski EXPOSED for Grifting to his Audience,2020-12-26 13:35:32+00:00,125231,4058,1335,1646,2.465370595382746,0.405618531296205,5.620812738060065
Destiny,Banned Without Explanation EXPLAINED,2020-12-28 05:46:30+00:00,127128,3567,448,541,6.593345656192237,0.15166806840482197,3.583789566421245
Destiny,"Boze Gives Cognitive Interview, Defy Media Drama & True Crimes...",2020-12-29 03:36:24+00:00,99060,2727,300,105,25.97142857142857,0.03850385038503851,3.1617201695941852
Destiny,Questioning My Politics and Admitting My Mistakes,2020-12-30 01:46:22+00:00,148954,4487,879,287,15.634146341463415,0.06396255850234009,3.7951313828430253
Destiny,Trying to Stream From Mama's Kichen...,2020-12-31 03:12:31+00:00,87518,3169,387,78,40.62820512820513,0.024613442726412117,4.152288672044608
Destiny,"""No, Trump is Amazing"" - Debating Mom in her Kitchen",2021-01-01 01:59:21+00:00,453895,11795,1949,456,25.86622807017544,0.038660449342941924,3.1284768503728833
Destiny,"""This guy is repulsive..."" - Everyone Gets Super MAD",2021-01-02 02:23:33+00:00,110913,3378,278,137,24.656934306569344,0.040556542332741266,3.419797498940611
Destiny,"""I Always Fail to Change Her Mind"" - Biggest Frustration, Triggers and Process",2021-01-03 02:28:22+00:00,77528,2665,383,76,35.06578947368421,0.02851782363977486,4.029511918274688
Destiny,Sam Harris Exposes Dave Rubin's Grift and Leaves IDW,2021-01-04 06:02:06+00:00,284935,6244,1651,523,11.938814531548758,0.08376040999359385,2.9543580114763013
Destiny,"Bob7 Allegations Involving Melina, BigBossBoze, Peach and more...",2021-01-05 04:47:35+00:00,223743,6683,1173,643,10.393468118195957,0.09621427502618585,3.7985545916520294
Destiny,Trump gets upset w/ his own lawyer & Republicans (LEAKED AUDIO),2021-01-05 15:45:00+00:00,80584,2294,436,52,44.11538461538461,0.022667829119442023,3.452298222972302
Destiny,CallMeCarson Should Not Be Cancelled Just Yet...,2021-01-06 00:02:02+00:00,164199,7441,1425,270,27.55925925925926,0.03628544550463647,5.563980292206408
Destiny,"Pakman SHOT Out of a Cannon, Brings Up DRAMA | Runoff Election Special",2021-01-06 13:02:37+00:00,77489,2636,317,71,37.12676056338028,0.02693474962063733,3.9024893855902123
Destiny,Trump Protestors Storm and Breach Capitol in 'Coup de Force',2021-01-06 22:32:00+00:00,119673,3459,878,178,19.43258426966292,0.05145995952587453,3.772780827755634
Destiny,Trump Orders March and Pence Responds w/ National Guard,2021-01-07 06:01:58+00:00,96628,2901,456,108,26.86111111111111,0.03722854188210962,3.5859171254708775
Destiny,Predicting Trump and the Future After Today...,2021-01-07 16:15:00+00:00,151872,4360,911,225,19.377777777777776,0.051605504587155966,3.6188369152970927
Destiny,Calling Out TrainwrecksTV for Protecting Dream,2021-01-08 03:16:16+00:00,156765,4223,652,175,24.13142857142857,0.041439734785697374,3.2213823238605555
Destiny,Why BakedAlaska Stormed the Capitol [DEBATE REVISIT],2021-01-08 17:00:11+00:00,142028,4092,1107,349,11.724928366762178,0.08528836754643206,3.9062720027036923
Destiny,Destiny Reacts To Jan 6,2021-01-09 05:36:52+00:00,175804,4339,942,243,17.855967078189302,0.05600368748559576,3.1421355600555168
Destiny,Why I Love His Critique of My Views on Capitalism,2021-01-09 12:09:12+00:00,164319,4416,796,177,24.949152542372882,0.04008152173913043,3.279596394817398
Destiny,"""I'm Not Going to Cry"" - How Georgia Was Sabotaged",2021-01-10 05:02:42+00:00,185193,5102,610,164,31.109756097560975,0.032144257154057235,3.1729061033624384
Destiny,"Organizers Grill Destiny on his Finances, Motives and History",2021-01-10 21:39:44+00:00,126203,3757,938,95,39.54736842105263,0.02528613255256854,3.795472373873838
Destiny,"""You Sound Like a Lunatic"" - AMA Derails Into Gotcha Debates",2021-01-11 17:11:14+00:00,267143,4329,664,196,22.086734693877553,0.04527604527604528,1.9424053783928457
Destiny,"""Why Do You Do This?"" Destiny Debates Vegan Gains",2021-01-12 05:39:11+00:00,455071,8072,4732,834,9.678657074340528,0.1033201189296333,2.9968949900125477
Destiny,I'm Not Backing Down On This Hot Take,2021-01-13 01:08:41+00:00,180041,5348,1314,319,16.764890282131663,0.05964846671652954,3.8774501363578295
Destiny,She Lied About Her Age - ChudLogic's Allegations,2021-01-13 15:04:11+00:00,166764,6310,997,165,38.24242424242424,0.026148969889064975,4.480583339329831
Destiny,Episode I - Cash Reparations,2021-01-14 03:02:09+00:00,106167,3663,1016,184,19.907608695652176,0.050232050232050234,4.580519370425839
Destiny,"""He Misgendered Me"" - Destiny Responds to the Allegation",2021-01-14 17:45:00+00:00,172200,6958,958,132,52.71212121212121,0.018970968669157803,4.673635307781649
Destiny,Why I'm Honestly Conflicted About the Mass Deplatforming,2021-01-15 08:14:02+00:00,116631,3186,1024,367,8.681198910081743,0.11519146264908976,3.9243425847330466
Destiny,Bob7 Manifesto: Addressing my allegations,2021-01-18 09:04:38+00:00,776243,14759,2694,935,15.785026737967915,0.06335117555389931,2.36884583822334
Destiny,It's NOT About White vs Black - Baited Into Arguments w/ Donators,2021-01-20 05:11:17+00:00,94893,3253,1414,607,5.359143327841845,0.1865969873962496,5.5578388289968705
Destiny,"Inauguration, Trump's Pardons and Impeachment ft. David Pakman",2021-01-20 15:01:55+00:00,83698,2867,418,120,23.891666666666666,0.04185559818625741,4.068197567444861
Destiny,"Reacting to Cyberpunk Glitches, Lies and False Advertising...",2021-01-21 10:19:12+00:00,84965,2946,442,128,23.015625,0.04344874405974202,4.13817454245866
Destiny,Destiny Tries To Explain a Parenting Hot Take,2021-01-22 15:08:17+00:00,109006,4271,526,102,41.872549019607845,0.023881994848981503,4.494248023044603
Destiny,Nebraska Mayoral Race Candidate AMA,2021-01-23 08:15:25+00:00,72050,2708,329,55,49.236363636363635,0.02031019202363368,4.29146426092991
Destiny,Called Out And Shamed Into ForceTheVote Debate,2021-01-24 04:39:24+00:00,130266,2727,705,293,9.30716723549488,0.10744407774110744,2.859533569772619
Destiny,Sam Seder Doesn't Back Down In HEATED Debate,2021-01-24 23:20:45+00:00,198081,3616,1400,449,8.053452115812918,0.12417035398230089,2.758972339598447
Destiny,"""Stop Criticizing Left Content Creators!"" - AMA Server Calls Out Destiny",2021-01-25 17:45:01+00:00,168045,3128,755,221,14.153846153846153,0.07065217391304347,2.4422029813442827
Destiny,I'm Struggling With an Identity Dilemma,2021-01-26 07:44:59+00:00,106115,2846,702,192,14.822916666666666,0.06746310611384398,3.524478160486265
Destiny,How We Escaped Using MAGA Hats! - BESTINY OF DESTINY,2021-01-27 05:21:51+00:00,76916,4253,262,94,45.244680851063826,0.022102045614860098,5.992251287118415
Destiny,"""Trump Is Going To Annihilate Hillary""- Destiny Revisited #1",2021-01-28 01:36:50+00:00,84444,2909,542,66,44.07575757575758,0.022688209006531453,4.164890341528113
Destiny,CAREFUL! Why You Should Think Twice Before Buying GameStop Stock,2021-01-29 09:25:03+00:00,80703,2018,1268,1270,1.588976377952756,0.6293359762140733,5.645391125484802
Destiny,"""What Is Happening!?"" - TheStockGuy Explains Reddit vs Wall Street",2021-01-30 04:20:28+00:00,164907,3808,1469,556,6.848920863309353,0.14600840336134455,3.5371451787977466
Destiny,Lefty Fan BEGS Hutch To Disown Destiny In Bizarre Debate,2021-01-31 05:26:24+00:00,137388,3566,847,106,33.64150943396226,0.029725182277061134,3.2892246775555365
Destiny,Kyle Kulinski LASHES OUT With Blatant LIES on Twitter,2021-01-31 18:45:01+00:00,76133,2462,760,455,5.410989010989011,0.18480909829406986,4.8297059093954005
Destiny,Louis Rossman Explains The Truth About GameStop vs Wall Street,2021-02-01 03:35:44+00:00,83734,2375,385,160,14.84375,0.06736842105263158,3.487233381899826
Destiny,How Kulinski and Krystal Ball Fooled Their Audience,2021-02-01 13:57:32+00:00,76420,2349,796,385,6.101298701298702,0.16389953171562366,4.619209630986653
Destiny,Explaining My Moral System to Big Joel | LEFTY DEBATE,2021-02-02 00:56:49+00:00,191525,5436,2357,311,17.479099678456592,0.0572111846946284,4.231301396684506
Destiny,Asking For Help - Destiny Opens Up to Sweet Anita [REUPLOAD],2021-02-03 01:18:48+00:00,162554,4577,471,116,39.456896551724135,0.02534411186366616,3.176790481932158
Destiny,This Is Madness - Reacting To GameStop News,2021-02-03 16:02:49+00:00,84367,3005,621,187,16.06951871657754,0.062229617304492515,4.519539630424218
Destiny,"""I Was In A Tricky Situation"" - Sweet Anita Opens Up To Destiny",2021-02-04 14:30:01+00:00,105588,2978,370,72,41.361111111111114,0.0241773002014775,3.2390044323218548
Destiny,The Next Manifesto 🙌💎🚀🌕,2021-02-05 14:03:02+00:00,97964,3416,729,200,17.08,0.0585480093676815,4.435302764280756
Destiny,My New Approach and Why I'm Making Changes,2021-02-06 13:46:24+00:00,115799,4064,509,153,26.562091503267975,0.03764763779527559,4.081209682294321
Destiny,These Apologies Mean Nothing To Me,2021-02-07 13:24:52+00:00,93466,2712,475,151,17.960264900662253,0.055678466076696166,3.5713521494447176
Destiny,Destiny Gets Schooled On The Min Wage Debate And Exploitation...,2021-02-08 13:06:18+00:00,99275,2686,528,143,18.783216783216783,0.05323901712583768,3.3815159909342736
Destiny,Vaush Calls Out Destiny For PhilosophyTube Tweets | DEBATE,2021-02-09 16:19:43+00:00,1007831,10104,3522,873,11.573883161512027,0.08640142517814726,1.4386340567019669
Destiny,"DEBATE FALLOUT: Destiny Surprises Pakman, Calls In",2021-02-10 02:53:36+00:00,129089,4438,1108,199,22.301507537688444,0.0448400180261379,4.450417928715847
Destiny,"""He Wasn't Bad Faith"" - Reflecting On Vaush Debate Frustrations",2021-02-10 14:41:15+00:00,111675,2724,1162,289,9.42560553633218,0.10609397944199707,3.738526975598836
Destiny,BookSmarts Nails Destiny For His Debate Rhetoric w/ Vaush,2021-02-11 03:35:56+00:00,92161,2758,651,142,19.422535211267604,0.05148658448150834,3.853039789064789
Destiny,I Did Not Become a Better Person,2021-02-11 16:45:03+00:00,85327,2793,563,130,21.484615384615385,0.04654493376297888,4.085459467694868
Destiny,My Initial Reaction To Contrapoints Vs JK Rowling,2021-02-12 01:46:17+00:00,129426,3574,1045,226,15.814159292035399,0.06323447118074986,3.7434518566594037
Destiny,There's No Way! - Viral Video Catches Destiny Off-guard,2021-02-12 15:08:46+00:00,99995,2833,467,80,35.4125,0.028238616307800918,3.3801690084504226
Destiny,Inconsistency and Absurdity?,2021-02-13 08:21:15+00:00,74515,2476,716,124,19.967741935483872,0.050080775444264945,4.450110715963229
Destiny,My Lingering Affections,2021-02-14 03:03:55+00:00,61514,3329,367,76,43.80263157894737,0.022829678582156804,6.131937445134441
Destiny,Conservative Debate Coach WOWS Destiny,2021-02-14 17:15:01+00:00,226906,4339,1040,142,30.556338028169016,0.0327264346623646,2.433166156910791
Destiny,I Honestly Can't Figure Out Vaush's Positions - Booksmarts Helps Destiny Learn,2021-02-15 08:13:01+00:00,118857,2586,1011,186,13.903225806451612,0.07192575406032482,3.1828163255003914
Destiny,We Disagree! - 3 Lawyers Debate Destiny and Each Other,2021-02-16 00:17:39+00:00,149213,3197,558,79,40.46835443037975,0.02471066624960901,2.5694812114225973
Destiny,"""I Have No Idea How In Practice It Works..."" Lefty Debate",2021-02-16 17:30:03+00:00,142616,3787,903,112,33.8125,0.029574861367837338,3.367083637179559
Destiny,Socialists Warn Destiny About Vaush's Philosophy,2021-02-17 09:10:12+00:00,164213,3763,1842,406,9.268472906403941,0.1078926388519798,3.6604897298021473
Destiny,"Podcast Turns Into Planned Ambush - I, Hypocrite Debate",2021-02-18 05:55:50+00:00,264337,5656,2129,151,37.45695364238411,0.026697312588401696,3.002228216254251
Destiny,I Grew Up Listening To Rush Limbaugh,2021-02-18 17:30:04+00:00,71396,2068,363,110,18.8,0.05319148936170213,3.5590229144489887
Destiny,GameStop Manifesto: The Sad Hidden Truth,2021-02-19 10:16:41+00:00,138747,3919,726,216,18.14351851851852,0.05511610104618525,3.5034991747569313
Destiny,"""It's Insane - These Are Things Never Talked About"" | Foreign Policy Advisor",2021-02-20 01:44:34+00:00,77439,2162,383,97,22.288659793814432,0.04486586493987049,3.4117176099897986
Destiny,You're Basically a Predator... - Consent and Power Dynamics Debate,2021-02-20 17:29:19+00:00,178733,3264,1350,157,20.78980891719745,0.048100490196078434,2.6693447768459095
Destiny,Destiny Asks Questions.,2021-02-21 08:22:10+00:00,57474,2262,400,49,46.16326530612245,0.021662245800176835,4.716915474823399
Destiny,"Big Joel Mistake, Trump to Bernie overnight - Call-In Debates",2021-02-22 02:25:51+00:00,77459,1837,448,66,27.833333333333332,0.03592814371257485,3.0351540815140914
Destiny,Destiny Clarifies His Apology Stance and Takes Boze's Test,2021-02-22 17:45:46+00:00,72238,2248,363,76,29.57894736842105,0.033807829181494664,3.7196489382319555
Destiny,Politics Is For Power...,2021-02-23 08:45:42+00:00,80926,2637,259,47,56.1063829787234,0.01782328403488813,3.636655710154956
Destiny,MikeFromPA Lashes Out At Destiny Over Tier List Ranking,2021-02-24 03:02:03+00:00,400087,6609,1214,188,35.15425531914894,0.028446058405205022,2.00231449659699
Destiny,Streamer Catches Destiny Off-guard w/ Racist Attacks,2021-02-24 17:30:08+00:00,109373,2754,642,156,17.653846153846153,0.05664488017429194,3.2476022418695654
Destiny,Destiny vs Debate Panel And Host,2021-02-25 06:57:40+00:00,274085,3597,1354,170,21.158823529411766,0.04726160689463442,1.8683984895196744
Destiny,Relationship Problems and Past Mistakes - Talking w/ Social Psychologist Gamer,2021-02-25 21:00:03+00:00,94322,2484,339,57,43.578947368421055,0.022946859903381644,3.0533703695850387
Destiny,"""Disingenuous On So Many Levels"" - MikeFromPA vs Hutch | Debate Review",2021-02-26 14:28:52+00:00,157137,2689,533,99,27.161616161616163,0.03681666046857568,2.1134424101261957
Destiny,Offering The Red Pill To Aba & Preach,2021-02-27 05:33:28+00:00,505133,14421,1971,419,34.417661097852026,0.029054850565148047,3.3280343988612895
Destiny,Vaush vs Bastiat - Destiny Picks Winner | Secret Debate Judge,2021-02-27 17:00:01+00:00,184316,3478,998,112,31.053571428571427,0.03220241518113859,2.489203324724929
Destiny,Do You Love Black People? - BESTINY OF DESTINY,2021-02-28 07:56:29+00:00,118681,5208,242,73,71.34246575342466,0.01401689708141321,4.653651384804645
Destiny,Destiny Literally Begs For Help In Confusing Gender Discussion,2021-02-28 18:15:03+00:00,123972,3223,1148,137,23.525547445255473,0.04250698107353398,3.636304972090472
Destiny,Reviewing The Infamous DnD Broadcast That Ended In Harassment,2021-03-01 07:39:58+00:00,135287,2901,793,287,10.10801393728223,0.098931402964495,2.942633068957106
Destiny,Fuentes Performs Stand-up And Hasan Defends Symfuhny,2021-03-02 00:45:13+00:00,93536,2065,782,521,3.963531669865643,0.2523002421307506,3.6007526513855628
Destiny,Destiny Barges Into Confusing Gender Debate,2021-03-02 17:04:30+00:00,170814,2982,1108,151,19.748344370860927,0.05063715627095909,2.48281756764668
Destiny,Addressing The Unfortunate Omaha Situation,2021-03-03 08:34:41+00:00,118850,3357,446,128,26.2265625,0.038129282097110515,3.307530500631047
Destiny,Responding To Humiliation And Adversity,2021-03-03 21:00:17+00:00,107862,3316,407,40,82.9,0.012062726176115802,3.4887170643970995
Destiny,Debunking The Hit Piece And Addressing The Attacks - Mini-Manifesto,2021-03-04 06:10:18+00:00,91978,3058,710,97,31.52577319587629,0.03172007848266841,4.20209180456196
Destiny,Debating Lefties That Targeted The Canvassing In Omaha,2021-03-04 20:45:01+00:00,390438,8264,2635,174,47.49425287356322,0.02105517909002904,2.8360456717839964
Destiny,Leftist Jumps In To Debate And Gatekeep Destiny From IRL Activism,2021-03-05 17:19:26+00:00,155352,4795,1245,84,57.083333333333336,0.017518248175182483,3.9420155517791855
Destiny,Destiny Challenges Conservatives In All Republican Zoom Call,2021-03-06 09:05:42+00:00,468782,9418,2176,336,28.029761904761905,0.03567636440857932,2.5448929353089498
Destiny,VTuber Destiny Triggers And Debates The Panel Host,2021-03-06 23:15:01+00:00,184191,3243,1060,114,28.44736842105263,0.03515263644773358,2.398054193744537
Destiny,Pakman Reacts To Omaha Drama And Weighs In On Recent Events,2021-03-07 17:36:18+00:00,109897,3499,608,140,24.992857142857144,0.04001143183766791,3.8645276941135793
Destiny,Tackling Questions And Criticism In Politics AMA,2021-03-08 07:16:14+00:00,91598,1825,444,79,23.10126582278481,0.04328767123287671,2.5633747461734973
Destiny,"""Who Is This? He Knows His Stuff!"" - Shapiro's Debate Opponent Impresses Destiny",2021-03-08 21:15:01+00:00,203063,4864,1024,187,26.010695187165776,0.03844572368421053,2.99168238428468
Destiny,MikeFromPA Physically Lashes Out + Screaming Match w/ Vaush,2021-03-09 15:40:16+00:00,486536,8327,1550,234,35.585470085470085,0.02810135703134382,2.078160711643126
Destiny,Kulinski Praises Right-Wing Populist + Big Mad's Accidental Leak,2021-03-10 09:12:07+00:00,80010,2124,794,371,5.725067385444744,0.1746704331450094,4.110736157980253
Destiny,"""I'm Gonna Mute You!"" - Destiny Gets Triggered During Talk w/ Hutch",2021-03-10 17:11:09+00:00,130180,3257,613,108,30.15740740740741,0.03315934909425852,3.0557689353203257
Destiny,"Destiny Takes Extreme Position In Cancel Culture ""Debate""",2021-03-11 12:06:25+00:00,148288,2575,1077,270,9.537037037037036,0.10485436893203884,2.6448532585239533
Destiny,Reacting To Meyers Leonard's Deleted Clip + Trainwrecks Gives Statement,2021-03-12 02:50:04+00:00,81101,1965,605,81,24.25925925925926,0.04122137404580153,3.2687636403990084
Destiny,If The Audio Clip Is Real Then Its Indefensible - Career Over!,2021-03-12 17:00:10+00:00,164488,3490,874,173,20.173410404624278,0.0495702005730659,2.7582559214046007
Destiny,Destiny And PragerU.,2021-03-13 09:03:27+00:00,142304,4414,706,153,28.84967320261438,0.03466243769823289,3.705447492691702
Destiny,Destiny Debates Conservatives On A Drinking Panel...,2021-03-13 23:00:13+00:00,137705,3090,959,76,40.6578947368421,0.02459546925566343,2.995533931229803
Destiny,Debating A Stubborn Conservative Into A Pro-Trans Stance! HARDEST DIFFICULTY,2021-03-14 14:43:26+00:00,375753,9319,2329,458,20.347161572052403,0.049146904174267626,3.2217972976928992
Destiny,Leftist Professor Brings Friends To Dunk On Destiny,2021-03-15 10:12:54+00:00,227461,4392,945,192,22.875,0.04371584699453552,2.4307463697073346
Destiny,Far-Right Conservative CLASHES w/ Far-Left Marxist | DEBATE REVIEW + PREP,2021-03-15 17:16:19+00:00,96193,1946,651,89,21.865168539325843,0.045734840698869475,2.7923029742288943
Destiny,Destiny Snaps Unbeatable Far-Right Debater's Winning Streak,2021-03-16 08:02:25+00:00,798409,14996,5278,675,22.216296296296296,0.04501200320085356,2.62384316810056
Destiny,"""We Know What You're Doing"" - Twitter Troll or Actionable Threat? Phil Gurski Talk",2021-03-16 23:55:56+00:00,69557,2141,365,56,38.232142857142854,0.026156001868285848,3.6833100910045
Destiny,Revolutionary Buddhist CONFUSES Destiny w/ Infinite Value Argument,2021-03-17 20:17:41+00:00,101437,1958,965,55,35.6,0.028089887640449437,2.9358123761546575
Destiny,Steven Crowder's Racism Stumps Destiny + Discord DOXX Server?,2021-03-18 12:15:43+00:00,145892,3741,740,255,14.670588235294117,0.0681635926222935,3.246236942395745
Destiny,Destiny And Vaush Hot Drop Into Chaotic Debate Panel,2021-03-18 19:06:05+00:00,420308,6449,1696,310,20.803225806451614,0.04806946813459451,2.0116200500585286
Destiny,Jordan Peterson Makes New Bizarre Claim + Far-Right Advertising,2021-03-19 13:35:09+00:00,157748,4336,1246,430,10.083720930232559,0.09916974169741698,3.811141821132439
Destiny,Debate Panel DERAILS Into Personal Drama Defending DOXX List,2021-03-20 11:54:45+00:00,388811,5078,2265,279,18.200716845878137,0.05494289090192989,1.9603354843355771
Destiny,Ben Shapiro Tries To Hide What He Really Thinks.,2021-03-21 04:16:04+00:00,185022,4877,675,273,17.864468864468865,0.05597703506253845,3.148274259277275
Destiny,Kulinski vs Beau vs Shapiro | Who Do You Believe?,2021-03-21 18:45:30+00:00,126696,2679,618,144,18.604166666666668,0.05375139977603583,2.715949990528509
Destiny,"Destiny Bites Bullet, Angers Both Sides Against Conservative Vegan",2021-03-22 11:43:08+00:00,129659,2732,1235,121,22.578512396694215,0.04428989751098097,3.1528856461950197
Destiny,"""Trump Was Amazing"" - Loyal MAGA Boomers Change Their Minds On Vaccine, Kinda",2021-03-23 04:19:35+00:00,103805,2500,582,86,29.069767441860463,0.0344,3.0518761138673476
Destiny,"Vogue Editor Uses 10-yr Old Tweet To Fire Coworker, Gets EXPOSED Herself",2021-03-23 18:45:01+00:00,86160,2685,361,87,30.862068965517242,0.03240223463687151,3.636258124419684
Destiny,Do You Think Discrimination Is Inherently Bad? - Conservative Zoomer Debate,2021-03-24 12:43:08+00:00,213490,3974,1784,138,28.797101449275363,0.034725717161550075,2.761721860508689
Destiny,Lefty Actually Changes Position After HEATED Exchanges,2021-03-25 07:25:42+00:00,291098,4424,2171,174,25.42528735632184,0.039330922242314645,2.325333736404922
Destiny,US-China Officials CLASH On Camera Through Tense Interpreter,2021-03-25 18:30:09+00:00,64941,2368,698,79,29.974683544303797,0.033361486486486486,4.842857362837036
Destiny,"Professor And Experts Judge Destiny's Debate, Give Him The L",2021-03-26 07:32:03+00:00,97675,1537,493,115,13.365217391304348,0.07482108002602472,2.196058356795495
Destiny,"I'm Not Married To This Position, Give A Good Argument...",2021-03-26 22:30:00+00:00,74125,1664,382,42,39.61904761904762,0.025240384615384616,2.8168634064080944
Destiny,Buddhist Attacks My Moral System w/ Longest OP Ever...,2021-03-27 16:55:48+00:00,168738,2862,1030,106,27.0,0.037037037037037035,2.369353672557456
Destiny,"""This Is Actually Triggering Me"" - Defeat Reverses Into Victory Using Debate Tactics",2021-03-28 14:40:52+00:00,117614,2252,502,122,18.459016393442624,0.0541740674955595,2.445287125682317
Destiny,"Performing Music, Magic And Poetry",2021-03-29 11:34:41+00:00,68490,2746,418,53,51.81132075471698,0.01930080116533139,4.697036063658929
Destiny,SPECIAL DEBATE: Hedge Fund Manager VS Financier - Destiny In Moderation Ft. Warren Mosler,2021-03-30 11:39:03+00:00,57244,1552,439,27,57.48148148148148,0.017396907216494846,3.5252602892879605
Destiny,Destiny's Way Too Accurate Tarot Reading - BESTINY OF DESTINY,2021-03-31 08:34:05+00:00,79143,3400,186,36,94.44444444444444,0.010588235294117647,4.576526035151561
Destiny,N-Word Debate Sidetracks Into Incest Topic...,2021-04-01 04:59:06+00:00,130843,4218,587,108,39.05555555555556,0.025604551920341393,3.7548818049112294
Destiny,Destiny And Reynad Finally Debate GameStop,2021-04-01 18:41:36+00:00,87360,1900,504,80,23.75,0.042105263157894736,2.8434065934065935
Destiny,"""They Like Genocide, You Like Genocide"" - Vaush Debate Roller-Coaster",2021-04-02 12:21:29+00:00,338618,5163,1792,308,16.76298701298701,0.059655239202014335,2.1448948372502348
Destiny,"""He Has Ties To Boogaloo Bois!"" - SerfsTV Debate",2021-04-03 04:58:06+00:00,205009,3342,1134,145,23.048275862068966,0.04338719329742669,2.254047383285612
Destiny,Maybe Reckful Was Right?,2021-04-03 23:34:25+00:00,92916,2658,626,143,18.587412587412587,0.05379984951091046,3.688277584054415
Destiny,"""PLEASE STOP DEBATING!"" -  Vocal Destiny Fans Revolt | Destiny Revisited #2",2021-04-04 15:30:01+00:00,69875,2257,376,82,27.524390243902438,0.03633141338059371,3.8855098389982112
Destiny,"""Defying Destiny"" - Entire Panel Take Turns Debating Me",2021-04-05 12:25:39+00:00,138136,2514,492,122,20.60655737704918,0.04852824184566428,2.2644350495164183
Destiny,JonTron Controversy And How I Escaped My GamerBro Mentality,2021-04-06 05:54:00+00:00,341014,6543,954,374,17.494652406417114,0.05716032401039279,2.3081163823186146
Destiny,Proud Boy I Debated Gets Exposed And Arrested,2021-04-06 22:46:41+00:00,115179,3070,458,98,31.3265306122449,0.031921824104234525,3.1481433247380166
Destiny,Mike's Hitpiece On Beau Escalates Into Bizarre Debate,2021-04-07 15:30:02+00:00,155371,2873,894,136,21.125,0.047337278106508875,2.512051798598194
Destiny,Gold Digger Dumps Broke Boyfriend.,2021-04-08 09:41:43+00:00,97627,3585,846,103,34.80582524271845,0.028730822873082287,4.644207032890491
Destiny,How Racism Snuck Into Big Tech,2021-04-09 00:30:00+00:00,92305,2694,680,258,10.44186046511628,0.0957683741648107,3.9347814311250744
Destiny,Tim Pool Reveals Dating Struggles,2021-04-10 00:20:48+00:00,101625,2218,513,193,11.492227979274611,0.08701532912533815,2.8772447724477246
Destiny,"""You Don't Care About Brown People"" - Vaush Opens Debate w/ Racism Card | REVIEW",2021-04-11 01:18:10+00:00,157878,2586,894,179,14.446927374301676,0.06921887084300077,2.3176123335740253
Destiny,Corinna Kopf Wants To Talk,2021-04-12 03:39:48+00:00,139946,2790,567,109,25.59633027522936,0.03906810035842294,2.4766695725494117
Destiny,If They Downplay The Knee Then Chauvin WINS,2021-04-13 06:23:55+00:00,117353,2563,1119,141,18.177304964539008,0.05501365587202497,3.2576926026603497
Destiny,Leftist Explains Economics To Me,2021-04-14 11:08:20+00:00,141615,2546,814,232,10.974137931034482,0.09112333071484682,2.53645447163083
Destiny,I Supported Trump And Now I'm Worried About Extremism,2021-04-15 15:15:29+00:00,101113,2520,360,93,27.096774193548388,0.036904761904761905,2.9402747421202022
Destiny,I Needed To Change How I Process Trauma And Emotions,2021-04-16 15:15:25+00:00,88830,2890,320,51,56.666666666666664,0.01764705882352941,3.6710570753123943
Destiny,Why Do Men Cheat? (Don't Watch If You're Over 30 And Single),2021-04-17 14:50:02+00:00,254515,6706,1045,167,40.15568862275449,0.024903071875932003,3.111015067874192
Destiny,Lauren Southern Debate Runs Into Trouble - HARD DIFFICULTY,2021-04-18 18:19:08+00:00,214587,3335,1080,153,21.797385620915033,0.045877061469265366,2.1287403244371745
Destiny,You Lost Before Debate Began! - Brutally Honest Talk w/ Xanderhal,2021-04-19 14:15:01+00:00,142830,3425,953,150,22.833333333333332,0.043795620437956206,3.1702023384443043
Destiny,How Debating The Right Has Changed My Philosophy Fundamentally,2021-04-20 16:26:10+00:00,121155,3180,579,92,34.56521739130435,0.028930817610062894,3.1785729024802936
Destiny,You're Too Soft On Lefties | Ex-Commie Roasts My Past Debate Performances,2021-04-21 17:50:40+00:00,102033,2295,768,212,10.825471698113208,0.09237472766884532,3.2097458665333765
Destiny,"""You Are Just WRONG!"" - Richard Wolff Debate Gets HEATED",2021-04-22 03:59:27+00:00,627293,11851,18047,1877,6.313798614810868,0.15838325879672602,5.065416001772697
Destiny,Wolff Debate Aftermath And Backlash,2021-04-22 20:42:35+00:00,162088,4207,1310,548,7.677007299270073,0.13025909198954125,3.741794580721583
Destiny,Destiny DEBUNKS Her Argument w/ Video Proof | Denims Debate,2021-04-23 14:02:19+00:00,228882,5361,1383,241,22.244813278008298,0.04495429957097556,3.051790879142964
Destiny,Socialists Give Honest Opinions On Richard Wolff Debate,2021-04-24 08:40:48+00:00,104211,2414,954,202,11.950495049504951,0.08367854183927093,3.4257420042030113
Destiny,Destiny 1v4 Kenosha Debate Panel LIVE,2021-04-25 04:10:27+00:00,266370,5465,2260,189,28.915343915343914,0.034583714547118026,2.97105529902016
Destiny,DELETE THIS! Taking Things Too Far,2021-04-26 01:16:12+00:00,96234,3392,1225,191,17.759162303664922,0.05630896226415094,4.996155205021094
Destiny,Were Skeptics Right? What If My Mate Loves Shapiro...?,2021-04-27 02:02:45+00:00,117214,2628,875,119,22.084033613445378,0.04528158295281583,3.090074564471821
Destiny,Destiny Didn't Expect Photos On Her Phone - PragerU Ambassador Debate,2021-04-28 08:27:44+00:00,365283,7965,3788,308,25.86038961038961,0.0386691776522285,3.3018235176561737
Destiny,Wait...Krystal Ball Is Actually Right About Gates?,2021-04-29 06:12:22+00:00,96289,2108,615,111,18.99099099099099,0.05265654648956357,2.9432230057431275
Destiny,"""I'm Going To Lose My Mind..."" - Walk-And-Talk Debate",2021-04-30 02:53:53+00:00,126198,2310,1220,140,16.5,0.06060606060606061,2.9081284964896432
Destiny,"Artificial Intelligence, Consciousness And Moral Dilemma",2021-05-01 07:33:17+00:00,58107,1544,170,37,41.729729729729726,0.023963730569948185,3.0134063021666924
Destiny,"""They Told Me You Dislike Libertarians..."" - Debating Libertarian Larry Sharpe",2021-05-02 14:13:07+00:00,159293,2936,1095,91,32.26373626373626,0.030994550408719346,2.5876843301337784
Destiny,"""You Two Are Engaged?"" - Interviewed At The Airport | BESTINY OF DESTINY",2021-05-04 03:35:38+00:00,84068,4070,252,40,101.75,0.009828009828009828,5.18865680163677
Destiny,Addressing The Heated Jack Posobiec Confrontation And Footage,2021-05-04 15:02:58+00:00,82765,2612,779,242,10.793388429752065,0.09264931087289434,4.389536639884009
Destiny,Explaining Past Hot Takes To A Bloomberg Writer...,2021-05-05 13:05:51+00:00,133143,4030,394,85,47.411764705882355,0.02109181141439206,3.386584349158424
Destiny,Steven Crowder Wins Over A Socialist.,2021-05-06 05:21:39+00:00,161392,3645,1043,281,12.97153024911032,0.07709190672153635,3.078839099831466
Destiny,The Sequel Really UPSET Me (TLOU2 Outrage),2021-05-06 21:30:01+00:00,80761,2606,1189,176,14.806818181818182,0.06753645433614736,4.916977253872537
Destiny,Conservative Debate Derails Into Personal Attacks And Bloodsports,2021-05-08 07:24:51+00:00,266383,5021,1792,236,21.27542372881356,0.04700258912567218,2.6461898844896257
Destiny,They All Change Their Minds After Destiny Gives His Argument,2021-05-09 10:06:18+00:00,302774,4638,893,182,25.483516483516482,0.039241052177662786,1.8868859281180022
Destiny,Avenging Richard Wolff - Sensible Socialist Debate,2021-05-11 05:04:25+00:00,215397,3922,1106,160,24.5125,0.0407955124936257,2.408575792606211
Destiny,"""Women Don't Need Advocates... Men Do!"" - Unpredictable Men's Rights Debate",2021-05-12 13:39:32+00:00,143999,3099,1794,117,26.487179487179485,0.0377541142303969,3.4791908277140813
Destiny,Gaza Conflict Escalates And Could Get Worse,2021-05-13 07:55:03+00:00,125732,3034,1189,246,12.333333333333334,0.08108108108108109,3.554385518404225
Destiny,Richard Wolff Responds To Destiny Debate Aftermath,2021-05-14 07:00:01+00:00,203304,3355,1833,350,9.585714285714285,0.10432190760059612,2.7239995278007316
Destiny,Lauren Southern Debates Ex-Fan Hunter Avallone... It Kinda IMPLODES,2021-05-15 04:28:22+00:00,174424,2839,997,140,20.27857142857143,0.0493131384290243,2.279502820712746
Destiny,Debating Lauren Southern Into Rethinking Her Immovable Stance,2021-05-15 17:16:09+00:00,229635,5529,1169,247,22.384615384615383,0.044673539518900345,3.0243647527598143
Destiny,"They CHEATED Him Out Of Money, MOCKED Him And Then Got CAUGHT ft. XQC, Mizkif, Asmongold",2021-05-16 08:56:27+00:00,272464,7918,571,137,57.7956204379562,0.017302349078050012,3.165922837512479
Destiny,I Don't Know How To Deal With The Hate Anymore...,2021-05-17 05:19:52+00:00,84651,1982,330,102,19.431372549019606,0.05146316851664985,2.8517087807586443
Destiny,David Pakman Talks Andrew Yang Twitter-storm And Two State Solution,2021-05-17 20:49:30+00:00,66969,2064,333,108,19.11111111111111,0.05232558139534884,3.740536666218698
Destiny,YouTubers Fight Back Against Apple - Louis Rossmann Talks Right To Repair,2021-05-18 13:46:55+00:00,69898,2997,258,46,65.15217391304348,0.015348682015348681,4.72259578242582
Destiny,Viral Katie Porter Triggers HEATED Dual Debates,2021-05-20 14:36:40+00:00,90752,1995,1104,602,3.313953488372093,0.3017543859649123,4.078147038081805
Destiny,"""White Genetics Are Inferior"" - Host Kicks And Resets Entire Panel Mid-Debate",2021-05-21 19:41:49+00:00,972185,12909,5091,618,20.888349514563107,0.04787357657448292,1.9150676054454658
Destiny,"Addressing The Backlash, Criticisms And Bizarre Accusations",2021-05-22 17:44:33+00:00,111409,3274,434,98,33.40816326530612,0.029932803909590716,3.4162410577242412
Destiny,"""He's An Absolute Coward!"" - Vaush Says Goodbye To Destiny FOREVER",2021-05-24 12:01:28+00:00,491816,8922,2686,1480,6.028378378378378,0.1658820892176642,2.661157831384095
Destiny,The Hate Has To STOP! - Hans Niemann Explains The Charity Fee Controversy,2021-05-25 16:47:38+00:00,74607,2008,854,71,28.281690140845072,0.035358565737051796,3.931266503143137
Destiny,A Completely NEW And SUPERIOR Moral System,2021-05-26 11:40:12+00:00,107564,3040,1027,79,38.48101265822785,0.02598684210526316,3.8544494440519133
Destiny,YMS: Adam Blackpills Destiny On Yoko,2021-05-27 16:43:28+00:00,133792,2805,340,71,39.50704225352113,0.02531194295900178,2.4037311647931117
Destiny,Bizarre Excuse For Racist Comment Makes Apology WORSE...,2021-05-28 16:17:31+00:00,90528,2816,526,82,34.34146341463415,0.02911931818181818,3.7822552138564864
Destiny,"Booksmarts Confronts Destiny On Wolff, Vaush Divorce And Kink in Pride...",2021-05-29 12:38:01+00:00,145444,3203,1118,174,18.408045977011493,0.05432407118326569,3.090536563900883
Destiny,Girls And Minorities Shouldn't Be Forced To Endure This...,2021-05-30 13:32:25+00:00,77044,1876,606,131,14.320610687022901,0.06982942430703624,3.391568454389699
Destiny,Miss Melina Schools Destiny At Home | BESTINY OF DESTINY,2021-06-01 10:56:40+00:00,107896,3704,212,94,39.40425531914894,0.025377969762419007,3.7165418551197447
Destiny,Lefty Wants Anti-SJW Drama Advice But Can't Help Debating Destiny,2021-06-02 06:00:21+00:00,121115,2214,919,105,21.085714285714285,0.04742547425474255,2.6734921355736283
Destiny,"""I Wanna Be Stereotyped, Please Call Me Black"" - Trans-racialism Debate",2021-06-02 22:36:27+00:00,98061,2010,1121,145,13.862068965517242,0.07213930348258707,3.3407776791996815
Destiny,Destiny Blue-Pills A Republican On Trump,2021-06-03 16:55:57+00:00,186762,3893,1036,211,18.450236966824644,0.05419984587721551,2.7521658581510158
Destiny,JF Stumps TheSerfs w/ Eugenics Argument | EXTREMELY TRICKY DEBATE,2021-06-05 05:20:34+00:00,291830,4276,1854,239,17.89121338912134,0.0558933582787652,2.1824349792687525
Destiny,"""You Are A Piece Of Sh-"" | Heated Debate Escalates Into Personal Drama w/ SerfsTV",2021-06-05 23:21:42+00:00,548433,7763,2169,551,14.088929219600725,0.070977714800979,1.9114458830887273
Destiny,Trump Promises To Take Back Everything In Bizarre New Video...,2021-06-06 23:42:32+00:00,103655,2864,518,163,17.570552147239265,0.05691340782122905,3.419999035261203
Destiny,Destiny vs Vaush Debate Gets HEATED And ESCALATES Out Of Control...,2021-06-08 20:38:50+00:00,524877,7419,4065,539,13.764378478664193,0.07265130071438199,2.290631900426195
Destiny,The Sad Truth About Men vs Women And Red-Pill Contradictions,2021-06-09 20:59:38+00:00,294495,7999,1365,219,36.52511415525114,0.02737842230278785,3.254045060187779
Destiny,Addressing Vaush's Allegation,2021-06-10 23:25:20+00:00,394073,8101,2231,578,14.015570934256056,0.07134921614615479,2.7685225833792217
Destiny,I Joined TikTok And A Conservative Challenged Me To A Debate...,2021-06-11 21:20:06+00:00,243465,5521,1441,152,36.32236842105263,0.027531244339793516,2.921980572156162
Destiny,"CRT, Transphobia And Defund The Police w/ Actual Justice Warrior And Riley Grace Roshong",2021-06-13 02:18:05+00:00,173737,2690,2576,224,12.008928571428571,0.08327137546468401,3.1599486580290903
Destiny,Destiny Reacts To What Pretending To Be Crazy Looks Like,2021-06-14 00:31:31+00:00,308816,6063,831,204,29.720588235294116,0.03364670954972786,2.2984560385472257
Destiny,Libertarian TikTok Star Challenges Destiny To A Debate,2021-06-14 21:49:01+00:00,292809,6939,2517,207,33.52173913043478,0.029831387808041506,3.3001034804258067
Destiny,I Took The Same Test As Shapiro,2021-06-15 19:27:28+00:00,102577,2797,354,118,23.703389830508474,0.042188058634250986,3.1868742505629917
Destiny,You Are Giving DANGEROUS Advice To Women! - This Debate CHANGED Her Mind,2021-06-16 11:45:02+00:00,207730,4957,1228,237,20.91561181434599,0.047811176114585435,3.091513021710875
Destiny,Destiny Debates An Aussie Feminist.,2021-06-17 09:19:43+00:00,241732,5330,991,165,32.303030303030305,0.03095684803001876,2.68313669683782
Destiny,Why Gravel Must Copy PragerU And Coconut Island Analogy 2.0,2021-06-18 07:39:52+00:00,84214,1886,309,94,20.06382978723404,0.04984093319194061,2.7180753793906
Destiny,'They Don't Have Fathers' - HEATED Left vs Right Debate w/ Humanist Report + Hunter Avallone,2021-06-19 08:35:36+00:00,205439,3573,1820,194,18.417525773195877,0.05429610971172684,2.719542053845667
Destiny,"""Why Are You Such A B-"" | Twitch Politics Server Takes Turns Debating Destiny",2021-06-20 07:36:25+00:00,153552,2686,576,116,23.155172413793103,0.04318689501116903,2.199906220693967
Destiny,Destiny Reacts To Jennifer's Solution And Gets Visibly FRUSTRATED,2021-06-21 04:41:39+00:00,340922,5153,861,169,30.49112426035503,0.03279642926450611,1.813611324584509
Destiny,"Destiny vs Jesse Lee Peterson, Conservative Panel And MAGA Audience | IRL DEBATE",2021-06-22 02:45:13+00:00,477559,9889,5199,380,26.023684210526316,0.03842653453331985,3.2389715197493922
Destiny,The Surprise Crowder-Seder Debate,2021-06-23 06:18:23+00:00,340693,9472,3405,652,14.52760736196319,0.06883445945945946,3.9710237662646426
Destiny,Steven Crowder Dogwhistle And Debate Backlash ft. Hutch,2021-06-24 09:46:29+00:00,151677,3795,1251,309,12.281553398058252,0.08142292490118577,3.5305286892541385
Destiny,Most EMBARRASSING Right Wing Debate Moments | FAIL COMPILATION,2021-06-25 09:32:50+00:00,834636,15699,2478,901,17.423973362930077,0.0573921905853876,2.2857868579836
Destiny,"Social Media, Conservatives And The Most Effective Approach | LGBTQ+ ADVOCACY PANEL",2021-06-26 10:11:26+00:00,80248,1808,256,154,11.74025974025974,0.08517699115044247,2.7639318113847073
Destiny,The Ultimate Counterfactual Debate w/ A Libertarian Politician,2021-06-27 07:17:05+00:00,136676,2672,1267,132,20.242424242424242,0.04940119760479042,2.9785770727852734
Destiny,"""I've Known People Like This..."" - Reacting To There's Something About Casey",2021-06-28 10:38:25+00:00,225448,4209,817,113,37.24778761061947,0.026847232121644096,2.2794613392001706
Destiny,AMBUSHED IN DISCORD! Clearing Up Top 3 Misconceptions On Police Arrests.,2021-06-29 10:52:08+00:00,80772,1885,263,62,30.403225806451612,0.03289124668435013,2.736096667161888
Destiny,SerfsTV Fan Challenges Destiny And Gets Into A HEATED Debate...,2021-06-30 10:20:49+00:00,153342,3010,1371,173,17.398843930635838,0.05747508305647841,2.969832139922526
Destiny,SORRY! But Small Content Creators Can Become Liabilities - BookSmarts Talk,2021-07-01 09:42:53+00:00,88754,2144,347,76,28.210526315789473,0.03544776119402985,2.8922640106361404
Destiny,People Email Me And Warn Me To Stay Away From You.,2021-07-02 11:03:55+00:00,122928,2831,473,86,32.91860465116279,0.03037795831861533,2.757711831315892
Destiny,I Watched Your Lefty Debates... - Hunter Avallone Wants Answers From Destiny,2021-07-03 08:04:26+00:00,131036,3267,830,144,22.6875,0.0440771349862259,3.2365151561402974
Destiny,Zherka Puts Destiny On The Spot ft. LukeAFK,2021-07-04 11:05:21+00:00,96025,2862,362,63,45.42857142857143,0.0220125786163522,3.423066909658943
Destiny,Reacting To The Worst Influencer SCAM That Just Got Worse...,2021-07-05 10:31:49+00:00,165695,4167,374,117,35.61538461538461,0.028077753779697623,2.8111892332297295
Destiny,"I Keep Finding Long Hair In His Bathroom, Which Is Strange...",2021-07-06 17:32:32+00:00,252525,6775,586,171,39.619883040935676,0.025239852398523985,2.982674982674983
Destiny,New Police Footage And The Best Breakdown Of How Trump Supporters Took US Capitol,2021-07-08 13:39:17+00:00,144683,4018,1878,210,19.133333333333333,0.05226480836236934,4.220260846125668
Destiny,Coach Redpill Vs American Women... An Insane Interview,2021-07-10 18:24:59+00:00,169252,3477,922,309,11.25242718446602,0.08886971527178603,2.7816510292345145
Destiny,Ex-Cop Tries To Hash Things Out With Destiny...,2021-07-11 15:43:01+00:00,130211,2882,498,90,32.022222222222226,0.031228313671061762,2.6649054227369424
Destiny,Drama Recap + Lefties vs IRL Conservatives Whiplash,2021-07-12 19:03:46+00:00,125415,3835,799,201,19.079601990049753,0.05241199478487614,3.8552007335645655
Destiny,"""I Never Said I Was Quitting"" - Destiny vs Melina | BESTINY OF DESTINY",2021-07-13 23:48:22+00:00,95808,3991,260,49,81.44897959183673,0.012277624655474818,4.48814295257181
Destiny,When You Find Out The Suspect Is A Senior Detective... Interrogation of Stephanie Lazarus,2021-07-14 20:35:38+00:00,262099,4570,550,136,33.60294117647059,0.02975929978118162,2.005349123804364
Destiny,Dial It Back! - Destiny Gets HEATED In Drama Discussion,2021-07-15 18:13:28+00:00,131553,3970,635,122,32.540983606557376,0.030730478589420653,3.5932285846768983
Destiny,Why This Is DANGEROUS And IRRESPONSIBLE.,2021-07-16 11:52:44+00:00,397874,7124,1773,300,23.746666666666666,0.04211117349803481,2.3115358128452725
Destiny,"Destiny, DemonMama And Hunter CLASH In An Elimination Debate...",2021-07-17 12:30:33+00:00,799634,8234,2084,321,25.65109034267913,0.03898469759533641,1.3304836962910531
Destiny,If That's True Then I Shouldn't Have Won - Post Debate Drama,2021-07-18 15:52:21+00:00,269581,4621,1712,153,30.202614379084967,0.03310971651157758,2.4059559093556295
Destiny,"Debating Sargon About Coach Redpill, Men vs Women And Relationships",2021-07-19 08:23:58+00:00,204515,4331,1986,248,17.463709677419356,0.057261602401293,3.2100334938757547
Destiny,That Isn't The Right Advice! - Dating Podcast Derails Into HEATED Debate...,2021-07-19 18:23:51+00:00,188794,4097,1395,161,25.4472049689441,0.039297046619477666,2.994268885663739
Destiny,Zherka Surprises Destiny w/ A Lefty Debate Opponent On A Dating Podcast,2021-07-20 13:17:15+00:00,244689,4619,974,159,29.050314465408807,0.0344230352890236,2.350739101471664
Destiny,Twitter Fight Leads To Impromptu Debate w/ Right Leaning YouTuber Glink,2021-07-21 13:33:06+00:00,164782,3410,1238,226,15.08849557522124,0.06627565982404691,2.957847337694651
Destiny,Destiny Debates Sam Seder From The Majority Report.,2021-07-22 11:17:26+00:00,427775,8470,3783,472,17.944915254237287,0.05572609208972845,2.9746946408742914
Destiny,David Pakman Wants To Debate Again,2021-07-23 07:00:03+00:00,118098,3692,634,129,28.62015503875969,0.03494041170097508,3.772290809327846
Destiny,MikeFromPA Embarrasses Himself In Debate When Receipts Drop!,2021-07-24 05:07:37+00:00,411162,5916,941,161,36.745341614906835,0.027214334009465855,1.706869798279024
Destiny,Social Psychologist Analyzes Destiny's Problems ft. FilthyRobot,2021-07-25 05:18:03+00:00,104723,2512,342,78,32.205128205128204,0.03105095541401274,2.7997670043829914
Destiny,Debating A Christian Conservative And His Homeschooled Wife,2021-07-26 04:13:17+00:00,366332,6006,2215,224,26.8125,0.037296037296037296,2.3052859155083367
Destiny,"Destiny Forces A Conservative To Say ""YES"" And Concede Her Argument.",2021-07-27 03:12:05+00:00,208745,4843,1899,133,36.41353383458647,0.027462316745818706,3.293492059690052
Destiny,"""I Can't Slow Down, You Just Said 30 False Things!"" - Conservative Debate Triggers Destiny",2021-07-28 00:27:03+00:00,375731,8117,3480,322,25.20807453416149,0.03966982875446594,3.172216293039435
Destiny,Arguing Gender And Genocide With Two Socialists,2021-07-29 08:06:01+00:00,162672,2975,959,166,17.92168674698795,0.05579831932773109,2.5204091669125606
Destiny,I Want To Preserve My Culture! - Debating An Alt-Righter On Immigration,2021-07-30 03:02:38+00:00,273412,5141,2236,227,22.647577092511014,0.04415483368994359,2.7811507907480286
Destiny,Weeb Eric Striker Clone Gets Exposed In Impromptu Debate...,2021-08-01 11:57:06+00:00,395325,7475,1940,271,27.583025830258304,0.03625418060200669,2.450135964080187
Destiny,Destiny Explains Past Controversial Statements And Positions,2021-08-02 12:16:25+00:00,109814,2430,740,158,15.379746835443038,0.06502057613168724,3.0305789790008557
Destiny,"Tough Discussion On Gender, Identity And The Post-Truth Society...",2021-08-03 12:43:46+00:00,193699,4180,1069,144,29.02777777777778,0.03444976076555024,2.7842167486667457
Destiny,Vaush Debates Charlie Kirk And Who I Think Won... ft. Tim Pool,2021-08-04 11:08:53+00:00,420296,7490,2831,1258,5.953895071542131,0.1679572763684913,2.7549631688143594
Destiny,Famous Trump Supporters BEFORE And AFTER Compilation,2021-08-05 17:33:48+00:00,297927,5695,759,312,18.253205128205128,0.05478489903424056,2.271026123849131
Destiny,HEATED Lauren Southern Debate Forces Moderator Into A Corner,2021-08-07 04:32:14+00:00,473844,6543,1588,297,22.03030303030303,0.0453920220082531,1.7786444483838562
Destiny,"""She Wasn't A Witch, She Drowned"" - Debating An Alt-Righter w/ 145 IQ...",2021-08-08 09:40:09+00:00,761358,10414,4739,399,26.100250626566417,0.038313808334933745,2.0426658680935903
Destiny,Lauren Southern Now Wants 1v1 Debate In Person...,2021-08-09 17:06:13+00:00,136698,2916,578,116,25.137931034482758,0.039780521262002745,2.640857949640814
Destiny,"""Now I Want To Read The Transcript"" - Unlocking Repressed Memories",2021-08-11 17:02:56+00:00,105607,2000,522,146,13.698630136986301,0.073,2.526347685286013
Destiny,Destiny's Final TikTok Challenge And Debate.,2021-08-14 15:19:46+00:00,138062,2444,742,107,22.8411214953271,0.04378068739770868,2.385160290304356
Destiny,"""He Got Mad And Told Me It Was Disgusting!"" - Sweet Anita Explains Encounter",2021-08-16 19:02:28+00:00,131726,2711,449,156,17.378205128205128,0.05754334194024345,2.5173466134248366
Destiny,xQc Questions Destiny On Afghanistan Takes,2021-08-17 02:18:53+00:00,272225,9480,1621,477,19.87421383647799,0.05031645569620253,4.253099458168794
Destiny,Destiny Redpills xQc On CallMeCarson Controversy...,2021-08-18 13:04:33+00:00,236286,7049,1126,309,22.812297734627833,0.04383600510710739,3.5905639775526272
Destiny,"Destiny Loses Challenge To NFL Player, Gets Trolled By xQc - BESTINY OF DESTINY",2021-08-21 12:30:14+00:00,90758,3525,361,82,42.98780487804878,0.02326241134751773,4.37206637431411
Destiny,Primecayes Harassment Allegations,2021-08-23 01:22:59+00:00,323034,7133,2520,173,41.23121387283237,0.024253469788307863,3.0417850752552362
Destiny,Quick And Frustrating Rant About The Covid Crisis,2021-08-24 22:13:19+00:00,180476,6809,2300,908,7.498898678414097,0.13335291525921575,5.55032248055143
Destiny,Destiny Addresses The Hasanabi 'DOXXING' Drama,2021-08-25 23:06:16+00:00,346543,12390,2531,713,17.377279102384293,0.05754640839386602,4.511417053583537
Destiny,Helping Booksmarts Prep For Lauren Southern And Backlash,2021-08-28 00:22:47+00:00,116915,2309,595,113,20.43362831858407,0.04893893460372455,2.5805072060898944
Destiny,YouTuber Jumps On Stream To Defend His Dr. K Critique Video,2021-08-31 07:12:03+00:00,277745,5191,1124,159,32.64779874213836,0.030629936428433827,2.330915047975661
Destiny,Arcadum's Allegations And Leaked Confrontation Calls,2021-09-01 05:21:51+00:00,591113,8764,2080,251,34.91633466135458,0.028639890460976723,1.8769676863814533
Destiny,"Mizkif Brings In Destiny To Confront ""Illegal"" Website Developer",2021-09-02 00:15:01+00:00,262077,6886,1456,122,56.442622950819676,0.017717107173976183,3.229585198243264
Destiny,"""They're Gonna Ban Me"" - Vaccine Talk Gets Bit Too Spicy w/ Aba",2021-09-02 22:01:17+00:00,230460,5839,1337,233,25.06008583690987,0.03990409316663812,3.214874598628829
Destiny,Destiny And Lauren Southern CLASH In HEATED Jan 6 Debate,2021-09-03 15:30:03+00:00,279558,5063,2575,365,13.871232876712329,0.072091645269603,2.8627333147325422
Destiny,HuffPost Senior Editor Weighs In On Destiny's Debate w/ Unexpected Response,2021-09-04 15:30:06+00:00,114951,3203,586,117,27.376068376068375,0.03652825476116141,3.397969569642717
Destiny,They're Trying To Mass Murder The Population! - Debating An AntiVaxx Freethinker,2021-09-05 15:30:10+00:00,323426,6641,2685,201,33.039800995024876,0.030266526125583497,2.9456506279643566
Destiny,"MikeFromPA Gets Called Out, Plays Dumb, Brags About Money",2021-09-06 15:15:01+00:00,243252,5822,725,190,30.642105263157895,0.032634833390587425,2.7695558515449
Destiny,"Ex-Intelligence Analyst Sheds Light On Afghanistan, NZ Incident And More...",2021-09-07 12:34:59+00:00,126133,3655,643,96,38.072916666666664,0.026265389876880985,3.48362442818295
Destiny,Conservative Pushes Destiny To Give His Hottest Takes,2021-09-08 12:08:47+00:00,223304,5629,1041,159,35.40251572327044,0.028246580209628707,3.0581628631820297
Destiny,Jubilee Incel Guy Opens Up To Destiny In Personal Interview,2021-09-09 11:38:43+00:00,352895,5777,1726,194,29.778350515463917,0.03358144365587675,2.1811020275152666
Destiny,Debating A Conservative Scientist Who Works In Big Pharma,2021-09-10 10:13:22+00:00,246047,4400,2656,320,13.75,0.07272727272727272,2.9978012330977415
Destiny,"Stubborn Vaush Defender Surprises Destiny, Concedes Arguments",2021-09-11 08:51:24+00:00,182534,3637,973,159,22.87421383647799,0.04371734946384383,2.6126639420601094
Destiny,Destiny Debates A Vaxx-Hesitant Father Into Changing His Position,2021-09-12 08:55:10+00:00,173884,6546,716,151,43.35099337748344,0.023067522150931868,4.263186952221021
Destiny,"""I Actually Realized This During A Debate..."" - Personal And Non-Judgmental Talk w/ Sweet Anita",2021-09-13 08:38:15+00:00,136166,2754,647,92,29.934782608695652,0.03340595497458242,2.565251237460159
Destiny,"Rogan Responds To CNN, Pushes Big Claims",2021-09-14 14:27:06+00:00,237719,6671,1671,321,20.781931464174455,0.048118722830160394,3.64421859422259
Destiny,"""This Is Still Trump's Republican Party"" - Predictions + Current State Of Affairs",2021-09-15 16:10:28+00:00,116112,2581,738,179,14.418994413407821,0.06935296396745448,3.0126085159156677
Destiny,Norm MacDonald Hid Cancer From Even His Family,2021-09-17 02:33:19+00:00,118565,2465,341,97,25.412371134020617,0.039350912778904665,2.448446000084342
Destiny,"These Narratives Are DANGEROUS, Will Lead To More VIOLENCE!",2021-09-18 04:42:25+00:00,138074,3020,877,255,11.843137254901961,0.08443708609271523,3.0070831583064157
Destiny,2v2 Debate Against Lauren Southern And Actual Justice Warrior,2021-09-19 08:45:00+00:00,292513,4516,3086,238,18.974789915966387,0.05270150575730735,2.6802227593303547
Destiny,"""Satan Is Your Daddy"" - Jesse Lee Peterson Debates Melina ft. Destiny",2021-09-20 11:12:39+00:00,997527,21586,7500,663,32.55806938159879,0.030714351894746594,2.9822751664867218
Destiny,"Destiny Loses His Mind In Frustration, Ragequits Debate Review ft. Hunter Avallone",2021-09-21 13:13:38+00:00,207523,3663,1309,201,18.223880597014926,0.054873054873054876,2.4927357449535714
Destiny,Wrongfully Cancelled By A Single Tweet,2021-09-22 14:29:11+00:00,152377,3631,464,134,27.097014925373134,0.03690443404020931,2.7753532357245514
Destiny,Sam Harris CALLS OUT Bret Weinstein And Rogan's JRE Interview,2021-09-23 15:18:37+00:00,226200,4549,1637,535,8.502803738317757,0.11760826555286877,2.971264367816092
Destiny,HEATED DemonMama Debate Leads To Screaming Match And Ragequit,2021-09-24 15:33:42+00:00,466508,8006,1632,188,42.58510638297872,0.023482388208843366,2.1062875663439855
Destiny,Destiny And Booksmarts Settle Their Disagreement,2021-09-25 17:45:28+00:00,155743,3498,1168,77,45.42857142857143,0.0220125786163522,3.045401719499432
Destiny,OOPS! Project Veritas Accidentally Leaves In Screenshot Debunking Themselves,2021-09-26 19:46:45+00:00,165224,3789,988,501,7.562874251497006,0.13222486144101345,3.1944511693216477
Destiny,Second Thought Convinces Destiny That Democrats Are A Right Wing Party.,2021-09-28 05:44:00+00:00,192593,4916,1879,615,7.993495934959349,0.12510170870626525,3.8474918610749094
Destiny,A Frustrating Rant On ContraPoint's Latest Twitter Backlash,2021-09-29 09:28:16+00:00,222815,6999,1229,279,25.086021505376344,0.039862837548221175,3.817965576823822
Destiny,She Said NO! But Then Next Morning... - Important Men's Talk w/ Aba,2021-09-30 19:21:25+00:00,368650,9702,678,174,55.758620689655174,0.017934446505875078,2.8628780686287807
Destiny,"""I WOULD RATHER DIE THAN GET THE VAXX!"" - Destiny Debates Melina's Anti-Vaxx Fans",2021-10-02 06:10:51+00:00,141944,4492,775,163,27.558282208588956,0.03628673196794301,3.825452291044355
Destiny,STREAMERS REACT TO JESSE LEE PETERSON VS MELINA AND DESTINY,2021-10-04 05:00:09+00:00,268865,6122,783,120,51.016666666666666,0.019601437438745508,2.612835437859149
Destiny,"""He's DUMB, MAD And OBSESSED With Me!"" - ActualJake Responds To Destiny's Tweet",2021-10-05 18:05:03+00:00,154612,3534,875,260,13.592307692307692,0.07357102433503113,3.0198173492355056
Destiny,4Chan Hacker Explains Why He Leaked Twitch Streamers Pay And Source Code,2021-10-07 14:59:15+00:00,196818,3734,695,153,24.405228758169933,0.04097482592394215,2.328039102114644
Destiny,"Furious Right-Wing PhD Shocks Destiny And Moderators, Forces Abrupt End To Debate",2021-10-08 15:31:40+00:00,1163302,20643,10075,669,30.856502242152466,0.032408080220898125,2.6980955934056676
Destiny,"Destiny Debates Vaush, Economics Professor And The Moderator (LIVE)",2021-10-10 00:29:22+00:00,297570,6808,2067,225,30.25777777777778,0.03304935370152762,3.058103975535168
Destiny,Pushing Back Against Project Veritas And Anti-Vaxx Narratives,2021-10-11 01:03:05+00:00,115302,2956,1374,564,5.24113475177305,0.19079837618403248,4.244505732771331
Destiny,"""Stop Being So F- Dishonest About It!"" - Destiny Writes And Receives INSANE Rants",2021-10-12 00:30:06+00:00,124270,2596,515,75,34.61333333333334,0.02889060092449923,2.5637724309970227
Destiny,Debate DERAILS After Destiny Plays Piano During Shouting Match,2021-10-13 00:12:55+00:00,988384,6147,1432,251,24.49003984063745,0.04083292663087685,0.7922022209991257
Destiny,Ben Shapiro Versus Hasanabi... Debate Time?,2021-10-13 23:42:10+00:00,258550,6273,1399,412,15.225728155339805,0.06567830384186195,3.126667955907948
Destiny,"""Is COVID Overhyped?"" - Destiny Responds To GradeAUnderA",2021-10-14 23:18:16+00:00,152181,4253,1495,505,8.421782178217821,0.1187397131436633,4.108922927303672
Destiny,"""IT IS STUPID!"" - Destiny Gets Triggered Into A Debate w/ Lauren Southern",2021-10-15 21:28:23+00:00,289018,4665,1771,305,15.295081967213115,0.06538049303322616,2.3323806821720448
Destiny,Vaush Debate LOOPS And Goes Completely Off The Rails,2021-10-17 03:43:18+00:00,494440,5908,2268,388,15.22680412371134,0.06567366283006093,1.732060512903487
Destiny,"Aussie Leftist Calls In, Pushes Destiny To Clarify...",2021-10-18 02:46:14+00:00,150167,3108,619,140,22.2,0.04504504504504504,2.575133018572656
Destiny,Great Replacement Debate Veers Completely Off Topic,2021-10-19 02:39:58+00:00,176231,2428,1525,182,13.340659340659341,0.07495881383855024,2.34635223087879
Destiny,"""This Was So Bad..."" - Joe Rogan Corners CNN's Sanjay Gupta",2021-10-20 19:46:35+00:00,247928,6040,1986,382,15.811518324607329,0.06324503311258278,3.3913071536897808
Destiny,"""YOU SHOULD BE CELEBRATING!"" - Destiny Responds To Shapiro",2021-10-21 15:54:02+00:00,204279,3957,1407,378,10.468253968253968,0.09552691432903715,2.8108616157314263
Destiny,Friendly Conservative Convo BLOWS UP Into HEATED 1v3 CNN Debate,2021-10-22 20:04:23+00:00,173121,2656,966,125,21.248,0.047063253012048195,2.1643821373490217
Destiny,"""Shut Up Bro"" - Dave Chappelle, Trump And Cancelling People For Clout | Scuffed Podcast",2021-10-23 21:42:13+00:00,199365,3613,942,245,14.746938775510204,0.06781068364240243,2.407644270559025
Destiny,Do You Regret What You Did? - Aba Finds Out Destiny's Mistakes,2021-10-24 22:00:17+00:00,177361,3782,365,96,39.395833333333336,0.02538339502908514,2.3922959387915044
Destiny,"Destiny Enters Dating Show, The Girl's BF Shows Up At The Door On Live Stream",2021-10-25 23:48:55+00:00,227102,4964,1054,167,29.724550898203592,0.03364222401289283,2.7234458525244163
Destiny,Alec Baldwin Situation Blackpills Destiny - TRIGGERED RANT,2021-10-26 23:58:41+00:00,171528,3690,841,232,15.905172413793103,0.06287262872628727,2.7768061191175786
Destiny,"Destiny SNAPS, Burns Bridge Vs Gun Expert - Republican Debate",2021-10-27 21:20:28+00:00,251383,6023,2915,304,19.8125,0.050473186119873815,3.676461813249106
Destiny,Destiny FIGHTS w/ Lauren Southern On Alec Baldwin Incident,2021-10-29 22:07:32+00:00,183969,3147,1406,173,18.190751445086704,0.05497299014934859,2.568911066538384
Destiny,Surprise Debate Opponent And Judge Leaves Destiny Speechless...,2021-10-30 14:06:05+00:00,226041,4048,837,176,23.0,0.043478260869565216,2.2389743453621245
Destiny,Destiny Debates Vaush On New Panel | Cops Vs Social Workers,2021-10-31 11:27:18+00:00,226256,4602,2408,334,13.778443113772456,0.07257714037375054,3.2458807722226153
Destiny,Destiny And Lawyer React To Cops Arrest Special Agent Bodycam,2021-11-01 10:40:00+00:00,127247,2718,1052,213,12.76056338028169,0.07836644591611479,3.1301327339740816
Destiny,"OK, HE IS IMPRESSIVE - Charlie Kirk Vs Ben Burgis Debate Surprises Destiny",2021-11-02 12:41:05+00:00,314346,4212,1308,245,17.191836734693876,0.058167141500474834,1.8339663937190231
Destiny,Destiny Explains The FAKE Asian Girlfriend Situation ft. Peter Coffin,2021-11-03 09:40:06+00:00,127289,4289,471,96,44.677083333333336,0.02238283982280252,3.8149408039972035
Destiny,"""IT'S A BLUNDER OF THE LEFT"" - Richard Wolff Goes On Jimmy Dore",2021-11-04 10:06:26+00:00,135767,2401,1122,381,6.301837270341207,0.15868388171595169,2.875514668512967
Destiny,"Destiny Crashes Melina's Dating Show, Pretends To Be ""Ben""",2021-11-05 11:51:27+00:00,233064,4586,622,243,18.872427983539094,0.05298735281290885,2.338842549685923
Destiny,"Portnoy SHOCKS And DISOBEYS His Lawyers, Makes Response And Leaks DMs",2021-11-06 11:49:56+00:00,158874,3281,668,274,11.974452554744525,0.08351112465711673,2.6580812467741732
Destiny,"""GET MAD AND CRY ALL YOU WANT"" - 1v3 Vs Niko House, Peter Coffin, Arielle Scarcella | LIVE DEBATE",2021-11-07 09:05:04+00:00,346925,6866,2958,274,25.05839416058394,0.03990678706670551,2.9107155725300857
Destiny,"Destiny Vs Entire Panel & Moderator In HEATED Anti-Vaxx Debate ft. AJW, Jack Posobiec",2021-11-08 07:57:32+00:00,366813,7066,3569,613,11.526916802610113,0.08675346730823663,3.0664125862496694
Destiny,"""YOU STUPID PSEUDO-PROGRESSIVE DUMBF-"" | Vaush Goes To War w/ His Chat",2021-11-10 15:34:35+00:00,387679,6509,2331,432,15.06712962962963,0.06636964203410663,2.391669396588415
Destiny,YOU GOT UNPARTNERED OVER THIS! - Destiny Vs Own Chat On RittenHouse Takes,2021-11-11 15:01:59+00:00,297704,7296,3437,535,13.637383177570094,0.07332785087719298,3.784967618842878
Destiny,"""RITTENHOUSE WALKS COS HE'S WHITE"" - Hasan's Hot Take Triggers Heated Destiny Rant",2021-11-12 13:15:35+00:00,477746,10315,3029,1027,10.04381694255112,0.09956374212312166,3.0080837934802176
Destiny,THIS IS UNBELIEVABLE - Judge Scolds Rittenhouse Prosecutor | Destiny Reacts,2021-11-13 10:26:41+00:00,287967,5255,1558,265,19.830188679245282,0.05042816365366318,2.4579205256157826
Destiny,Rittenhouse Debate Suddenly Gets HEATED - Destiny Debates Ex-Cop,2021-11-14 10:13:20+00:00,212965,3532,1328,147,24.027210884353742,0.04161947904869762,2.3510905547859977
Destiny,INSANE Rittenhouse Debate Blackpills Destiny Into RAGEQUITTING Panel,2021-11-15 09:51:44+00:00,695451,15827,6683,608,26.03125,0.03841536614645858,3.3241738095135385
Destiny,"""DESTINY IS MANSPLAINING"" - Debate Gets Personal, Moderator Steps In...",2021-11-16 07:43:27+00:00,1169787,16369,5458,514,31.846303501945524,0.03140081862056326,1.909834867373291
Destiny,"""I Was There That Night"" - Anthony Huber's Friend Calls Destiny To Clarify",2021-11-17 05:50:06+00:00,197070,3398,1693,213,15.953051643192488,0.06268393172454385,2.6914294413152686
Destiny,"IF TRUE, THIS FLIPS MY OPINION ON RITTENHOUSE - Most Important Evidence!?",2021-11-18 05:11:31+00:00,251838,3746,1268,401,9.341645885286782,0.10704751735184197,2.1501917899602123
Destiny,"Rittenhouse Prosecutor Tells Lie To Judge, Gets Called Out And Panics",2021-11-19 04:46:35+00:00,240369,4033,1120,176,22.914772727272727,0.043639970245474835,2.217008016840774
Destiny,Destiny's Live Reaction To Kyle Rittenhouse's Verdict,2021-11-19 19:10:40+00:00,236854,6033,2452,291,20.7319587628866,0.04823470909995027,3.7052361370295626
Destiny,THE JUDGE IS WACKY AND BIASED...? - Destiny Surprised By David Pakman's Take,2021-11-20 11:58:28+00:00,174606,4230,1298,358,11.815642458100559,0.08463356973995272,3.371018178069482
Destiny,THESE QUOTES PROVE I'M RIGHT! - Destiny Debates Alt-Right Conspiracy Quotes,2021-11-21 13:29:50+00:00,167907,3134,2746,377,8.312997347480106,0.12029355456285896,3.726467627913071
Destiny,IT WAS A POLITICAL KILLING! - MikeFromPA's INSANE Rittenhouse Verdict Reaction,2021-11-22 11:55:58+00:00,288507,7003,1117,190,36.857894736842105,0.027131229473082965,2.880346057461344
Destiny,"Vaush, Crowder, Seder And Hasan React To Rittenhouse Verdict",2021-11-23 11:24:34+00:00,290291,6000,1638,391,15.345268542199488,0.06516666666666666,2.7658453069506117
Destiny,"Rittenhouse Debate Gets Way Too HEATED, Destiny Forced To Step In",2021-11-24 09:48:45+00:00,193236,3427,1016,152,22.54605263157895,0.044353662095126936,2.377921298308804
Destiny,Destiny And David Pakman CLASH In Rittenhouse Debate,2021-11-25 08:50:57+00:00,866088,14704,7799,1160,12.675862068965516,0.07889009793253536,2.7321704030075464
Destiny,IT IS MORALLY WRONG TO VOTE! - Destiny Baffled By Libertarians On Debate Panel,2021-11-26 07:23:31+00:00,194377,2818,656,134,21.029850746268657,0.047551454932576294,1.856186688754328
Destiny,Destiny Forces Moderator To Leave In Heated Personal Debate - HIPPY DIPPY CHAMPIONSHIP,2021-11-27 16:04:57+00:00,1845489,15544,4225,603,25.77777777777778,0.03879310344827586,1.103880868431077
Destiny,YOU HATE OUR COUNTRY - Destiny Pushes Back Against Conservative Debate Coach,2021-11-28 15:56:02+00:00,441544,6002,1807,318,18.87421383647799,0.05298233922025991,1.840586668599279
Destiny,Destiny Reviews The Controversial RGR vs Doe Debate / Drama,2021-11-29 15:36:08+00:00,206789,3111,1233,153,20.333333333333332,0.04918032786885246,2.1746804713983816
Destiny,Destiny Fan Calls Out Ben Shapiro In Public Debate,2021-11-30 13:24:26+00:00,238178,4990,2466,658,7.583586626139818,0.13186372745490982,3.406695832528613
Destiny,ATHEISTS ARE ANTI-SCIENTIFIC | Destiny Gets Stumped In God Debate vs Associate Professor Dr. Menzies,2021-12-01 13:02:41+00:00,397867,7646,2255,215,35.562790697674416,0.028119278053884384,2.542558191556475
Destiny,THIS IS BEYOND DISHONEST - Destiny Debunks Andy Ngo w/ Simple Fact Check,2021-12-02 12:43:05+00:00,112001,2845,821,216,13.171296296296296,0.07592267135325131,3.4660404817814126
Destiny,DESTINY IS A STOCHASTIC TERRORIST - Destiny Defends Himself In HEATED Debate Panel,2021-12-03 14:04:51+00:00,254000,3614,830,165,21.903030303030302,0.04565578306585501,1.8145669291338582
Destiny,Psychologist Challenges Destiny To Justify Himself And His Morals ft. FilthyRobot,2021-12-04 14:36:42+00:00,191764,4064,548,135,30.103703703703705,0.03321850393700788,2.4754385598965394
Destiny,CHAT TRIGGERS DESTINY INTO Roe v. Wade Disaster + Democrat Criticisms RANT,2021-12-05 15:30:59+00:00,153044,3587,1472,298,12.036912751677852,0.08307778087538333,3.5003005671571574
Destiny,HIS RESPONSES ARE TOO RIGID - Reacting To Alec Baldwin's Claims In Exclusive Interview,2021-12-06 17:12:55+00:00,148301,2958,949,151,19.589403973509935,0.051048005409060175,2.7363267948294347
Destiny,I WAS SAVING AMERICA - Jan 6 Rioter BREAKS DOWN And APOLOGIZES In FBI Interrogation,2021-12-07 17:23:46+00:00,207563,3403,1181,153,22.241830065359476,0.0449603291213635,2.282198657756922
Destiny,HE WAS HELPLESS AND YOU TASED HIM - FBI Confronts Rioter w/ Video Evidence,2021-12-08 17:26:25+00:00,150987,2583,714,105,24.6,0.04065040650406504,2.2531741143277233
Destiny,Mizkif Versus Destiny In Real Life.,2021-12-09 19:37:53+00:00,419860,10015,794,278,36.02517985611511,0.027758362456315525,2.6406421188015052
Destiny,Destiny Conquers The Galaxy - Stellaris Gameplay,2021-12-10 21:39:48+00:00,59424,1396,262,119,11.731092436974789,0.08524355300859598,2.9903742595584277
Destiny,"Hasan Beef, NFT Drama, Unpartnering - Alinity Grills Destiny On Biggest Dramas",2021-12-12 06:24:23+00:00,355461,6624,812,264,25.09090909090909,0.03985507246376811,2.166201074098143
Destiny,Unexpected Ban Escalates Into Huge Hasan Drama And Frantic Defense,2021-12-13 06:52:57+00:00,288282,7900,2461,527,14.990512333965844,0.06670886075949367,3.7768573827016603
Destiny,"Hasan Blowback, Vaush's Metaphorical Genders And Destiny Decision...",2021-12-14 15:15:47+00:00,255229,7759,1654,327,23.72782874617737,0.042144606263693776,3.8161807631577913
Destiny,"Sociopath Trap, Abusers And Manipulation, Weaponized Diagnosis",2021-12-18 02:00:46+00:00,168949,3577,356,83,43.096385542168676,0.023203802068772716,2.3770486951683645
Destiny,HASAN AND VAUSH BANNED - Destiny's Honest Opinion And Hot Takes,2021-12-19 04:33:28+00:00,220161,5358,1359,316,16.955696202531644,0.058977230309817094,3.194480402977821
Destiny,DESTINY GOT HASAN & VAUSH BANNED - Addressing INSANE Claims From Big YouTubers,2021-12-19 23:00:40+00:00,269281,5847,1429,261,22.402298850574713,0.044638276038994354,2.7989349415666163
Destiny,BLM Organizer Confronts Destiny On Jacob Blake And Defund The Police...,2021-12-20 20:32:59+00:00,493045,8021,3941,233,34.42489270386266,0.029048747039022566,2.47340506444645
Destiny,Gender And Trans Debate Leaves Destiny Speechless ft. MrGirl...,2021-12-21 22:19:55+00:00,496607,9540,2707,359,26.573816155988858,0.037631027253668764,2.5384257571882793
Destiny,Destiny CALLS OUT Conservative Parents On Recruitment Debate Panel,2021-12-22 20:18:21+00:00,241043,4731,1290,245,19.31020408163265,0.0517860917353625,2.5995361823409104
Destiny,Vaush Actually Tried To Save Destiny.,2021-12-23 19:49:04+00:00,316964,6622,1585,438,15.118721461187215,0.06614315916641499,2.727439078254944
Destiny,Lefty TikTokker Star Wants Destiny To Clarify His C Slur Hot Takes,2021-12-24 20:06:02+00:00,190171,3978,1129,128,31.078125,0.03217697335344394,2.7527856508090087
Destiny,"MEN ARE TRASH, WHITE PEOPLE AND RACIAL JOKES - Hot Takes w/ Aba And Destiny",2021-12-26 01:37:22+00:00,177472,4470,505,122,36.63934426229508,0.027293064876957495,2.8720023440317344
Destiny,Realizing This Pushed Me Away From Being A Conservative...,2021-12-27 04:34:05+00:00,187889,4915,916,171,28.742690058479532,0.03479145473041709,3.194439269994518
Destiny,Destiny Crashes Conservative Panel w/ Lauren Southern And Brittany Venti,2021-12-28 03:53:34+00:00,897995,16432,11243,673,24.416047548291232,0.040956669912366114,3.1568104499468257
Destiny,"""This Hurt Me So Much In Life"" - Teacher Grills Destiny On Personal Development",2021-12-29 03:48:05+00:00,136618,3648,342,56,65.14285714285714,0.015350877192982455,2.961542402904449
Destiny,MrGirl Talk Goes Completely Off The Rails,2021-12-30 03:10:35+00:00,365384,6226,1641,307,20.28013029315961,0.049309347895920334,2.237098504586955
Destiny,Destiny Defends Himself In Impromptu MrGirl Debate,2021-12-31 06:59:06+00:00,198478,3853,1447,207,18.613526570048307,0.05372437062029587,2.7746148187708464
Destiny,Shapiro Fights Jordan Peterson For Speaking Time In Gender Circle-jerk,2022-01-01 06:59:20+00:00,192459,3462,2289,383,9.03916449086162,0.11062969381860197,3.187172332808546
Destiny,YOU TOLD EVERYONE I WAS WRONG - Destiny Debates MrGirl On Consent,2022-01-02 11:54:20+00:00,281638,4460,1632,242,18.429752066115704,0.054260089686098655,2.2489862873617907
Destiny,"JORDAN PETERSON DEBATE WAS A DISASTER, He Gave Them So Much Ammo!",2022-01-03 09:52:54+00:00,230595,4412,1873,487,9.059548254620124,0.11038077969174977,2.9367505800212492
Destiny,I TRIED TO DEPLATFORM YOU - Destiny And Lauren Southern Join Leftist Panel,2022-01-04 09:58:41+00:00,227534,4225,1397,229,18.449781659388645,0.05420118343195266,2.571483822198001
Destiny,The Problem Is YOU ARE A RACIST - Race And Prejudice Debate Panel ft. Special Guest,2022-01-05 09:26:18+00:00,258590,4174,1653,186,22.440860215053764,0.044561571633924296,2.3253026025755057
Destiny,"Destiny Gets HEATED Versus Former Friend, Moderator Steps In | DEBATE PANEL",2022-01-06 11:27:35+00:00,313171,5396,2736,299,18.046822742474916,0.05541141586360267,2.6921394381983004
Destiny,"Craziest Debates, Best Gotchas And Angriest Moments | DGG AWARDS 2021",2022-01-07 14:13:19+00:00,356910,6224,427,144,43.22222222222222,0.02313624678663239,1.9038413045305538
Destiny,YOU GUYS ARE COMMUNISTS AND EVIL - MAGA Diehard Stuns Entire Panel,2022-01-08 13:49:13+00:00,391242,4636,1702,274,16.919708029197082,0.05910267471958585,1.690002607082062
Destiny,Hasan's Copyright Takedown And Pokimane's Twitch Ban,2022-01-09 13:48:40+00:00,146134,3881,674,172,22.563953488372093,0.044318474619943315,3.2347023964306736
Destiny,HOW ARE THEY LOSING SO BADLY? - Conservative Parents Debate Liberal Teens,2022-01-10 12:50:55+00:00,157665,3073,1983,242,12.698347107438016,0.07875040676863,3.360289220816288
Destiny,THEY'RE LUCKY THEIR PARENTS WERE SLAVES - Killstream Debate On White Genocide ft. Ethan Ralph,2022-01-11 16:25:23+00:00,374248,6109,4529,514,11.885214007782102,0.08413815681780978,2.9798422436459244
Destiny,Viewers Bring Up Destiny's Past To Conservative Host | Relationships Q&A,2022-01-12 16:03:10+00:00,152909,3678,438,88,41.79545454545455,0.02392604676454595,2.749347651217391
Destiny,Disguised Toast Ban Convo Derails Into Drama And Gets HEATED ft. Esports Journalist,2022-01-13 15:46:22+00:00,198428,2909,571,119,24.445378151260503,0.04090752836026126,1.8137561231277843
Destiny,"Civil Conservative Debate Blows Up, Moderator Threatens To End Panel",2022-01-14 15:36:23+00:00,501561,6166,2273,258,23.899224806201552,0.04184236133636069,1.7339864941652163
Destiny,"Trump RAGEQUITS Interview, Pushes Vaccine And Calls Out Hypocrite Republicans",2022-01-15 15:51:32+00:00,125083,2544,654,135,18.844444444444445,0.05306603773584906,2.6646306852250103
Destiny,Liberalism vs Islam - Does Liberalism Require Domination of Islam?,2022-01-16 15:01:30+00:00,515140,10398,9249,482,21.57261410788382,0.046355068282361994,3.9074814613503124
Destiny,Destiny Meets And DEBATES Infrared In Person,2022-01-17 14:05:01+00:00,278626,4521,1230,174,25.982758620689655,0.038487060384870604,2.126506499752356
Destiny,"Destiny Debates Actual Justice Warrior On Covid, Jan 6 And Trump...",2022-01-18 13:50:15+00:00,177789,3453,1692,154,22.42207792207792,0.04459889950767448,2.980499355978154
Destiny,"Trans Issues, CRT, Slavery, Science Versus Religion - Debate Panel",2022-01-19 16:09:47+00:00,179032,2989,1104,96,31.135416666666668,0.03211776513884242,2.339805174493945
Destiny,"djWHEAT Responds To Destiny, Gives His Side Of The Story...",2022-01-20 15:28:24+00:00,106866,2236,193,61,36.65573770491803,0.02728085867620751,2.330020773679187
Destiny,"Lauren Southern Relationship, Vaush, Dr K And Reckful - MrGirl Interviews Destiny",2022-01-22 07:27:20+00:00,237058,3995,1270,202,19.777227722772277,0.05056320400500626,2.306186671616229
Destiny,Hasan And TikTok Star Christian Walker's Agonizing Debate On Stream,2022-01-23 08:16:14+00:00,347139,5924,1664,272,21.779411764705884,0.04591492234976367,2.2642226888940744
Destiny,"Demonmama Makes Outrageous Claims, Triggers HEATED Destiny Rant",2022-01-24 08:00:42+00:00,191821,4714,1078,167,28.227544910179642,0.03542638947815019,3.1065420365861924
Destiny,WHERE DO YOU DRAW THE LINE? - Debating A Covid Anti-vaxx Poker Player,2022-01-26 08:31:13+00:00,246922,2773,1478,176,15.755681818181818,0.06346916696718355,1.7928738630012715
Destiny,"Democracy BlackPill, CRT Dilemma And Republican Weirdness - Destiny Debates Taftaj",2022-01-27 21:40:00+00:00,149177,2452,922,160,15.325,0.06525285481239804,2.3689979018213263
Destiny,"Hutch's Biden Frustration, Hasan Twitter Drama And Withdrawal From Twitch Politics",2022-01-28 21:48:00+00:00,127244,2314,630,222,10.423423423423424,0.09593777009507347,2.488133035742353
Destiny,Conspiracy Theorist Throws Ukraine Debate Panel Into Chaos | DEBATE PANEL,2022-01-29 10:37:38+00:00,184895,2762,971,159,17.371069182389938,0.057566980448950034,2.104978501311555
Destiny,Will You Run For Public Office? - Formal Sit-Down Interview,2022-01-30 16:49:04+00:00,143758,4431,561,102,43.44117647058823,0.023019634394041977,3.5434549729406366
Destiny,Shapiro's Comments Catch Destiny By Surprise,2022-01-31 17:05:04+00:00,226120,3891,1427,421,9.24228028503563,0.10819840657928553,2.5380329028834248
Destiny,XQC Crashes EMOTIONAL Relationship Call-In Show,2022-02-01 17:58:55+00:00,194368,4505,579,114,39.51754385964912,0.025305216426193117,2.6743085281527823
Destiny,Jordan Peterson Is Actually RIGHT About Psychology...,2022-02-03 11:12:05+00:00,241954,4728,1345,265,17.841509433962266,0.05604906937394247,2.6195061871264786
Destiny,Destiny Debates A Third Position Nazbol,2022-02-04 11:00:12+00:00,188567,2346,1087,142,16.52112676056338,0.060528559249786874,1.8958778577375681
Destiny,Psychometrician REACTS To Destiny's Tweets,2022-02-05 11:42:37+00:00,162946,4611,1001,207,22.27536231884058,0.044892648015614836,3.571121721306445
Destiny,"Gavin McInnes SNAPS During Debate, PUNCHES Microphone",2022-02-06 11:59:40+00:00,1225937,22877,8008,755,30.30066225165563,0.03300257900948551,2.580883030694073
Destiny,Destiny Defends His Positions Against Leftist Who Made Things Personal,2022-02-07 13:22:18+00:00,478422,9605,3376,103,93.25242718446601,0.010723581467985424,2.734824067455092
Destiny,Feminist Panelists Confront Destiny On Debate Panel,2022-02-08 12:30:00+00:00,674397,9778,4107,446,21.923766816143498,0.04561259971364287,2.1250094528890253
Destiny,"""Did You See My Study?"" - Leftist Returns For Debate Round 2",2022-02-09 12:15:00+00:00,304581,5307,1834,207,25.63768115942029,0.03900508762012436,2.4124945416818515
Destiny,Destiny And Ana Talk 1-On-1...,2022-02-10 11:30:20+00:00,237882,3940,990,178,22.134831460674157,0.04517766497461929,2.1472831067504057
Destiny,Vaush And Xanderhal Takedown Video | LEFTIST CIVIL WAR,2022-02-11 12:02:29+00:00,319788,5284,1366,326,16.208588957055216,0.06169568508705526,2.1814452074499355
Destiny,Destiny FINALLY Weighs In On MrGirl Versus Dr K Drama,2022-02-12 12:25:41+00:00,263985,4633,658,167,27.74251497005988,0.03604575868767537,2.0675417163854006
Destiny,"BadEmpanada Debates Destiny For Prof Flowers, Infrared Haz Jumps Into Twitch Chat",2022-02-13 12:04:05+00:00,205535,3186,1321,129,24.697674418604652,0.04048964218455744,2.2555769090422553
Destiny,Psychometrician Suggests A CONTROVERSIAL Solution To Destiny,2022-02-14 12:55:05+00:00,158029,2862,666,107,26.747663551401867,0.03738644304682041,2.300210720817065
Destiny,Confronting Destiny Over Past Disputes That Got Way Too Heated | LIVE DEBATE,2022-02-16 06:19:16+00:00,177906,3852,732,107,36.0,0.027777777777777776,2.6367857183006755
Destiny,"Destiny Gets Into A HEATED Impromptu Debate, Zherka Steps In To Moderate...",2022-02-17 11:04:02+00:00,145832,4043,791,155,26.083870967741934,0.03833786791986149,3.4210598496900544
Destiny,"""I Owe Trainwrecks An Apology"" - FINALLY BLACKPILLED",2022-02-18 14:14:03+00:00,266079,10491,2062,233,45.02575107296137,0.02220951291583262,4.805339767512656
Destiny,"""I Was Terrified Of Hell So I Jumped Out The Window"" - Destiny Debates Armin",2022-02-19 15:30:11+00:00,146416,2648,837,183,14.469945355191257,0.06910876132930513,2.5051906895421268
Destiny,"Vaush Fan CONFRONTS Destiny, Then Offers His HELP...",2022-02-20 16:01:44+00:00,185205,2929,678,120,24.408333333333335,0.04096961420279959,2.0123646769795633
Destiny,"""HE'S BEING WEASELLY"" Destiny Jumps In MrGirl's Stream To Defend Himself In Dr K Drama",2022-02-21 17:05:56+00:00,247211,3820,1201,155,24.64516129032258,0.04057591623036649,2.093757963844651
Destiny,Social Worker Calls Destiny To Set The Record Straight.,2022-02-22 18:00:32+00:00,100067,1821,321,55,33.10909090909091,0.030203185063152116,2.195528995572966
Destiny,Destiny Joins A College Zoom Call,2022-02-23 18:45:01+00:00,158925,4311,408,114,37.81578947368421,0.026443980514961725,3.041057102406796
Destiny,"Dr. K Debate BLOWS UP, MrGirl And ChudLogic KICKED From Panel...",2022-02-24 14:12:04+00:00,269387,3774,1634,253,14.91699604743083,0.06703762586115528,2.1014377085753955
Destiny,"WAIT, HASAN'S TAKE WAS BAD? - xQc Questions Destiny On Ukraine",2022-02-25 11:43:53+00:00,341569,8448,1560,462,18.285714285714285,0.0546875,3.0652664615348586
Destiny,"Dylan Loses Control Of HEATED Debate, BEGS Panelist To Stop And Then...",2022-02-26 11:50:50+00:00,146853,3285,841,175,18.771428571428572,0.0532724505327245,2.92877911925531
Destiny,"""Destiny Wants To Bury The Hatchet"" xQc Adds Hasan To Call, Surprises Destiny",2022-02-27 16:19:03+00:00,480084,10829,1040,211,51.322274881516584,0.01948471696370856,2.516226327059431
Destiny,WE NEED TO BOTH CHILL - Atheism Debate Gets Unexpectedly Heated,2022-02-28 17:00:07+00:00,140350,2433,1107,118,20.61864406779661,0.04849979449239622,2.60634128963306
Destiny,Destiny Wanders Into Lefty Protest Wearing MAGA Hat ft. BLM Lauren Southern,2022-03-01 20:03:05+00:00,292144,7525,1804,503,14.96023856858847,0.066843853820598,3.3654636069883344
Destiny,"Destiny Breaks MAGA Character, Debates Jan 6 Trump Supporters",2022-03-02 18:45:02+00:00,155937,4136,1151,118,35.05084745762712,0.02852998065764023,3.4661433784156417
Destiny,I WAS WRONG ABOUT NATO - Destiny Revises His Ukraine Take,2022-03-03 18:15:04+00:00,336958,7034,2260,323,21.777089783281735,0.04591981802672732,2.85406489829593
Destiny,"Pro Putin Lefty SNAPS, Starts Fight w/ Destiny And Moderator",2022-03-04 13:47:08+00:00,508199,9074,3129,456,19.899122807017545,0.05025347145690985,2.4909533470156378
Destiny,Destiny Defends His Revised NATO Position And Hot Take On Mearsheimer,2022-03-05 13:23:57+00:00,171444,2794,1021,208,13.432692307692308,0.0744452397995705,2.3465388115069645
Destiny,Destiny Responds To Coach RedPill's Livestreams From Ukraine,2022-03-06 13:37:33+00:00,169753,2427,1160,155,15.658064516129032,0.0638648537288834,2.2043793040476456
Destiny,Destiny's Argument w/ Linus On Twitter Leads To Frustrating Lefty Debate,2022-03-07 11:48:54+00:00,246034,4154,1517,150,27.69333333333333,0.036109773712084736,2.365933163709081
Destiny,THEN LET'S SET THE RECORD STRAIGHT - JonTron Debate Interview,2022-03-08 12:32:30+00:00,202358,3210,1000,135,23.77777777777778,0.04205607476635514,2.147184692475711
Destiny,Everyone Disagrees w/ Destiny On Ayurveda And Try To Debate Him...,2022-03-09 18:43:35+00:00,176413,2317,932,152,15.243421052631579,0.06560207164436772,1.9278624591158249
Destiny,Panelist Confronts Destiny For Poisoning The Well And Using Debate Tactics...,2022-03-10 20:35:01+00:00,149989,1948,807,267,7.295880149812734,0.1370636550308008,2.014814419724113
Destiny,THIS IS NOT OKAY! - We Should Not Normalize This Behavior,2022-03-11 21:45:00+00:00,146581,2912,1028,366,7.956284153005464,0.12568681318681318,2.9376249309255633
Destiny,"HONESTLY, I SIDED W/ HASAN IN THAT DEBATE - Destiny Explains Why He's A Democrat",2022-03-13 12:00:02+00:00,196613,3323,1145,186,17.865591397849464,0.05597351790550707,2.3670866117703304
Destiny,Researcher CALLS OUT Peterson And Campbell For Misrepresenting His Study,2022-03-14 11:34:25+00:00,135379,2589,704,172,15.05232558139535,0.0664349169563538,2.5594811602981262
Destiny,Vaush And DemonMama Debate Gets HEATED And PERSONAL,2022-03-15 11:02:29+00:00,590716,7504,2076,308,24.363636363636363,0.041044776119402986,1.673900825438959
Destiny,Demonmama Tries To Debate Destiny Fan | Hasan's Latest Hot Take On Geopolitics,2022-03-16 09:47:06+00:00,245309,4158,785,151,27.5364238410596,0.036315536315536315,2.0765646592664764
Destiny,Lauren Southern Finally SNAPS After Destiny Steps Out Of Line In Drunk Debate,2022-03-17 13:37:14+00:00,266696,4244,1645,111,38.234234234234236,0.026154571159283695,2.2497525272220056
Destiny,Vaush Burns Bridge w/ Contrapoints and Kat Over JK Rowling - Destiny Explains His POV,2022-03-18 15:59:31+00:00,339486,4307,1433,124,34.733870967741936,0.028790341304852564,1.7273171795007747
Destiny,Destiny CLASHES w/ Fuentes On Killstream In Ukraine Debate,2022-03-19 14:32:21+00:00,465055,7722,4330,377,20.482758620689655,0.04882154882154882,2.672587113352184
Destiny,How Do You Feel Getting Backstabbed? - Destiny And Fuentes Q&A,2022-03-20 10:19:40+00:00,174304,3677,1179,70,52.52857142857143,0.019037258634756596,2.8260969340921607
Destiny,Destiny Gets Dogpiled In HEATED 1v9 Debate Panel On Trans Sports,2022-03-21 14:45:38+00:00,1254292,11427,7163,522,21.89080459770115,0.04568128117616172,1.5237281271027798
Destiny,Destiny Debates Pro-Russia Infrared Fan on Ukraine ft. Chudlogic,2022-03-22 13:06:45+00:00,183739,3046,962,109,27.94495412844037,0.03578463558765594,2.240678353534089
Destiny,Destiny Talks To NATO Special Forces,2022-03-23 12:11:26+00:00,112719,2936,374,117,25.094017094017094,0.039850136239782015,3.0403037642278585
Destiny,Follow Up Debate On Trans Sports After 1v9 Panel,2022-03-24 13:13:51+00:00,264764,3713,2177,65,57.12307692307692,0.017506059789927284,2.2491728482724236
Destiny,Destiny Reacts To How Hasan Became Our Top Political Pundit,2022-03-25 12:18:56+00:00,535433,14277,2537,309,46.20388349514563,0.021643202353435597,3.1979724820845936
Destiny,No One Dares Push Back BECAUSE... | Destiny Reflects On The Trans Debate,2022-03-26 15:46:12+00:00,197127,4536,1498,107,42.39252336448598,0.02358906525573192,3.1152505745027317
Destiny,Destiny Reacts To Lefty Celebrating His Twitch Ban On Debate Panel,2022-03-28 03:20:20+00:00,514906,9503,2283,125,76.024,0.013153740923918763,2.313237756017603
Destiny,Hasan's Emotional Outburst Over DELETED Video And Adam Something's CALL OUT,2022-03-29 00:02:39+00:00,540568,11052,2209,225,49.12,0.02035830618892508,2.4947832650101374
Destiny,Destiny Pauses After Subhuman Debate Gets Serious,2022-03-30 02:24:23+00:00,331155,6467,1898,78,82.91025641025641,0.012061233957012526,2.5495613836421014
Destiny,"Civil Trans Sports Debate Gets HEATED, Moderator Steps In And Resets",2022-03-31 03:46:43+00:00,468300,7109,4508,62,114.66129032258064,0.008721339147559432,2.4939141575912878
Destiny,Destiny Opens Up About His PermaBan On Cancel Me Podcast,2022-04-01 05:55:09+00:00,210195,4802,923,89,53.95505617977528,0.018533944189920867,2.76600299721687
Destiny,"""You're Leaving Cos You're A Pussy"" - Lauren Southern Quits Panel, Surprising Everyone",2022-04-02 02:41:08+00:00,200354,3239,961,31,104.48387096774194,0.009570855202222908,2.1117621809397367
Destiny,ANSWER THE QUESTION! Panelists Confront Lauren Southern,2022-04-03 04:53:31+00:00,157264,2820,1259,63,44.76190476190476,0.022340425531914895,2.633787770882084
Destiny,DESTINY'S USELESS TO US - Destiny's Ban Debate Leaves Panelist Speechless,2022-04-04 05:07:09+00:00,238451,4216,1045,59,71.45762711864407,0.013994307400379507,2.231066340673765
Destiny,Hasan Calls Aba And Preach Transphobic For Defending Destiny,2022-04-05 01:56:59+00:00,325154,8238,1303,88,93.61363636363636,0.010682204418548192,2.9613659988805305
Destiny,Jon Stewart Debates Systemic Racism,2022-04-06 00:25:49+00:00,191142,4048,1454,73,55.45205479452055,0.018033596837944664,2.9166797459480387
Destiny,Destiny Reacts To Vaush Manifesto Post,2022-04-06 10:21:33+00:00,327118,6382,1012,103,61.96116504854369,0.0161391413350047,2.2918335279623867
Destiny,HE WOULD EAT A BABY! - DemonMama Debate Turns Absolutely INSANE,2022-04-07 02:47:17+00:00,372633,6433,2246,72,89.34722222222223,0.011192289755945904,2.348423247538463
Destiny,Hasan Fan Debates Steven Crowder Using Hasan's Arguments..............................,2022-04-07 14:51:17+00:00,622238,11876,3200,468,25.376068376068375,0.03940720781407881,2.498079512983778
Destiny,Panelists Confront Destiny On His Twitch Ban And Behavior,2022-04-08 05:51:28+00:00,258478,4456,1236,42,106.0952380952381,0.009425493716337522,2.218370615681025
Destiny,"Panelist DEFENDS Destiny's Ban, Loses TEMPER",2022-04-09 01:37:22+00:00,352378,4570,1025,69,66.23188405797102,0.015098468271334792,1.6073648184619926
Destiny,F*** YOUR CULT - Heated Leftist Confronts Destiny On Trans Sports,2022-04-09 16:04:50+00:00,534631,7407,2938,104,71.22115384615384,0.014040772242473337,1.954432122342326
Destiny,Aba Addresses Hasan Drama And Allegations w/ Destiny,2022-04-10 06:11:46+00:00,533383,11034,1734,134,82.34328358208955,0.012144281312307414,2.418899739961716
Destiny,"DESTINY DECLARES WAR | 2022 R Place Drama, Memes And Aftermath",2022-04-10 23:10:39+00:00,572680,13077,1246,129,101.37209302325581,0.009864647855012617,2.523573374310261
Destiny,Redpill Relationship Debate Suddenly Veers Into Covid Topic.,2022-04-11 09:22:20+00:00,160546,2847,1035,69,41.26086956521739,0.02423603793466807,2.4609769162732174
Destiny,"Destiny Gives Up Moderator, Steps In To Debate Don't Say Gay Bill",2022-04-12 03:20:01+00:00,251051,4306,2161,62,69.45161290322581,0.014398513701811427,2.60066679678631
Destiny,Pro Trump Panelist Gets SWATTED Live During Debate,2022-04-12 17:05:13+00:00,269690,4554,1899,66,69.0,0.014492753623188406,2.4172197708480105
Destiny,"Destiny Confronts His Friend, Bridge Catches Fire...",2022-04-13 08:30:04+00:00,256250,3990,1341,53,75.28301886792453,0.013283208020050126,2.1010731707317074
Destiny,Russell Brand's LOONEY Ukraine Take,2022-04-14 01:52:48+00:00,177839,3592,849,161,22.31055900621118,0.04482182628062361,2.587733849155697
Destiny,Fuentes Teams Up w/ Infrared Haz Versus Destiny In Impromptu Debate,2022-04-14 18:05:05+00:00,926616,10773,3793,311,34.639871382636656,0.02886846746495869,1.6055194384728948
Destiny,"ANA, I WILL KICK YOU! - Panelist Gets HEATED, Moderator Steps In",2022-04-15 11:58:49+00:00,303015,4676,1688,48,97.41666666666667,0.010265183917878529,2.1160668613764995
Destiny,Destiny And MrGirl CLASH After Arielle Scarcella Interview,2022-04-16 06:25:24+00:00,219682,3167,1174,68,46.5735294117647,0.0214714240606252,2.0069919246911443
Destiny,Ex-Cop Jumps Into Stream To Try And Defend BookSmarts,2022-04-17 08:35:18+00:00,150870,2793,573,56,49.875,0.020050125313283207,2.2681779015046066
Destiny,THERE WAS NO GENOCIDE - Debate Makes Destiny Pause Everything In Disbelief,2022-04-18 08:39:27+00:00,355382,5432,2442,115,47.23478260869565,0.021170839469808543,2.2480035567361316
Destiny,Destiny Defends INNOCENT 18-yr-old From CANCELLATION,2022-04-26 10:42:39+00:00,203211,4964,1520,65,76.36923076923077,0.013094278807413377,3.2227586105082895
Destiny,Destiny Makes James Lindsay RAGEQUIT Debate Panel ft. Peter Coffin And Lauren Southern,2022-04-27 10:30:02+00:00,399575,6865,2969,282,24.343971631205672,0.04107793153678077,2.5316899205405745
Destiny,"Destiny Debates James Lindsay, Actress Nicki Clyne And Nuance Bro...",2022-04-28 09:28:06+00:00,161643,2911,1121,41,71.0,0.014084507042253521,2.5197503139634874
Destiny,Destiny And Elijah Schaffer Get HEATED In Live Ukraine Debate...,2022-04-29 09:05:52+00:00,329502,6131,3141,116,52.85344827586207,0.01892024139618333,2.849148108357461
Destiny,IT'S NOT 100% EFFECTIVE - Destiny Clashes w/ Lauren Southern In Live Debate,2022-04-30 09:03:37+00:00,249481,4749,3019,78,60.88461538461539,0.016424510423247,3.1449288723389754
Destiny,Destiny Tries To Explain His Twitch Ban To Journalist Jesse Singal...,2022-05-01 09:31:16+00:00,148055,3179,597,70,45.41428571428571,0.02201950298836112,2.597683293370707
Destiny,YOU RUN A NAZI SEX CULT - MrGirl Interview Derails Into Wild Accusations,2022-05-02 08:52:07+00:00,358886,4260,1562,245,17.387755102040817,0.057511737089201875,1.6905089638492445
Destiny,TALK TO ME LIKE I'M NOT STUPID - Destiny Confronts Britt On MrGirl Disaster Talk,2022-05-03 09:10:01+00:00,167998,2738,790,47,58.255319148936174,0.01716581446311176,2.1280015238276646
Destiny,Trans Panelist Confronts MrGirl On His Own Panel ft. Buck Angel,2022-05-04 08:43:53+00:00,296420,4299,1521,47,91.46808510638297,0.010932775063968364,1.979286148033196
Destiny,USA ATTACKED RUSSIA - 2v2 Ukraine Debate w/ AdamSomething,2022-05-05 08:02:27+00:00,189368,3283,1141,59,55.644067796610166,0.017971367651538228,2.367348232013857
Destiny,Destiny Debates Trans Issues At The University Of Tennesse,2022-05-06 12:13:37+00:00,261098,4593,1458,77,59.64935064935065,0.01676464184628783,2.3470114669587665
Destiny,"SHE'S MENTALLY ILL - Hasan Blows Up On Eris, MikeFromPA Calls Out Destiny On Roe Vs Wade",2022-05-07 15:10:09+00:00,223916,3740,1009,100,37.4,0.026737967914438502,2.16554422194037
Destiny,YOU ARE WRONG - Destiny Debates A Lawyer On Roe V Wade,2022-05-08 17:11:44+00:00,235495,3423,2148,140,24.45,0.0408997955010225,2.425104566975944
Destiny,Therapists Give Controversial Takes On Trans Issues,2022-05-09 17:31:48+00:00,122660,1940,749,75,25.866666666666667,0.03865979381443299,2.2533833360508724
Destiny,THIS ARGUMENT CONVINCED ME - Destiny Revises His Take On Roe V Wade Controversy,2022-05-10 18:39:09+00:00,151029,2329,929,189,12.322751322751323,0.08115070845856591,2.2823431261545797
Destiny,"Destiny Reacts To Vaush HOT TAKE, Hellmuth BLOWS UP Against Trash Talker",2022-05-11 19:15:00+00:00,196068,3091,1817,154,20.071428571428573,0.0498220640569395,2.581757349490993
Destiny,"""SO ***** STUPID!"" Rekieta Law Debates Liberal Lawyers On Roe V Wade Panel",2022-05-12 20:19:17+00:00,223376,3216,2045,63,51.04761904761905,0.01958955223880597,2.383425256070482
Destiny,"Brittany Confronts MrGirl On Domestic Violence Video, Apologizes ft. Destiny As Moderator",2022-05-13 20:00:05+00:00,215453,3365,1303,89,37.80898876404494,0.026448736998514116,2.2079061326600233
Destiny,HASAN GAVE ME WHITE SAVIOR VIBES - Hasan Versus Jideon Drama,2022-05-14 21:48:48+00:00,270626,5149,1230,82,62.792682926829265,0.015925422412118858,2.3874276677037685
Destiny,"Destiny BREAKS, Laughs As Abortion Debate Gets HEATED",2022-05-15 23:00:04+00:00,198893,3196,2233,31,103.09677419354838,0.00969962453066333,2.74519465240104
Destiny,Trans Musician Forces Destiny To Defend His Trans Takes,2022-05-16 23:15:00+00:00,487474,6665,3848,192,34.713541666666664,0.028807201800450113,2.196014556673792
Destiny,Historian Grills Destiny On His Politics And Process,2022-05-17 23:15:01+00:00,149902,3467,382,31,111.83870967741936,0.008941447937698297,2.588357727048338
Destiny,College Students Grill Destiny In Live Q&A Debates,2022-05-18 23:56:03+00:00,205097,5056,832,31,163.09677419354838,0.00613132911392405,2.885951525375798
Destiny,"Students Interrupt Destiny's Live Debate, Challenge His Claims",2022-05-20 11:06:11+00:00,190467,4308,1775,112,38.464285714285715,0.025998142989786442,3.2525319346658477
Destiny,Pakman Takes On Knowles In Fast Paced 1v1 Debate,2022-05-21 10:49:09+00:00,162455,2683,1466,46,58.32608695652174,0.01714498695490123,2.5822535471361303
Destiny,H3H3 Allegation Against Fresh&Fit Leaves Destiny Speechless...,2022-05-22 02:30:09+00:00,339084,6399,1632,82,78.03658536585365,0.012814502265979058,2.3926224770263413
Destiny,"Vaush Responds To Destiny, Lauren Southern Forces Destiny To Address Reddit Revolt",2022-05-22 21:40:35+00:00,204453,3792,950,85,44.61176470588235,0.022415611814345992,2.360933808748221
Destiny,"Destiny Uses Trump Card To Win Debate, Opponent Folds Immediately",2022-05-23 15:34:16+00:00,268254,5264,1744,78,67.48717948717949,0.014817629179331307,2.6415263146122707
Destiny,Destiny Destroys The Galaxy - Stellaris Gameplay,2022-05-24 09:52:16+00:00,41054,1112,172,51,21.80392156862745,0.045863309352517985,3.251814683100307
Destiny,"YOU SHOULD APOLOGIZE - Lawyer Confronts Lauren Southern, Destiny Gives Killshot",2022-05-24 21:20:40+00:00,153683,2896,1876,44,65.81818181818181,0.015193370165745856,3.133723313574045
Destiny,Destiny And Rosewrist Trigger Fuentes And BakedAlaska In Jan 6 Debate,2022-05-25 18:14:33+00:00,263645,4305,1834,167,25.778443113772454,0.03879210220673635,2.3918526806880465
Destiny,YOU'RE GETTING REKT - Lauren's Potential Bridge Burning Debate w/ Destiny,2022-05-26 18:06:07+00:00,217671,4259,1911,134,31.78358208955224,0.03146278469124208,2.896113859907843
Destiny,YOU'RE A MONSTER - MrGirl's Girlfriend Breaks Down On Camera,2022-05-27 15:02:52+00:00,261128,4862,2921,94,51.723404255319146,0.019333607568901685,3.0165282926380934
Destiny,Destiny Confronts MrGirl About His Relationship,2022-05-28 13:26:22+00:00,299232,4512,2250,92,49.04347826086956,0.020390070921985817,2.2905304245535234
Destiny,"GENOCIDE IS IMMINENT, BUY GUNS, SHOOT THEM - Vaush Masks Off In Insane Debate",2022-05-29 13:31:00+00:00,448960,6873,3868,223,30.820627802690584,0.032445802415248075,2.442088382038489
Destiny,MOST WRONG THING I'VE HEARD IN MY ENTIRE LIFE - Crowder's Take On Great Replacement,2022-05-30 15:42:50+00:00,249942,4350,1953,224,19.419642857142858,0.05149425287356322,2.611405846156308
Destiny,"DID DESTINY SEND YOU? - Vaush SHUTS DOWN Mid Debate, Accuses Rose Of Being Bad Faith",2022-05-31 19:04:42+00:00,308284,4798,1274,119,40.319327731092436,0.024802000833680702,2.0082132060048528
Destiny,Rose Defends His Vaush Debate,2022-06-01 18:15:28+00:00,127975,2466,391,39,63.23076923076923,0.015815085158150853,2.262941980855636
Destiny,Destiny Gets HEATED Against Redpill Conservative On Debate Panel,2022-06-02 18:40:40+00:00,331848,4932,2179,108,45.666666666666664,0.021897810218978103,2.1753935536751765
Destiny,Destiny Reacts To Amber Heard And Johnny Depp Verdict,2022-06-03 18:51:54+00:00,144847,2454,570,47,52.212765957446805,0.01915240423797881,2.1201681774562124
Destiny,"Vaush Makes Big Mistake Mid Debate, Tries To Change Subject",2022-06-04 17:03:33+00:00,265610,4705,1711,57,82.54385964912281,0.012114771519659936,2.4370317382628666
Destiny,I SAID NO - Destiny Reacts To Multiple Allegations Against Tilian From Dance Gavin Dance,2022-06-05 15:41:45+00:00,165456,3079,832,41,75.09756097560975,0.013316011692107827,2.3885504303258873
Destiny,"Debate Opponent Accuses Destiny Of Lying, Makes Bet Mid Debate ft. AdamSomething",2022-06-06 22:31:07+00:00,242567,3703,1371,94,39.3936170212766,0.025384823116392115,2.1305453750922427
Destiny,"Reacting To Vaush's Genocide Debate w/ Sitch & Adam, DoomerPolitics",2022-06-07 22:25:45+00:00,240887,3109,1428,114,27.271929824561404,0.0366677388227726,1.93078082254335
Destiny,Destiny Convinces Him To Quit The Debate,2022-06-08 21:54:18+00:00,176879,4585,852,38,120.65789473684211,0.008287895310796075,3.095336359884441
Destiny,Destiny Stands Trial For All His Past Controversial Tweets,2022-06-09 21:10:14+00:00,215110,5892,546,57,103.36842105263158,0.009674134419551934,3.0193854307098693
Destiny,"The Alt Right Debate - Past, Present And Future",2022-06-10 21:18:35+00:00,124624,2135,842,159,13.427672955974844,0.07447306791569086,2.516369238669919
Destiny,Lauren Southern Twitter Argument BLOWS UP Into Heated Debate,2022-06-11 22:05:23+00:00,210088,3623,2546,271,13.3690036900369,0.0747998895942589,3.0653821255854687
Destiny,"Martin Shkreli Opens Up On Surviving Prison - Rules, Gangs, Fights And Snitches",2022-06-12 21:37:21+00:00,309695,6112,825,74,82.5945945945946,0.012107329842931938,2.263840229903615
Destiny,"Vaush Debates An Expert w/ No Prep, Makes Crazy Arguments...",2022-06-13 21:04:33+00:00,1338553,14348,4712,403,35.602977667493796,0.028087538332868693,1.4540328249983379
Destiny,Leftists Get Into HEATED Debate w/ Destiny On Dating Panel,2022-06-14 23:01:18+00:00,329518,4209,1862,105,40.08571428571429,0.024946543121881683,1.874252696362566
Destiny,All Mistakes In Dr K And Reckful's Controversial First Interview,2022-06-15 23:00:08+00:00,192698,2843,859,164,17.335365853658537,0.05768554344002814,2.0062481188180468
Destiny,Aba Jumps On Stream To Push Back Against Destiny - Redpill Debate,2022-06-16 21:15:00+00:00,296533,5934,1317,98,60.55102040816327,0.01651499831479609,2.478307641982511
Destiny,Dave Rubin Leaves Kyle Kulinski And Destiny Confused And Speechless,2022-06-17 21:00:15+00:00,145719,2382,802,269,8.855018587360595,0.11293031066330815,2.369629217878245
Destiny,Redpill Expert Debates Destiny And Lauren Southern...,2022-06-18 20:30:03+00:00,199707,3602,1123,80,45.025,0.02220988339811216,2.406024826370633
Destiny,"""I HAVE TO FIGHT HASAN PIKER"" Sam Hyde Clarifies Boxing Hasan And Idubbbz Prank",2022-06-19 20:15:00+00:00,589275,14282,2556,242,59.01652892561984,0.016944405545441816,2.898476942005006
Destiny,"Hasan MALDS Over Tier List, Hates xQc Unironically Now",2022-06-20 20:45:03+00:00,240115,5267,734,48,109.72916666666667,0.009113347256502752,2.51920954542615
Destiny,Destiny Reacts To The Portland Confrontation And Students Being Harmed,2022-06-21 21:43:41+00:00,205417,4410,1769,55,80.18181818181819,0.012471655328798186,3.0348023776026327
Destiny,"AJW Turns On Lauren Southern, Joins Destiny's Side Mid Debate",2022-06-22 21:30:08+00:00,174334,3261,1702,83,39.28915662650602,0.025452315240723705,2.8944439983021097
Destiny,Confronting Destiny On Vaush Debate And Allegations Against Dance Gavin Dance Review,2022-06-23 21:30:01+00:00,173564,2591,713,84,30.845238095238095,0.032419915090698574,1.9520176995229428
Destiny,Vaush Fan Tries To Debate Destiny Out Of Quitting Politics,2022-06-24 21:45:00+00:00,191609,3756,937,24,156.5,0.006389776357827476,2.4617841541889995
Destiny,Destiny's Future Political Project,2022-06-25 21:45:00+00:00,164824,3966,620,91,43.582417582417584,0.022945032778618254,2.83757219822356
Destiny,"Destiny Clashes w/ Panelists, Triggers Conservative Audience",2022-06-26 21:30:05+00:00,550498,12821,4806,307,41.762214983713356,0.02394509008657671,3.257777503278849
Destiny,Tim Pool And Destiny Discuss Roe V Wade,2022-06-27 21:30:03+00:00,240799,5415,1013,96,56.40625,0.01772853185595568,2.7093135768836247
Destiny,Tulsi Gabbard Surprises Destiny At Pre-Event Debate Panel,2022-06-28 22:25:13+00:00,168089,3965,1083,31,127.90322580645162,0.007818411097099623,3.021613549964602
Destiny,Destiny Explains Past Drama,2022-06-29 22:15:00+00:00,170149,5082,440,41,123.95121951219512,0.008067689885871704,3.269487331691635
Destiny,Cop's Own Partner Can't Defend Him | Bodycam Reveals Infuriating Abuse Of Power,2022-06-30 22:15:02+00:00,194656,4195,1310,70,59.92857142857143,0.0166865315852205,2.8640267959888215
Destiny,Redpill Conservative Pins Destiny w/ Gotcha Question Mid Debate,2022-07-01 22:00:05+00:00,215568,2876,1126,95,30.273684210526316,0.03303198887343533,1.9005603800192978
Destiny,We Do Everything Together But I'm Not Happy w/ Our Relationship... AITA?,2022-07-02 22:15:00+00:00,198732,4313,684,90,47.922222222222224,0.02086714583816369,2.559728679830123
Destiny,"Dennis Prager Debates Teenage Girls Into Tears, Destiny To Step And Pushes Back",2022-07-03 22:00:23+00:00,329004,8401,1408,167,50.30538922155689,0.01987858588263302,3.032181979550401
Destiny,Destiny Teams Up w/ Conservative In Abortion Debate,2022-07-04 21:45:00+00:00,338304,5515,3488,98,56.275510204081634,0.017769718948322757,2.6901839765418085
Destiny,"Debating The ""Aqua"" Professor Vaush Made Crazy Arguments Against",2022-07-05 21:45:01+00:00,483023,8632,1446,81,106.5679012345679,0.009383688600556071,2.103212476424518
Destiny,Shapiro Debate Goes Wrong.,2022-07-06 21:30:06+00:00,201515,3666,1850,95,38.589473684210525,0.02591380250954719,2.784408108577525
Destiny,HE KILLED 2 PEOPLE - Destiny Challenges Sam Seder To A Debate,2022-07-07 18:41:02+00:00,181153,4155,2150,170,24.441176470588236,0.04091456077015644,3.5743266741373314
Destiny,HEATED Rittenhouse Debate w/ Sam Seder,2022-07-08 16:51:25+00:00,734208,12206,10172,455,26.826373626373627,0.03727674913976733,3.109881668410042
Destiny,Grandma Debates Destiny On MrGirl's Panel,2022-07-09 14:59:31+00:00,125453,1978,910,43,46.0,0.021739130434782608,2.336333128741441
Destiny,Addressing Perma-Ban And The Trans Question | Twitch Ban Manifesto Part 1,2022-07-10 13:05:20+00:00,299049,9373,965,153,61.26143790849673,0.01632348234289982,3.508120742754532
Destiny,Addressing All Lies w/ Receipts | Twitch Ban Manifesto Part 2,2022-07-10 23:00:11+00:00,251609,5852,676,24,243.83333333333334,0.004101161995898838,2.6040403960112717
Destiny,Addressing Vaush's Allegations | Twitch Ban Manifesto,2022-07-11 21:30:00+00:00,627484,9348,2188,151,61.90728476821192,0.01615318784766795,1.8625176100107732
Destiny,xQc And Greekgodx Get Personal In Heated Debate,2022-07-12 21:15:03+00:00,403061,6229,1361,106,58.764150943396224,0.017017177717129555,1.9093884052289851
Destiny,Xanderhal Exposes His Girlfriend,2022-07-13 19:57:41+00:00,198722,3493,881,53,65.90566037735849,0.015173203549957057,2.2277352281076075
Destiny,Destiny Reacts To How People Are Radicalized,2022-07-14 19:02:51+00:00,411842,7440,3237,934,7.965738758029978,0.12553763440860216,2.8192850656319655
Destiny,Kulinski Confronts Jordan Peterson On His Twitter Ban Drama,2022-07-15 18:51:29+00:00,169312,3038,2405,193,15.740932642487047,0.06352863726135616,3.328765828765829
Destiny,Destiny Goes On The Defense In An Intensely Heated Debate ft. Sneako,2022-07-16 18:24:12+00:00,490583,10968,2716,104,105.46153846153847,0.009482129832239242,2.8105335896270356
Destiny,xQc Gets Heated w/ Andrew Tate Moderated By Adin Ross And TrainwrecksTV,2022-07-17 19:13:49+00:00,358488,5589,2459,112,49.901785714285715,0.020039363034532118,2.2762268193077593
Destiny,xQc Asks Destiny For Big Help,2022-07-18 17:46:52+00:00,337259,6308,1432,77,81.92207792207792,0.012206721623335448,2.317803231344456
Destiny,WHAT IF IT'S YOUR CHILD? - Aba Confronts xQc,2022-07-19 16:36:30+00:00,297698,6124,1371,65,94.21538461538462,0.010613977792292619,2.5394863250676862
Destiny,"Destiny Defends xQc From Aba Preach Video, Debates Redpill Expert",2022-07-20 17:13:58+00:00,211406,5278,1287,94,56.148936170212764,0.017809776430466086,3.149863296216758
Destiny,Sargon Admits Destiny Wins Morality Debate,2022-07-21 16:44:51+00:00,201315,3857,1409,62,62.20967741935484,0.01607466943220119,2.646598614112212
Destiny,YOU'RE COWARDLY - Destiny Calls Out NuanceBro On Conservative Panel,2022-07-22 17:22:16+00:00,219478,3288,1227,113,29.097345132743364,0.034367396593673966,2.1086395903006223
Destiny,"Hasan Triggers Andrew Tate, Destroys Him In Debate",2022-07-23 16:22:16+00:00,843398,17767,4758,765,23.22483660130719,0.04305735352057185,2.7614483316299063
Destiny,"Destiny LOSES Patience, Gets TRAPPED In A Libertarian Debate",2022-07-24 17:22:27+00:00,307981,3860,1018,75,51.46666666666667,0.019430051813471502,1.6082160912523826
Destiny,Victims CAN'T Use Lethal Force!? - DEBATING A PACIFIST,2022-07-25 16:29:33+00:00,302578,5289,2283,68,77.77941176470588,0.01285687275477406,2.5249687683836894
Destiny,"""DESTINY TOOK 4 YEARS TO WRITE THIS"" - Debating Leftist On The Manifesto",2022-07-26 17:55:16+00:00,312639,4916,1296,60,81.93333333333334,0.012205044751830757,2.006147665518377
Destiny,Lauren Southern Manifesto Leaks All,2022-07-28 09:59:47+00:00,389841,5472,1877,121,45.22314049586777,0.022112573099415205,1.9161658214502837
Destiny,Honest Criticisms Of Lauren's Manifesto Turns Into 3-Way Debate,2022-07-29 09:59:09+00:00,306110,4123,1500,68,60.63235294117647,0.016492845015765218,1.8591356048479304
Destiny,Artesian Build Ex-Employees Reveal Why The Company Collapsed,2022-07-30 10:28:30+00:00,114244,1989,224,11,180.8181818181818,0.005530417295123178,1.946710549350513
Destiny,A WAY TO RESOLVE DISPUTES IS THROUGH VIOLENCE - Debating A Leftist,2022-07-31 19:41:12+00:00,360647,5567,2821,63,88.36507936507937,0.0113166876234956,2.343288589673559
Destiny,Lauren Manifesto Leads To Fuentes Shouting Match,2022-08-01 19:29:04+00:00,355654,4937,1038,115,42.93043478260869,0.023293498075754506,1.7123383963065226
Destiny,"""WOMEN SHOULD BE PROPERTY"" - Destiny Gets Triggered, Moderator Strips...",2022-08-02 18:34:26+00:00,433677,6496,2163,90,72.17777777777778,0.013854679802955665,2.0174000465784445
Destiny,"Destiny Puts TikTokker On The Spot, Asks For Breonna Taylor Details...",2022-08-03 15:25:57+00:00,288312,5024,1673,142,35.38028169014085,0.028264331210191083,2.3720830211715085
Destiny,HE SAID SO MANY STUPID THINGS IN A ROW - Reacting To Matt Walsh And Angry Tom Cruise,2022-08-04 12:58:01+00:00,181852,3488,1306,297,11.744107744107744,0.08514908256880734,2.7995292875525153
Destiny,YOU'RE TRIGGERED! Aba Steps In To Moderate HEATED Sneako Debate,2022-08-05 16:06:58+00:00,1219797,32243,8102,333,96.82582582582583,0.01032782309338461,3.3348171867941963
Destiny,Destiny LOSES Patience w/ MrGirl And SNAPS During White Grievance Panel,2022-08-06 11:39:06+00:00,371763,5164,2690,81,63.75308641975309,0.0156855151045701,2.134424350997813
Destiny,"""WHAT DO YOU THINK ABOUT JEWS?"" Sneako Meets Fuentes, Makes Big Mistake...",2022-08-07 08:50:19+00:00,384008,6019,1440,239,25.184100418410043,0.039707592623359364,2.0046457365471553
Destiny,I Wasn't Trying To Sleep With AOC - Debating Alex Stein On The AOC Capitol Steps Viral Incident,2022-08-08 08:23:48+00:00,231227,4622,3198,375,12.325333333333333,0.08113370835136305,3.5441362816626083
Destiny,"Sneako Jumps Into Panel, Triggers MrGirl Into A Stunlock...",2022-08-09 04:45:02+00:00,312759,5987,1328,40,149.675,0.006681142475363287,2.351650951691238
Destiny,HOW CAN YOU SAY SOMETHING SO STUPID? Vaush's Debate Opponent Asks For Help,2022-08-10 06:54:01+00:00,212787,3541,1335,92,38.48913043478261,0.025981361197401864,2.3347290952924755
Destiny,SNEAKO Drops Spicy Redpill Takes w/ FRESH AND FIT...,2022-08-11 01:11:41+00:00,277263,4767,1319,81,58.851851851851855,0.016991818753933293,2.224241965209927
Destiny,Sneako And Destiny Debate Redpill Truths IRL,2022-08-11 19:12:11+00:00,914350,24012,4801,219,109.64383561643835,0.009120439780109945,3.1751517471427793
Destiny,Crazy Debate Turns Into HEATED Personal Confrontation...,2022-08-12 16:02:47+00:00,416513,6570,2235,139,47.26618705035971,0.021156773211567732,2.1473519433967247
Destiny,Redpill Debate w/ SNEAKO And FRESH AND FIT,2022-08-13 13:04:36+00:00,915719,19483,4376,167,116.66467065868264,0.00857157521942206,2.623730642260344
Destiny,Debate Roundtable w/ 9 Women... Fresh And Fit w/ Sneako AFTERHOURS Show,2022-08-14 11:07:14+00:00,643459,11358,3840,154,73.75324675324676,0.013558725127663322,2.3858551982332985
Destiny,"FRESH AND FIT Producer RATES MELINA, Calls Out DESTINY'S RUDE Behavior",2022-08-15 04:00:48+00:00,430649,9545,2143,71,134.43661971830986,0.007438449449973808,2.7305299675605887
Destiny,Destiny Debates A Bluepill Using Redpill Arguments,2022-08-15 23:00:43+00:00,247755,4975,987,69,72.10144927536231,0.013869346733668343,2.4342596516720145
Destiny,"Destiny Gives Aba Honest Opinion On Sneako & Fresh N Fit, Debates Andrew Tate Take",2022-08-17 00:56:19+00:00,377092,8543,1448,81,105.46913580246914,0.00948144679854852,2.670966236356115
Destiny,"Martin Shkreli CONFRONTS Destiny, NUKES Bridge In Heated Debate",2022-08-17 22:14:42+00:00,232749,5967,1312,126,47.357142857142854,0.021116138763197588,3.1815389110157293
Destiny,"Race Debate w/ SNEAKO, ABA, JIDION, YOUNG DON And NICK",2022-08-18 20:36:31+00:00,1658311,27407,8149,651,42.09984639016897,0.02375305578866713,2.1833660875432894
Destiny,"Sneako Challenges Hasan, Calls Destiny",2022-08-19 16:34:44+00:00,297916,7406,1004,84,88.16666666666667,0.011342155009451797,2.851139247304609
Destiny,WOMEN CAUSE SOCIALISM - Redpill Godfather Fresh And Fit Interview,2022-08-20 14:45:01+00:00,135072,2783,1351,113,24.628318584070797,0.04060366510959396,3.14424899312959
Destiny,Aba And Destiny Open Up About Sneako Panel Regrets,2022-08-21 13:00:25+00:00,213236,4932,806,73,67.56164383561644,0.014801297648012976,2.725149599504774
Destiny,"Fresh And Fit Host Joins HEATED Sneako Debate, Gives Details",2022-08-22 07:13:55+00:00,520643,10068,2513,94,107.1063829787234,0.009336511720301947,2.434489659901314
Destiny,Wild Conspiracy Debate Turns Into Even Crazier IQ Debate ft. SNEAKO,2022-08-23 01:14:19+00:00,698319,12291,4392,307,40.03583061889251,0.02497762590513384,2.432985498031702
Destiny,"Destiny And Cohosts Argue About CHEATING, Aba Calls Out Host For Her Relationship Behavior",2022-08-23 21:14:29+00:00,254758,4962,950,37,134.1081081081081,0.007456670697299476,2.3351572865228962
Destiny,Destiny Bluepills Nick In IRL Debate,2022-08-24 18:40:26+00:00,718058,13719,2836,419,32.74224343675418,0.03054158466360522,2.363875898604291
Destiny,"""I Agree w/ Destiny Now"" - Old Nick Fan Confronts Him IRL, Tells Nick He's Sliding Left",2022-08-25 08:01:21+00:00,386584,9340,2134,114,81.9298245614035,0.012205567451820129,2.9975374045485585
Destiny,Andrew Tate's Final Message - Destiny Gives His Honest Thoughts...,2022-08-26 01:50:48+00:00,456053,8554,3305,264,32.40151515151515,0.030862754267009587,2.6582436690472377
Destiny,Destiny Versus The Redpill God Father...,2022-08-26 16:56:48+00:00,270739,4593,1471,305,15.059016393442622,0.06640539952101024,2.3524501457122913
Destiny,H3H3 Calls Aba & Preach STUPID,2022-08-27 11:53:10+00:00,397490,11900,1001,98,121.42857142857143,0.00823529411764706,3.2702709502125837
Destiny,Joe Rogan's Zuckerberg JRE Leads To Debate w/ Lawyer...,2022-08-28 07:03:39+00:00,201757,3110,1418,712,4.367977528089888,0.22893890675241158,2.597183740836749
Destiny,"Destiny Defends Himself In HEATED 3v1 Debate, Wins Over Debate Opponent",2022-08-29 04:55:30+00:00,283089,4197,2140,266,15.778195488721805,0.06337860376459375,2.3324820109576847
Destiny,"Aba Actually LOSES Patience, Goes Glove Off In HEATED Debate",2022-08-30 04:34:08+00:00,422009,9106,3104,202,45.07920792079208,0.022183175927959587,2.9411695011243837
Destiny,"MrGirl Jumps Into Stream, Tries To Defend Himself...",2022-08-31 04:26:21+00:00,465232,5644,2177,143,39.46853146853147,0.025336640680368533,1.7118340956769955
Destiny,"Destiny Gets Grilled In Good Faith, JiDion Asks For Help Against MrBeast...",2022-09-01 05:41:28+00:00,188590,3123,654,67,46.61194029850746,0.021453730387447967,2.038284108383265
Destiny,"Destiny Debates Sex w/ Christian Conservatives, Teams Up W/ Love Guru",2022-09-02 05:27:03+00:00,255232,3730,1673,43,86.74418604651163,0.011528150134048258,2.1337449849548644
Destiny,Destiny Helps Viewer Realize Her Man Is Toxic | CALL-IN ADVICE SHOW,2022-09-03 07:36:56+00:00,182253,3519,419,76,46.30263157894737,0.02159704461494743,2.2024328817632632
Destiny,Andrew Tate Cancellation Debate w/ Sneako And Fresh N Fit ft. MJGetRight,2022-09-04 04:41:56+00:00,324234,6419,2025,201,31.935323383084576,0.031313288674248325,2.666284226823837
Destiny,Destiny Gets HEATED w/ Girls And Guests On Fresh N Fit ft. SNEAKO,2022-09-05 00:45:12+00:00,1209349,17757,7892,306,58.029411764705884,0.017232640648758235,2.146196011242412
Destiny,Destiny Interviews Sneako's Girlfriend,2022-09-05 22:27:53+00:00,258549,4895,1201,58,84.39655172413794,0.011848825331971399,2.3802064598973502
Destiny,Destiny Shows Proof Streamer Mass Reported MrGirl And CONFRONTS Him On Panel,2022-09-07 00:48:32+00:00,217317,4248,1248,72,59.0,0.01694915254237288,2.562155744833584
Destiny,"MrGirl Speaks About His Ban, Addresses The Streamer That Mass Reported Him",2022-09-07 23:09:54+00:00,129331,3199,558,69,46.36231884057971,0.021569240387621133,2.958300794086491
Destiny,Fresh And Fit Girl Talks To Destiny 1 on 1,2022-09-08 22:00:32+00:00,288478,5803,2118,66,87.92424242424242,0.011373427537480614,2.768668667974681
Destiny,Simp Leftist Makes Pathetic Hitpiece And Destiny Rips it Apart,2022-09-09 21:54:01+00:00,794275,9432,2162,129,73.11627906976744,0.013676844783715014,1.475937175411539
Destiny,Keffals Doxxess Wrong Person And Why Destiny Is Talking To Lawyers.,2022-09-11 05:05:04+00:00,317522,6412,1310,118,54.33898305084746,0.018402994385527137,2.4691202499354374
Destiny,"H3H3 Accidentally Catches Keffals Lying, Interview Goes Wrong...",2022-09-12 05:15:53+00:00,370969,6984,1664,121,57.71900826446281,0.017325315005727378,2.363809374907337
Destiny,"""HE'S TRYING TO CONVERT MY FANS"" - Nick Gets Frustrated Over Sneako And MrGirl Drama",2022-09-13 05:18:19+00:00,248163,4418,709,97,45.54639175257732,0.02195563603440471,2.1050680399576085
Destiny,Peace Talks DERAILS Into HEATED Race Realism Debate,2022-09-14 05:29:53+00:00,394649,5811,1635,135,43.044444444444444,0.023231801755291687,1.9209474748447353
Destiny,Destiny Gets Into A Debate At A Cafe In NYC...,2022-09-15 05:22:19+00:00,133864,2095,472,564,3.7145390070921986,0.2692124105011933,2.33894101476125
Destiny,"Keffals Makes Up More Lies About Destiny, Briannu Wu Joins In On Dogpile",2022-09-16 17:00:36+00:00,320209,4810,1132,93,51.72043010752688,0.019334719334719336,1.8847065510338559
Destiny,Leftist Lists Books He Knows In BIZARRE Rittenhouse Debate,2022-09-17 18:04:50+00:00,305120,4852,1806,73,66.46575342465754,0.015045342126957956,2.206017304667016
Destiny,"Sneako Confronts Destiny After His Ban, They Get Into A Screaming Match",2022-09-18 14:38:32+00:00,336450,7319,1852,131,55.87022900763359,0.01789862003005875,2.7647495913211473
Destiny,US Senate Committee Watches Sneako Debate w/ Destiny,2022-09-19 10:00:22+00:00,208136,4418,1107,88,50.20454545454545,0.019918515165233137,2.696794403659146
Destiny,Mizkif And Maya SA Cover Up Allegations,2022-09-20 08:07:05+00:00,423728,9813,1807,124,79.13709677419355,0.012636298787322938,2.771589321451497
Destiny,Asmongold Reacts To Mizkif Allegations And Maya Responds,2022-09-20 12:09:16+00:00,460928,9077,1412,393,23.09669211195929,0.04329624325217583,2.3608893362954735
Destiny,Adrianah Clarifies Mizkif's Cover Up Allegations To Destiny And Hasan,2022-09-20 17:39:28+00:00,203913,4653,527,60,77.55,0.012894906511927788,2.5697233624143627
Destiny,xQc Confronts Hasan And Pokimane,2022-09-21 18:55:35+00:00,581181,9629,1948,170,56.641176470588235,0.017655000519264722,2.021229186776581
Destiny,Mizkif And OTK Break Their Silence ft. TrainwrecksTV And Devin Nash,2022-09-22 11:42:47+00:00,317985,5636,769,54,104.37037037037037,0.00958126330731015,2.0312278881079298
Destiny,xQc And Trainwrecks Convo On Mizkif Drama Derails Into HEATED Debate,2022-09-22 16:11:37+00:00,261517,4735,968,69,68.6231884057971,0.01457233368532207,2.207122290329118
Destiny,The Leaked Mizkif Call - Part 1,2022-09-23 13:46:01+00:00,1150135,21386,4620,337,63.45994065281899,0.01575797250537735,2.2904267759871666
Destiny,The Leaked Mizkif Call - Part 2,2022-09-23 19:44:13+00:00,663553,11636,2437,104,111.88461538461539,0.0089377793056033,2.1365286570929527
Destiny,The Leaked Mizkif Call - Part 3,2022-09-24 04:41:42+00:00,404281,7767,2015,67,115.92537313432835,0.008626239217200979,2.436176817609534
Destiny,"Destiny Can't Stop xQc, NUKES Unexpected BRIDGE From Orbit...",2022-09-25 01:00:11+00:00,406059,8297,1339,46,180.3695652173913,0.005544172592503315,2.38438256509522
Destiny,SHE CALLS OUT HASAN PIKER,2022-09-25 23:46:59+00:00,402237,9297,973,165,56.345454545454544,0.017747660535656663,2.5942417032744376
Destiny,Mizkif Asked Destiny For Help,2022-09-26 12:52:44+00:00,367707,8295,734,122,67.99180327868852,0.014707655213984329,2.4886662478549497
Destiny,Destiny Watches Mizkif VODs And Uncovers Big Lie,2022-09-27 06:08:17+00:00,405712,7949,1225,108,73.60185185185185,0.013586614668511762,2.2878297905903695
Destiny,"SNEAKO Angrily Defends His Course, Aba Tries To Moderate",2022-09-28 04:00:09+00:00,854629,14412,5560,135,106.75555555555556,0.009367194004995838,2.3527167929007793
Destiny,Bizarre Debate w/ A TikTok Communist...,2022-09-29 01:21:34+00:00,483288,12531,3638,79,158.62025316455697,0.006304365174367568,3.3619705020608825
Destiny,Magnus Makes Career Ending Accusations Against Hans,2022-09-30 00:59:29+00:00,232014,4989,1057,113,44.150442477876105,0.022649829625175387,2.654581189066177
Destiny,"Destiny's Verdict On Mizkif, Warns Zherka About Fake Hasan Nuke",2022-10-01 01:01:46+00:00,267633,5127,545,76,67.46052631578948,0.014823483518626878,2.147717209761128
Destiny,"""DO YOUR JOB!"" - Andrew Tate Debates Sneako",2022-10-01 22:43:15+00:00,997054,16174,2604,328,49.3109756097561,0.02027946086311364,1.916245258531634
Destiny,Keffals Manifesto: Destiny Leaks All DMs And Addresses All Allegations,2022-10-02 05:40:55+00:00,802277,19446,3376,438,44.397260273972606,0.02252391237272447,2.899248015336349
Destiny,Explaining Jordan Peterson Debate Jebait And The Potential Lawsuit,2022-10-03 07:48:33+00:00,307768,7234,845,230,31.452173913043477,0.031794304672380425,2.699760858828728
Destiny,"Keffals Defender Realize She Lied, Confronts Keffals In Leaked DMs",2022-10-04 04:15:47+00:00,273578,6123,705,61,100.37704918032787,0.00996243671402907,2.5181118364780795
Destiny,Destiny Actually Convinces Her To Concede A Trans Debate,2022-10-05 04:21:23+00:00,347147,6000,1645,237,25.31645569620253,0.0395,2.2705078828277356
Destiny,"Women Try To Explain Why Men Are Lonely, Single And Sexless...",2022-10-06 04:03:32+00:00,286228,6052,2431,586,10.327645051194539,0.09682749504296101,3.1684531212879246
Destiny,"Ukrainian Calls Out US Leftists, Dispels Popular Russian Misinformation",2022-10-07 04:07:31+00:00,234765,6651,1470,144,46.1875,0.02165087956698241,3.520541818414159
Destiny,They Deleted His Website Because He Helped Destiny,2022-10-09 22:45:15+00:00,158058,3513,497,27,130.11111111111111,0.007685738684884714,2.554125700692151
Destiny,Destiny Gets Honest Criticism On His Debate Style From Peter Boghossian,2022-10-11 21:34:14+00:00,336489,9406,913,55,171.01818181818183,0.005847331490537955,3.0830131148417927
Destiny,Destiny Breaks Down All The Traps In Andrew Tate vs Piers Morgan Debate,2022-10-12 20:37:15+00:00,526972,8025,2506,229,35.043668122270745,0.02853582554517134,2.0418542161632875
Destiny,Kanye West Reveals Too Much To Tucker Carlson | UNCENSORED VERSION,2022-10-13 18:15:01+00:00,237274,4406,1440,212,20.78301886792453,0.048116205174761686,2.5531663814830114
Destiny,"Debate Gets Way Too Personal, Destiny Has To Step In And Completely Takes Over",2022-10-14 18:00:07+00:00,329335,4850,1397,136,35.661764705882355,0.028041237113402062,1.93814808629511
Destiny,"""Sorry For Getting Emotional""  A MrGirl Bridge Blows Up Live ft. Aba And ChudLogic",2022-10-15 17:56:55+00:00,412914,4879,1968,144,33.88194444444444,0.029514244722279155,1.6930886334684703
Destiny,Destiny Debates Vice President Nominee And The Moderator At LibertyCon,2022-10-16 14:52:38+00:00,213970,5602,1003,45,124.4888888888889,0.00803284541235273,3.107912324157592
Destiny,"""YOU SHOULD BE FIRED"" - MrGirl Confronts Destiny And Moderator, Lists Demands",2022-10-17 10:44:13+00:00,415593,4533,1780,120,37.775,0.026472534745201854,1.5479086510119275
Destiny,"Destiny Finally SNAPS, Almost Bans Entire Panel Addressing MrGirl False Allegations",2022-10-18 08:11:28+00:00,409294,7332,2214,48,152.75,0.006546644844517185,2.34403631619325
Destiny,Wokeness Has Gone Too Far | CHANGE MY MIND,2022-10-19 02:29:45+00:00,1979654,37839,17094,899,42.090100111234705,0.023758555987208965,2.8202908184965656
Destiny,Pro-Choice Vs EXTREME Pro-Life | CHANGE MY MIND,2022-10-20 02:29:30+00:00,599950,11753,4697,201,58.472636815920396,0.01710201650642389,2.7753979498291526
Destiny,Destiny Debates A Famous Journalist On The Ukraine War,2022-10-21 02:24:20+00:00,303007,4529,2236,130,34.83846153846154,0.028703908147493927,2.2755249878715675
Destiny,Immigration And White Culture Debate | CHANGE MY MIND,2022-10-22 02:00:13+00:00,261159,6334,2463,124,51.08064516129032,0.019576886643511208,3.4159266959974572
Destiny,"""HE MAD"" - Sneako Confronts Aba, Then Ragequits Call ft. JiDion",2022-10-23 03:24:31+00:00,802770,17660,3869,176,100.3409090909091,0.009966024915062289,2.703763219851265
Destiny,"Kanye Question Triggers Debate w/ Aba, NoJumper Host Jumps In To Give Inside Info",2022-10-24 03:53:08+00:00,245521,4125,2159,97,42.52577319587629,0.023515151515151517,2.59896302149307
Destiny,DJ Akademiks vs Fresh N Fit Girl Drama ft. Aba And Preach,2022-10-25 02:14:48+00:00,289809,6053,1068,83,72.92771084337349,0.0137122088220717,2.485775113954363
Destiny,"Destiny Finally Takes Gloves Off, Debate Ends In TEARS",2022-10-25 23:30:00+00:00,703868,10265,2551,182,56.4010989010989,0.017730150998538724,1.8466530656316242
Destiny,Destiny Orbiter Civil War | PRELUDE,2022-10-26 21:13:43+00:00,276854,4700,702,129,36.434108527131784,0.0274468085106383,1.9978038966386618
Destiny,"Aba CONFRONTS Destiny, Triggers MELTDOWN 13 Person Debate | CIVIL WAR",2022-10-27 23:48:07+00:00,730572,8858,3000,163,54.34355828220859,0.018401445021449536,1.6454230383863604
Destiny,CHANGE YOUR MIND Leftist Student Returns To Debate Destiny,2022-10-28 23:15:01+00:00,242174,4353,1896,58,75.05172413793103,0.013324144268320699,2.6043258153228668
Destiny,Destiny And MrGirl Bridge Collapses,2022-10-29 21:22:28+00:00,713928,7009,3217,256,27.37890625,0.036524468540447996,1.4682152822133323
Destiny,Sneako And Aba CLASH On Debate Panel Over DJ Akademiks Fresh N Fit Drama,2022-10-30 20:47:58+00:00,445714,8573,2009,184,46.59239130434783,0.021462731832497375,2.415450266314273
Destiny,"Kanye Tells Fridman ""I DON'T TRUST YOU!"" In Heated Interview Moment",2022-10-31 20:43:09+00:00,328889,4942,1558,136,36.338235294117645,0.027519222986645085,2.0177020210466146
Destiny,Destiny Reacts To Shapiro's Ukraine Nuclear War Take,2022-11-01 20:30:26+00:00,284378,5618,1676,223,25.192825112107624,0.0396938412246351,2.643312773843265
Destiny,Biden Has Been A Good President... | CHANGE MY MIND,2022-11-02 20:30:46+00:00,324918,7023,2789,539,13.029684601113173,0.07674782856329204,3.1857268603155258
Destiny,Destiny Debates A Far Right Student On Trans Issues And Diversity | CHANGE MY MIND,2022-11-03 20:32:55+00:00,571206,9654,3849,275,35.10545454545454,0.028485601823078518,2.4120895088637027
Destiny,"""DO NOT Make It Personal"" - Aba Gets Called Out And Dragged Into Impromptu Debate",2022-11-04 21:22:38+00:00,366415,5840,1692,127,45.98425196850393,0.021746575342465754,2.090252855368912
Destiny,"Destiny STRUGGLES In HEATED Debate, BEGS FOR HELP From Aba, NoJumper Sharp And Fanatiq",2022-11-05 20:56:40+00:00,425089,6269,4195,148,42.358108108108105,0.023608230977827403,2.49641839708861
Destiny,Destiny Moderates Aba's Debate w/ Feminist That Dislikes Him,2022-11-06 20:21:33+00:00,324521,6405,2254,33,194.0909090909091,0.005152224824355972,2.678409101414084
Destiny,Debate Panel Completely Derails Into HEATED Personal Insults ft. Aba,2022-11-07 18:47:45+00:00,652230,8647,5243,144,60.048611111111114,0.016653174511391235,2.151694954233936
Destiny,JiDion And Destiny Get Into HEATED Shouting Match ft. Aba,2022-11-08 20:27:45+00:00,257171,5037,2137,147,34.265306122448976,0.029184038117927337,2.8467439952405207
Destiny,JiDion And Low Tier God Squash Beef In The Middle of A Debate Panel,2022-11-09 19:29:26+00:00,187274,3387,1277,60,56.45,0.01771479185119575,2.52250712859233
Destiny,"RedPill Debater CHALLENGES Destiny, EMBARRASES Himself And Privates VOD",2022-11-10 14:49:18+00:00,2319183,41968,18341,612,68.57516339869281,0.0145825390773923,2.626830224264321
Destiny,Destiny Addresses Lav's Allegations And Exposes MrGirl,2022-11-11 14:29:55+00:00,663556,10385,3519,278,37.356115107913666,0.026769378911892152,2.137272513548216
Destiny,Destiny CONFRONTS Right Wing YouTubers In 1v5 Conservative Panel,2022-11-12 14:00:29+00:00,537157,6826,2385,201,33.960199004975124,0.029446234983885145,1.7521879078183846
Destiny,Destiny Shows MrGirl Allegation DMs And Aba Finally WEIGHS In,2022-11-13 13:25:17+00:00,471294,7007,2308,183,38.2896174863388,0.026116740402454687,2.0153025500006363
Destiny,Destiny Finds Out What Lav Said About Him In Private,2022-11-14 13:54:30+00:00,460813,6527,1596,151,43.22516556291391,0.02313467136509882,1.795522261741748
Destiny,"""SHE WASN'T UNDERAGED"" - Hasan Responds To INSANE Allegations, Leaks All DMs",2022-11-15 13:12:08+00:00,328561,6245,1377,108,57.824074074074076,0.017293835068054444,2.352683367776456
Destiny,RedPill Technologist Wants Destiny Dead After Losing Debate - Aba And Destiny React,2022-11-16 12:53:53+00:00,577202,10674,1645,124,86.08064516129032,0.011617013303353943,2.155744436089965
Destiny,"Sneako Wins Debate Vs Nick In Politics, SHOCKS And IMPRESSES Destiny",2022-11-17 14:07:33+00:00,351255,6685,944,226,29.579646017699115,0.03380703066566941,2.2362670994007203
Destiny,Gun Control Debate w/ Former Military And Law Enforcement Officer | CHANGE MY MIND,2022-11-18 14:07:27+00:00,299853,5626,2276,120,46.88333333333333,0.02132954141485958,2.6753109023421477
Destiny,Destiny Debates Former FOX AND FRIENDS Co-Host,2022-11-19 14:36:29+00:00,364439,7127,2298,92,77.46739130434783,0.012908657219026239,2.6114109631515836
Destiny,"Destiny FINALLY Debates Dillahunty, Gets Stumped w/ Hardest Question In Existence",2022-11-20 13:50:40+00:00,1103796,18486,7872,294,62.87755102040816,0.01590392729633236,2.414576606546862
Destiny,Destiny And Nuance Bro HEATED Live Debate On Biden's Presidency,2022-11-21 13:49:48+00:00,216037,3416,1240,96,35.583333333333336,0.02810304449648712,2.1996232126904185
Destiny,"ABA GETS CALLED OUT For Deleted Video, Defends Himself On Destiny's Debate Panel",2022-11-22 13:50:34+00:00,195132,4506,1532,109,41.3394495412844,0.024189968930315137,3.150175265973802
Destiny,Aba Gets MAD And Destiny Gets TRIGGERED Into An Actual Debate Before Expert Joins Call,2022-11-23 12:55:40+00:00,269669,4843,2263,118,41.04237288135593,0.02436506297749329,2.678839614490357
Destiny,Destiny's Honest Take On The Crypto Crash And Unpopular Prediction,2022-11-24 12:25:11+00:00,222472,3327,937,81,41.074074074074076,0.024346257889990983,1.9530547664425186
Destiny,MrGirl Orbiters Interrogate Destiny And Lav's DM To Groyper That Mass Flagged MrGirl,2022-11-25 11:52:22+00:00,339894,4193,1373,66,63.53030303030303,0.015740519914142617,1.656987178355605
Destiny,"MrGirl Melts Down Over Lav Question, Accuses His Own Orbiters Of Being BRAINWASHED",2022-11-26 14:35:37+00:00,478096,5230,1674,154,33.96103896103896,0.029445506692160613,1.4762725477728322
Destiny,"Lex Fridman Grills Shapiro, Wants To Know Destiny's Disagreements",2022-11-27 14:45:07+00:00,697447,6943,2060,290,23.94137931034483,0.04176868788708051,1.3324309947565909
Destiny,MoistCr1tikal vs Sneako Gets Personal,2022-11-28 14:54:15+00:00,602250,11025,2707,230,47.93478260869565,0.020861678004535148,2.3183063511830633
Destiny,Destiny Watches Kanye West Walk Off Timcast w/ NoJumper Adam22,2022-11-29 13:08:04+00:00,298868,5960,1183,182,32.747252747252745,0.03053691275167785,2.450914785122529
Destiny,Deplatforming People Like Kanye And Trump Could Backfire,2022-11-30 16:04:47+00:00,159769,2878,1187,154,18.68831168831169,0.05350938151494093,2.640687492567394
Destiny,Bryan Callen Debates Destiny,2022-12-01 16:07:52+00:00,257204,5667,994,90,62.96666666666667,0.015881418740074114,2.6247647781527506
Destiny,"Kanye ""Ye"" West Makes Alex Jones Squirm",2022-12-02 16:08:00+00:00,286871,5322,1574,176,30.238636363636363,0.03307027433295753,2.465219558616939
Destiny,"Fuentes Reveals Why Trump Insulted Kim In Front Of Kanye ""YE"" West During Mar-A-Lago Dinner",2022-12-03 16:59:16+00:00,239439,4013,988,129,31.108527131782946,0.03214552703712933,2.1425081127134677
Destiny,Destiny Meets Danny Mullen And Talks Sam Harris w/ Adam22,2022-12-06 13:03:28+00:00,141990,3102,326,81,38.2962962962963,0.02611218568665377,2.4713007958306923
Destiny,"Destiny Canvasses For Warnock, Gets Into Behind-The-Scene Debate In Georgia",2022-12-07 12:00:11+00:00,127013,5554,805,110,50.49090909090909,0.01980554555275477,5.093179438325211
Destiny,FTX CEO Gets Mad After Accidentally Admitting To FRAUD In Live Call,2022-12-08 13:09:41+00:00,201940,3245,739,37,87.70270270270271,0.01140215716486903,1.9911855006437555
Destiny,iShowSpeed Mocks A Chinese Person To His Face,2022-12-09 01:26:48+00:00,167404,3845,1300,212,18.13679245283019,0.055136540962288684,3.200043009724977
Destiny,"Kai Cenat CALLS OUT Destiny! DeFranco, Hasan And xQc Weigh In As iShowSpeed Drama Blows Up",2022-12-09 22:09:15+00:00,213955,4866,2508,166,29.313253012048193,0.034114262227702426,3.5241055362108855
Destiny,Feminist Shows Destiny An Insanely Toxic Andrew Tate Viral Video,2022-12-10 21:14:52+00:00,249853,3328,1459,181,18.386740331491712,0.05438701923076923,1.9883691610667071
Destiny,"Destiny Leaks DMs, Responds To Hasan And Agent00 ft. Aba And LegendOfWinning",2022-12-11 22:56:34+00:00,302412,6463,2462,83,77.86746987951807,0.012842333281757698,2.9787177757496397
Destiny,Woman Who Wants $500K Man FINDS OUT Avg Man Makes $45K | DESTINY REACTS TO COURTNEY RYAN INTERVIEW,2022-12-12 22:09:46+00:00,400129,6515,3226,161,40.46583850931677,0.024712202609363007,2.474701908634465
Destiny,Explaining To A Lefty Why I Disagree w/ Deplatforming Andrew Tate And Kanye West ft. Lonerbox,2022-12-13 21:59:44+00:00,190406,3108,669,74,42.0,0.023809523809523808,2.0225202987300817
Destiny,Destiny Jumps Into Podcast To Defend Himself Against Accusations ft. Let's Keep It A Buck,2022-12-14 22:01:27+00:00,222557,5967,1908,59,101.13559322033899,0.009887715770068712,3.564929433807968
Destiny,Sneako Surprises Destiny And Joins The Stream To Talk,2022-12-15 23:34:17+00:00,261087,4678,627,131,35.70992366412214,0.028003420265070543,2.082064599156603
Destiny,Destiny Gets Grilled About The Blackpill By Wheat Waffles ft. Emily And Todd,2022-12-17 03:40:52+00:00,286059,4248,2133,66,64.36363636363636,0.015536723163841809,2.25373087370088
Destiny,Destiny Interview Turns Into Impromptu Debate ft. Triggernometry,2022-12-19 07:26:37+00:00,193078,4271,1674,144,29.65972222222222,0.03371575743385624,3.1536477485782948
Destiny,"Rich Campbell DMs Leak, Gets Fired From OTK Instantly",2022-12-22 12:36:20+00:00,258784,5388,1395,132,40.81818181818182,0.024498886414253896,2.6721126499319894
Destiny,Elon Musk Gets HEATED During Live Call,2022-12-23 12:06:28+00:00,208702,3993,1188,171,23.350877192982455,0.04282494365138993,2.564421998830869
Destiny,"Destiny BLACKPILLS His Audience, Triggers EVERYONE (leftists, redpillers, friends...)",2022-12-24 11:43:32+00:00,241199,5416,1570,134,40.417910447761194,0.024741506646971934,2.95191936948329
Destiny,Hasan Trades Insults w/ Fresh N Fit In Heated Debate ft. DJ Akademiks,2022-12-25 11:28:48+00:00,309219,4222,1887,375,11.258666666666667,0.08882046423495973,2.096895727623464
Destiny,Sneako Gets Into A Huge Fight w/ Destiny On Christmas,2022-12-26 11:21:22+00:00,295501,6087,1534,139,43.79136690647482,0.022835551174634466,2.6260486428133913
Destiny,CEO Dev Who Triggered Elon Used To Work At Twitch And Opposed Destiny's Ban,2022-12-27 13:34:41+00:00,171978,3376,741,64,52.75,0.018957345971563982,2.4311249113258673
Destiny,Destiny Directly Confronts Sneako,2022-12-28 15:50:31+00:00,470665,9554,3038,179,53.374301675977655,0.01873560812225246,2.713394877460614
Destiny,Rise Of Lonely Single Men And Women's Biggest Complaint w/ Dating Apps,2022-12-29 17:56:10+00:00,281755,5882,1984,143,41.13286713286713,0.024311458687521253,2.8425405050487127
Destiny,Andrew Tate's Arrest And Response,2022-12-30 14:29:33+00:00,287233,5376,2337,274,19.62043795620438,0.050967261904761904,2.7806693520591295
Destiny,"Sneako Joins Twitter Call, Debates Andrew Tate's Arrest And Calls Speaker Emotional",2022-12-31 13:40:23+00:00,280637,4579,1724,142,32.24647887323944,0.031011137803013757,2.296561037924436
Destiny,"MONEY vs HEIGHT | Women Pick Men After Finding Out Income, Height And Looks",2023-01-01 13:37:57+00:00,245856,4622,1689,116,39.8448275862069,0.025097360450021637,2.614131849537941
Destiny,Destiny Puts Fresh N Fit And Sneako On The Spot w/ Tough Questions,2023-01-02 13:49:32+00:00,732785,14037,4314,287,48.90940766550523,0.020445964237372657,2.5434472594280724
Destiny,"Fresh N Fit Girl Asks Myron Tough Question, Highlights Huge Problem w/ Redpill Men",2023-01-03 13:41:51+00:00,555093,9208,4300,215,42.82790697674419,0.02334926151172893,2.472198352348165
Destiny,SCHOOL IS CHILD ABUSE! Destiny Debates Conservative Actress Sam Sorbo On PBD Podcast,2023-01-04 12:42:47+00:00,537218,8359,4254,95,87.98947368421052,0.011364995812896279,2.365520142660894
Destiny,Criminal Lawyer Finds Old Andrew Tate Video Incriminating Himself ft. Sneako,2023-01-05 17:10:42+00:00,422272,8050,3124,155,51.935483870967744,0.019254658385093167,2.682867914519551
Destiny,Logan Paul Addresses Coffeezilla's Allegations And Fires Back,2023-01-06 15:24:46+00:00,194511,2783,923,1293,2.1523588553750965,0.4646065397053539,2.5700345995856275
Destiny,Sydney Watson Tells JustPearlyThings She's Oversimplifying In Feminism Debate,2023-01-07 14:33:31+00:00,243046,4138,2530,130,31.83076923076923,0.03141614306428226,2.797001390683245
Destiny,Andrew Tate DELETED Those Videos For A Reason | Aba And Destiny Convo,2023-01-08 06:30:06+00:00,310766,6421,2394,264,24.321969696969695,0.04111509110730416,2.92149076797333
Destiny,"""THIS IS A MISTAKE"" Kai Cenat Responds To Serious NYE Party Allegations",2023-01-08 20:33:01+00:00,217149,3683,1312,56,65.76785714285714,0.015204995927233234,2.3260526182482995
Destiny,Destiny Defends What He Said About Kai Cenat,2023-01-09 09:00:20+00:00,169043,2534,739,101,25.08910891089109,0.039857932123125495,1.995941860946623
Destiny,"xQc Addresses Marriage Rumors, Demands Apology",2023-01-10 08:48:18+00:00,155557,3088,650,25,123.52,0.008095854922279792,2.419048965973887
Destiny,"Andrew Tate Self Snitches In Chat Logs, Didn't Expect To Be Caught",2023-01-11 08:43:59+00:00,344837,5653,2321,149,37.939597315436245,0.026357686184326906,2.3556056919646093
Destiny,Neil DeGrasse Tyson Podcast Turns Into HEATED Debate,2023-01-12 03:21:35+00:00,621827,9721,4349,590,16.476271186440677,0.060693344306141345,2.3575689058210725
Destiny,I'M SCREAMING AT YOU! - Redpill Debate Gets HEATED After Angryman Jumps In Against Destiny,2023-01-12 23:42:12+00:00,372796,7228,3554,76,95.10526315789474,0.010514665190924184,2.912584898979603
Destiny,BLACK WOMEN RUINED EVERYTHING? Destiny Gets Into Unexpected 1v3 Redpill Debate,2023-01-13 23:44:04+00:00,386688,8210,10807,129,63.64341085271318,0.01571254567600487,4.951278550148958
Destiny,Destiny Debates JustPearlyThings On Feminism And Trans Issues,2023-01-14 23:47:50+00:00,649535,9968,3780,348,28.64367816091954,0.034911717495987156,2.1701678893362173
Destiny,Destiny Debates JustPearlyThings On Andrew Tate,2023-01-15 23:39:47+00:00,983003,15077,7802,338,44.60650887573964,0.022418252968097102,2.361844267006306
Destiny,"""My Friends Did Terrible Things"" Ethan Klein Gets Emotional And WARNS Famous People!",2023-01-17 05:34:53+00:00,274258,4072,1382,168,24.238095238095237,0.0412573673870334,2.0498946247693777
Destiny,"Redpiller Attacks Destiny On Fresh N Fit, Calls Him An Enemy For Andrew Tate Hitjob",2023-01-18 05:49:05+00:00,259987,4580,1784,195,23.487179487179485,0.0425764192139738,2.5228184486147383
Destiny,Fresh N Fit Guests Spread Misinformation To Defend Andrew Tate,2023-01-19 05:55:48+00:00,216619,3867,1615,66,58.59090909090909,0.017067494181536073,2.561178843961056
Destiny,"""WORSE THAN THE LEFT"" Steven Crowder Attacks Daily Wire | RIGHT WING CIVIL WAR",2023-01-20 08:27:59+00:00,238636,3800,1192,109,34.862385321100916,0.028684210526315788,2.1375651620040563
Destiny,"Shapiro Calls Crowder NASTY, Crowder LEAKS Phone Call | RIGHT WING CIVIL WAR",2023-01-21 01:44:17+00:00,254126,4182,1294,73,57.28767123287671,0.017455762792922047,2.1835624847516586
Destiny,"IRL Debate w/ Sneako On Andrew Tate, Kanye And Masculinity ft. Destiny",2023-01-22 01:16:36+00:00,478118,6994,4610,246,28.43089430894309,0.03517300543322848,2.4784676586114727
Destiny,"Shapiro Exposes Crowder, Shows Entire Timeline",2023-01-23 02:45:55+00:00,281781,3918,942,166,23.602409638554217,0.042368555385400714,1.7836546821822623
Destiny,Politician's Daughter Shows Tate's DM,2023-01-24 03:25:04+00:00,296913,4466,1562,95,47.01052631578948,0.021271831616659204,2.062220246334785
Destiny,Destiny Debates Andrew Tate w/ Daniel Haqiqatjou,2023-01-24 21:30:12+00:00,387095,5600,3917,283,19.78798586572438,0.05053571428571429,2.5316782701920717
Destiny,Destiny Becomes Redpill To Debate Feminists,2023-01-25 22:45:01+00:00,415805,6220,2112,166,37.46987951807229,0.026688102893890675,2.0437464676951937
Destiny,Fresh N Fit Guest Refuses To Leave And Starts Fight ft. Sneako,2023-01-26 22:45:00+00:00,382321,4245,2442,120,35.375,0.028268551236749116,1.7804410429978996
Destiny,Confronting Destiny On Being Gaslit By The Redpill Community ft. Aba,2023-01-27 22:45:01+00:00,200709,3043,1223,81,37.5679012345679,0.026618468616496877,2.1658221604412358
Destiny,"Craziest Debates, Angriest Moments And Biggest Backstabs | DESTINY AWARDS 2022",2023-01-31 12:34:20+00:00,231000,5418,404,41,132.14634146341464,0.007567368032484312,2.5380952380952384
Destiny,Destiny Discusses Atrioc Controversy And The Bigger Problem ft. Brittany Simon,2023-02-01 12:34:17+00:00,265682,4474,1342,150,29.826666666666668,0.03352704514975414,2.24554166258911
Destiny,"Redpill Guru Goes After Preach, Destiny And Melina! Gets EXPOSED By Aba N Preach",2023-02-02 12:20:21+00:00,340084,5875,1269,71,82.74647887323944,0.012085106382978723,2.1215346796673766
Destiny,"""SCARIEST STUDY I'VE SEEN"" Rogan And Lex Fridman React To Obesity Genetics Claim",2023-02-03 12:34:34+00:00,279942,4827,1310,100,48.27,0.020716801325875285,2.2279615063120217
Destiny,YOU CAN'T TREAT BLACK KIDS LIKE THIS! Destiny Debates A Leftist,2023-02-04 15:38:25+00:00,575558,8864,4057,121,73.25619834710744,0.01365072202166065,2.2659749321527975
Destiny,"STOP DEFENDING BLACK PEOPLE! Alt-Righters Ambush Destiny w/ Gotcha Debates, Derail AMA",2023-02-05 16:34:32+00:00,368406,5315,1341,92,57.77173913043478,0.01730950141110066,1.8316748370004834
Destiny,DESTINY CALLS HER MASCULINE! Feminism Debate w/ @RealFemSapien,2023-02-06 17:26:50+00:00,383331,5779,3216,102,56.65686274509804,0.017650112476206955,2.373144880012313
Destiny,"""I'LL SMACK YOU UP!"" JustPearlyThings Live Debate Escalates Out Of Control",2023-02-08 02:32:04+00:00,701443,12637,6745,136,92.91911764705883,0.010762047954419561,2.782549686859802
Destiny,Destiny Reacts To Everyone Getting KICKED From JustPearlyThings Debate Panel...,2023-02-08 20:21:26+00:00,455804,8600,2800,124,69.35483870967742,0.01441860465116279,2.528279699168941
Destiny,Andrew Tate Debate w/ Legal Expert Takes Unexpected Turn ft. JustPearlyThings,2023-02-09 21:27:01+00:00,447031,7478,5827,145,51.57241379310345,0.019390211286440223,3.008739886048171
Destiny,JustPearlyThings Reacts To Destiny's Best Fresh N Fit Debate Moments w/ Sneako ft. Kelly Jean,2023-02-10 21:24:45+00:00,386608,5993,2263,71,84.40845070422536,0.011847155014183213,2.1538612755038695
Destiny,"POLITICS, REDPILL AND CANCEL CULTURE - DroppingInPodcast w/ Charlie From Charisma On Command",2023-02-11 20:59:58+00:00,177457,3779,422,23,164.30434782608697,0.006086266207991532,2.3802949446908266
Destiny,"Redpill ""Godfather"" Warns Aba N Preach, Makes Allegations w/ No PROOF",2023-02-12 18:48:22+00:00,295733,5701,1344,54,105.57407407407408,0.009472022452201368,2.4004761051353753
Destiny,"Leftist DERAILS Panel To Attack Destiny, Gets MAD And RAGEQUITS ft. Brianna Wu And WhickTV",2023-02-13 19:47:57+00:00,470363,5382,1635,105,51.25714285714286,0.01950947603121516,1.5141497099049033
Destiny,Destiny Gets Shocking Answers From Twitter File Journalists In 1v3 Debate,2023-02-14 19:48:09+00:00,308248,5560,1791,188,29.574468085106382,0.03381294964028777,2.4457579611222133
Destiny,"Destiny Reviews Andrew Tate Debate, Fact Checked His Opponent And Realizes His MISTAKE",2023-02-15 20:04:50+00:00,268330,2766,1012,77,35.922077922077925,0.027838033261026754,1.4366638094883166
Destiny,Jordan Peterson Triggers Intense IRL Debate w/ Feminist TikToker Farha Khalidi,2023-02-16 20:42:15+00:00,451045,6785,2432,210,32.30952380952381,0.030950626381724394,2.090035362325267
Destiny,ANDREW TATE WAS FRAMED? Tate Girl Leaked DMs And Adin Ross Statement,2023-02-18 11:14:50+00:00,273455,5842,2473,268,21.79850746268657,0.04587470044505306,3.138724835896217
Destiny,MrGirl Makes Destiny Worried About UNEXPECTED Keffals Offer...,2023-02-19 10:59:35+00:00,186146,2943,641,174,16.913793103448278,0.059123343527013254,2.018845422410366
Destiny,JORDAN PETERSON WANTS WOMEN TO BE PROPERTY!? Heated Debate w/ Feminist,2023-02-20 11:12:51+00:00,380586,5167,2860,161,32.09316770186335,0.031159280046448617,2.151419127345725
Destiny,"Aba Agrees w/ Sneako, Comes Down HARD On Leftists In Impromptu Debate",2023-02-21 11:20:09+00:00,194859,3605,1474,66,54.621212121212125,0.018307905686546465,2.6403707296044834
Destiny,Rad Feminist Instantly Quits Debate After Hearing Destiny's Logic,2023-02-22 11:07:17+00:00,538486,10528,4601,173,60.85549132947977,0.016432370820668694,2.841670906950227
Destiny,"""SHE'S SO MAD"" Personal Attack Blows Up Calm Debate, Makes Destiny SPEECHLESS",2023-02-23 11:03:26+00:00,375532,4776,2081,142,33.63380281690141,0.029731993299832497,1.863755951556725
Destiny,Destiny Gets Blackpilled By Kidology And Also Called Out By Aba,2023-02-24 10:08:29+00:00,235398,4656,1339,69,67.47826086956522,0.014819587628865979,2.5760626683319314
Destiny,Deepfake And Anti-P0rn Debate w/ Aussie Feminist ft. Creepy MrGirl Cameo,2023-02-25 10:12:59+00:00,203961,2989,649,94,31.79787234042553,0.031448645031783205,1.8297615720652478
Destiny,Destiny Debates A Confident But Clearly Wrong Conservative On Brexit And Ukraine,2023-02-26 10:24:46+00:00,196952,2916,803,72,40.5,0.024691358024691357,1.9248344774361266
Destiny,Rogan And Hasan Freak Out Over VIRAL Ohio Train Derailment Videos,2023-02-27 17:07:44+00:00,225403,3457,1807,1018,3.395874263261297,0.2944749783048886,2.787008158720159
Destiny,Destiny Reacts To Andrew Tate w/ JustPearlyThings Cohost KingRichez,2023-03-01 04:20:28+00:00,236535,4140,1666,98,42.244897959183675,0.023671497584541065,2.496036527363815
Destiny,Adam22 Debates Zherka On NoJumper And Destiny Can't Stop Laughing ft. Farha,2023-03-05 06:25:52+00:00,260634,5352,958,53,100.98113207547169,0.009902840059790733,2.441354543152467
Destiny,MrGirl's Going To Stop Destiny Before He Kills Someone,2023-03-05 18:51:01+00:00,259482,4145,893,35,118.42857142857143,0.008443908323281062,1.955048905126367
Destiny,Destiny FINALLY Confronts Lav,2023-03-06 07:47:05+00:00,510864,6812,2484,113,60.283185840707965,0.016588373458602465,1.841781765792853
Destiny,Destiny Debates Adin Ross On Andrew Tate,2023-03-06 09:26:21+00:00,781626,17668,4034,302,58.503311258278146,0.017093049581163686,2.8151571211807185
Destiny,LEAVE LAV ALONE! MrGirl's Girlfriend Gets Into Screaming Match w/ Everyone,2023-03-07 01:35:50+00:00,325166,4853,2314,207,23.444444444444443,0.04265402843601896,2.2677647724546848
Destiny,Former Fox Cohost Confronts Destiny On Andrew Tate | JEDEDIAH BILA DEBATE,2023-03-07 21:26:37+00:00,277734,5375,2773,143,37.58741258741259,0.026604651162790698,2.985230472322438
Destiny,Destiny Debates White Identity w/ Richard Spencer On NoJumper,2023-03-08 19:41:48+00:00,283600,5923,1629,173,34.23699421965318,0.029208171534695255,2.7239069111424543
Destiny,Lav Tells Destiny To Control Aba And Leaks Entire MrGirl Convo,2023-03-09 20:45:34+00:00,366018,5531,2062,132,41.90151515151515,0.02386548544566986,2.1105519400685213
Destiny,"Debate Completely DERAILS, Girl Guests PUSH BACK And Destiny LOSES His Mind...",2023-03-10 18:31:04+00:00,200147,3276,1406,105,31.2,0.03205128205128205,2.3917420695788594
Destiny,This Is Actually Becoming A Huge Trans Problem... | Debate w/ Taftaj And NotSoErudite,2023-03-11 19:14:49+00:00,252977,3574,1684,223,16.026905829596412,0.062395075545607165,2.1666001257031273
Destiny,Destiny Proves Panelists Are Far Right w/ A Simple Question | Left Vs Right Debate Panel,2023-03-12 18:54:32+00:00,432445,4382,1364,113,38.7787610619469,0.025787311729803742,1.35485437454474
Destiny,Destiny Explains How Conservatives Lost The Culture War On NoJumper,2023-03-13 19:05:36+00:00,231109,4585,717,99,46.313131313131315,0.021592148309705562,2.336992501373811
Destiny,IS IT MORALLY OK TO RESPOND W/ VIOLENCE? Destiny Defends Himself In 1v2 Debate,2023-03-14 19:02:43+00:00,348479,6479,3520,87,74.47126436781609,0.013427998147862325,2.8942920520318296
Destiny,Adam22 FIRES Cohost LIVE After Secret NoJumper Discord LEAKS,2023-03-15 18:39:18+00:00,329631,4608,1316,110,41.89090909090909,0.023871527777777776,1.8305317157670242
Destiny,Aba Found Out What Destiny Said About Sneako And Confronts Him,2023-03-16 18:45:00+00:00,287854,6483,954,64,101.296875,0.009871972852074657,2.605834902415808
Destiny,Destiny And Farha Address What Actually Happened.,2023-03-17 18:48:32+00:00,142863,3009,632,69,43.608695652173914,0.022931206380857428,2.5968935273653777
Destiny,TRUMP'S IMMINENT ARREST IS ACTUALLY SCARY,2023-03-19 06:58:51+00:00,304880,4885,1885,170,28.735294117647058,0.03480040941658137,2.2763054316452376
Destiny,"DJ Akademiks Reveals YT Money Meta, NoJumper Drama And Destiny's Situation",2023-03-20 06:49:56+00:00,160031,3227,438,56,57.625,0.01735357917570499,2.325174497441121
Destiny,Tucker Carlson vs Shapiro And The Vacuum Left By God,2023-03-21 07:20:46+00:00,186645,3921,720,93,42.16129032258065,0.023718439173680182,2.5363658281764847
Destiny,"Destiny Finds Out How Brittany Really Views Him, Burns The Bridge Completely",2023-03-22 07:28:24+00:00,557130,8768,3417,163,53.79141104294479,0.018590328467153285,2.216358839050132
Destiny,Destiny Reflects On Brittany And Prepares For Sneako Bridge Collapse,2023-03-23 07:25:25+00:00,226043,4877,1145,78,62.52564102564103,0.0159934385892967,2.6986015935021213
Destiny,"""That Would Be WILD!"" Aba Updates Destiny On Andrew Tate And Eugenics Debate",2023-03-24 06:25:14+00:00,243703,3539,1384,79,44.79746835443038,0.022322690025430914,2.05249832788271
Destiny,Rumble CEO Tells Destiny The Truth And HEATED Adin Ross Optics L Debate,2023-03-25 06:26:01+00:00,252844,4265,656,57,74.82456140350877,0.013364595545134817,1.9688028982297385
Destiny,JiDion's 2 Gender Question Triggers Insanely HEATED Debate,2023-03-26 07:18:45+00:00,319599,6538,1859,127,51.48031496062992,0.019424900581217496,2.667092199913016
Destiny,Destiny Gives Train His Honest Review Of The Hasan Debate,2023-03-27 11:09:50+00:00,248521,3696,721,66,56.0,0.017857142857142856,1.8038717050068203
Destiny,Feminists Confront Destiny On His Debate Skills And Fresh N Fit Strategies On NoJumper,2023-03-29 11:48:00+00:00,252708,4212,994,127,33.16535433070866,0.030151946818613485,2.110340788578122
Destiny,TRUMP INDICTED | Destiny Debates Tim Pool Live,2023-03-31 05:29:28+00:00,347983,6558,2891,131,50.06106870229008,0.01997560231777981,2.753008049243785
Destiny,Andrew Tate RELEASED! Tristan Tate's Ex Gets Emotional On SOSCAST,2023-04-01 00:14:09+00:00,368279,6511,4034,473,13.765327695560254,0.07264629089233604,2.991753534684302
Destiny,Adin Ross CANCELLED Reacting To Destiny And Trainwrecks Gets Ambushed Into Debate,2023-04-02 09:26:20+00:00,220328,3661,682,44,83.20454545454545,0.012018574160065555,1.9911223267129008
Destiny,Bombshell On Destiny That Disturbed MrGirl And Andrew Tate Fan Vs Teacher ft. Aba,2023-04-03 09:33:00+00:00,197472,3463,657,69,50.18840579710145,0.01992492058908461,2.121313401393615
Destiny,SNEAKO APOLOGIZES TO MOISTCRITIKAL And They DEBATE Cuties And Andrew Tate,2023-04-04 12:34:35+00:00,242245,4952,1345,77,64.31168831168831,0.015549273021001616,2.631220458626597
Destiny,TRUMP IN COURT | Lawyer Jumps Into Destiny's Stream,2023-04-05 12:30:00+00:00,161602,2391,1064,131,18.251908396946565,0.054788791300711,2.219031942673977
Destiny,JiDion Reveals His Talk w/ Sneako About MoistCritikal Beef,2023-04-06 12:28:33+00:00,192606,3631,728,65,55.86153846153846,0.017901404571743322,2.296917022314985
Destiny,THE SUMMER OF AI - ChatGPT Is Becoming Sentient And The End Of Humanity,2023-04-07 12:31:30+00:00,158957,3136,1138,118,26.576271186440678,0.03762755102040816,2.7630113804362186
Destiny,"""PEOPLE ARE REAL MAD"" Erudite Bridge Almost Catches Fire After Nuclear Debate",2023-04-08 16:14:54+00:00,197478,2990,1158,294,10.170068027210885,0.09832775919732442,2.2493644861706112
Destiny,Taibbi IMPLODES And Gets EXPOSED In Disaster Debate w/ Mehdi Hasan,2023-04-09 16:05:47+00:00,198895,4119,1434,258,15.965116279069768,0.06263656227239621,2.921642072450288
Destiny,Progressives Wanna Minecraft Themselves... Right vs Left Gap Study w/ Aella,2023-04-10 18:01:58+00:00,152333,2865,984,80,35.8125,0.027923211169284468,2.5792178976321614
Destiny,"Milo Tries To Provoke Destiny, Gets TRIGGERED Instead | LIVE DEBATE",2023-04-12 05:24:17+00:00,575654,12866,6073,198,64.97979797979798,0.015389398414425617,3.3243927776059925
Destiny,Milo Yiannopoulos Vs Destiny | FULL DEBATE,2023-04-13 04:45:06+00:00,584564,10367,5200,235,44.11489361702127,0.022668081412173243,2.7032112822548084
Destiny,Everyone's Hilarious Reaction To The Disaster Milo Debate,2023-04-14 04:15:00+00:00,385228,6266,745,63,99.46031746031746,0.01005426109160549,1.8363151172811947
Destiny,Teens Leak Massive US Government Secrets,2023-04-15 05:03:36+00:00,226977,3753,978,83,45.21686746987952,0.022115640820676793,2.120919740766686
Destiny,Alex Jones Joins Panel To Debate Destiny,2023-04-16 04:53:51+00:00,1065453,21173,8220,536,39.50186567164179,0.025315260000944598,2.80903991072342
Destiny,"Alex Jones Debate Heats Up, Bryan Callen Steps In To Help Destiny",2023-04-17 05:01:39+00:00,364685,6632,2985,86,77.11627906976744,0.012967430639324488,2.6606523438035565
Destiny,"Destiny Gets Called Out By Panelist ft. Peter Boghossian, Daryl Davis, Chris Williamson...",2023-04-18 06:00:16+00:00,225655,4188,1080,31,135.09677419354838,0.007402101241642789,2.3482750216037758
Destiny,"Destiny Debates TikTok Feminist, FINALLY Helps Her Understand...",2023-04-19 05:00:31+00:00,360961,6147,2473,170,36.15882352941176,0.027655767040832925,2.435166125980369
Destiny,Fox News FOLDS And Discord Leaks Put People In DANGER,2023-04-21 04:44:48+00:00,143713,2346,450,38,61.73684210526316,0.01619778346121057,1.9719858328752444
Destiny,Far Leftist Demands Destiny To Condemn Conservatives In Insane Debate,2023-04-22 04:43:36+00:00,314481,6307,3866,111,56.81981981981982,0.017599492627239574,3.2701498659696453
Destiny,Sneako's Girl Uses Feminist Argument In Front Of Sneako During Brittany Simon Interview...,2023-04-23 07:53:58+00:00,241385,3267,978,99,33.0,0.030303030303030304,1.799614723367235
Destiny,Sneako Snakes Destiny For Cred,2023-04-24 08:31:38+00:00,321816,7043,1885,158,44.575949367088604,0.022433622036064176,2.8233524747060432
Destiny,Sneako Shocks Destiny And Restores The Bridge...,2023-04-25 07:59:30+00:00,254196,5235,1398,191,27.408376963350786,0.03648519579751672,2.6845426363908165
Destiny,"Aella Grills Aba And Destiny On Boundaries, Insecurities And Hypotheticals",2023-04-26 07:47:23+00:00,197967,4046,586,55,73.56363636363636,0.013593672763222936,2.3675663115569767
Destiny,"Destiny Answers Shapiro's ""Hard"" Trans Question",2023-04-27 08:08:34+00:00,312299,4903,2027,627,7.819776714513557,0.1278808892514787,2.4197964130528757
Destiny,Steven Crowder's Fight w/ His Wife Gets LEAKED,2023-04-28 08:06:07+00:00,422879,7056,8493,2023,3.4878892733564015,0.2867063492063492,4.155325755121441
Destiny,Steven Crowder Leaked Video Might Be Edited...,2023-04-29 10:46:34+00:00,280005,5111,3211,318,16.072327044025158,0.062218743885736644,3.0856591846574166
Destiny,"Aba And Orbiters CONFRONT Destiny, Leads To Insanely HEATED Shouting Match",2023-04-30 09:45:20+00:00,266102,4782,3683,356,13.432584269662922,0.07444583856127143,3.31489428865623
Destiny,Why The Leaked Steven Crowder Footage Had Cuts,2023-05-01 00:45:28+00:00,208922,3326,1383,98,33.93877551020408,0.029464822609741433,2.3008586936751514
Destiny,Hasan And Adin Ross Threaten Lawsuits,2023-05-03 00:22:18+00:00,255106,4548,1691,136,33.44117647058823,0.02990325417766051,2.4989612161219257
Destiny,"Dr. K Gives Insight Into The Redpill, Politics And A Catastrophic Mistake",2023-05-04 01:17:59+00:00,528191,11801,985,129,91.48062015503876,0.010931277010422846,2.4451382170464853
Destiny,"She Accuses Crowder's Wife Of ABUSE, Gets STRESSED After Destiny Pushes Back",2023-05-05 01:12:31+00:00,223109,3902,2307,93,41.956989247311824,0.023833931317273193,2.824628320686301
Destiny,Sneako Pushes Back Against Fresh N Fit And The Redpill,2023-05-06 00:42:04+00:00,458775,11309,2597,97,116.58762886597938,0.00857723936687594,3.052258732494142
Destiny,Tim Pool Abortion Debate Makes Destiny Cringe,2023-05-07 00:51:01+00:00,370674,4747,3149,168,28.25595238095238,0.03539077311986518,2.1754965279463896
Destiny,Jordan Neely Killing And Why Aba Is DOOMERPILLED...,2023-05-08 00:50:37+00:00,247334,5643,1765,82,68.8170731707317,0.014531277689172426,3.028293724275676
Destiny,Debate w/ The Most Disturbing Family On YouTube,2023-05-09 01:30:27+00:00,496677,7632,2553,59,129.35593220338984,0.007730607966457023,2.062507424342178
Destiny,SHE DOESN'T HAVE THE RIGHT! Crazy Abuse Defense Baffles Destiny And Erudite,2023-05-10 01:40:56+00:00,184500,3192,1409,59,54.101694915254235,0.018483709273182956,2.5257452574525745
Destiny,Sneako DESTROYS The Redpill Godfather On Fresh N Fit,2023-05-11 04:41:14+00:00,1210848,26645,10890,260,102.48076923076923,0.009757928316757366,3.121366183038664
Destiny,"Martin Shkreli CRASHES Debate, Wants To Fight Destiny w/ SURPRISING Ending",2023-05-12 05:08:06+00:00,323923,4902,2625,98,50.02040816326531,0.019991840065279477,2.353954489184158
Destiny,RedPill Godfather Is PISSED At Sneako And Destiny,2023-05-13 05:00:11+00:00,268715,5382,807,81,66.44444444444444,0.015050167224080268,2.3333271309751966
Destiny,"Big YouTuber Calls Aba Uncle Tom, Demands 50k From Destiny",2023-05-14 21:10:37+00:00,338959,8536,2840,141,60.53900709219858,0.016518275538894095,3.397756070793223
Destiny,Destiny Debates RP Godfather Rollo And Michael Sartain On Fresh N Fit,2023-05-16 22:18:01+00:00,466074,7884,2360,70,112.62857142857143,0.008878741755454084,2.2129533078438186
Destiny,They CONFRONT Destiny About Andrew Tate | WHATEVER PODCAST DEBATE,2023-05-18 09:37:51+00:00,670548,11279,3431,149,75.69798657718121,0.013210390992109229,2.2159487463984684
Destiny,"Destiny Responds To Getting Called ""Alt Left"" On Podcast w/ Chris Williamson",2023-05-19 15:59:02+00:00,268439,5641,791,67,84.19402985074628,0.011877326715121433,2.421034201438688
Destiny,Destiny's Stance On Whatever Host Kicking Off His Friend...,2023-05-22 01:04:29+00:00,304433,4907,983,148,33.1554054054054,0.03016099449765641,1.9833592284673476
Destiny,Bike Karen Hot Take Almost Gets Destiny BANNED,2023-05-23 01:05:32+00:00,381932,9301,4376,158,58.86708860759494,0.016987420707450813,3.622372568938973
Destiny,Whatever Host Jumps On Stream To Address Aba And Abuse Clip,2023-05-24 01:11:10+00:00,369440,5881,1867,150,39.20666666666666,0.02550586634926033,2.137830229536596
Destiny,RedPill Expert WALKS OFF After HEATED Confrontation On Panel w/ Melina,2023-05-25 01:26:56+00:00,441444,7517,1927,126,59.65873015873016,0.01676200611946255,2.1678853942968983
Destiny,Trump Vs. DeSantis Will Self Destruct The Right,2023-05-26 01:28:58+00:00,244143,4300,1428,221,19.457013574660632,0.0513953488372093,2.4366866959118223
Destiny,Trump Supporters GRILL Destiny On DeSantis And Redpill,2023-05-27 01:56:13+00:00,302972,6080,1529,88,69.0909090909091,0.014473684210526316,2.5404987919675746
Destiny,Conservatives Hate Trans People | CHANGE MY MIND,2023-05-28 04:57:43+00:00,381095,9489,4400,302,31.420529801324502,0.031826325218674255,3.7237434235558067
Destiny,"H3H3 Uses Debunked A||egations, Forces Aba To Defend Fresh N Fit",2023-05-30 00:07:42+00:00,279736,4916,1142,155,31.716129032258063,0.031529698942229456,2.221022678525467
Destiny,Destiny And Aba Get HEATED In Divorce Debate And Lead Attorney Steps In,2023-05-31 00:11:28+00:00,197333,3402,3023,432,7.875,0.12698412698412698,3.4748369507380925
Destiny,David Pakman Responds And Calls Out Destiny,2023-06-01 09:05:32+00:00,207796,2990,1256,181,16.519337016574585,0.060535117056856186,2.130454869198637
Destiny,Andrew Tate BBC Interview Derails Into Combative Debate (FULL INTERVIEW VERSION),2023-06-02 09:46:10+00:00,434175,7126,5723,1125,6.334222222222222,0.1578725792871176,3.2185178787355326
Destiny,Cancel Culture Has Gone Too Far! These Videos Are INSANE...,2023-06-03 10:03:57+00:00,213705,5160,3696,299,17.25752508361204,0.057945736434108525,4.283942818371119
Destiny,Destiny Gets TRIGGERED Watching Melina Debate Fresh N Fit w/ Live Audience,2023-06-04 13:15:37+00:00,341333,4886,2567,208,23.490384615384617,0.04257060990585346,2.244435785581822
Destiny,College Kids SHOCK Destiny w/ Their Debate Skills,2023-06-05 13:38:01+00:00,316494,5670,1636,91,62.30769230769231,0.016049382716049384,2.3371691090510405
Destiny,Destiny Discovers Cenk's Rittenhouse Stance Before Their Debate...,2023-06-06 13:42:04+00:00,287300,4592,2956,66,69.57575757575758,0.014372822299651568,2.6501914375217543
Destiny,Destiny Debates Cenk Uygur On Rittenhouse And Biden,2023-06-07 12:51:17+00:00,406602,9055,4158,149,60.77181208053691,0.016454997239094424,3.286260274174746
Destiny,"Vegan Gains Confronts Destiny, Actually Gets Mad And Ragequits ft. Zheanna And Aba",2023-06-08 13:03:04+00:00,338631,6181,3254,181,34.149171270718234,0.02928328749393302,2.8396691383836683
Destiny,"Trump CHARGED And LEAKED Apollo Call w/ ""Joke"" Threat",2023-06-09 13:06:04+00:00,170936,2540,535,119,21.34453781512605,0.046850393700787404,1.8685355922684512
Destiny,Leaked Trump Transcripts Are Shockingly Bad,2023-06-10 14:20:48+00:00,300728,4272,1382,200,21.36,0.04681647940074907,1.9466095607991274
Destiny,"Debate w/ MAGA Panelists Turns Into Screaming Match, Moderator Steps In!",2023-06-11 14:46:54+00:00,355090,6112,1967,163,37.49693251533742,0.026668848167539266,2.3211016925286545
Destiny,Blaire White Has A Vulnerable Moment During Trans Debate w/ Destiny,2023-06-12 14:51:06+00:00,221734,5033,1300,54,93.20370370370371,0.01072918736340155,2.880478411069119
Destiny,"Leaving The Redpill, Agreeing w/ Tate And MLD Beef | Destiny Grills Angela Knight",2023-06-13 14:27:06+00:00,234982,4248,796,89,47.73033707865169,0.020951035781544256,2.1844226366274864
Destiny,Patrick B David Reads Destiny's Tweet To Andrew Tate,2023-06-14 14:35:06+00:00,293213,4370,1706,360,12.13888888888889,0.08237986270022883,2.194991354407888
Destiny,JustPearlyThings vs Ethan Debate Makes Destiny Lose His Mind...,2023-06-15 14:32:06+00:00,862336,12519,3894,292,42.87328767123287,0.02332454668903267,1.9371799391420512
Destiny,Elimination Panel DERAILS Into Debate About Sneako's Discord Drama ft. LowTierGod And Dantes,2023-06-16 14:33:17+00:00,348346,8558,1778,158,54.164556962025316,0.018462257536807667,3.0125220326916344
Destiny,"Feminist Gets Redpilled, Has An Identity Crisis Debate w/ Destiny | FARHA FRIDAY",2023-06-17 14:40:01+00:00,297262,5245,2549,173,30.31791907514451,0.03298379408960915,2.6801272951134014
Destiny,Pokimane Gets Called Out For Horrible Take On Kick Vs Twitch,2023-06-18 14:47:28+00:00,348070,6332,1043,91,69.58241758241758,0.014371446620341125,2.1449708391990114
Destiny,Lawyer Confronts Destiny About His Pride Flag Stance,2023-06-19 15:17:57+00:00,303372,4534,2082,145,31.26896551724138,0.03198059108954566,2.2286170114578803
Destiny,Destiny Gets Pressed For Not Inviting xQc And Viewbot Allegations,2023-06-20 15:52:37+00:00,152610,2530,324,36,70.27777777777777,0.014229249011857707,1.8937160081252866
Destiny,"Andrew Tate CHARGED, Tristan Messages Destiny",2023-06-21 15:57:22+00:00,389621,6186,1961,146,42.36986301369863,0.023601681215648238,2.128478701096707
Destiny,HOW DARE YOU!? Activists Get Mad At Destiny In IRL Debate | @whatever podcast,2023-06-22 15:51:01+00:00,547829,12914,9077,178,72.5505617977528,0.013783490785194363,4.046700704051812
Destiny,Destiny vs Pro-Life Activists | FULL DEBATE @whatever,2023-06-23 16:45:49+00:00,1104916,17328,12817,398,43.537688442211056,0.02296860572483841,2.764282533694869
Destiny,Cancel Culture Does NOT Work | CHANGE MY MIND,2023-06-26 08:46:08+00:00,302339,6317,1566,102,61.931372549019606,0.016146905176507836,2.6410750845904762
Destiny,Jubilee Girl Moral Grandstands Against Destiny In HEATED Debate,2023-06-28 09:32:24+00:00,601273,9509,4250,159,59.80503144654088,0.016721001156798823,2.3147555270234985
Destiny,YOU'RE RESPONSIBLE! Emma Confronts Tim Pool In Rollercoaster Debate,2023-06-29 18:05:36+00:00,665752,6608,4850,333,19.843843843843842,0.050393462469733655,1.771079921652507
Destiny,Destiny Hard Disagrees w/ Audit The Audit Rating And Gets Called Out!,2023-06-30 18:55:09+00:00,143024,2242,1705,542,4.136531365313653,0.24174843889384479,3.1386340753999327
Destiny,Affirmative Action Ban Triggers Debate w/ Feminist | FARHA FRIDAY,2023-07-01 21:02:46+00:00,258909,3824,2521,149,25.664429530201343,0.038964435146443516,2.5082171728290636
Destiny,"Destiny Calls Out CNN, Gets Into Frustrating Debate w/ His Own Community!",2023-07-02 21:21:44+00:00,214028,3529,1767,177,19.937853107344633,0.0501558515160102,2.5571420561795652
Destiny,Bruce Gets Personal And Plays Victim In Confrontation w/ Destiny,2023-07-03 21:50:25+00:00,265535,6358,2270,44,144.5,0.006920415224913495,3.2658594912158474
Destiny,Redpill Coach Sarah Moore Calls Out JustPearlyThings!,2023-07-04 19:25:58+00:00,221378,4329,826,65,66.6,0.015015015015015015,2.357957881993694
Destiny,Destiny Defends Tristan Tate Against Sneako,2023-07-05 19:00:27+00:00,366801,6698,2300,166,40.34939759036145,0.024783517467900865,2.4983574199634133
Destiny,LIES DON'T MATTER! Leftist Admits Insane Things In Rittenhouse Debate,2023-07-06 19:30:02+00:00,427996,7114,3808,126,56.46031746031746,0.01771155468091088,2.581332535818092
Destiny,Destiny's Guide To Win A Difficult Debate,2023-07-07 21:58:11+00:00,184667,5177,371,52,99.5576923076923,0.010044427274483292,3.0324855009286984
Destiny,"Culture War Debate w/ Tim Pool, John Doyle And Lauren Chen",2023-07-08 22:15:00+00:00,264870,4615,2308,113,40.84070796460177,0.02448537378114843,2.6563974780080795
Destiny,DANGEROUS AND EVIL! Insane Response To TYT And Cenk's Response...,2023-07-10 14:13:08+00:00,332164,5765,2458,126,45.75396825396825,0.021856027753686037,2.5135174191062246
Destiny,"Heated Debate vs Nick, Sneako And Zherka On Fresh N Fit",2023-07-11 14:17:53+00:00,613508,10433,4692,1149,9.080069625761531,0.11013131409949199,2.652614146840791
Destiny,Destiny Impresses Panel w/ Foulproof Investment Advice For Everyday People,2023-07-12 14:20:25+00:00,255534,5124,672,62,82.64516129032258,0.01209992193598751,2.292454233096183
Destiny,Debate vs Nick Escalate Into Personal Attacks w/ Fresh N Fit Girls,2023-07-13 14:29:03+00:00,568377,8669,4303,469,18.48400852878465,0.05410081901026647,2.3648036426526757
Destiny,Ana Kasparian Reached Breaking Point?,2023-07-14 18:55:09+00:00,254482,3554,1126,113,31.451327433628318,0.031795160382667415,1.883433798854143
Destiny,Sex Therapist Confronts Destiny Over The Melina Fight On Fresh N Fit,2023-07-15 19:11:53+00:00,331596,4714,1968,79,59.67088607594937,0.01675859142978362,2.038926886934704
Destiny,Vegan Gains And Destiny Scream At Each Other In Insane Debate,2023-07-16 20:38:46+00:00,264408,3824,1932,153,24.99346405228758,0.04001046025104602,2.2348037880850806
Destiny,YOU'RE A DEADBEAT DAD! Sneako Attacks Destiny And Gets Extremely Personal,2023-07-17 21:12:54+00:00,505728,8600,2278,183,46.994535519125684,0.02127906976744186,2.1871440774487474
Destiny,"ABC Radio Host Makes Destiny Hesitate, Fact Checks Him Live",2023-07-18 21:31:05+00:00,246183,4447,592,60,74.11666666666666,0.013492241960872498,2.0712234394738873
Destiny,Aba Finds Out The Truth About Sneako,2023-07-19 22:12:25+00:00,306922,6253,983,102,61.30392156862745,0.016312170158324004,2.3908354565655117
Destiny,Lex Fridman Tackles The JQ And Hasan Gets Called Out By Everyone,2023-07-20 23:02:08+00:00,262010,4836,1002,177,27.322033898305083,0.03660049627791563,2.295713904049464
Destiny,Zizek And Destiny Debate IRL,2023-07-21 23:12:50+00:00,379181,8192,1395,195,42.01025641025641,0.0238037109375,2.5797706108692156
Destiny,Kill List Allegations TRIGGERS Huge Fight On PBD Podcast,2023-07-22 23:12:31+00:00,237577,3775,1437,197,19.16243654822335,0.05218543046357616,2.276735542581984
Destiny,Andrew Tate Defender FLIPS After Secret Convo LEAKS!,2023-07-23 23:24:40+00:00,341901,5275,1721,191,27.61780104712042,0.03620853080568721,2.102070482391101
Destiny,Aba CALLS OUT Destiny For How Much He Pays His Cohost,2023-07-24 23:23:28+00:00,218339,4294,1011,102,42.09803921568628,0.02375407545412203,2.4764242760111568
Destiny,We're In Trouble (Biggest Threat To Humanity),2023-07-27 00:51:41+00:00,275517,6122,1319,224,27.330357142857142,0.03658934988565828,2.782042487396422
Destiny,Destiny Debates Apologetics Professor On Whatever Podcast,2023-07-28 06:47:17+00:00,285336,5289,2410,78,67.8076923076923,0.01474758933635848,2.725558639638882
Destiny,Majority Report Calls Out Destiny,2023-07-29 07:00:09+00:00,203597,4042,1804,139,29.07913669064748,0.034388916378030675,2.93963074112094
Destiny,Ana Makes Vaush Mad,2023-07-30 07:31:38+00:00,305776,4999,2033,116,43.0948275862069,0.023204640928185638,2.3376589398775574
Destiny,WE SET YOU UP! Surprise Kanye Debate w/ Famous Hiphop Manager Wack100,2023-07-31 09:47:11+00:00,272732,5445,1080,92,59.18478260869565,0.01689623507805326,2.426191279351158
Destiny,Debate w/ YouTubers Angry At xQc And Hasan,2023-08-01 10:07:01+00:00,316698,6218,2398,1610,3.862111801242236,0.2589256995818591,3.2289436624165604
Destiny,Andrew Tate Is In Trouble,2023-08-02 11:44:13+00:00,391878,7593,2877,297,25.565656565656564,0.03911497431845121,2.7475387748227766
Destiny,Sam Seder Confrontation on White Supr*macy Take,2023-08-03 11:53:18+00:00,219602,3532,1153,140,25.228571428571428,0.039637599093997736,2.1971566743472284
Destiny,Ethan Calls Out Hasan And Goes GLOVES OFF!,2023-08-04 19:11:17+00:00,530767,7774,2193,141,55.13475177304964,0.018137381013635195,1.904413801159454
Destiny,H3H3 Debate Prep Derails Into Shouting Match w/ MauLer And Aba,2023-08-05 19:00:21+00:00,247214,3994,1721,78,51.205128205128204,0.019529293940911366,2.343313889990049
Destiny,Hasan's Insane Defense Of Kai Cenat NYC Riot,2023-08-06 19:00:22+00:00,391088,8521,2346,107,79.6355140186916,0.01255721159488323,2.806018082886716
Destiny,Debate w/ The Final Boss Of Conspiracy Theories On Fresh N Fit,2023-08-07 19:00:05+00:00,357295,6331,1696,118,53.652542372881356,0.018638445743168537,2.27962887809793
Destiny,"Ethan Klein And xQc Debate IMPLODES, Hila Joins To Defend Herself",2023-08-08 19:00:19+00:00,468323,6897,3458,95,72.6,0.013774104683195593,2.2313659589642194
Destiny,Shapiro Reviews Destiny's Debate,2023-08-09 19:00:18+00:00,439747,7704,2106,117,65.84615384615384,0.015186915887850467,2.2574343884096995
Destiny,Sitch And Adam Confront Destiny On Debate Panel,2023-08-10 19:19:48+00:00,325541,3970,2512,127,31.25984251968504,0.03198992443324937,2.030159027587923
Destiny,"Ethan Reacts To Destiny, Confronts Hasan Again...",2023-08-11 20:00:10+00:00,477820,7456,1261,118,63.186440677966104,0.01582618025751073,1.8490226445104851
Destiny,S*x Coach Takes Issues w/ Melina,2023-08-12 20:30:04+00:00,270691,3635,1520,60,60.583333333333336,0.016506189821182942,1.9265509381545747
Destiny,AJW Confronts Sam Seder And Emma On The Majority Report Show,2023-08-14 23:05:10+00:00,316491,4207,2767,139,30.26618705035971,0.03304017114333254,2.2474572736665497
Destiny,YOU HAVE COGNITIVE BIAS - Michael Malice Interview,2023-08-17 00:15:01+00:00,265748,4413,854,104,42.43269230769231,0.023566734647631996,2.021087646943721
Destiny,Lilypichu Wasn't Prepared For REDPILL Destiny...,2023-08-19 01:15:02+00:00,350166,13006,817,114,114.08771929824562,0.008765185299092726,3.9801122895997896
Destiny,Everything Fell Apart (JUBILEE PRESHOW DRAMA RECAP),2023-08-21 02:15:01+00:00,311849,6094,782,133,45.81954887218045,0.021824745651460455,2.2475621214113244
Destiny,The Dumbest SJW Cancellation Attempt On YouTube. And It Worked.,2023-08-24 15:45:41+00:00,534146,12734,2635,144,88.43055555555556,0.011308308465525364,2.9042621305785308
Destiny,Best Moments From Hilarious GOP Debate,2023-08-25 18:20:52+00:00,269355,6288,1062,125,50.304,0.01987913486005089,2.7751480388335095
Destiny,S*x Coach Brings Millionaire Playboy To 2v1 Destiny. It Completely Backfires.,2023-08-26 18:22:07+00:00,388764,7586,2633,56,135.46428571428572,0.00738201950962299,2.642991635027935
Destiny,"Uncomfortable Talk About Black Issues, Culture And Self Rac*sm",2023-08-27 20:07:31+00:00,235269,3878,1215,90,43.08888888888889,0.02320783909231563,2.20301017133579
Destiny,Heated Rac*st Allegation Leads To Multiple Surprise Bans,2023-08-28 21:25:15+00:00,261980,4098,1943,98,41.816326530612244,0.023914104441190825,2.3433086495152304
Destiny,Shapiro Rips Into Trump And Tucker Carlson,2023-08-29 21:39:58+00:00,287641,4647,1418,188,24.71808510638298,0.04045620830643426,2.173890370287963
Destiny,Unbelievable Leaked Trump Call And Future Vivek Backstab,2023-08-30 23:00:16+00:00,232521,4513,1115,157,28.745222929936304,0.03478838909816087,2.487947325187833
Destiny,"These Are The Bad Guys (White People, Feminism And The Elites)",2023-09-01 00:47:16+00:00,204955,4590,1151,247,18.582995951417004,0.05381263616557734,2.921616940303969
Destiny,"Fantano And Vaush Bash Oliver Anthony, Make Wild Accusations...",2023-09-02 02:31:26+00:00,450431,9386,3389,206,45.56310679611651,0.021947581504368208,2.8819064407201105
Destiny,Deplatform Fousey Before It's Too Late.,2023-09-03 04:54:00+00:00,249380,3622,747,92,39.369565217391305,0.025400331308669245,1.788836314058866
Destiny,Destiny Steps In After Vegan Gains Gets Angry In Heated Abortion Debate,2023-09-04 08:30:14+00:00,165805,2529,1187,79,32.0126582278481,0.031237643337287464,2.288833267995537
Destiny,Conservative Approached Destiny In Parking Lot After Jubilee,2023-09-05 08:30:12+00:00,384532,7977,1325,123,64.85365853658537,0.015419330575404287,2.4510313836039654
Destiny,Destiny Reviews His Chaotic Debate On Jubilee,2023-09-06 08:15:05+00:00,393316,6671,1444,95,70.22105263157894,0.014240743516714135,2.087380121835878
Destiny,Trump Disqualification Debate Becomes Shout-fest w/ Lawyers,2023-09-07 08:15:00+00:00,186131,2941,1233,77,38.1948051948052,0.026181570894253655,2.2838753351134415
Destiny,Gay Obama Allegations Triggers Huge Fight On PBD Podcast,2023-09-08 09:42:24+00:00,263918,4665,1497,72,64.79166666666667,0.015434083601286173,2.3620973181063816
Destiny,Hasan Malds At Destiny And Lies About Shapiro,2023-09-09 09:47:18+00:00,598439,9105,2392,140,65.03571428571429,0.015376166941241077,1.9445590945777265
Destiny,"Candace Owens Gets Called Out By OnlyFan Girl, Tries To Backtrack...",2023-09-10 11:01:04+00:00,370018,6119,2608,316,19.36392405063291,0.05164242523288119,2.443935159911139
Destiny,"Kulinski POPS OFF In Spicy Debate, Leaves Everyone Speechless",2023-09-11 11:04:26+00:00,351617,5804,1843,180,32.24444444444445,0.031013094417643005,2.226001586953987
Destiny,Destiny Debates Sliker Out Of Ruining His Life,2023-09-12 11:30:17+00:00,209158,3280,670,64,51.25,0.01951219512195122,1.9191233421623846
Destiny,xQc Addresses Leaked Ethan DMs In Heated Debate w/ Turkey Tom,2023-09-13 13:50:37+00:00,488787,9359,3015,86,108.82558139534883,0.009189015920504327,2.549167633345404
Destiny,"Destiny Wipes Away His Opinion On Biden, Takes Conservative Pill...",2023-09-14 14:22:05+00:00,340666,5391,2536,130,41.46923076923077,0.024114264514932295,2.365073121473819
Destiny,"Ethan Stumps Hasan In 1v2 Politics Debate, Baffles Destiny...",2023-09-15 14:30:00+00:00,687980,11659,2173,171,68.18128654970761,0.014666781027532378,2.0353789354341694
Destiny,Dennis Prager Interview Instantly Turns Into Trans Debate,2023-09-16 14:30:06+00:00,253735,3523,1391,94,37.47872340425532,0.026681805279591256,1.9737127317871008
Destiny,Ethan Wins Debate vs Socialist. H3 Fans Turn On Him.,2023-09-17 16:49:51+00:00,709802,11430,2842,188,60.797872340425535,0.016447944006999126,2.037187835480881
Destiny,You're WRONG About Hasan vs Ethan | Heated Debate,2023-09-18 17:20:15+00:00,382580,4609,1510,135,34.14074074074074,0.02929051855066175,1.6346907836269537
Destiny,Destiny Blasts Leftists In Socialism Debate,2023-09-19 17:29:22+00:00,350320,5778,1669,148,39.04054054054054,0.02561439944617515,2.16801781228591
Destiny,Conservative News Host Confronts Cohost About Russell Brand,2023-09-20 17:35:02+00:00,246981,3450,1717,127,27.165354330708663,0.03681159420289855,2.143484721496795
Destiny,"Hasan Masks Off On Tankie Podcast, H3 Fans Warn Ethan About Destiny...",2023-09-21 19:00:25+00:00,338572,6275,1348,108,58.101851851851855,0.017211155378486057,2.2834138676559195
Destiny,Ethan Confronts Hasan On Socialism,2023-09-22 21:32:34+00:00,950233,14065,3102,307,45.814332247557005,0.02182723071453964,1.8389174023634203
Destiny,AI Expert Yudkowsky Warns Destiny About The AI Threat | LIVE DEBATE,2023-09-24 06:09:49+00:00,190394,3999,1384,82,48.76829268292683,0.020505126281570394,2.87036356187695
Destiny,The Uncomfortable Study That Ended Affirmative Action | 𝘋𝘳. 𝘗𝘦𝘵𝘦𝘳 𝘈𝘳𝘤𝘪𝘥𝘪𝘢𝘤𝘰𝘯𝘰 𝘐𝘯𝘵𝘦𝘳𝘷𝘪𝘦𝘸,2023-09-25 18:15:06+00:00,722475,14296,3066,155,92.23225806451613,0.010842193620593172,2.4245821654728537
Destiny,Has Wokeness Gone Too Far? Duke Professor Arcidiacono Weighs In,2023-09-27 09:00:11+00:00,210036,4777,1157,49,97.48979591836735,0.010257483776428721,2.8485592945971168
Destiny,"Debating Vaush, Emma Vigeland And Ryan Grim At The White House",2023-09-29 19:00:40+00:00,399985,10796,3017,250,43.184,0.023156724712856614,3.515881845569209
Destiny,Roundtable w/ Congressman Ro Khanna,2023-09-30 19:04:17+00:00,123594,3251,498,63,51.6031746031746,0.01937865272223931,3.0842921177403433
Destiny,"Infighting And Bridging Divides | Vaush, Emma Vigeland And Destiny Vidcon Panel",2023-10-01 12:55:42+00:00,256565,5154,1990,79,65.24050632911393,0.0153279006596818,2.8152709839611796
Destiny,Hasan Frustrates Ethan In China Debate And The Confusing Barbie Controversy,2023-10-03 07:12:00+00:00,247807,5293,1348,97,54.56701030927835,0.018326091063668996,2.719051519932851
Destiny,"Destiny Baffled By Self Defense Verdict, Clashes w/ Aba",2023-10-04 09:49:26+00:00,250821,4937,5187,261,18.915708812260537,0.052866113024103704,4.140402916821159
Destiny,Vaush Attacks Destiny's Community After Coalition Panel,2023-10-06 01:02:41+00:00,376265,8140,1724,219,37.1689497716895,0.026904176904176905,2.6797602753378604
Destiny,Cohost LOSES IT After He's Caught LYING By Lincoln Project Founder,2023-10-07 01:00:13+00:00,335232,5467,2260,286,19.115384615384617,0.052313883299798795,2.3902849369988544
Destiny,Hasan And Cenk Vs Crowder And Daily Wire,2023-10-08 01:15:02+00:00,338269,4211,918,136,30.96323529411765,0.03229636665875089,1.5564535916681694
Destiny,"Hamas Catches Israel Off Guard, War Declared",2023-10-09 01:48:51+00:00,477908,7828,2972,198,39.535353535353536,0.025293817066939193,2.3012797442185526
Destiny,Heated Confrontation w/ Destiny On His Israel Take,2023-10-10 03:48:03+00:00,473967,7632,3259,364,20.967032967032967,0.04769392033542977,2.374637896731207
Destiny,Destiny Loses It At Leftists Defending Hamas Attack On Civilians,2023-10-11 14:06:39+00:00,447960,9198,3417,241,38.16597510373444,0.026201348119156337,2.8698990981337618
Destiny,They Didn't Behead 40 Israeli Babies☝️🤓,2023-10-12 15:06:36+00:00,387114,7548,2243,370,20.4,0.049019607843137254,2.6248081960352767
Destiny,Shapiro Takes Over Piers Morgan To Address His Israel-Hamas Position,2023-10-13 15:11:33+00:00,337878,5706,1888,288,19.8125,0.050473186119873815,2.3327946773687542
Destiny,"Hasan Defends Leftists Celebrating Hamas, FRUSTRATES Ethan",2023-10-14 15:13:38+00:00,630196,10761,3396,368,29.241847826086957,0.03419756528203698,2.3048384946905407
Destiny,"Dr K Tells Destiny His Approach Is Wrong, Gives Solution",2023-10-15 17:00:02+00:00,606407,11850,1130,103,115.04854368932038,0.008691983122362868,2.1574619026495405
Destiny,Why Ethan Cried During The Debate,2023-10-16 18:10:12+00:00,473393,8835,1917,312,28.317307692307693,0.03531409168081494,2.337170173618959
Destiny,Hasan LOSES IT After Getting Called Out (Beyond Irresponsible),2023-10-18 22:15:02+00:00,626631,12196,3059,435,28.0367816091954,0.03566743194489997,2.5038659115173045
Destiny,"Destiny Beefs w/ BBC News, Listens To Disturbing Private Hamas Call",2023-10-24 23:45:40+00:00,204007,4697,1581,200,23.485,0.04258037044922291,3.175381236918341
Destiny,"""Leftovers Done For Good?"" Ethan Suspends Podcast w/ Hasan",2023-10-26 09:31:04+00:00,454920,7115,1792,233,30.536480686695278,0.032747716092761774,2.009144464960872
Destiny,Piers Morgan Confronts Hasan And Brings Receipts,2023-10-27 10:00:14+00:00,665075,10174,2781,414,24.57487922705314,0.04069195989777865,2.010149231289704
Destiny,NickIsNotGreen Triples Down On False Allegations,2023-10-28 10:39:59+00:00,303140,5568,622,114,48.8421052631579,0.020474137931034482,2.079567196674804
Destiny,MikeFromPA Accuses Ethan Of Emotional Blackmail,2023-10-29 12:15:03+00:00,221623,3891,506,51,76.29411764705883,0.013107170393215111,2.0070119076088675
Destiny,Keffals Shows Destiny Second Thought's Insane Communist Propaganda Video,2023-10-30 14:52:35+00:00,301710,5663,1396,208,27.22596153846154,0.03672964859615045,2.408604288886679
Destiny,Destiny Gets Pressed For Defending Hila In Heated 1v2 Debate,2023-10-31 15:00:10+00:00,314474,5757,1854,94,61.244680851063826,0.016327948584332116,2.4501230626379287
Destiny,Leftist Uses TikTok Video To Own Destiny. It Backfires Instantly.,2023-11-01 15:00:43+00:00,417297,11591,3666,179,64.75418994413408,0.015443016133206798,3.6990440861065377
Destiny,Pro-Hamas Panelist Confronts Destiny And Instantly Backtracks,2023-11-02 12:12:45+00:00,467554,7053,2617,62,113.75806451612904,0.008790585566425634,2.081470803372445
Destiny,Israel Talk w/ History PhD Student Derails Into Intense Debate...,2023-11-03 12:55:01+00:00,395572,6392,3239,236,27.084745762711865,0.036921151439299124,2.494362593914635
Destiny,OOF! Shapiro's Israel Debate w/ Oxford Student Gets Messy,2023-11-04 13:31:43+00:00,358641,5894,1509,164,35.9390243902439,0.027824906684764165,2.109909352249185
Destiny,ISRAEL SHOULDN'T EXIST! Communist Geopolitical Analyst Debates Destiny,2023-11-05 13:34:08+00:00,472818,7262,3909,224,32.419642857142854,0.030845497108234646,2.4100182311164127
Destiny,SHUT YOUR FACE! Destiny Debates Actual Justice Warrior IRL,2023-11-06 14:01:34+00:00,407718,7468,3873,196,38.10204081632653,0.026245313336904125,2.829651867221952
Destiny,"""I DON'T KNOW"" Destiny Actually Stumps A Socialist In IRL Debate",2023-11-07 14:45:03+00:00,419962,7826,2404,75,104.34666666666666,0.009583439815997956,2.4537934384539555
Destiny,Shapiro vs Celebrity TikTokker And Netanyahu's Wild Antisemtism Comparison...,2023-11-08 14:45:01+00:00,243140,3441,1207,168,20.482142857142858,0.04882301656495205,1.9807518302212717
Destiny,Far Left Journalist Calls Destiny Racist/Fascist/Zionist After Debate IMPLODES,2023-11-09 14:29:56+00:00,360257,7455,3864,222,33.58108108108108,0.02977867203219316,3.203546357183899
Destiny,"""Do You Care?"" Ethan Confronts Hasan In Emotional Debate",2023-11-10 16:57:28+00:00,792267,11420,4324,338,33.78698224852071,0.029597197898423817,2.0298712429016987
Destiny,Hasan Addresses The Insane Comments Attacking Ethan...,2023-11-11 17:00:26+00:00,382401,6586,1329,184,35.79347826086956,0.027938050409960523,2.117933792014142
Destiny,YOU ASHAMED!? Shapiro Gets Accused Of Lying In Heated Debate,2023-11-12 17:00:06+00:00,389200,5096,1243,121,42.11570247933884,0.023744113029827315,1.6598150051387464
Destiny,Israel Roundtable Convo Derails Into Contentious Debate ft. Lonerbox,2023-11-13 17:30:03+00:00,333147,3897,1319,144,27.0625,0.03695150115473441,1.6088993747504856
Destiny,LIBERAL DEMOCRACY IS FASCISM! Destiny Gets Dogpiled And Muted In 1v6 Debate,2023-11-15 15:25:28+00:00,285345,6516,2569,108,60.333333333333336,0.016574585635359115,3.221714065429568
Destiny,Destiny's Talk At Iowa State University,2023-11-16 20:44:30+00:00,176660,4695,474,49,95.81632653061224,0.010436634717784877,2.9536963659006004
Destiny,"""SHUTUP! YOU DUMB--"" Hasan Fumbles Easy Debate And LOSES IT",2023-11-17 20:30:00+00:00,1091227,20156,3342,410,49.1609756097561,0.020341337566977574,2.1909281936755596
Destiny,Hasan Trashes Destiny's Research And Bin Laden Goes Viral,2023-11-18 20:30:02+00:00,290066,6299,1287,101,62.366336633663366,0.01603429115732656,2.6500865320306413
Destiny,Streamer Makes Amazing $$$ And Is Still In Debt...,2023-11-19 20:30:00+00:00,254940,4945,894,61,81.06557377049181,0.012335692618806876,2.314270024319448
Destiny,Apostate Prophet Answers Crucial Bible Question And Warns Destiny,2023-11-20 21:24:54+00:00,257006,4557,1450,109,41.80733944954128,0.0239192451174018,2.379710979510206
Destiny,Jocko Willink Has The Best Solution For Gaza!?,2023-11-21 21:30:02+00:00,428726,5572,1589,200,27.86,0.03589375448671931,1.716947420963506
Destiny,Destiny Debates An American Palestinian And A Viewer's Mom,2023-11-22 21:30:11+00:00,289844,3828,1553,74,51.729729729729726,0.019331243469174503,1.8820468941913582
Destiny,Ludwig's Plausible Pokimane Theory,2023-11-23 21:30:06+00:00,383068,6909,1350,147,47.0,0.02127659574468085,2.1943884636670252
Destiny,"""Hamas Renounced Violence"" Destiny Crashes Debate Panel",2023-11-24 21:30:06+00:00,416739,5393,1838,121,44.570247933884296,0.02243649174856295,1.7641737394388335
Destiny,Destiny Debated Hasan About Breaking News And Tried To Warn Him,2023-12-02 10:21:11+00:00,461091,10517,1140,111,94.74774774774775,0.010554340591423409,2.55220769869722
Destiny,"Vaush Gets Away w/ Wild Arguments In Israel Debate, Triggers Destiny",2023-12-03 10:18:14+00:00,312316,4816,1435,182,26.46153846153846,0.0377906976744186,2.0597727942212374
Destiny,Hasan Backtracks Into Insane Toddler Take,2023-12-04 10:44:39+00:00,267349,5327,932,88,60.53409090909091,0.016519617045241224,2.3740503985427286
Destiny,BIDEN WILL DROP OUT? Cenk's Wild Plan REVEALED To Destiny,2023-12-05 11:41:01+00:00,193507,2770,1526,434,6.382488479262673,0.15667870036101084,2.444356018128543
Destiny,PROBLEM IS THE OCCUPATION! Destiny Forces Concessions In Heated 1v2 Debate,2023-12-06 12:00:03+00:00,325982,5184,3018,86,60.27906976744186,0.016589506172839507,2.54247167021492
Destiny,Destiny's Former Friend Has Gone Insane,2023-12-07 12:37:38+00:00,428756,6719,1946,133,50.5187969924812,0.019794612293496057,2.051982946011251
Destiny,Destiny And Jazmen Debate Lila Rose And Trent Horn | Whatever Podcast,2023-12-08 21:10:48+00:00,351784,5324,3101,152,35.026315789473685,0.028549962434259956,2.438143861005617
Destiny,Destiny Addresses His Divorce Rumor.,2023-12-12 03:25:25+00:00,421721,9124,4950,422,21.620853080568722,0.04625164401578255,3.437343646628933
Destiny,Aba Talks To Destiny About The Situation.,2023-12-13 04:42:11+00:00,641458,15356,2332,278,55.23741007194245,0.01810367283146653,2.8008069117541603
Destiny,"Boogie2988 Heads For Poverty, Baffles Destiny And Caleb Hammer",2023-12-14 09:01:35+00:00,369937,5327,1206,118,45.144067796610166,0.022151304674300733,1.7978736920070175
Destiny,Sneako Tries To Bait Dr K Into A Debate And Gets Shut Down Instantly,2023-12-15 10:01:50+00:00,977263,17050,2202,955,17.853403141361255,0.056011730205278595,2.0677136042191306
Destiny,Leftist Students Are Falling For Hamas Strategy! Dr Benny Morris Debunks 1 State Myth,2023-12-16 10:53:44+00:00,427125,10074,2425,242,41.62809917355372,0.024022235457613658,2.9829675153643547
Destiny,Twitch Makes Big Mistake And Advertisers Push Back,2023-12-17 11:20:47+00:00,242336,3770,656,55,68.54545454545455,0.014588859416445624,1.8490855671464412
Destiny,Destiny's Heated Debate w/ Cenk On Israel,2023-12-18 11:19:17+00:00,925792,18650,11036,864,21.58564814814815,0.046327077747989276,3.2998772942518406
Destiny,Sneako And Adin Ross Get TRIGGERED By Destiny And Turn Into Snowflakes,2023-12-19 11:29:18+00:00,422368,8607,1478,227,37.91629955947136,0.026373881724177994,2.441472838851428
Destiny,Melina Contacts Destiny And Asks For Money...,2023-12-20 11:47:57+00:00,980113,17744,8316,875,20.27885714285714,0.049312443642921554,2.748152508945397
Destiny,Destiny Discusses The Gold Digger Allegations,2023-12-21 12:42:27+00:00,302937,4829,1362,316,15.281645569620252,0.06543797887761442,2.1479713603818613
Destiny,Destiny Responds w/ Receipts,2023-12-22 12:42:42+00:00,592248,11727,2768,246,47.670731707317074,0.02097723202865183,2.4889910983236754
Destiny,HE SHOULD BE FIRED! Rogan Accidentally Destroys Trump,2023-12-24 11:58:36+00:00,349185,5462,1653,489,11.169734151329243,0.08952764555108018,2.1776422240359694
Destiny,Turkey Tom Grills Destiny w/ Personal Questions,2023-12-25 16:53:57+00:00,392755,6976,852,126,55.36507936507937,0.018061926605504586,2.0251810925386056
Destiny,Conservatives TRIGGER Destiny In HEATED Jan 6 Debates,2023-12-27 15:44:53+00:00,326077,4874,2110,257,18.964980544747082,0.052728764874846124,2.2206411369093804
Destiny,HOW ARE YOU A LAWYER!? Civil Conservative Debate Blows Up 🤯,2023-12-28 19:16:43+00:00,287863,3934,1112,136,28.926470588235293,0.03457041179461108,1.8001618825621912
Destiny,Conservatives Prep Destiny For Alex Jones Insurrection Debate,2023-12-29 21:21:41+00:00,275236,3575,1642,126,28.373015873015873,0.035244755244755246,1.941243151331948
Destiny,Insane Ray Epps Debate w/ Conservative YouTuber,2023-12-31 12:34:03+00:00,320362,4641,2032,156,29.75,0.03361344537815126,2.1316510697273707
Destiny,Guiliani Spills Truth About Trump's Claims In Court,2024-01-01 21:00:52+00:00,167782,2336,476,92,25.391304347826086,0.039383561643835614,1.7308173701588967
Destiny,"Craziest Drama, Wildest Threat And Best Debates | DESTINY AWARDS 2023",2024-01-02 22:08:28+00:00,321410,6670,452,67,99.55223880597015,0.010044977511244379,2.2367070097383404
Destiny,Trump's Debate Skills Surprises Destiny In Leaked Call,2024-01-03 23:19:08+00:00,267737,4202,1202,173,24.289017341040463,0.04117087101380295,2.0830143013479647
Destiny,Orbiters Confront Destiny For Unfair Treatment And Closet Rac*sm,2024-01-05 00:15:02+00:00,295614,4355,1485,81,53.76543209876543,0.01859931113662457,2.00294979263499
Destiny,Heated Debate w/ Rekieta Law,2024-01-06 01:19:30+00:00,293073,4434,5033,365,12.147945205479452,0.08231844835363103,3.354795562880238
Destiny,"Destiny Vs Alex Jones, Glenn Greenwald And Darren Beattie ft. Krassenstein Brothers | ZEROHEDGE",2024-01-07 07:25:50+00:00,1591994,24427,22938,1408,17.34872159090909,0.057641134809841565,3.0636421996565315
Destiny,Destiny Gets Through To A Female Trump Supporter Monarchist | Aydin Paladin Returns,2024-01-09 15:29:32+00:00,248838,4400,1581,173,25.433526011560694,0.03931818181818182,2.4730949453057813
Destiny,Destiny Reflects On Alex Jones And Shapiro Debate,2024-01-14 05:21:19+00:00,317190,5330,1124,115,46.34782608695652,0.021575984990619138,2.0709984551845895
Destiny,Aba Grills Destiny About Doing OnlyFans,2024-01-15 07:24:15+00:00,151038,3263,412,90,36.25555555555555,0.027581979773214832,2.4927501688316847
Destiny,"Destiny Gets Baited Into Screaming Match, Joins Chaotic Left Vs Right Debate",2024-01-16 08:44:26+00:00,144231,2544,531,31,82.06451612903226,0.01218553459119497,2.153489887749513
Destiny,Heated Drama BLOWS UP On Stream And Almost Ends In TEARS,2024-01-17 11:09:30+00:00,327651,5243,2970,312,16.80448717948718,0.05950791531565897,2.6018538017585784
Destiny,Hasan LASHES OUT At Viewers And Destiny After Getting CALLED OUT,2024-01-18 12:30:25+00:00,430333,9008,1862,196,45.95918367346939,0.021758436944937832,2.5714969570077124
Destiny,ANTIFA CONFRONTS DESTINY ABOUT RITTENHOUSE,2024-01-19 13:00:52+00:00,453531,6651,4821,156,42.63461538461539,0.02345511953089761,2.563882072008308
Destiny,Hasan's Full Houthi Interview Makes Destiny LOSE HIS MIND 🤢🤯🤬,2024-01-20 13:54:22+00:00,423441,7495,2035,216,34.699074074074076,0.028819212808539028,2.3016193519286037
Destiny,MamaMax vs Mutahar LEAKED CALL And THREATS Against Massive YouTubers,2024-01-21 15:24:43+00:00,284991,5152,675,49,105.14285714285714,0.009510869565217392,2.0618194960542615
Destiny,Forward Party Tries To Recruit Destiny But It Turns Into A Gloves Off Debate...,2024-01-22 15:45:00+00:00,207955,3112,1612,71,43.83098591549296,0.02281491002570694,2.305787309754514
Destiny,DeSantis Gets Outed For Worst Campaign In History,2024-01-23 16:08:59+00:00,206448,3352,504,54,62.074074074074076,0.016109785202863963,1.893939393939394
Destiny,Debating Ben Shapiro On Israel | Lex Fridman Podcast,2024-01-24 16:30:08+00:00,170066,4347,820,82,53.01219512195122,0.018863584080975385,3.0864487904695825
Destiny,"Hasan Slams Shapiro And Destiny, Calls Debates Useless",2024-01-25 17:15:02+00:00,471646,8948,1823,197,45.421319796954315,0.022016092981671884,2.3254729182480083
Destiny,WE'RE SCREWED! Destiny Gets Blackpilled On China's Invasion Of Taiwan...,2024-01-26 17:28:12+00:00,277306,4671,1269,125,37.368,0.02676086491115393,2.187114595428876
Destiny,Communists Confront Destiny For Condemning Houthi Pirates,2024-01-27 18:36:49+00:00,398074,6196,2120,97,63.876288659793815,0.01565526145900581,2.1134261468973103
Destiny,ONE STATE SOLUTION IS INSANE! Destiny Gets Double Teamed In Heated Israel Debate,2024-01-28 19:35:00+00:00,326058,4520,1716,80,56.5,0.017699115044247787,1.9370786792533845
Destiny,"Briahna Destroys Cohost And Glenn Greenwald, Leaves Destiny Speechless",2024-01-29 20:45:00+00:00,203396,3732,754,130,28.70769230769231,0.03483386923901393,2.269464492910382
Destiny,"Expert Analyst Challenges Destiny, Gets Basic Facts Wrong",2024-01-30 20:45:00+00:00,319413,6110,2772,236,25.889830508474578,0.03862520458265139,2.8546114278379404
Destiny,Insanely Heated Debate vs Glenn Greenwald,2024-01-31 20:45:00+00:00,434490,6892,6206,453,15.214128035320089,0.06572838073128265,3.1188289718980875
Destiny,Tempers Flare In Israel Debate w/ Cenk,2024-02-01 23:30:11+00:00,543407,9158,5705,206,44.45631067961165,0.022493994321904347,2.773059603575221
Destiny,CHINA CAN ANNIHILATE OUR MILITARY! Noah Smith WARNS Destiny,2024-02-03 20:29:06+00:00,254193,3850,2395,109,35.321100917431195,0.028311688311688312,2.4996754434622512
Destiny,Interview w/ Gen Z Congressman Maxwell Frost | CANVASSING ROUNDTABLE,2024-02-11 03:17:56+00:00,109906,2732,356,82,33.31707317073171,0.030014641288433383,2.8842829326879333
Destiny,ELECTION SYSTEM HAS FAILED! Debate w/ Tim Pool Co-host Ian Crossland,2024-02-12 13:13:57+00:00,288334,5746,2885,127,45.24409448818898,0.022102332057083188,3.037449624393932
Destiny,Jordan Peterson Talk Became A Debate And Why Journalism Has FAILED,2024-02-13 13:29:06+00:00,346610,5245,1005,171,30.672514619883042,0.03260247855100095,1.8525143533077524
Destiny,Pro-Palestine Journalist Shocks Destiny w/ Best Israel Convo Ever,2024-02-14 14:39:50+00:00,748137,13233,7693,462,28.642857142857142,0.034912718204488775,2.858834678675162
Destiny,"BLACKPILLED! OnlyFans Corruption, Immigration And Birthrate Crisis w/ Lauren Chen",2024-02-15 18:22:34+00:00,340326,6016,2236,165,36.46060606060606,0.02742686170212766,2.4732168567785004
Destiny,xQc COOKS Fantano And Russia Launches Space WEAPON!?,2024-02-17 01:37:05+00:00,208141,3384,620,109,31.045871559633028,0.03221040189125295,1.9760643025641271
Destiny,Destiny Confronts Israel President's Cousin On The War,2024-02-20 11:48:22+00:00,170346,3327,1160,215,15.474418604651163,0.06462278328824766,2.7602644030385215
Destiny,Piers SNAPS In Nonstop Ad-Hominem Finkelstein vs Shmuley Debate!,2024-02-21 14:12:43+00:00,234964,3279,1228,135,24.288888888888888,0.04117108874656908,1.9756217973817265
Destiny,Asking Destiny To Address A Big Problem w/ His Community,2024-02-22 14:50:21+00:00,195334,3044,1384,344,8.848837209302326,0.11300919842312747,2.4429950751021328
Destiny,Hasan Praises Fantano's Debate Skills Vs Destiny Fan...,2024-02-23 15:59:14+00:00,275337,5115,1057,159,32.16981132075472,0.031085043988269796,2.2993640520525758
Destiny,SOUTH AFRICA VS ISRAEL! Finkelstein Surprises Destiny w/ Spot On Analysis,2024-02-24 17:15:20+00:00,199653,2492,996,123,20.260162601626018,0.049357945425361156,1.8086379869072842
Destiny,Ex-FBI Informant Charged w/ False Intel!,2024-02-26 16:11:02+00:00,161481,2516,980,121,20.793388429752067,0.04809220985691574,2.239891999677981
Destiny,"""Hasan's Mad At Me?"" Hasan Fans Demand Apology From Ludwig",2024-02-28 13:55:15+00:00,305165,7829,926,267,29.322097378277153,0.03410397241026951,2.9564334048793275
Destiny,Finkelstein's Response Leaves Destiny SPEECHLESS,2024-02-29 22:09:47+00:00,262754,3460,1164,536,6.455223880597015,0.15491329479768787,1.9638140618220845
Destiny,Destiny Debates Students During Cornell Speaking Event,2024-03-02 01:33:51+00:00,292410,6639,1325,157,42.28662420382165,0.02364813978008736,2.7772647994254642
Destiny,MrBeast Wanted 10k! AOC Jealousy In Congress & The Issue w/ Democrats | BRIDGES #1 JEREMIAH JOHNSON,2024-03-03 02:12:30+00:00,166104,4058,466,134,30.28358208955224,0.03302119270576639,2.8042672060877525
Destiny,Ethan Calls Out Hasan's Mod And Ludwig Deletes Destiny Accusation,2024-03-04 03:23:57+00:00,359387,7168,928,161,44.52173913043478,0.0224609375,2.297523282700821
Destiny,Noah Samsen Debates Destiny's Tweets And Loses,2024-03-05 03:53:13+00:00,332485,7306,1823,530,13.784905660377358,0.07254311524774158,2.9050934628629865
Destiny,Destiny Helps Pro-Palestinian Debate An Extreme Right-Wing Israeli,2024-03-06 08:17:54+00:00,162523,2250,615,62,36.29032258064516,0.027555555555555555,1.8009758618780112
Destiny,Heated Debate w/ Far-Right Israeli Knesset Politician Simcha Rothman,2024-03-07 09:17:25+00:00,157092,2874,1474,67,42.8955223880597,0.023312456506610995,2.810455019988287
Destiny,Hasan's New Insane Oct 7 Take Makes Destiny SNAP,2024-03-08 14:51:17+00:00,339513,6390,1642,238,26.84873949579832,0.03724569640062598,2.4358419265241684
Destiny,Candace Owens Confronts Destiny IRL,2024-03-09 15:00:29+00:00,1341929,26005,21311,1067,24.37207122774133,0.04103057104403,3.605481363022932
Destiny,Debate w/ Journalist On Oct 7 S*xual Violence ft. Ryan Grim,2024-03-10 15:00:31+00:00,255618,4412,2772,122,36.16393442622951,0.027651858567543066,2.8581711773036327
Destiny,Candace Owens Aftermath,2024-03-12 08:27:00+00:00,265523,4887,2172,146,33.47260273972603,0.029875179046449766,2.713512577064887
Destiny,"""SHE CRIED IN MY ARMS!"" Dream Cries After GeorgeNotFound Gets Exposed",2024-03-13 08:30:11+00:00,394786,8669,2796,251,34.537848605577686,0.028953743222978428,2.9676837577826976
Destiny,Professor Reveals Science Behind Conspiracy Theories To Destiny...,2024-03-14 09:21:45+00:00,182246,3637,951,88,41.32954545454545,0.024195765740995325,2.56576276022519
Destiny,Finkelstein LOSES IT In Our Debate On Lex Fridman's Podcast,2024-03-16 00:39:25+00:00,558580,8563,5135,1382,6.196092619392185,0.16139203550157655,2.6997028178595723
Destiny,Destiny Squashes Feud w/ Pro-Palestine Journalist After Incredibly Good Debate,2024-03-17 02:20:49+00:00,258943,4275,2187,143,29.895104895104897,0.03345029239766082,2.5507544131333924
Destiny,"Hasan Gaslights His Own Fans, Changes Story For Insane Interview",2024-03-18 04:59:13+00:00,300718,5845,1152,255,22.92156862745098,0.04362703165098375,2.411561662421272
Destiny,"""THIS IS SUPER SCARY"" Dr K Shares His Very Controversial Take",2024-03-19 05:44:19+00:00,291436,6495,1560,275,23.618181818181817,0.042340261739799843,2.8582604757133643
Destiny,Russian Cyberweapon Gets Exposed! It's Scary And Impressive,2024-03-20 06:42:37+00:00,186897,4893,1041,84,58.25,0.017167381974248927,3.219955376490794
Destiny,Don Lemon CONFRONTS Elon Musk And Gets His X Partnership CANCELLED,2024-03-21 07:55:00+00:00,274283,4416,2946,792,5.575757575757576,0.1793478260869565,2.9728419187481543
Destiny,"""UH OH..."" Dr K Responds To Destiny",2024-03-23 05:50:46+00:00,339361,5622,1304,157,35.80891719745223,0.02792600498043401,2.087157923273446
Destiny,Destiny Gets GRILLED By Guest And Cohost And Why Collab w/ Ethan Is IMPOSSIBLE,2024-03-24 06:53:25+00:00,287167,5845,882,118,49.53389830508475,0.02018819503849444,2.3836304310732084
Destiny,Intel analyst Reveals Grim Reality Of Ukraine vs Russia | BRIDGES #2 RYAN McBETH,2024-03-25 07:08:01+00:00,271055,7380,1900,484,15.24793388429752,0.06558265582655827,3.602220951467414
Destiny,Destiny Addresses Taking $$$ From Israel And Getting Candace Owens FIRED,2024-03-26 10:09:06+00:00,265595,7366,1787,291,25.3127147766323,0.03950583763236492,3.5557898303808426
Destiny,Antivaxer Tries To Ambush Destiny But Gets REVERSE Ambushed By A Doctor,2024-03-27 10:59:08+00:00,217724,4959,1279,155,31.993548387096773,0.03125630167372454,2.9362863074351013
Destiny,Destiny Reacts To His Heated Convo w/ Jordan Peterson,2024-03-28 12:00:46+00:00,346490,5252,2594,807,6.508054522924412,0.15365575019040364,2.497330370284857
Destiny,"Steven Crowder SUES Ex Employee And Ex Wife, Triggers Conservative Civil War",2024-03-29 13:07:06+00:00,316973,4546,1036,173,26.277456647398843,0.03805543334799824,1.815612055285466
Destiny,"Rubin Goes After Destiny, Jordan Peterson's WARNING For Ethan & Contrapoints Rumor CONFIRMED",2024-03-30 15:13:17+00:00,313552,6605,1064,164,40.27439024390244,0.024829674489023467,2.498150227075573
Destiny,Man Uses Katana Against Cops Captured On INSANE Bodycam Footage,2024-03-31 15:45:02+00:00,198887,4006,860,83,48.265060240963855,0.02071892161757364,2.4883476546983965
Destiny,Destiny Gets Triggered Before Zoom Lecture And Gets Caught Screaming,2024-04-02 14:00:23+00:00,169926,2712,1084,97,27.95876288659794,0.0357669616519174,2.2909972576297917
Destiny,Destiny Gets Accused Of Being Handled By Russia In HEATED Havana Syndrome Debate,2024-04-03 15:30:10+00:00,142077,2258,1149,140,16.12857142857143,0.06200177147918512,2.4965335698248134
Destiny,Destiny REFUSES To Buy IDF's Excuse For DEADLY Strike On WCK Aid Workers,2024-04-04 16:30:02+00:00,189886,3621,1753,159,22.77358490566038,0.043910521955260975,2.9138535753030768
Destiny,SHE LAWYERED UP! BabyMama LEAKS Proof And DMs Against Fresh N Fit CoHost,2024-04-05 17:45:00+00:00,205901,3646,1365,111,32.846846846846844,0.030444322545255073,2.487603265647083
Destiny,Confronting Alex Jones On Sandy Hook | Bridges #3 Krassenstein Brothers,2024-04-06 18:30:08+00:00,154564,3061,371,135,22.674074074074074,0.044103234237177394,2.3077818897026474
Destiny,Candace Owens Calls Out Shapiro For Debating Destiny,2024-04-07 20:45:19+00:00,377920,6274,1892,352,17.823863636363637,0.05610455849537775,2.25391617273497
Destiny,Joe Rogan Watched Destiny's Debate #002,2024-04-08 21:30:03+00:00,368409,6385,1309,279,22.885304659498207,0.04369616288175411,2.164170799301863
Destiny,Shapiro Should Be Questioned And Labeled!,2024-04-09 22:50:37+00:00,250455,4687,1841,280,16.739285714285714,0.05973970556859398,2.7182527799405083
Destiny,Finkelstein Says He Was Unhinged In The Destiny Debate,2024-04-11 00:55:24+00:00,242205,4523,2136,155,29.18064516129032,0.03426929029405262,2.8133192956379927
Destiny,Matt Walsh's INSANE One Sided Take On Man Stabbing Teens ft. xQc,2024-04-12 02:00:18+00:00,329166,4575,2668,210,21.785714285714285,0.04590163934426229,2.2642071173815035
Destiny,Blaire White EXPOSES Elijah Schaffer!? Brittany Simon Goes After Destiny's Son #003,2024-04-13 03:08:19+00:00,223855,4423,832,70,63.18571428571428,0.015826362197603437,2.378771972928905
Destiny,Rich Socialist FOOLS Fans Into Giving $$ By Telling Them He's Going BROKE,2024-04-14 04:18:28+00:00,218101,4784,805,33,144.96969696969697,0.006897993311036789,2.5777048248288637
Destiny,DEBATES SEEM POINTLESS! JJ McCullough Gives Destiny His Honest Thoughts | BRIDGES #4,2024-04-15 04:25:04+00:00,246269,5370,1114,100,53.7,0.0186219739292365,2.673499303607031
Destiny,How Should Israel Respond To Iran's Attack...?,2024-04-16 10:16:36+00:00,226705,3742,1142,237,15.789029535864978,0.06333511491181186,2.258882688957015
Destiny,Graham Stephan Confronts Hasan On Socialist Grift! Destiny Gets TRIGGERED...,2024-04-17 16:10:00+00:00,324729,5817,1159,102,57.029411764705884,0.017534811758638472,2.1796636580040585
Destiny,YOU'RE SEETHING! Dr Mike Debates Dr K On Eastern Medicine (Ayurveda),2024-04-18 16:15:03+00:00,389252,6197,1116,175,35.41142857142857,0.028239470711634664,1.9236895378829137
Destiny,Is Dr Mike Right About Dr K And Eastern Medicine!? | AE PODCAST #004,2024-04-19 15:00:53+00:00,194719,3269,1002,131,24.954198473282442,0.04007341694707862,2.2606936149014736
Destiny,Hasan Debates Israeli Children In Hopes Of Finally Winning,2024-04-20 16:15:02+00:00,320405,5244,925,163,32.171779141104295,0.031083142639206713,1.9762488100997173
Destiny,YMS Calls Out Shapiro And Anti-SJW Critics | BRIDGES #5,2024-04-21 16:15:01+00:00,135269,2727,1360,491,5.553971486761711,0.18005133846718005,3.3843674456083805
Destiny,Politics On Twitch Has Become INSANE...,2024-04-23 00:57:47+00:00,337791,5476,1375,148,37.0,0.02702702702702703,2.071991260868407
Destiny,Sneako AMBUSHES Destiny And Gets COOKED In Heated Confrontation,2024-04-24 03:47:48+00:00,813839,16316,4802,280,58.27142857142857,0.017161068889433684,2.6292669680366756
Destiny,HE'S SO MAD! Hasan LOSES IT On Piers Morgan,2024-04-25 09:18:22+00:00,462949,9656,1869,527,18.322580645161292,0.05457746478873239,2.6033105158451577
Destiny,Bridge w/ Old Friend Restored | BRIDGES #6,2024-04-26 16:29:24+00:00,210984,3466,384,86,40.30232558139535,0.024812463935372186,1.8655443066772834
Destiny,"Sneako AMBUSH, Aba N Preach THREATENED & Ethan Klein Offers HELP | AE #005",2024-04-28 04:22:42+00:00,305047,6476,993,145,44.66206896551724,0.022390364422483013,2.496008811756877
Destiny,Destiny Gets Ambushed By Conservative On Stage In 1v3 Debate,2024-04-29 05:22:01+00:00,493468,9588,3137,109,87.96330275229357,0.011368377138089279,2.600776544781019
Destiny,Leftist Hasan Fans Confront Destiny On Campus,2024-04-30 06:14:32+00:00,530130,10566,2621,247,42.77732793522267,0.023376869203104295,2.534095410559674
Destiny,Convo w/ PhD Historian DERAILS Into Most INSANE Israel Debate Ever,2024-05-01 11:28:40+00:00,531247,6910,3246,164,42.13414634146341,0.02373371924746744,1.9425992052661003
Destiny,College Protests Turn Violent | AE PODCAST #006,2024-05-02 21:25:47+00:00,231427,4327,930,235,18.41276595744681,0.0543101455974116,2.373102533412264
Destiny,Fresh N Fit Debate On Oct 7 And Age Of Consent In Islam w/ Sulaiman Ahmed,2024-05-04 03:34:12+00:00,490530,9141,5226,235,38.89787234042553,0.025708347007985997,2.976780217315964
Destiny,Ryan Grim And Krystal Shock Destiny w/ Compliments But Then...,2024-05-05 04:35:06+00:00,250005,5017,917,87,57.666666666666664,0.017341040462427744,2.408351832963341
Destiny,"Destiny Debates Andrew Tate, Nick And Sneako!",2024-05-06 04:50:59+00:00,1241498,23909,6937,1387,17.237923576063448,0.05801162742063658,2.5962989871912803
Destiny,"""Destiny Ruined Ur Comeback"" Sneako Tries To Console Nick On Stream",2024-05-07 07:44:18+00:00,353386,7022,1469,312,22.506410256410255,0.04443178581600683,2.49104378781276
Destiny,"""You're Terrifying Me"" Destiny Drops Biggest BLACKPILL & Explains Hyper-Reality",2024-05-08 09:16:24+00:00,281534,5018,1251,187,26.834224598930483,0.03726584296532483,2.293151093651211
Destiny,Destiny's Media Company And Who He Wants To Recruit...,2024-05-09 09:34:19+00:00,184855,3771,672,101,37.336633663366335,0.026783346592415803,2.4581428687349542
Destiny,Dr K Gets Emotional Trying To Help Destiny,2024-05-10 10:10:21+00:00,587463,11737,1403,129,90.98449612403101,0.010990883530714833,2.2586954412448104
Destiny,Destiny Vs Everyone On Twitch,2024-05-12 06:37:18+00:00,440554,10320,2088,556,18.56115107913669,0.053875968992248065,2.942658561720016
Destiny,How China And Russia Are Slowly Taking Over | BRIDGES #8,2024-05-14 07:25:59+00:00,194872,4648,927,145,32.0551724137931,0.03119621342512909,2.9352600681472967
Destiny,Ludwig Caught Lying About Destiny AGAIN & Hasan's INSANE Discord Fight,2024-05-15 14:33:46+00:00,384575,8939,1430,232,38.5301724137931,0.025953686094641458,2.7565494376909574
Destiny,Leftists Advocate For Destiny's Murder On Twitch,2024-05-18 11:10:18+00:00,426272,9304,1915,122,76.26229508196721,0.013112639724849526,2.6605078447564
Destiny,Liberals Vs Everyone Else,2024-05-19 11:23:12+00:00,271787,5271,864,100,52.71,0.01897173211914248,2.2940758755937556
Destiny,Trump's Dep. Assist. Accuses Destiny Of Blood Libel In Heated Debate,2024-05-20 11:43:12+00:00,325963,5193,1442,107,48.532710280373834,0.02060466011939149,2.068332908949789
Destiny,Producer Calls Out Destiny For Going TOO FAR | AE Podcast #08,2024-05-21 12:46:37+00:00,185346,3472,646,104,33.38461538461539,0.029953917050691243,2.2779018700160782
Destiny,Unfair 2v1 Israel Debate DERAILS Into Insanity And Turns Destiny Pro-Palestine...,2024-05-22 13:38:15+00:00,302045,4037,976,129,31.294573643410853,0.031954421600198166,1.7023953384429473
Destiny,Dave Smith's Epstein Theory On Israel Rocks Joe Rogan,2024-05-23 14:15:01+00:00,211622,3203,796,171,18.730994152046783,0.05338744926631283,1.970494561056979
Destiny,Debate w/ Award Winning Pro Debate Coach (Wisecrack Director Lux),2024-05-24 14:14:23+00:00,335120,4979,1791,98,50.80612244897959,0.019682667202249447,2.049415134877059
Destiny,Destiny Stumps And Triggers Leftist Panel In 1v5 Debate,2024-05-25 14:30:01+00:00,600023,10143,3987,84,120.75,0.008281573498964804,2.3689091918143137
Destiny,"""Nick, no..."" Destiny Reacts To Rekieta's Arraignment Livestream",2024-05-26 14:45:00+00:00,193913,3042,732,137,22.204379562043794,0.04503616042077581,2.016883860287861
Destiny,Trump And GOP Claim Biden Ordered His Assassination At Mar-A-Lago!,2024-05-27 15:05:00+00:00,163347,2790,861,108,25.833333333333332,0.03870967741935484,2.3012360190269794
Destiny,Jordan Peterson Gets Stumped By This Straightforward Question...,2024-05-28 15:30:07+00:00,460116,7198,2154,285,25.256140350877192,0.0395943317588219,2.094471828843161
Destiny,Norman Finkelstein Visibly Flustered In Piers Morgan Debate w/ Yishai Fleisher,2024-05-29 16:00:38+00:00,296221,4426,934,190,23.294736842105262,0.04292815183009489,1.8736011288868784
Destiny,Leftist Spreads Fake R*pe Allegations In Insane And R*cist Hitpiece...,2024-05-30 22:30:04+00:00,465203,9839,1907,82,119.98780487804878,0.00833418030287631,2.542545942309056
Destiny,Rubin Falls For Obvious Troll & Makes Fanfic About Destiny's S*x Life,2024-06-02 14:02:57+00:00,214507,3650,611,78,46.794871794871796,0.021369863013698632,2.022777811446713
Destiny,Keffals Reveals What She Really Thinks About Destiny In Leaked DMs | AE #09,2024-06-05 14:18:17+00:00,234329,4178,675,185,22.583783783783783,0.04427955959789373,2.1499686338438693
Destiny,"""Not The Twitter Ambush"" Destiny's Tweet Gets Brought Up During Israel Debate",2024-06-10 16:24:35+00:00,228976,5512,654,150,36.74666666666667,0.027213352685050797,2.7583676891901336
Destiny,"""Most TERRIBLE Thing About Israel"" Destiny's Honest Opinion After Visit",2024-06-13 12:24:20+00:00,214311,4384,1101,169,25.940828402366865,0.0385492700729927,2.6382220231346034
Destiny,Confronting PhD Leftist For Spreading Insane Lie In Impromptu Debate | AE #10,2024-06-15 00:38:39+00:00,366847,5965,909,154,38.73376623376623,0.02581726739312657,1.9157850548048643
Destiny,Dave Smith Gets Mad And Resorts To Insults After Getting Stumped In Libertarian Debate,2024-06-17 17:18:55+00:00,381888,5493,1804,231,23.77922077922078,0.042053522665210265,1.971258588905648
Destiny,This ESCALATED Into The Most Personal And Unhinged Drama Ever,2024-06-18 17:15:00+00:00,503267,6234,2102,124,50.274193548387096,0.019890920757138275,1.6810162398885682
Destiny,SHE'S ACTUALLY MAD! Brutal Live Debate That Made BJG Storm Off,2024-06-19 19:00:27+00:00,347847,4888,1259,104,47.0,0.02127659574468085,1.7970544521010674
Destiny,Sneako Gets Superman Punched | AE #11,2024-06-21 03:42:27+00:00,168791,3479,527,96,36.239583333333336,0.027594136246047715,2.4302243603035705
Destiny,"Why Jordan Peterson Is Actually Right About ""What Is A Woman?""",2024-06-22 14:19:27+00:00,292000,5484,4081,615,8.917073170731708,0.11214442013129103,3.4863013698630136
Destiny,Terrence Howard's Insane JRE Call Out Forces Neil deGrasse Tyson To Respond,2024-06-24 07:53:02+00:00,419245,6408,2289,119,53.84873949579832,0.018570536828963796,2.102827702178917
Destiny,Moderator MUTES Destiny And Leftist Professor After Debate Gets Way Too Heated!,2024-06-26 09:09:02+00:00,303168,4600,1686,109,42.20183486238532,0.023695652173913045,2.1093914925058055
Destiny,DrDisrespect's Insane Response | AE #12,2024-06-27 12:56:12+00:00,283844,4924,1029,113,43.575221238938056,0.022948822095857028,2.1370893871281407
Destiny,Trump vs Biden Debate Was A Disaster,2024-06-28 14:06:03+00:00,365869,6764,2346,547,12.36563071297989,0.08086930810171496,2.6394693182532545
Destiny,"""Do You Know Her Age?"" Journalist Drops Bombshell On DrDisrespect And Twitch's Involvement",2024-06-29 14:35:15+00:00,292530,3755,1590,134,28.02238805970149,0.03568575233022637,1.8729702936450963
Destiny,Vaush Confronts Dave Smith For Using Cowardly Argument,2024-07-01 19:30:05+00:00,293201,4009,1517,178,22.52247191011236,0.04440009977550512,1.9454231056510722
Destiny,"""You Support This?"" Conservative Lawyer Gets Confronted On Trump's Ruling",2024-07-02 22:00:37+00:00,249694,3751,1676,177,21.192090395480225,0.04718741668888297,2.244347080826932
Destiny,THIS IS INSANE! Trump Says False Elector Scheme Was An Official Act...,2024-07-03 21:45:02+00:00,185268,3306,1157,146,22.643835616438356,0.044162129461584994,2.4877474793272447
Destiny,Cowardly Ethan Klein Photo Controversy And Backlash | AE #13,2024-07-04 23:15:02+00:00,214461,3618,694,135,26.8,0.03731343283582089,2.0735704860091113
Destiny,Shapiro Doesn't Realize This Big Mistake & Gets It All WRONG,2024-07-06 00:30:09+00:00,236168,3956,1262,204,19.392156862745097,0.05156723963599596,2.295823312218421
Destiny,"""EXCUSE ME!!?"" Destiny Gets Pulled Into Heated Debate w/ Conservative On SCOTUS Ruling",2024-07-07 00:30:26+00:00,331648,4181,1846,327,12.785932721712538,0.078210954317149,1.9158867232728676
Destiny,Cenk Goes Too Far In Heated Biden Debate And Gets Called Out,2024-07-08 00:30:07+00:00,244873,3699,1689,186,19.887096774193548,0.050283860502838604,2.2762819910729237
Destiny,Leftist Uses TikTok Gotcha To Debate Destiny And It Backfires Badly,2024-07-09 01:10:00+00:00,467322,6734,2852,184,36.59782608695652,0.027324027324027323,2.09063557889421
Destiny,"""I Watched The Finkelstein Convo"" Destiny Confronts Leftist For Topic He Tried To Avoid",2024-07-10 05:27:16+00:00,208100,3543,1031,151,23.4635761589404,0.04261924922382162,2.27054300816915
Destiny,Destiny Confronts Boogie2988 For Faking Cancer And CRASHES Keemstar's Show,2024-07-11 01:56:48+00:00,686454,15811,2536,159,99.44025157232704,0.010056289924735944,2.695883482360071
Destiny,This Common Manipulation Tactic Is INSANELY Hard To Counter,2024-07-12 17:07:33+00:00,171608,3578,601,325,11.009230769230768,0.09083286752375629,2.624586266374528
Destiny,Boogie2988 Says His Doctor Might've Lied To Him For Clout | AE #14,2024-07-14 04:29:37+00:00,282226,5466,1312,610,8.960655737704919,0.11159897548481522,2.61776023470552
Destiny,Destiny Stumps Every Conservative Influencer In HEATED 1v10 Bloodsport Debate,2024-07-15 06:31:49+00:00,1172856,29924,15299,5152,5.808229813664596,0.17216949605667692,4.2950711766832415
Destiny,NOT Elon Musk Confronts Destiny In A Twitter Space,2024-07-16 08:06:10+00:00,509287,11691,5957,2325,5.0283870967741935,0.19887092635360534,3.921757280276151
Destiny,"Boogie Admits Fake Cancer Diagnosis, Gets FIRED & Grabs Kn*fe In HEATED Confrontation",2024-07-18 05:43:14+00:00,968926,17361,4058,994,17.46579476861167,0.05725476643050516,2.313179747472975
Destiny,Hasan Defends Destiny And Corners Piers w/ KILLSHOT Question,2024-07-19 08:26:40+00:00,462836,9948,3283,1912,5.202928870292887,0.19219943707277845,3.2717852543881634
Destiny,Candace Owens IMPRESSES Destiny w/ Perfect Putin Talking Points In PBD Debate,2024-07-20 11:47:34+00:00,203150,3973,1281,465,8.544086021505377,0.11704002013591744,2.8151612109278856
Destiny,"""Doesn't Matter Biden Or Trump"" Ryan McBeth Gives Destiny His Ukraine Take",2024-07-21 12:24:17+00:00,198731,4616,1255,303,15.234323432343235,0.06564124783362218,3.1067120881996266
Destiny,Biden Steps Down...,2024-07-22 12:17:01+00:00,275013,5712,2312,676,8.449704142011834,0.11834733893557423,3.163486816986833
Destiny,Moistcritikal Defends Destiny Against Cohost & Hasan Gets Called Out For Misinfo,2024-07-23 12:33:41+00:00,325803,6249,1191,353,17.702549575070822,0.05648903824611938,2.3919362314036396
Destiny,Worst DMs From The Kris Tyson's Leaks,2024-07-24 12:48:45+00:00,286973,4928,1361,243,20.279835390946502,0.049310064935064936,2.2761723228317647
Destiny,Brian Tyler Cohen Confronts And CALLS OUT Piers Morgan,2024-07-25 13:01:08+00:00,234726,5804,1133,197,29.461928934010153,0.0339421088904204,3.039288361749444
Destiny,Jan 6 Debate w/ Andrew Wilson On Fresh N Fit,2024-07-26 13:00:43+00:00,526884,7719,8232,584,13.217465753424657,0.07565746858401347,3.1382619324177616
Destiny,Debating Fresh N Fit And Their Audience,2024-07-27 13:00:28+00:00,379962,6703,1614,141,47.53900709219858,0.021035357302700283,2.2260120748916994
Destiny,Ava Kris Tyson's Fav Artist Drew NSFW Of Keemstar's 7 Year Old Daughter | AE #16,2024-07-28 13:53:43+00:00,292527,6397,912,156,41.006410256410255,0.024386431139596685,2.551901192026719
Destiny,"""That's Retarded!"" Mutahar Loses Patience And Joins Heated Debate",2024-07-29 14:46:06+00:00,339223,5010,1618,189,26.50793650793651,0.03772455089820359,2.0095925099418377
Destiny,"Destiny Debates The Google Whistleblower, Shows Him Jan 6 Footage Mid Convo",2024-07-30 15:00:38+00:00,387189,7116,3866,54,131.77777777777777,0.007588532883642495,2.8502875856493857
Destiny,Destiny Destroys Prager's Gotcha And Leaves Him Speechless,2024-07-31 14:07:25+00:00,387141,9634,2101,252,38.23015873015873,0.02615735935229396,3.09628791577229
Destiny,Trump's SHOCKING Comments About Ivanka And HEATED Live Forum Interview,2024-08-01 14:32:11+00:00,282374,5317,1340,162,32.82098765432099,0.030468309196915552,2.414882390021744
Destiny,"SHE'S TRANS! Conservatives Spread UNHINGED Lie To ""Own"" The Left...",2024-08-02 14:59:11+00:00,210810,4369,1962,349,12.51862464183381,0.07988097962920576,3.1687301361415496
Destiny,MEN CAN HAVE KIDS!? Tim Pool Makes Stuff Up And Confuses Himself,2024-08-03 15:17:33+00:00,217123,4039,940,179,22.564245810055866,0.044317900470413465,2.3756119803060938
Destiny,Moistcritikal's Cohost Defends Video Of Taking Upskirt Pics Of Underage Girls | AE #17,2024-08-04 15:36:21+00:00,246750,4631,972,98,47.255102040816325,0.021161736126106674,2.3104356636271532
Destiny,Destiny Realizes He's Debating A FLAT EARTHER Trump Supporter...,2024-08-05 16:08:20+00:00,513589,8788,3976,163,53.91411042944785,0.01854802002730997,2.5169931599002315
Destiny,Destiny Crashes Lauren Southern's Panel To Confront Panelist On UK Riots,2024-08-06 16:15:01+00:00,324991,4814,3504,449,10.721603563474387,0.0932696302451184,2.6976131646722523
Destiny,Trump's Stream w/ xQc Triggers Huge Debate w/ Destiny | AE #18,2024-08-07 16:15:03+00:00,251943,4682,1377,275,17.025454545454547,0.058735583084152075,2.514060720083511
Destiny,Destiny Catches Conservative Using AI Chatbot Summary To Debate Him....,2024-08-08 16:15:42+00:00,392822,5773,2877,225,25.657777777777778,0.03897453663606444,2.2592930131204465
Destiny,Conservatives Are Upset And Rogan Explains Why He's Not Voting Trump,2024-08-09 16:19:00+00:00,337271,5506,1508,178,30.93258426966292,0.032328369051943334,2.132409842530191
Destiny,Trump Lashes Out At Rogan And Forces Him To Respond,2024-08-10 16:15:02+00:00,300363,4681,823,196,23.882653061224488,0.04187139500106815,1.8977037784281021
Destiny,Right Wingers Turn On Trump And Destiny Gets Called Out For ChatGPT Debate,2024-08-11 16:15:02+00:00,269199,3763,835,114,33.00877192982456,0.03029497741163965,1.7503779731722628
Destiny,Why Intel's Meltdown Might Be A Huge Opportunity,2024-08-12 16:31:12+00:00,127340,1995,339,72,27.708333333333332,0.03609022556390978,1.8894298727815297
Destiny,Destiny Blows Out MAGA In Heated Confrontation And Forces Insane Admission,2024-08-13 16:31:40+00:00,511087,7761,2141,154,50.396103896103895,0.019842803762401752,1.967571078896548
Destiny,Destiny Blackpills Entire YouTube Commentary Community In Focus Group Panel,2024-08-14 18:21:03+00:00,429282,9032,2068,163,55.41104294478528,0.01804694419840567,2.6236832664775136
Destiny,YouTubers Give Destiny Criticism And Debate The Right Approach To His Project,2024-08-15 18:20:00+00:00,179109,3884,850,47,82.63829787234043,0.012100926879505664,2.6693242662289443
Destiny,Rubin's Embarrassing Compilation & Breaking Points Gets Exposed By Ryan McBeth,2024-08-16 18:45:00+00:00,216384,4362,657,55,79.30909090909091,0.012608895002292526,2.3449053534457263
Destiny,Trump Hilariously Ranks The Medal Of Honor And Pisses Off Veterans,2024-08-17 03:12:15+00:00,159940,3610,466,53,68.11320754716981,0.014681440443213296,2.5815930974115293
Destiny,"Destiny Debates AJW, MAGA Journalist And Lauren Southern In Impromptu 3v3 Panel",2024-08-17 18:15:01+00:00,411360,6587,2616,176,37.42613636363637,0.026719295582207377,2.2799980552314274
Destiny,Destiny Asks To See DMs And Confronts AJW On His Lies,2024-08-18 18:15:02+00:00,298311,5008,1686,160,31.3,0.03194888178913738,2.297602166866123
Destiny,Candace Owens Lies About Destiny Blackmail & Impromptu Debate In Fresh N Fit Twitter Space,2024-08-19 18:15:00+00:00,335239,4614,1479,111,41.567567567567565,0.024057217165149546,1.8506200054289625
Destiny,"Fixing Twitch Politics, DrDisrespect Deletes Confession & Russia's Biggest Weakness | AE #19",2024-08-20 18:15:01+00:00,141543,2501,544,358,6.9860335195530725,0.14314274290283888,2.404216386539779
Destiny,Harvard PhD Dr Javad Hashmi Confronts Destiny On Israel,2024-08-21 18:45:00+00:00,327957,4905,2993,143,34.3006993006993,0.029153924566768602,2.4518458212509566
Destiny,Tiger King Debates Destiny From Prison,2024-08-22 18:15:01+00:00,269083,5675,1183,90,63.05555555555556,0.015859030837004406,2.582102919916903
Destiny,Hasan Gets Kicked Out Mid Stream At DNC | AE #20,2024-08-23 18:30:36+00:00,266604,5381,899,166,32.41566265060241,0.030849284519606023,2.4178181872740097
Destiny,Hasan LASHES OUT! Calls DNC White Supremacists & His Own Viewers N@zis,2024-08-24 18:30:38+00:00,334148,6691,1322,201,33.288557213930346,0.030040352712599014,2.458192178316195
Destiny,Andrew Tate Snitched On Himself! Admits To Filming Acts w/ 14 Year Old...,2024-08-25 18:30:02+00:00,380903,6685,2122,238,28.08823529411765,0.0356020942408377,2.374620310157704
Destiny,AJW Throws Partner Under The Bus In Debate And Response To Destiny,2024-08-26 18:31:04+00:00,186537,2751,550,86,31.988372093023255,0.031261359505634315,1.8157255665095935
Destiny,Sam Harris And Destiny Discuss Influencers They've Debated,2024-08-27 18:30:22+00:00,269546,5134,715,67,76.6268656716418,0.013050253213868329,2.1948016294064834
Destiny,Redpill Guru Got Destroyed And QUITS In Embarrassment! Admits Career Is Over,2024-08-28 19:00:18+00:00,340972,5883,1047,304,19.351973684210527,0.05167431582525922,2.1215818307661625
Destiny,Andrew Tate Reached Out First For OG Interview And Confessed To Everything | AE #21,2024-08-29 19:00:26+00:00,275446,4710,705,128,36.796875,0.027176220806794056,2.0123726610660526
Destiny,Dave Smith Convinces Shultz Candace Is Smart And Lex vs Guest On Jan 6,2024-08-30 19:00:08+00:00,198793,3092,715,105,29.447619047619046,0.033958602846054335,1.9678761324593923
Destiny,Trump's Lawyer's Attorney Defends His Client Against Destiny,2024-08-31 19:00:06+00:00,171138,3157,1288,23,137.2608695652174,0.007285397529299968,2.6107585691079715
Destiny,YOU'RE BRAINBROKEN! MAGA YouTuber Confronts Destiny But It Backfires Badly...,2024-09-01 19:00:29+00:00,904157,17955,10628,287,62.5609756097561,0.015984405458089667,3.1930295291636295
Destiny,"""It's Why I Quit"" Ex-Twitch Employee Talks Company's Doom Spiral | AE #22",2024-09-02 19:15:01+00:00,206919,4001,775,108,37.0462962962963,0.02699325168707823,2.3603439026865587
Destiny,Lex Asks Trump Why He's Beefing w/ Rogan,2024-09-04 14:03:06+00:00,228990,4290,1146,103,41.650485436893206,0.02400932400932401,2.4188829206515567
Destiny,EXPOSED! Russia Secretly Paid Tim Pool Millions,2024-09-05 14:14:32+00:00,375642,9954,2477,176,56.55681818181818,0.01768133413703034,3.356120987536005
Destiny,Tim Pool Addresses Being Paid By Russia During Livestream,2024-09-06 14:18:45+00:00,358850,7989,1875,236,33.851694915254235,0.029540618350231567,2.814546467883517
Destiny,DrDisrespect Leaks New Details And Lauren's Channel Gets DELETED!,2024-09-07 14:45:48+00:00,275108,4519,1634,99,45.64646464646464,0.021907501659659216,2.2725620483591897
Destiny,Destiny Discovers Latest Russian Marching Orders!?,2024-09-08 15:35:31+00:00,247991,5470,1394,79,69.24050632911393,0.014442413162705668,2.7996983761507477
Destiny,"""YOU GOT DESTROYED"" Charlie Kirk Gets Visibly RATTLED Debating College Students",2024-09-09 17:05:30+00:00,546156,8951,2959,656,13.644817073170731,0.07328790079320746,2.300807827800116
Destiny,Destiny Gets Grilled For Being Soft On Lex Fridman & Lauren's Potential Arrest | AE #23,2024-09-10 17:15:02+00:00,211665,3338,620,84,39.73809523809524,0.025164769322947873,1.9096213356010676
Destiny,Trump vs Kamala Debate Was Funny BUT COMPLETELY NUTS,2024-09-11 14:31:29+00:00,451559,11407,2695,201,56.75124378109453,0.017620759182957833,3.1674709174216433
Destiny,Triggered MAGA Debater Gets Personal And Instantly Regrets It,2024-09-12 14:32:57+00:00,561885,10333,3016,75,137.77333333333334,0.007258298654795316,2.3891009726189525
Destiny,MAGA Melt Down & Blame Each Other For Making Trump Believe Cat Story | AE #24,2024-09-13 14:55:51+00:00,357548,6467,1307,185,34.956756756756754,0.028606772846760477,2.225994831463188
Destiny,Ethan Genuinely Calls Out Hasan And Blasts His Far Left Community,2024-09-14 15:00:52+00:00,367564,7442,848,135,55.12592592592593,0.018140284869658695,2.292117835261342
Destiny,It Begins...Trump Ignores WARNING And Causes MAGA Civil War,2024-09-15 15:09:07+00:00,298656,8701,1116,120,72.50833333333334,0.013791518216296978,3.3272393656916317
Destiny,"""HE NEEDS REMATCH"" Bill O'Reilly Warns Trump On Piers Morgan",2024-09-16 15:23:13+00:00,231849,5876,686,37,158.8108108108108,0.006296800544588155,2.8462490672808594
Destiny,"Medhi Hasan FOLDS Jill Stein, Rogan Admits Trump Lost & Sneako Redemption Arc...?",2024-09-17 16:07:46+00:00,244118,4727,657,80,59.0875,0.01692405331076793,2.2382618241997725
Destiny,Exploding Pagers Take Out Hezbollah & Hasan's Reddit Mods Quit In Protest,2024-09-18 16:30:08+00:00,300854,4980,988,120,41.5,0.024096385542168676,2.0235728958232233
Destiny,Andrew Tate Threatens Sneako | AE #25,2024-09-19 17:00:53+00:00,299164,5147,1269,261,19.720306513409962,0.05070915096172528,2.231886189514781
Destiny,THAT'S SLANDER AND A SLUR! Debate IMPLODES In Heated Confrontation,2024-09-20 17:00:05+00:00,571286,12934,5188,149,86.80536912751678,0.011520024740992733,3.1982229566276783
Destiny,Peterson's Psychoanalysis Genuinely Baffles Destiny,2024-09-21 17:00:29+00:00,262878,4663,1419,191,24.413612565445025,0.04096075487883337,2.386278045329012
Destiny,THE KNEE DIDN'T MATTER! MAGA Debater Gets Fact Checked By Doctor Mid Debate,2024-09-22 17:30:04+00:00,332304,5066,1582,108,46.907407407407405,0.021318594551914725,2.0330781453127256
Destiny,Trump Panics After Black N*zi And Trans-Fetish Comments Surface,2024-09-23 17:45:00+00:00,251260,7175,839,106,67.68867924528301,0.014773519163763066,3.231712170659874
Destiny,Charges For Trump's Assassin Drop And MAGA Is Pissed,2024-09-24 18:45:00+00:00,218973,5388,826,107,50.35514018691589,0.01985894580549369,2.8866572591141373
Destiny,"Hezbollah Leader In Shambles After Pager Explosions, Begged Fighters To Throw Away Phones",2024-09-25 19:00:16+00:00,203866,6021,722,96,62.71875,0.015944195316392625,3.3546545279742572
Destiny,Husband Outs Wife For Cheating w/ Huge Streamer | AE #26,2024-09-26 20:30:05+00:00,261733,6135,800,71,86.40845070422536,0.011572942135289324,2.676773658652138
Destiny,"""I Hate You Guys"" Ethan Purges Leftist Hasan Fans",2024-09-27 20:30:05+00:00,286017,5125,763,202,25.371287128712872,0.039414634146341464,2.129244065912166
Destiny,"The Problem w/ Simple ""Racism"" Being Solved | Project Liberal Interview",2024-09-28 20:30:04+00:00,203676,4005,605,80,50.0625,0.019975031210986267,2.302676800408492
Destiny,Destiny Finally Debates John Doyle | UNCENSORED AMERICA,2024-10-01 06:39:15+00:00,561136,11965,4360,257,46.55642023346304,0.021479314667781028,2.9550768441162214
Destiny,Walz Confronts Vance On Jan 6 And Mike Pence In VP Debate,2024-10-02 16:45:10+00:00,204400,4474,1190,118,37.91525423728814,0.02637460885113992,2.828767123287671
Destiny,Ana Kasparian Explains Why She's Leaving The Left,2024-10-03 18:15:00+00:00,406214,6828,4056,926,7.37365010799136,0.13561804335090802,2.9073345576469545
Destiny,Journalist Confronts Biden About Trump's Lie In White House | AE #27,2024-10-06 06:04:58+00:00,176491,2995,574,263,11.387832699619771,0.08781302170283806,2.1712155294037654
Destiny,Hasan Shows His Friend Terrorist Propaganda During Twitch Livestream | AE #28,2024-10-10 16:38:07+00:00,386859,7364,1372,251,29.338645418326692,0.03408473655621944,2.323068611561318
Destiny,Viral Pakman Clip Blackpills Podcast Host And Destiny At The Same Time...,2024-10-12 07:41:21+00:00,359503,8173,1630,116,70.45689655172414,0.014193074758350667,2.759086850457437
Destiny,Destiny Blackpills And Stumps MAGA Fanatic That Went To Jail For Jan 6 For 3 Years,2024-10-13 10:47:07+00:00,388300,6428,2094,114,56.3859649122807,0.01773490976975731,2.2240535668297707
Destiny,"""She Looks So Mad!"" Destiny Loses It At Woke Student vs 20 MAGA Supporters",2024-10-14 11:15:55+00:00,320449,5877,850,166,35.403614457831324,0.028245703590267145,2.151044315944191
Destiny,Confrontational Debate vs InfoWars Host Gets Super Heated,2024-10-15 07:34:57+00:00,1061361,25303,12925,715,35.38881118881119,0.028257518871280085,3.669156865571657
Destiny,MAGA Pushes Insane Lies To Hurricane Victims...,2024-10-16 10:18:16+00:00,212550,5645,836,73,77.32876712328768,0.012931798051372897,3.083509762408845
Destiny,Allan Lichtman Defends Election Prediction Amid Unhinged Threats,2024-10-17 20:00:00+00:00,421595,12129,2736,242,50.1198347107438,0.019952180723884903,3.5832967658534853
Destiny,Ethan Gets BLACKPILLED On Hasan And EXPOSES His Lies | AE #28,2024-10-19 08:22:28+00:00,466392,9514,2224,259,36.73359073359073,0.02722303973092285,2.572299696392734
Destiny,"""THERE'S A GLOBAL CABAL!"" Destiny Confronts MAGA Mom In Gloves Off Debate",2024-10-20 11:37:40+00:00,554875,11077,3655,226,49.01327433628319,0.02040263609280491,2.6957422842982655
Destiny,Twitch Secretly IP Banned Israel After Oct 7,2024-10-21 11:56:30+00:00,285108,7027,1810,120,58.55833333333333,0.017076988757649066,3.1416165102347184
Destiny,Debate w/ Majorie Taylor Greene Admirer Ends w/ Shocking Twist...,2024-10-22 12:25:58+00:00,369245,7282,4136,105,69.35238095238095,0.014419115627574842,3.1206922233205594
Destiny,Hasan Character Assassinates Ethan,2024-10-23 12:29:19+00:00,377424,7593,1413,203,37.40394088669951,0.026735150796786514,2.43996142269702
Destiny,Ex-MAGA Catches Trump By Surprise And Confronts Him About Jan 6,2024-10-24 13:08:30+00:00,231828,5581,876,83,67.24096385542168,0.014871886758645404,2.82105699052746
Destiny,"""That's Actually Scary..."" Destiny Finally Talks w/ Jan 6 Committee Staff Tom Joscelyn",2024-10-25 17:03:04+00:00,225321,5604,627,75,74.72,0.013383297644539615,2.7986738919142025
Destiny,Ethan vs Hasan And Sneako vs Asmongold | AE #29,2024-10-27 11:46:47+00:00,304261,5657,1359,316,17.901898734177216,0.055859996464557186,2.4097731881509628
Destiny,Destiny And Medhi Hasan Almost Bring Sarah Palin To Tears In Piers Morgan Confrontation,2024-10-28 23:12:18+00:00,688948,15169,2860,244,62.16803278688525,0.01608543740523436,2.6523046732119115
Destiny,Sam Harris Actually Confronts Shapiro,2024-10-30 04:41:14+00:00,492040,10319,1781,422,24.45260663507109,0.04089543560422521,2.5449150475571094
Destiny,Trump Refuses To Answer Rogan's Question...,2024-10-31 05:17:20+00:00,263721,5471,1243,190,28.794736842105262,0.03472856881740084,2.6179181786812578
Destiny,MAGA Cheated vs Destiny in 1v25 Jubilee Debate,2024-11-01 06:34:58+00:00,454386,9971,2237,221,45.11764705882353,0.02216427640156454,2.7353395571166366
Destiny,Ana Kasparian Shocks Cenk And Destiny In TYT Debate...,2024-11-02 08:53:20+00:00,306533,6606,1945,546,12.098901098901099,0.08265213442325159,2.9677065764534323
Destiny,Heated 1v1 Rematch w/ Jubilee MAGA Debater,2024-11-03 10:57:28+00:00,458139,8733,3352,166,52.60843373493976,0.019008359097675485,2.674079264153456
Destiny,Heated Debate w/ Gavin Mcinnes Derails Into Violent Threats,2024-11-04 11:56:03+00:00,375869,9021,3295,556,16.22482014388489,0.06163396519232901,3.4245973996259336
Destiny,Destiny Debates Wealth Expert On Trump's Tariffs And Policies,2024-11-05 13:46:31+00:00,242744,5054,1690,204,24.774509803921568,0.04036406806489909,2.862274659723824
Destiny,Trump Wins The Election LIVE REACTION AND AFTERMATH,2024-11-06 18:40:45+00:00,500701,6909,5978,2240,3.084375,0.3242147922998987,3.021164327612687
Destiny,Trump Victory Aftermath And Answers,2024-11-07 18:45:00+00:00,446639,7456,5860,2814,2.6496090973702913,0.37741416309012876,3.611417722142491
Destiny,"Brian Tyler Cohen Blasts Shapiro, Rogan And Right-Wing Alt Media",2024-11-08 18:45:00+00:00,287905,7948,2733,501,15.86427145708583,0.06303472571716155,3.8839200430697627
Destiny,Destiny Gives Ethan Advice To Deal w/ Hasan Spreading Lies About Him,2024-11-09 19:30:00+00:00,336996,7148,1412,441,16.20861678004535,0.06169557918298825,2.670951583995062
Destiny,Hasan's Manifesto Stream On Destiny,2024-11-10 21:26:02+00:00,498768,9561,1885,471,20.29936305732484,0.04926262943206777,2.3892872036698423
Destiny,Destiny vs Asmongold On Trump And Elon Musk,2024-11-11 21:30:00+00:00,390324,9189,3581,1719,5.345549738219895,0.18707149853085211,3.712044352896568
Destiny,"""TRUMP HIRED HOMOS*XUALS!"" MAGA Becomes Brainbroken By Simple Question",2024-11-12 21:30:01+00:00,388266,6660,1808,211,31.563981042654028,0.03168168168168168,2.2353232062555053
Destiny,Shapiro Slams Tariffs And Jordan Peterson's Successful Approach To Young Men,2024-11-13 23:10:00+00:00,325466,5821,1513,292,19.934931506849313,0.05016320219893489,2.343101890827306
Destiny,Hate Towards White Men And Problem w/ DEI Hire,2024-11-14 23:00:23+00:00,251306,4770,1600,567,8.412698412698413,0.11886792452830189,2.7603797760499154
Destiny,Rubin Gets TRIGGERED After Pakman Calls Him Out For Taking Russian Money On Piers Morgan,2024-11-16 09:11:01+00:00,264957,4968,1042,137,36.262773722627735,0.027576489533011273,2.3199990941926427
Destiny,Hasan Threatens Destiny w/ Lawsuit And Ludwig Blames Asmongold For Hasan's Actions,2024-11-17 11:15:46+00:00,348754,7003,1289,355,19.72676056338028,0.05069256033128659,2.4793980857567224
Destiny,Destiny And Brian Tyler Cohen CALL OUT Kamala Harris! Take Gloves Off Finally,2024-11-18 11:41:55+00:00,204172,5106,1528,184,27.75,0.036036036036036036,3.339341339654801
Destiny,Destiny Makes Centrist Vivek Fan Question Vivek Mid Debate!,2024-11-19 12:22:36+00:00,294334,5487,2115,122,44.97540983606557,0.022234372152360123,2.62422961669396
Destiny,Trump's Dr Oz Pick Leaves Destiny And Brian Tyler Cohen SPEECHLESS!,2024-11-20 12:52:05+00:00,254247,5449,1617,148,36.817567567567565,0.027160946962745458,2.837398278052445
Destiny,Cenk And Destiny Call Each Other's Parties Losers In Heated Debate,2024-11-21 13:37:14+00:00,151603,2919,933,122,23.92622950819672,0.041795135320315174,2.62132015857206
Destiny,Cenk Taunts Lichtman For Being Completely Wrong!,2024-11-22 15:56:39+00:00,164775,2893,940,116,24.939655172413794,0.040096785343933634,2.396601426187225
Destiny,Try Guys Call Ethan Extremely Hateful & Dr K Tries To Solve Crippling Problem For Men,2024-11-23 17:00:06+00:00,179953,3108,752,107,29.046728971962615,0.034427284427284426,2.2044644990636444
Destiny,Rogan Actually Gets Mad And Jordan Peterson's New IDW...,2024-11-24 16:16:48+00:00,296664,5168,2293,357,14.476190476190476,0.06907894736842106,2.6353045870075236
Destiny,Hasan Brings On Psychopath Who Calls Hila Klein A Terrorist,2024-11-25 16:17:41+00:00,202525,3625,852,239,15.167364016736402,0.06593103448275862,2.3286014072336747
Destiny,Rogan And Cenk Get Called Out For Spreading Russian Propaganda,2024-11-26 18:15:01+00:00,228975,4802,1273,259,18.54054054054054,0.05393586005830904,2.766240855988645
Destiny,Seder Confronts Tim Pool For Russian Funding And Gets Him Visibly Upset,2024-11-30 06:39:56+00:00,383548,7890,1752,421,18.741092636579573,0.053358681875792145,2.623661184519278
Destiny,Leftist Confronts Destiny For Wanting To Cut Out The Extreme Left...,2024-12-01 10:29:31+00:00,278887,4873,2010,226,21.561946902654867,0.04637800123127437,2.549061089258373
Destiny,Hasan Loses It On Mutahar And Shapiro Tries To Cope About Trump's Tariffs...,2024-12-02 13:15:00+00:00,233189,3906,1152,182,21.46153846153846,0.04659498207885305,2.24710428021905
Destiny,Destiny Shreds CNN For Unhinged Interview On Trump's New Picks,2024-12-03 14:18:24+00:00,148112,2568,869,146,17.589041095890412,0.05685358255451713,2.4191152641244464
Destiny,Insults Fly And Destiny Asks Moderator To Kick Him In HEATED Hunter Biden Debate,2024-12-04 15:56:28+00:00,252435,4454,1682,155,28.73548387096774,0.034800179613830265,2.4921266860776043
Destiny,Cenk Bows To MAGA And Tells Krystal Ball They've Defeated His Enemy...,2024-12-05 16:59:03+00:00,168288,2852,973,216,13.203703703703704,0.07573632538569425,2.40124073017684
Destiny,Destiny Triggers Debate Panelist After Debunking Him w/ Video Evidence,2024-12-06 17:23:04+00:00,317115,4541,1397,66,68.8030303030303,0.014534243558687513,1.8933194582407011
Destiny,Piers Morgan Guest Seriously IMPRESSES Destiny In Heated Ukraine War Debate,2024-12-07 17:50:44+00:00,285554,5846,1298,138,42.36231884057971,0.023605884365378037,2.55013062327966
Destiny,"""I Thought Ludwig Was My Friend"" Mizkif Finally Speaks Up About Ludwig",2024-12-08 18:00:16+00:00,364067,5694,729,198,28.757575757575758,0.03477344573234984,1.8186212977281655
Destiny,Trump's Tariff Interview Completely Blackpills Destiny,2024-12-09 18:15:00+00:00,296300,5249,1700,190,27.626315789473683,0.03619737092779577,2.4093823827202163
Destiny,Ana Kasparian Tells Glenn Beck Why She Ditched The Left & Wants To Ally w/ MAGA...,2024-12-10 18:30:25+00:00,163450,2738,1605,206,13.29126213592233,0.07523739956172389,2.783114102171918
Destiny,Insanely Difficult Piers Morgan Debate w/ MAGA Derail Into Screaming Match,2024-12-12 10:41:24+00:00,165579,2818,1041,116,24.29310344827586,0.0411639460610362,2.4006667512184516
Destiny,Quentin Tarantino And Avary Give MAGA Take On Jan 6 w/ Rogan On JRE,2024-12-13 12:00:11+00:00,150767,2670,1345,164,16.28048780487805,0.06142322097378277,2.771826726007681
Destiny,Asmongold Gets Triggered By Softball Trump Interview,2024-12-14 12:56:31+00:00,215614,4266,1793,249,17.132530120481928,0.058368495077355836,2.925598523286985
Destiny,H3 Crew Member Makes Big Accusation Against Destiny & Wants To Bring In FBI,2024-12-15 13:06:03+00:00,215419,3540,974,113,31.327433628318584,0.03192090395480226,2.1479071019733635
Destiny,Trump's Close Ties w/ Epstein Everyone On The Right Want To Ignore...,2024-12-16 13:13:36+00:00,170574,3105,908,93,33.38709677419355,0.02995169082125604,2.407166391126432
Destiny,Democrats Will Never Win Again! Adam22 Tells Destiny It's Over For The Left,2024-12-17 18:42:15+00:00,189119,3621,1075,104,34.81730769230769,0.02872134769400718,2.538084486487344
Destiny,Wildly Politically Incorrect Debate On Genetics | Dr Mike vs Dr Mike,2024-12-18 19:05:49+00:00,333135,4991,1657,264,18.90530303030303,0.05289521138048487,2.0748345265432935
Destiny,Cop Gets Scared Of Nick's Backyard! Police Confrontation Bodycam Leaks | ANYTHING ELSE PODCAST,2024-12-19 19:30:02+00:00,208856,3257,736,170,19.158823529411766,0.05219527172244397,1.9932393610908952
Destiny,"""Where's My Apology!?"" Debate Panel Derails Into Heated Personal Fight",2024-12-20 19:30:02+00:00,159765,2280,454,92,24.782608695652176,0.04035087719298246,1.768847995493381
Destiny,Young Liberal EMBARRASSES Tim Pool And His Crew In Brutal 1v5 Debate,2024-12-21 20:15:00+00:00,569146,14685,3905,648,22.662037037037038,0.04412665985699694,3.3801520172328368
Destiny,Israel Debate vs Communist Instantly Derails Into Wild Personal Insults,2024-12-22 20:45:00+00:00,337310,6566,2704,123,53.38211382113821,0.018732866280840695,2.7846787821291987
Destiny,Cenk's Turning Point USA Appearance w/ Charlie Kirk Leaves Destiny Speechless,2024-12-23 20:45:01+00:00,203528,3359,1345,269,12.486988847583643,0.08008335814230426,2.4433984513187372
Destiny,MAGA Accidentally Debunks Themselves w/ Fact Check In Aggressive 3v1 Debate,2024-12-24 21:00:18+00:00,326997,5353,1258,109,49.11009174311926,0.02036241359985055,2.0550647253644527
Destiny,xQc Calls Out Hasan's Massive Hypocrisy And Republican Death Spiral | ANYTHING ELSE PODCAST,2024-12-26 19:37:48+00:00,186449,3043,491,101,30.128712871287128,0.03319093000328623,1.949594795359589
Destiny,It Begins...Elon Goes To War w/ MAGA After Getting Blackpilled By Trump Supporters!,2024-12-28 13:37:14+00:00,342721,6315,1632,200,31.575,0.03167062549485352,2.3771522608769233
Destiny,The Left CONFRONTS Cenk And Tim Pool's Outright Lie,2024-12-29 15:00:57+00:00,211473,3271,1083,124,26.379032258064516,0.037908896361968814,2.1175280059392927
Destiny,YOU THINK IT'S JUSTIFIED!? Destiny Gets Heated In CEO Assassin Debate Panel,2024-12-30 16:13:30+00:00,284210,4180,2586,391,10.690537084398978,0.09354066985645933,2.5182083670525315
Destiny,Destiny Confronts His Favorite Conservative Pundit For Voting Trump ft. Richard Hanania,2024-12-31 18:16:30+00:00,261103,4639,1383,122,38.02459016393443,0.026298771286915282,2.3530943727188123
Destiny,"Sam Hyde Sends Warning To Elon Musk & ""Educates"" Him On Genetics And Culture...",2025-01-01 18:39:37+00:00,321823,5309,4761,3318,1.600060277275467,0.6249764550762855,4.160050711105172
Destiny,MAGA Turn On Elon & Drake Targets XQC's Girlfriend | ANYTHING ELSE PODCAST,2025-01-02 19:08:11+00:00,168490,2683,462,82,32.71951219512195,0.03056280283265002,1.9152471956792687
Destiny,It Begins... Trump Advisors ADMIT They Want Him To Run Again In 2028!,2025-01-03 21:40:36+00:00,179537,3664,990,155,23.638709677419357,0.04230349344978166,2.67855650924322
Destiny,Hasan Accuses Destiny Of Trying To Fund His Murder,2025-01-04 22:00:23+00:00,200595,3466,734,146,23.73972602739726,0.042123485285631854,2.166554500361425
Destiny,Governor Gives Destiny His Honest Opinion About Democrats | Martin O'Malley Interview,2025-01-05 22:15:01+00:00,171498,6120,676,92,66.52173913043478,0.015032679738562092,4.016373368785642
Destiny,NY Senator Explains Why Democrats Fail At Messaging | James Skoufis Interview,2025-01-06 23:29:08+00:00,124037,3687,711,74,49.82432432432432,0.02007051803634391,3.605375815280924
Destiny,Destiny Unleashes On MAGA Lawyer In Explosive IRL Debate ft. GoodLawgic,2025-01-07 19:26:25+00:00,245305,5330,1905,130,41.0,0.024390243902439025,3.0023847862864597
Destiny,Democrat's Recipe For Failure In The Internet Space | Jason Paul Interview,2025-01-08 19:26:41+00:00,60087,1448,270,41,35.31707317073171,0.028314917127071824,2.927421904904555
Destiny,Trump Wants Greenland & Threatens War To Take It,2025-01-09 03:58:57+00:00,179123,4159,1482,81,51.34567901234568,0.019475835537388797,3.1944529736549745
Destiny,Zelensky Crushes Interview w/ Lex Fridman,2025-01-09 19:15:00+00:00,477694,11038,2465,274,40.284671532846716,0.024823337561152382,2.8840638567786074
Destiny,Zuckerberg Responds To Trump's Threats And Reshapes Meta,2025-01-10 10:57:41+00:00,103197,2040,749,105,19.428571428571427,0.051470588235294115,2.8043450875509945
Destiny,Trump Wants Canada & Will Use Economic Force To Take it | ANYTHING ELSE PODCAST,2025-01-10 19:28:01+00:00,157480,2680,991,56,47.857142857142854,0.020895522388059702,2.3666497332994663
Destiny,Mehdi Embarrasses Trump Spokesman So Badly He Walks Back His Words,2025-01-11 13:15:46+00:00,130075,3539,285,68,52.044117647058826,0.01921446736366205,2.9921199308091486
Destiny,Dr K Gives Destiny The Solution To His Hardest Problem,2025-01-11 20:07:38+00:00,198890,5015,615,92,54.51086956521739,0.018344965104685942,2.8769671677811854
Destiny,WHAT COMPANY'S NEXT!? Destiny Discusses TikTok Ban Fallout And Potential Buyout,2025-01-14 15:03:30+00:00,152046,2241,492,41,54.65853658536585,0.018295403837572513,1.8244478644620705
Destiny,Democrats Best Weapon Against MAGA | Ben Wikler Interview,2025-01-15 02:32:08+00:00,105705,3072,561,69,44.52173913043478,0.0224609375,3.502199517525188
Destiny,"""So You Would Obey Trump?"" Most Heated Hegseth Confrontations",2025-01-15 17:43:15+00:00,130836,2830,571,101,28.019801980198018,0.03568904593639576,2.676633342505121
Destiny,Sam Harris Reveals Million Dollar Bet w/ Elon That Killed Their Friendship,2025-01-16 17:01:07+00:00,195779,3639,619,72,50.541666666666664,0.01978565539983512,2.2116774526379235
Destiny,Elon MELTS DOWN And Leaks DMs w/ Asmongold,2025-01-17 04:21:16+00:00,212201,4788,1009,228,21.0,0.047619047619047616,2.839289164518546
Destiny,Probably The Most Unhinged Joe Rogan Podcast Ever | ANYTHING ELSE,2025-01-18 05:45:00+00:00,274656,4589,1595,271,16.933579335793358,0.059054260187404665,2.350212629616684
Destiny,Centrist Challenges Destiny To Prove Sam Hyde's A Neo-Nazi And Instantly Regrets It,2025-01-19 02:15:02+00:00,331064,5938,2599,445,13.343820224719101,0.07494105759514988,2.7130705845395453
Destiny,IRL Interviews w/ MAGA Are Scary ft. Adam Mockler,2025-01-19 22:47:13+00:00,231014,5174,876,291,17.780068728522338,0.056242752222651723,2.744855290155575
Destiny,Interview w/ Nick Mullen From CumTown...,2025-01-20 19:54:59+00:00,372209,6388,3962,3392,1.883254716981132,0.5309956167814652,3.6920117460888906
Destiny,Elon Musk Did The Salute...,2025-01-28 04:37:44+00:00,193731,4931,2789,1457,3.384351407000686,0.2954775907523829,4.736980658748471
Destiny,Tim Pool LOSES IT And Says His Debate Opponent WANTS Human Sacrifices...,2025-01-29 04:59:14+00:00,126515,2827,1307,891,3.1728395061728394,0.3151750972762646,3.971861044144963
Destiny,"Trump's Executive Order Causes Chaos, Cuts Off Aid To Vets And Seniors...",2025-01-30 10:12:06+00:00,123456,2562,1449,832,3.079326923076923,0.32474629195940674,3.92285510627268
Destiny,Rogan's Behind The Scenes Spat w/ Harris And Trump Finally REVEALED,2025-02-01 06:42:45+00:00,122752,2357,972,524,4.498091603053435,0.2223165040305473,3.1388490615224187
Destiny,Ethan Nukes Hasan 🚀,2025-02-02 11:27:13+00:00,519707,10412,2473,1292,8.058823529411764,0.12408759124087591,2.7278832111170335
Destiny,It Begins...Trump Declares Tariff War w/ Our Ally Canada,2025-02-03 11:44:14+00:00,148090,3220,1522,233,13.819742489270386,0.07236024844720497,3.35944358160578
Destiny,Republicans Are Baffled By Trump's Trade War...,2025-02-04 12:02:20+00:00,165000,3525,953,232,15.193965517241379,0.06581560283687943,2.8545454545454545
Destiny,Piers Debates Tucker And Realizes He's A Pro-Russian Shill...,2025-02-05 12:35:24+00:00,207359,4396,1202,142,30.95774647887324,0.03230209281164695,2.7681460655192205
Destiny,"Trump Wants To Own Gaza & Build Casinos There (no, really. that's actually his plan)",2025-02-06 12:38:52+00:00,173349,3031,1134,159,19.062893081761008,0.05245793467502474,2.4943899301409296
Destiny,Hasan Responds To Ethan And Melts Down | ANYTHING ELSE PODCAST,2025-02-07 13:01:49+00:00,190085,3947,937,272,14.511029411764707,0.06891309855586522,2.712470736775653
Destiny,Rogan Gets Called Out And Fact Checked On His Own Show,2025-02-08 13:31:21+00:00,252205,4879,1497,257,18.98443579766537,0.05267472842795655,2.630003370274182
Destiny,"""I WANT EM TO SUFFER!"" Asmongold Is Angry And Wants Revenge",2025-02-09 13:44:02+00:00,177021,3711,2272,389,9.539845758354756,0.10482349770951226,3.5995729320250143
Destiny,Trump Responds To Elon Sitting In The President's Desk,2025-02-10 13:53:09+00:00,154380,2713,583,141,19.24113475177305,0.05197198673055658,2.22632465345252
Destiny,Dr Mike Interview Turns Into Absolutely Brutal Debate,2025-02-11 14:06:54+00:00,227068,3264,696,147,22.20408163265306,0.04503676470588235,1.8087092853242202
Destiny,The Divide Between Left And Right | Dr Mike Israetel,2025-02-12 14:12:08+00:00,304651,9114,2083,343,26.571428571428573,0.03763440860215054,3.7879409553882972
Destiny,The Country Is Going To Stop Working.,2025-02-13 14:24:41+00:00,252883,4971,1497,333,14.927927927927929,0.06698853349426674,2.6893860006406123
Destiny,YIKES! Milo Accidentally Triggers Awkwardly Heated Debate w/ Tim Pool,2025-02-14 14:48:23+00:00,170602,3039,627,111,27.37837837837838,0.03652517275419546,2.2139248074465714
Destiny,The First Big Confrontation Just Happened,2025-02-15 15:09:38+00:00,136889,2627,713,90,29.18888888888889,0.03425961172440046,2.5056797843508245
Destiny,Trump Tries To Delete The Education Department,2025-02-16 15:14:22+00:00,162269,2972,1159,143,20.783216783216783,0.048115746971736206,2.633898033512254
Destiny,Actual Justice Warrior Gets Destroyed In Heated Trump Debate,2025-02-17 15:34:55+00:00,163948,3011,618,223,13.502242152466367,0.07406177349717702,2.3495254592919705
Destiny,"""Doomsday"" There's An NPC Timebomb And It Will Destroy The Country",2025-02-18 15:53:34+00:00,158992,3127,760,120,26.058333333333334,0.03837543971858011,2.5202525913253497
Destiny,Dr Mike Debates Politics And Self Segregation w/ Destiny,2025-02-19 16:45:06+00:00,272670,6368,862,140,45.48571428571429,0.02198492462311558,2.702900942531265
Destiny,It's Over...Trump Sides w/ Putin And Blames Ukraine,2025-02-20 16:59:22+00:00,191919,4441,1604,108,41.120370370370374,0.024318847106507543,3.2060400481453115
Destiny,Destiny Addresses His Lawsuit,2025-02-21 01:32:04+00:00,294428,6954,3976,1282,5.4243369734789395,0.18435432844406097,4.147703343432011
Destiny,You Have To Give Elon Credit BUT...  | Coleman Hughes,2025-02-22 16:00:49+00:00,131839,2693,1095,142,18.964788732394368,0.05272929818046788,2.980908532376611
Destiny,"""#2 After Trump For Assassination"" Elon's DMs Leaked By Baby Mama Ashley St Claire",2025-02-23 16:28:30+00:00,170893,3003,826,149,20.154362416107382,0.049617049617049616,2.3277723487796456
Destiny,Asmongold Calls Out MAGA And Trump For Insane Take,2025-02-24 18:45:01+00:00,172262,3357,836,123,27.29268292682927,0.03663985701519214,2.5054858297244893
Destiny,Trump Threatens Governor In Heated Confrontation & Gets Brutally Fact Check To His Face,2025-02-25 18:45:01+00:00,156731,3455,588,114,30.30701754385965,0.03299565846599132,2.6523151131556615
Destiny,Trump's FBI Pick Is Insane And Openly Says It On His Podcast,2025-02-26 18:45:00+00:00,116014,2305,435,67,34.40298507462686,0.029067245119305855,2.4195355732928787
Destiny,Boris Johnson Personally Debunks Dave Smith's Insane Russian Lies,2025-02-27 19:00:11+00:00,138622,2446,534,133,18.39097744360902,0.05437448896156991,2.2456752896365657
Destiny,Trump And Zelensky Get Into A Heated Shouting Match,2025-03-01 03:33:03+00:00,272367,6455,2259,342,18.874269005847953,0.05298218435321456,3.324925559998091
Destiny,"""Are We The Baddies?"" America, Commentators And MAGA React To Trump vs Zelenskyy",2025-03-02 05:33:43+00:00,251925,5579,1287,213,26.1924882629108,0.0381788851048575,2.8099632827230323
Destiny,Would Putin Respond w/ Firing A Nuke?,2025-03-03 08:46:10+00:00,122607,2502,490,68,36.794117647058826,0.02717825739408473,2.4957791969463408
Destiny,Destiny Fights Richard Hanania On Trump vs Zelenskyy Meltdown,2025-03-04 10:02:54+00:00,180806,3541,1357,142,24.93661971830986,0.04010166619598984,2.787518113336947
Destiny,Stock Market Crashes In Real Time During Trump's Tariff War Press Conference,2025-03-05 05:11:54+00:00,134382,3109,716,63,49.34920634920635,0.02026375040205854,2.893244630977363
Destiny,Trump Declares He'll Take Greenland One Way Or Another In Unhinged Congress Speech,2025-03-05 16:53:53+00:00,152699,2945,1239,118,24.95762711864407,0.040067911714770796,2.817307251520966
Destiny,Destiny Gets Blackpilled On The Democrats And Considers Quitting The Party,2025-03-06 06:02:45+00:00,131469,2684,1249,324,8.283950617283951,0.12071535022354694,3.2380256942701324
Destiny,Destiny Debates A Conservative That Doesn't Agree w/ MAGA...,2025-03-06 19:41:34+00:00,156236,2529,843,73,34.64383561643836,0.028865164096480822,2.2049975677820735
Destiny,Ethan Klein Finds Out He's Banned During Livestream | ANYTHING ELSE PODCAST,2025-03-07 14:18:47+00:00,131828,2308,407,127,18.173228346456693,0.055025996533795495,2.155839427132324
Destiny,Trump Tries To Break Up Heated BTS Elon Musk And Marco Rubio Fight,2025-03-08 09:52:53+00:00,158111,2678,427,73,36.68493150684932,0.02725914861837192,2.009980330274301
Destiny,Destiny Confronts An Ex-Democrat Lawyer In A Frustrating And Heated Debate,2025-03-09 14:39:48+00:00,171602,2996,900,134,22.35820895522388,0.04472630173564753,2.3484574771855806
Destiny,Trump's Ally Gets Asked If The President Is Putin's Asset And Can't Answer...,2025-03-10 15:18:04+00:00,122238,2722,504,75,36.29333333333334,0.027553269654665688,2.7004695757456765
Destiny,No One Can Explain This...,2025-03-11 16:07:27+00:00,147452,2985,407,64,46.640625,0.021440536013400336,2.3438135800124784
Destiny,Trump Doubles Down Invading Canada & Declares Boycotting Tesla ILLEGAL!,2025-03-12 16:23:01+00:00,182471,3348,899,95,35.242105263157896,0.028375149342891277,2.379556203451507
Destiny,MAGA Cry And Cope About Tariffs And The Uncomfortable Truth About Ukraine,2025-03-13 16:55:51+00:00,138432,2766,499,36,76.83333333333333,0.013015184381778741,2.3845642625982433
Destiny,Trump Admin Tells MAGA To Raise Chicken To Fight Egg Prices | ANYTHING ELSE PODCAST,2025-03-14 17:02:18+00:00,137669,2352,515,77,30.545454545454547,0.03273809523809524,2.138462544218379
Destiny,Destiny Gets TRIGGERED Reacting To Medhi Hasan vs Piers Morgan And Crenshaw Debate,2025-03-16 03:26:54+00:00,174185,3023,687,119,25.403361344537814,0.039364869335097585,2.1982375060998365
Destiny,MAGA's Political Switch Is A Scary Problem w/ Jessica Anderson,2025-03-17 16:31:54+00:00,190306,4682,592,93,50.344086021505376,0.01986330627936779,2.8201948440931974
Destiny,MAGA Doesn't Realize It's Trapped In A Focusing Illusion | Coleman Hughes,2025-03-19 10:49:17+00:00,163618,3395,1097,130,26.115384615384617,0.03829160530191458,2.824872569032747
Destiny,"""Just STFU!"" Asmongold's Take TRIGGERS Heated Argument On Destiny's Stream...",2025-03-20 16:30:00+00:00,203544,3510,1816,197,17.81725888324873,0.05612535612535612,2.7134182289824316
Destiny,IT BEGINS... Trump Deports Green Card Holder For Soccer Tattoo w/ No Due Process,2025-03-21 17:43:43+00:00,193796,3688,992,86,42.883720930232556,0.023318872017353578,2.4592870853887594
Destiny,Trump Gets Hit In The Face & Destiny Blackpilled Asmongold | ANYTHING ELSE PODCAST,2025-03-22 18:01:22+00:00,161051,2831,678,111,25.504504504504503,0.039208760155422115,2.2477351894741417
Destiny,They CONFRONT Trump For Wrongfully DEPORTING People To Mega-Jail In El Salvador...,2025-03-23 21:30:00+00:00,184178,3376,745,797,4.235884567126726,0.2360781990521327,2.6702429171779474
Destiny,Jim Balsillie Confronts Jordan Peterson On Trump...,2025-03-24 22:15:00+00:00,195722,3422,603,116,29.5,0.03389830508474576,2.115756021295511
Destiny,Trump Admin Accidentally Texted Me Its War Plans,2025-03-26 00:00:32+00:00,132187,2499,415,724,3.451657458563536,0.2897158863545418,2.7521617103043416
Destiny,Steven A Smith Confronts Shapiro For Calling Him A RaceBaiter During Chauvin Argument,2025-03-27 00:45:05+00:00,146998,2040,603,57,35.78947368421053,0.027941176470588237,1.8367596838052218
Destiny,The Entire JD Vance Houthi PC Group Leaks Are Really Bad...,2025-03-28 00:45:01+00:00,129239,2329,403,635,3.6677165354330707,0.27264920566766854,2.605250737006631
Destiny,"""Thats Enough!"" Piers Morgan Finally Stands Up To MAGA",2025-03-29 00:45:02+00:00,238814,4122,684,84,49.07142857142857,0.020378457059679767,2.047618648822933
Destiny,Destiny Confronts World's Most Humanlike AI | ANYTHING ELSE PODCAST,2025-03-30 00:45:02+00:00,167247,4170,689,73,57.12328767123287,0.01750599520383693,2.9489318194048324
Destiny,Rogan Calls Out The Trump Admin For Absolute Insanity,2025-03-31 15:17:31+00:00,230763,3963,753,96,41.28125,0.024224072672218017,2.085256301920152
Destiny,MAGA Rally Around Trump Running For Third Term...,2025-04-01 16:20:14+00:00,180151,3128,1136,106,29.50943396226415,0.03388746803069054,2.425742849054404
Destiny,WOW! Rogan Splits From MAGA And Calls Trump Admin SCARY And HORRIFIC!,2025-04-02 17:01:57+00:00,238721,4254,1294,115,36.99130434782609,0.02703338034790785,2.372225317420755
Destiny,INCELS ARE ACTUALLY EVOLVING! Destiny Reacts To Best Redpill Debate Ever,2025-04-03 19:03:30+00:00,301657,4437,2161,267,16.617977528089888,0.06017579445571332,2.2757635327540884
Destiny,Elon Nearly Breaks Down Into Tears During Interview | ANYTHING ELSE PODCAST,2025-04-04 20:04:38+00:00,158779,2585,641,124,20.846774193548388,0.047969052224371374,2.1098507989091755
Destiny,"""I Dunno What's Happening!"" Shapiro Gets Frustrated w/ Trump",2025-04-05 20:17:49+00:00,315737,5040,1002,169,29.82248520710059,0.03353174603174603,1.9671435403516218
Destiny,"""I Want To Beat Up Democrats!"" This MAGA Focus Group Is SCARY",2025-04-06 20:56:49+00:00,199236,2871,615,123,23.341463414634145,0.042842215256008356,1.811419622959706
Destiny,Convo w/ Warren Smith On Trans Sports And Objective Truth,2025-04-07 21:15:00+00:00,160131,2734,1142,158,17.303797468354432,0.05779078273591807,2.51918741530372
Destiny,"""You Got Blacklisted!"" Leftist Fans Confront Destiny...",2025-04-09 09:06:38+00:00,149045,2123,842,164,12.945121951219512,0.07724917569477155,2.099365963299675
Destiny,Smug MAGA Debater Gets Crushed.,2025-04-10 10:42:25+00:00,253097,4161,681,105,39.628571428571426,0.025234318673395817,1.9545865814292545
Destiny,Most Brutal And Satisfying Trump Trade Admin Confrontation Ever.,2025-04-11 11:15:30+00:00,180727,3788,651,88,43.04545454545455,0.023231256599788808,2.5048830556585346
Destiny,JRE Guest FINALLY Confronts Rogan And It's GLORIOUS!,2025-04-12 12:38:00+00:00,688344,12390,5373,1446,8.568464730290456,0.11670702179176755,2.790610508699139
Destiny,Twitch Employees Confront Dan Clancy | ANYTHING ELSE PODCAST,2025-04-13 14:15:54+00:00,117679,1745,356,90,19.38888888888889,0.05157593123209169,1.861844509215748
Destiny,"""WTH!? He's Evil!"" Tim Pool's Ukraine Debate Leaves Destiny In Shock ft. Ukranian Ana",2025-04-14 19:09:44+00:00,180028,2601,587,86,30.24418604651163,0.0330642060745867,1.8186059946230588
Destiny,Ben Shapiro Was Right About Trump's Tariffs,2025-04-14 22:22:07+00:00,118011,0,144,7,0.0,,0.12795417376346274
Destiny,Real Reason Behind Tariff Pause Is Scary And Trump Wants Elon To Leave...,2025-04-15 20:11:12+00:00,196153,3713,583,113,32.85840707964602,0.03043361163479666,2.247735186308647
Destiny,MAGA Defends Trump In Heavyweight Tariff Debate,2025-04-16 18:45:00+00:00,195557,3024,503,153,19.764705882352942,0.050595238095238096,1.8818042821274614
Destiny,iDubbbz And Hasan Made A Content Cop On Ethan...,2025-04-17 18:27:39+00:00,446585,9082,2847,712,12.75561797752809,0.07839682889231447,2.830592160506958
Destiny,Hasan Responds To Ethan's Content Cop | ANYTHING ELSE PODCAST,2025-04-18 19:45:01+00:00,154575,3303,511,241,13.705394190871369,0.07296397214653345,2.6233220119683
Destiny,"""You're Both Wrong!"" Destiny Debates PragerU Influencer And A Leftist Journalist...",2025-04-19 20:30:57+00:00,283591,5508,1221,159,34.64150943396226,0.02886710239651416,2.4288499987658283
Destiny,Destiny Vs Asmongold.,2025-04-20 21:00:09+00:00,381157,8282,3426,1530,5.413071895424837,0.18473798599372132,3.473109506056559
Destiny,Idubbz's Content Cop Therapist Speaks Out About Ethan's Paranoia...,2025-04-21 21:02:03+00:00,208519,3222,846,150,21.48,0.04655493482309125,2.022837247445077
Destiny,Ethan Responds To iDubbz.,2025-04-22 21:00:10+00:00,235279,4332,936,199,21.768844221105528,0.04593721144967682,2.323624292860816
Destiny,I Regret Voting For Trump.,2025-04-23 21:00:05+00:00,208811,3903,947,125,31.224,0.03202664616961312,2.3825373184362895
Destiny,"""PLS BLACKPILL HIM!"" Destiny Gets Angry Watching Buttigieg On Flagrant...",2025-04-24 21:00:42+00:00,177619,2587,845,174,14.867816091954023,0.06725937379203711,2.0301882118467054
Destiny,They Sent A Real Skull To SCARE And INTIMIDATE Ethan | ANYTHING ELSE PODCAST,2025-04-25 21:15:00+00:00,149843,2619,383,116,22.57758620689655,0.044291714394807176,2.0808446173661768
Destiny,"""Bring Back This Rogan!"" Rogan Amazes Destiny w/ Really Good Pushback.",2025-04-26 21:00:39+00:00,298108,3904,894,200,19.52,0.05122950819672131,1.6765735907791808
Destiny,Transcript From Destiny's Court Hearing.,2025-04-27 21:00:11+00:00,290162,5582,1687,357,15.635854341736694,0.06395557147975636,2.6281870127721754
Destiny,Destiny's Heated Debate w/ MAGA Voters On Stage,2025-04-29 05:09:30+00:00,358824,6703,2088,112,59.848214285714285,0.016708936297180368,2.4811606804450093
Destiny,This Will Ruin MAGA Lives,2025-04-30 07:42:42+00:00,196275,3658,659,129,28.356589147286822,0.035265172225259704,2.265189147879251
Destiny,Ethan Debates Sam Seder...,2025-05-01 07:53:53+00:00,313350,4722,2356,511,9.240704500978474,0.10821685726387124,2.421892452529121
Destiny,The Craziest Debater On Piers Morgan Leaves Destiny In Disbelief,2025-05-02 11:43:28+00:00,169982,2577,676,48,53.6875,0.018626309662398137,1.9419703262698405
Destiny,Hasan vs Ethan - The Final Debate,2025-05-03 07:35:06+00:00,1096260,17942,5655,1046,17.152963671128106,0.058298963326273545,2.247915640450258
Destiny,"iDubbz Hits Back And Stops Being ""Nice"" To Ethan",2025-05-04 13:16:58+00:00,336970,6239,1594,116,53.78448275862069,0.018592723192819363,2.3589637059678905
Destiny,Ethan vs Hasan Debate Aftermath,2025-05-05 15:21:34+00:00,322485,5548,1178,162,34.24691358024691,0.029199711607786588,2.135913298292944
Destiny,"""Stop Purity Testing!"" Act Man Tells Destiny The Problem w/ The Left",2025-05-06 16:34:27+00:00,184565,3857,1032,103,37.44660194174757,0.026704692766398756,2.704738168125051
Destiny,Destiny Debates MAGA students On Campus,2025-05-07 17:44:00+00:00,257394,4651,1233,92,50.55434782608695,0.01978069232423135,2.3217324413156484
Destiny,Hasan Watches Ethan's Content Nuke...,2025-05-08 17:49:29+00:00,400789,4697,1175,158,29.727848101265824,0.033638492654886096,1.5045323100184886
Destiny,"Tim Pool, MAGA Lawyer And MAGA Audience Get Destroyed In IRL Debate",2025-05-10 17:55:43+00:00,215226,3202,799,73,43.863013698630134,0.022798251093066834,1.8928939812104486
Destiny,Hasan vs Mutahar And Ethan's Lawsuit | ANYTHING ELSE,2025-05-11 18:03:09+00:00,169082,2556,413,78,32.76923076923077,0.03051643192488263,1.802084195833974
Destiny,Jordan Peterson Discovers That MAGA Is Woke,2025-05-12 18:41:48+00:00,229036,3131,972,64,48.921875,0.020440753752794635,1.8193646413664228
Destiny,Hasan Gets Detained.,2025-05-13 19:04:42+00:00,206296,3232,1403,174,18.57471264367816,0.053836633663366336,2.3311164540272227
Destiny,Redpill Debate Gets Way Too Heated...,2025-05-14 21:23:56+00:00,310673,4857,2530,114,42.60526315789474,0.02347127856701668,2.414435757210958
Destiny,Shapiro Can't Believe What Trump Did...,2025-05-15 21:35:00+00:00,235137,3678,654,82,44.853658536585364,0.022294725394236,1.877203502638887
Destiny,Hasan Lied About How Long He Was Detained | ANYTHING ELSE,2025-05-16 22:30:14+00:00,162057,2932,557,85,34.49411764705882,0.02899045020463847,2.205396866534614
Destiny,Ezra Confronts Sam Seder And It's PERFECT!,2025-05-17 23:00:57+00:00,329447,4107,1256,139,29.546762589928058,0.03384465546627709,1.670071362009671
Destiny,Daily Wire Is In Trouble,2025-05-19 09:31:21+00:00,227203,3363,657,117,28.743589743589745,0.03479036574487065,1.8208386332926942
Destiny,"""OH SH*T!"" Jubilee's Best Debater Faces Off Against Andrew Wilson...",2025-05-20 10:49:06+00:00,432017,6167,4348,470,13.12127659574468,0.07621209664342468,2.542724013175407
Destiny,"""THEY MAD LOL!"" MAGA's Mad After Trump's FBI Admit The Truth On FOX...",2025-05-21 12:07:31+00:00,183894,3647,622,87,41.91954022988506,0.02385522347134631,2.3687559137329113
Destiny,Trump Ambushes The South African President...,2025-05-23 02:02:54+00:00,149138,2917,1159,270,10.803703703703704,0.09256085018854988,2.9140795773042414
Destiny,Leftists React To Biden's Cancer Diagnosis... | ANYTHING ELSE,2025-05-24 07:17:00+00:00,125502,2015,379,50,40.3,0.02481389578163772,1.9473793246322768
Destiny,"""We Need To Escalate"" Israeli Embassy Shooting Aftermath",2025-05-25 11:08:00+00:00,208259,3255,723,102,31.91176470588235,0.03133640552995392,1.9590990065255283
Destiny,Jordan Peterson Gets ANGRY In 1v20 Jubilee Debate,2025-05-26 15:38:54+00:00,492646,7792,2689,257,30.31906614785992,0.03298254620123203,2.179658415982267
Destiny,Destiny Gets Into A Debate In The West Bank | ISRAEL SERIES,2025-05-29 00:00:06+00:00,411589,10712,2297,345,31.04927536231884,0.03220687079910381,3.2444987596850257
Destiny,Destiny Debates The American Dream - Rent vs Buy Showdown | Op-Ed Arena #1,2025-05-31 21:35:36+00:00,154833,2371,999,100,23.71,0.04217629692113033,2.2411243081255288
Destiny,Why People Leave The Left...,2025-06-03 03:10:09+00:00,235867,5636,2139,193,29.202072538860104,0.03424414478353442,3.378174988446879
Destiny,Leftist Makes Insane Allegations Against Destiny & Runs In Heated Confrontation TWICE!,2025-06-04 04:13:11+00:00,221077,3059,510,68,44.98529411764706,0.022229486760379207,1.6451281680138592
Destiny,Destiny's Court Hearing Nearly Brings Him To Tears,2025-06-05 04:00:45+00:00,388334,7097,1699,220,32.25909090909091,0.030999013667746936,2.3217127524244594
Destiny,Destiny Crashes Panel To Confront Leftists In Heated Debate,2025-06-06 08:23:10+00:00,291157,6181,2114,73,84.67123287671232,0.011810386668823815,2.8740507698595605
Destiny,Elon Musk vs Trump,2025-06-07 09:57:38+00:00,191618,3524,512,99,35.5959595959596,0.028093076049943246,2.1579392332661858
Destiny,Shooters Logs Reveal Everything Wrong With Leftists | ANYTHING ELSE,2025-06-08 14:00:48+00:00,155419,2469,479,93,26.548387096774192,0.03766707168894289,1.956646227295247
Destiny,Destiny's Lawsuit Just Got Even Wackier...,2025-06-09 15:15:05+00:00,191563,3098,591,85,36.44705882352941,0.027437056165267915,1.9701090502863288
Destiny,The Big Problem w/ LA Protests...,2025-06-10 19:14:22+00:00,239191,4396,2443,596,7.375838926174497,0.13557779799818018,3.1083945466175567
Destiny,Destiny Destroys Her Argument & Laughs At Her 😂,2025-06-11 14:33:59+00:00,666565,17735,973,168,105.56547619047619,0.009472793910346772,2.8318318543577896
Destiny,Exposing The History Behind This Iconic & Controversial Civil Rights Event 🧠🗽,2025-06-12 17:00:05+00:00,63297,2106,51,12,175.5,0.005698005698005698,3.4267026873311535
Destiny,Tiktok Debater Confronts Destiny And Gets Heated,2025-06-12 23:12:21+00:00,293707,5083,2266,87,58.42528735632184,0.017115876450914815,2.531774864065208
Destiny,EXPOSED! Hasan's Story Just Fell Apart,2025-06-13 14:12:59+00:00,203065,3450,527,83,41.566265060240966,0.024057971014492755,1.9993598108979882
Destiny,Trump Brought Abrego Garcia Back From El Salvador...,2025-06-14 09:42:24+00:00,104286,1828,462,61,29.9672131147541,0.03336980306345733,2.2543773852674374
Destiny,Israel vs Iran ESCALATES! Missiles PENETRATE Iron Dome...,2025-06-15 03:21:32+00:00,257255,4274,1543,155,27.574193548387097,0.03626579316799251,2.3214320421371792
Destiny,Asmongold vs Destiny On LA Protests,2025-06-15 18:37:05+00:00,223989,4962,1566,444,11.175675675675675,0.08948004836759371,3.112652853488341
Destiny,Destiny Gets Into A Shooting Situation,2025-06-16 12:41:22+00:00,118374,6203,706,54,114.87037037037037,0.00870546509753345,5.882203862334634
Destiny,"Destiny Is A ""DISINGENUOUS DEBATER"" ?! 🙄",2025-06-16 20:30:06+00:00,101490,2686,243,32,83.9375,0.011913626209977662,2.9175288205734553
Destiny,Democrats Assassinated In Minnesota w/ Kill List Found,2025-06-17 07:47:43+00:00,120897,2210,534,55,40.18181818181818,0.024886877828054297,2.3151939254075784
Destiny,Destiny Calls Out Her B.S. COVID Conspiracy 🤡,2025-06-17 16:00:54+00:00,176596,6719,698,126,53.32539682539682,0.01875279059383837,4.271331173979025
Destiny,Destiny Fights For His Court Transcript,2025-06-17 19:06:51+00:00,134314,2250,393,72,31.25,0.032,2.0213827300206977
Destiny,Trump Mobile Is A SCAM!!!,2025-06-18 01:11:03+00:00,130360,2405,772,26,92.5,0.010810810810810811,2.4570420374347957
Destiny,Why Is The Right Still Glazing The Confederacy??,2025-06-18 15:00:27+00:00,47251,2529,225,36,70.25,0.014234875444839857,5.904636938900764
Destiny,Piers Fights w/ Guest After Getting Called A Coward In Iran vs Israel Debate,2025-06-18 15:28:54+00:00,139506,2209,845,61,36.21311475409836,0.02761430511543685,2.2328788725932935
Destiny,Trump Only Wants The WORST For America ☠️,2025-06-18 17:01:11+00:00,37114,2371,112,26,91.1923076923077,0.010965837199493884,6.760252195936843
Destiny,Jane Doe is SLANDERING Destiny,2025-06-18 19:00:50+00:00,127932,2096,479,88,23.818181818181817,0.04198473282442748,2.0815745864990776
Destiny,Tim Pool Confronted For Taking Money From Russia,2025-06-18 23:00:05+00:00,211346,3726,680,75,49.68,0.020128824476650563,2.120219923726969
Destiny,Asmongold Is Wrong-- Democracy IS Under Attack 👊💥,2025-06-19 17:30:28+00:00,61791,2596,211,60,43.266666666666666,0.023112480739599383,4.63983428007315
Destiny,Hasan's Fake Story Could Help Trump And MAGA | ANYTHING ELSE,2025-06-20 03:39:41+00:00,89604,1490,214,60,24.833333333333332,0.040268456375838924,1.9686621132985134
Destiny,Ethan H3 Sues Hasan's Entire Orbit,2025-06-20 11:00:00+00:00,351045,6756,1610,258,26.186046511627907,0.03818827708703375,2.4566650999159654
Destiny,Destiny Bites Back When She Defends Trump 😒,2025-06-20 15:00:17+00:00,129215,3562,176,42,84.80952380952381,0.011791128579449747,2.925356963200867
Destiny,Ted Cruz HUMILIATED by Tucker Carlson Ambush,2025-06-20 19:00:50+00:00,218444,2892,827,140,20.65714285714286,0.048409405255878286,1.7665854864404609
Destiny,Sneako has something to share...,2025-06-20 23:00:57+00:00,79758,1483,272,55,26.963636363636365,0.037086985839514496,2.269364828606535
Destiny,What Is Happening? Destiny Explains Magic Box Theory 🪄📦,2025-06-21 13:30:00+00:00,132676,5201,226,77,67.54545454545455,0.014804845222072678,4.1484518677077995
Destiny,Joe Rogan Gets Visibly Spooked By What His Guest Says About The Vaccine,2025-06-21 15:02:57+00:00,154588,2102,656,46,45.69565217391305,0.021883920076117985,1.8138535979506816
Destiny,Sam Hyde's Mask Slips In Impromptu Debate w/ MMA Star,2025-06-21 21:00:41+00:00,193422,3177,2060,738,4.304878048780488,0.23229461756373937,3.089100515970262
Destiny,Dave Smith Turns On MAGA And Apologizes For Voting Trump,2025-06-22 14:08:28+00:00,173991,2781,789,84,33.107142857142854,0.030204962243797196,2.1001086263082573
Destiny,Ethan Sabotaged His Own Lawsuit?,2025-06-22 23:19:52+00:00,232742,2963,849,136,21.78676470588235,0.045899426257171784,1.6962989060848495
Destiny,It Begins... US Attacks Iran,2025-06-23 14:24:08+00:00,193585,3443,556,97,35.49484536082474,0.028173104850421144,2.115866415269778
Destiny,Did Destiny's Former Debate Opponent Kill His Own Wife...? | ANYTHING ELSE,2025-06-24 08:18:57+00:00,151190,2211,836,89,24.84269662921348,0.040253279059249206,2.074211257358291
Destiny,Destiny Defends The Working Class,2025-06-25 14:30:17+00:00,281932,15402,770,121,127.2892561983471,0.007856122581482924,5.779053105004044
Destiny,Mang0 S*xually Harasses ExtraEmily In Front Of Ludwig,2025-06-25 17:20:38+00:00,173312,3222,991,81,39.77777777777778,0.025139664804469275,2.4776126292466767
Destiny,Trump Gets Fed Up w/ Israel In Interview And Drops F Bomb,2025-06-25 21:00:52+00:00,92264,1722,296,41,42.0,0.023809523809523808,2.2316396427642418
Destiny,Snark Culture Must End NOW,2025-06-26 00:00:20+00:00,131936,2607,840,48,54.3125,0.018411967779056387,2.6490116420082463
Destiny,The Truth About New York's Socialist Mayor,2025-06-26 11:00:41+00:00,173219,3029,1399,188,16.111702127659573,0.06206668867613074,2.6648346890352674
Destiny,AI Relationships Will DESTROY Society,2025-06-26 15:00:00+00:00,106187,2151,641,24,89.625,0.011157601115760111,2.651925376929379
Destiny,Dave Smith vs Konstantin On Trump's Betrayal & Iran-Israel War,2025-06-26 17:00:07+00:00,136733,2036,567,83,24.53012048192771,0.04076620825147348,1.9644123949595198
Destiny,Destiny's Case Is A Nightmare.,2025-06-27 13:00:58+00:00,175646,2559,716,105,24.37142857142857,0.041031652989449004,1.924325062910627
Destiny,Destiny DIES Of CRINGE At Judge Slip-Up,2025-06-27 16:01:04+00:00,65854,2145,155,30,71.5,0.013986013986013986,3.538129802289914
Destiny,Candace Owens Debate Panel On Iran vs Israel Is Nuts,2025-06-27 23:01:08+00:00,144415,2068,856,115,17.982608695652175,0.05560928433268859,2.1043520409929717
Destiny,Destiny Destroys Smug MAGA And Clueless Communist On TikTok Panel,2025-06-28 14:38:02+00:00,341678,5785,1733,97,59.63917525773196,0.01676750216076059,2.228706559977523
Destiny,Destiny Stunned By Kyle Kulinski's Idiocy,2025-06-28 16:00:07+00:00,87317,2436,1619,298,8.174496644295303,0.12233169129720854,4.985283507220816
Destiny,PirateSoftware's Moronic Ego Ended Stop Killing Games,2025-06-28 19:00:33+00:00,280657,5027,2390,158,31.81645569620253,0.03143027650686294,2.6990240756510615
Destiny,Birthright Citizenship is Over? Destiny Analyzes The Supreme Court Ruling,2025-06-28 23:00:20+00:00,124058,1856,823,73,25.424657534246574,0.03933189655172414,2.2183172387109256
Destiny,Asmongold has MAGA Brainrot,2025-06-29 13:00:42+00:00,143994,3014,1028,285,10.575438596491228,0.09455872594558726,3.0049863188743977
Destiny,"""Destiny's View Are DEPLORABLE!"" Dean Withers Jumps Into Destiny's Debate Panel",2025-06-30 12:12:30+00:00,324411,5969,2109,122,48.92622950819672,0.020438934494890267,2.5276578167817982
Destiny,Destiny Explains Why Women Get Harassed,2025-06-30 16:45:04+00:00,73639,2381,276,26,91.57692307692308,0.010919781604367913,3.6434498024144815
Destiny,Elon's Neuralink Breakthrough And Telepathy Is Actually Awesome,2025-06-30 17:53:47+00:00,161968,2959,1225,153,19.33986928104575,0.05170665765461305,2.6776894201323715
Destiny,"Viral Schizo Professor Baffles Destiny With Iran ""Predictions""",2025-07-01 13:01:39+00:00,146884,2520,1022,142,17.746478873239436,0.05634920634920635,2.5081016312191933
Destiny,Destiny Makes Piers Morgan LAUGH At Other MAGA Panelists,2025-07-01 13:30:48+00:00,669740,20488,735,118,173.6271186440678,0.0057594689574385,3.186460417475438
Destiny,Destiny Blasts MAGA Teen On UNHINGED Job Proposal,2025-07-01 15:01:44+00:00,243579,7090,561,75,94.53333333333333,0.010578279266572637,3.171866211783446
Destiny,Candace Owens HUMILIATED in HEATED 1vs20 Jubilee Gender Debate,2025-07-01 23:11:45+00:00,339069,5232,1905,263,19.893536121673005,0.05026758409785933,2.1824466406542617
Destiny,Hasan Found Destiny's Secret Crush?,2025-07-02 13:48:01+00:00,126611,2323,237,58,40.05172413793103,0.02496771416272062,2.067750827337277
Destiny,Hasan Abandons His Orbiters After H3 Lawsuit | ANYTHING ELSE,2025-07-02 17:00:15+00:00,211889,3192,564,74,43.13513513513514,0.023182957393483708,1.807550179575155
Destiny,Convo w/ The Most Controversial And Villainized Doctor Ever...,2025-07-03 13:01:22+00:00,118793,1540,407,65,23.692307692307693,0.04220779220779221,1.6937024908875102
Destiny,Destiny Predicts What’s Next For Troll YouTuber 🔮,2025-07-03 13:30:04+00:00,54469,1701,102,21,81.0,0.012345679012345678,3.3486937524096274
Destiny,Rules Don't Apply to Hasan's Orbit | Anything Else,2025-07-03 18:00:15+00:00,141641,2000,385,26,76.92307692307692,0.013,1.702190749853503
Destiny,The Opps' Discord Logs Leaked...,2025-07-04 17:01:02+00:00,187976,3431,544,50,68.62,0.01457301078402798,2.141230795420692
Destiny,Intervention Debate w/ Destiny And Shapiro Fan Who Voted For Trump...,2025-07-04 21:01:08+00:00,189427,2567,615,110,23.336363636363636,0.04285157771717959,1.7378726369524935
Destiny,Trump Signs The Big Beautiful Bill,2025-07-05 15:55:04+00:00,182186,3682,681,81,45.45679012345679,0.021998913633894623,2.43926536616425
Destiny,The Opps' Discord is Imploding,2025-07-05 21:23:28+00:00,136775,2365,284,44,53.75,0.018604651162790697,1.9689270700054835
Destiny,"ICE Took His Wife, Still Supports Trump",2025-07-06 11:01:13+00:00,105735,2200,593,43,51.16279069767442,0.019545454545454546,2.6821771409656217
Destiny,We Can Expect This From Alligator Alcatraz.,2025-07-06 14:30:21+00:00,84453,1528,235,89,17.168539325842698,0.05824607329842932,2.1929357157235385
Destiny,Rogan Is Worried About Who Trump Is Targeting,2025-07-07 12:00:08+00:00,183205,3090,693,102,30.294117647058822,0.03300970873786408,2.1205753118091755
Destiny,Debating Destiny Has Her Contradicting Herself,2025-07-07 13:30:52+00:00,246755,6148,758,56,109.78571428571429,0.009108653220559532,2.821422058316954
Destiny,Trump vs Elon Escalates...,2025-07-07 19:30:06+00:00,145425,2453,462,3146,0.7797202797202797,1.2825112107623318,4.167784081141482
Destiny,Destiny CRASHES OUT As Trump's Treasury Secretary LIES on CNN,2025-07-08 12:20:29+00:00,103095,2326,427,40,58.15,0.017196904557179708,2.7091517532373053
Destiny,MAGA Brainrot Responsible for DEADLY Texas Floods,2025-07-08 18:15:11+00:00,149334,2819,1080,817,3.4504283965728275,0.28981908478183754,3.1580216159749286
Destiny,Destiny Almost Makes Tectone Break Down In Tears,2025-07-09 00:10:15+00:00,167170,4335,1789,767,5.651890482398957,0.17693194925028835,4.122151103666926
Destiny,The Truth About Epstein Unveiled - FBI Releases Footage,2025-07-09 15:31:01+00:00,175402,2852,871,135,21.125925925925927,0.047335203366058905,2.199518819625774
Destiny,Creator Clash 3 Is DONE - H3H3 Wins,2025-07-09 17:45:01+00:00,148971,2544,222,56,45.42857142857143,0.0220125786163522,1.894328426338012
Destiny,PirateSoftware EXPOSED By REAL Software Dev,2025-07-09 19:00:54+00:00,237585,3987,1763,445,8.959550561797753,0.11161274140958113,2.607487846454953
Destiny,Destiny Breaks Down Candace Owen's Shady Debate Tactics,2025-07-10 13:30:50+00:00,69158,2342,92,23,101.82608695652173,0.00982066609735269,3.5527343185170186
Destiny,Where Is The Outrage For The Trump/Epstein Conspiracy?!,2025-07-10 16:30:09+00:00,233078,11502,552,51,225.52941176470588,0.004434011476264998,5.193540359879526
Destiny,"Trump's ICE Invade LA Park, Shut Down kid's Summercamp & Cause Mayhem",2025-07-10 17:32:41+00:00,117275,2404,570,73,32.93150684931507,0.03036605657237937,2.598166702195694
Destiny,"""You're An IDIOT!"" Destiny Calls Out Conservative Host In Front Of Piers Morgan",2025-07-11 14:01:15+00:00,308918,8446,558,107,78.93457943925233,0.01266871892019891,2.9493263584511102
Destiny,Piers Confronts Destiny! Triggers Most HEATED Debate On The Show Ever,2025-07-12 00:14:12+00:00,234546,6300,1964,98,64.28571428571429,0.015555555555555555,3.5651855073205256
Destiny,Dean Withers Tries to DOX Opponent After Unhinged Debate | ANYTHING ELSE,2025-07-12 17:00:15+00:00,178311,2799,576,83,33.72289156626506,0.02965344765987853,1.9393082872060614
Destiny,Taylor Swift Accidentally Broke The System,2025-07-12 23:00:12+00:00,125685,2317,861,93,24.913978494623656,0.04013810962451446,2.602538091259896
Destiny,Contrapoints Finally Speaks Out And Gets Attacked By Vaush & Hasan...,2025-07-13 18:00:30+00:00,180163,3087,1047,194,15.912371134020619,0.06284418529316488,2.4022690563545233
Destiny,Nick Confronts Candace For Marrying A White Man,2025-07-14 16:38:36+00:00,280310,4399,2282,327,13.452599388379205,0.07433507615367128,2.500089186971567
Destiny,MAGA Reacts To Trump's Awful Cover Up,2025-07-15 01:00:26+00:00,190512,3221,941,143,22.524475524475523,0.0443961502638932,2.259700176366843
Destiny,The Case is Falling Apart.,2025-07-15 14:01:17+00:00,150393,2980,496,54,55.18518518518518,0.018120805369127517,2.347183712007873
Destiny,"Destiny Confronts Myron On Trump And Elon, Gets Surprising Answer...",2025-07-16 01:00:51+00:00,325562,6227,1866,112,55.598214285714285,0.0179861891761683,2.5202572781835717
Destiny,Destiny And MAGA Supporter Get Heated In Front Of Live Audience,2025-07-16 13:00:51+00:00,159643,3047,1518,98,31.091836734693878,0.03216278306531014,2.9208922408123126
Destiny,Tech Billionaire Tells Rogan He HATES America,2025-07-16 19:00:08+00:00,140031,2560,463,81,31.604938271604937,0.031640625,2.2166520270511527
Destiny,Destiny Confronts Tom Bilyeu On Trump During Podcast,2025-07-17 01:00:17+00:00,243432,4553,1550,39,116.74358974358974,0.008565780803865584,2.5230865292977094
Destiny,Destiny CRASHES OUT Over HEATED and DELUSIONAL Lefty Youtuber Debate,2025-07-17 17:12:50+00:00,135556,2100,458,109,19.26605504587156,0.051904761904761905,1.9674525657292927
Destiny,"""Winner Gets $100k"" Destiny Meets Best Covid Debater EVER",2025-07-17 21:53:04+00:00,206513,4661,496,36,129.47222222222223,0.007723664449688908,2.5146116709359703
Destiny,Destiny Is Tired Of Dumb Epstein Theories 🥱,2025-07-18 14:30:44+00:00,59722,1688,218,47,35.91489361702128,0.027843601895734597,3.2701517028900575
Destiny,Rogan And Alex Jones Call Out Trump,2025-07-18 15:04:19+00:00,161377,2393,566,70,34.18571428571428,0.029251984956122024,1.8769713156149885
Destiny,YOU WENT TOO FAR!!! Destiny CORNERED in BRUTAL Debate Panel,2025-07-18 22:17:47+00:00,277928,4452,3018,118,37.728813559322035,0.026504941599281222,2.7302035059439853
Destiny,Leftist Journalist Melts Down | ANYTHING ELSE,2025-07-19 14:01:08+00:00,107665,1567,237,58,27.017241379310345,0.037013401403956606,1.7294385362002507
Destiny,Trump's Letter To Epstein Leaks,2025-07-20 13:00:12+00:00,195159,3339,566,70,47.7,0.020964360587002098,2.0368007624552287
Destiny,THEY'RE MASK OFF! Medhi vs Far-Right Conservatives In Heated 1v20 Jubilee Debate,2025-07-21 07:55:56+00:00,598111,10763,2881,263,40.92395437262358,0.02443556629192604,2.3251536922076337
Destiny,Trump's Crypto Scams Are Now Law.,2025-07-21 15:00:52+00:00,88466,1562,340,30,52.06666666666667,0.019206145966709345,2.1838898559898716
Destiny,Trump Isn't Even Hiding It.,2025-07-22 00:00:51+00:00,129746,2201,220,19,115.84210526315789,0.008632439800090867,1.8805974750666687
Destiny,"Nelk Boys Brings EVERYONE On Their Show ft. Hasan, Sneako, Fresh N Fit & More!",2025-07-22 00:54:25+00:00,298983,4437,2011,733,6.053206002728513,0.16520171286905566,2.40180879849356
Destiny,Destiny Unpacks The Likely Truth Behind The Epstein Conspiracy,2025-07-23 15:15:07+00:00,69134,1209,239,177,6.830508474576271,0.14640198511166252,2.3505077096652878
Destiny,Destiny Finally Calls Shapiro's Show,2025-07-23 17:58:07+00:00,209364,4925,420,533,9.24015009380863,0.10822335025380711,2.8075504862345007
Destiny,Destiny Riles Up Gavin McInnes With Some Light Trolling,2025-07-24 15:30:00+00:00,31172,1101,46,41,26.853658536585368,0.03723887375113533,3.811112536892083
Destiny,Destiny Picks A Side On Hutch Vs Pisco Debate,2025-07-24 17:30:00+00:00,61391,1561,76,39,40.02564102564103,0.024983984625240232,2.7300418628137675
Destiny,Hunter Biden Changed MAGA's Minds,2025-07-24 17:49:13+00:00,280193,5044,1138,89,56.674157303370784,0.017644726407613005,2.2381001666708302
Destiny,Hutch Stands His Ground Against His Cohosts,2025-07-25 13:00:24+00:00,111263,1947,254,64,30.421875,0.03287108371854135,2.0357171746222913
Destiny,"""PURE EVIL!"" Hasan Fans Infiltrate Podcast & Want Hutch GONE!",2025-07-26 01:00:55+00:00,146743,2563,497,50,51.26,0.019508388607101055,2.1193515193228976
Destiny,Destiny CRASHES OUT Solving The Housing Crisis,2025-07-26 16:07:24+00:00,140062,3055,758,93,32.8494623655914,0.03044189852700491,2.788764975510845
Destiny,Asmongold is About to Turn on Trump.,2025-07-26 20:22:08+00:00,184782,3954,1100,498,7.9397590361445785,0.125948406676783,3.0046216622831228
Destiny,Trump CAN PARDON Ghislaine Maxwell,2025-07-27 14:00:55+00:00,100678,1793,306,30,59.766666666666666,0.016731734523145567,2.1146625876556944
Destiny,Hasan is Cannibalizing Destiny's Orbit,2025-07-27 18:00:08+00:00,199554,2977,876,150,19.846666666666668,0.05038629492777964,2.005973320504726
Destiny,"""Are They All Extremists Now?"" Destiny Discusses Political Division With a Republican",2025-07-28 15:47:02+00:00,188414,3772,1076,93,40.55913978494624,0.024655355249204668,2.622416593246786
Destiny,Historic Streamer Org Meltdown | ANYTHING ELSE,2025-07-28 22:00:09+00:00,88518,1242,191,124,10.016129032258064,0.0998389694041868,1.7589642784518404
Destiny,Hasan is Manipulating Them,2025-07-29 18:39:10+00:00,166836,2516,547,85,29.6,0.033783783783783786,1.8868829269462226
Destiny,Asmongold Is HYPOCRITICAL & MORALLY BANKRUPT For This Take...,2025-07-29 20:00:26+00:00,116440,3966,646,116,34.189655172413794,0.02924861321230459,4.060460322913088
Destiny,Pisco Finally CONFRONTS Destiny & It Gets HEATED Right From The Start,2025-07-30 06:18:28+00:00,366585,6218,3456,126,49.34920634920635,0.02026375040205854,2.673322694600161
Destiny,Destiny Can No Longer Criticize Trump... 😞,2025-07-30 15:15:18+00:00,135856,5349,328,106,50.4622641509434,0.01981678818470742,4.256712990224944
Destiny,Destiny Plays The Conservative Zero-Sum Game 🕹️,2025-07-31 17:00:25+00:00,121652,4808,356,13,369.84615384615387,0.0027038269550748754,4.255581494755532
Destiny,Destiny Calls Pisco After EXPLOSIVE Debate,2025-08-01 00:03:04+00:00,268731,3797,1530,61,62.24590163934426,0.016065314722149063,2.004978956651819
Destiny,Destiny Clears His Name,2025-08-01 17:16:01+00:00,316230,5511,878,266,20.718045112781954,0.048267102159317725,2.104480915789141
Destiny,Destiny SLAMS MAGA Debater in Immigration Confrontation,2025-08-02 16:00:30+00:00,218703,4396,1721,66,66.60606060606061,0.015013648771610554,2.827121713008052
Destiny,"""Trump's Not THAT Bad"" Destiny Confronts Republican Lawyer On Trump",2025-08-03 12:03:09+00:00,215380,3175,1181,71,44.71830985915493,0.02236220472440945,2.0554369022193333
Destiny,Candace Owens Asks Harvey Weinstein Why He REALLY Went to Jail,2025-08-05 01:51:34+00:00,127608,2038,339,58,35.13793103448276,0.02845927379784102,1.908187574446743
Destiny,"""YOU'RE ALL THE SAME!"" Cenk Uygur Debates 1v20 Republicans and Democrats on Jubilee",2025-08-05 17:32:13+00:00,219028,3284,878,109,30.128440366972477,0.033191230207064555,1.949978998118962
Destiny,Trump Voter Challenges Destiny To A Debate and Gets OBLITERATED,2025-08-07 01:30:56+00:00,252444,5280,2526,45,117.33333333333333,0.008522727272727272,3.109996672529353
Destiny,Destiny Debates Ex Orbiter Turned Socialist,2025-08-08 07:30:09+00:00,210273,2870,1130,43,66.74418604651163,0.014982578397212544,1.9227385351424102
Destiny,Hasan CRASHES OUT At Destiny on CNN,2025-08-08 18:46:38+00:00,376972,7063,1138,156,45.27564102564103,0.022086931898626646,2.21687552391159
Destiny,Hasan's Fears Come True | ANYTHING ELSE,2025-08-11 14:29:30+00:00,228260,4593,786,96,47.84375,0.020901371652514697,2.398580566021204
Destiny,MAGA Influencer Challenges Destiny to Debate And HUMILIATES Himself,2025-08-13 22:39:15+00:00,497070,7858,4478,98,80.18367346938776,0.012471366759989819,2.5014585470859236
Destiny,Tectone FINALLY Talks To Destiny,2025-08-14 01:07:49+00:00,276609,6553,2616,99,66.1919191919192,0.015107584312528613,3.3505778915364286
Destiny,WTH!? Trump Actually Did It...,2025-08-14 21:04:31+00:00,152412,3148,980,47,66.97872340425532,0.014930114358322744,2.739285620554812
Destiny,"Kick Streamers Go Too Far, Police Get Involved | ANYTHING ELSE",2025-08-16 05:34:44+00:00,77300,1335,381,71,18.802816901408452,0.05318352059925094,2.3117723156532985
Destiny,"Destiny's ""Loophole"" Fries MAGA Debater's Brain 😱",2025-08-17 01:22:43+00:00,291835,7244,452,69,104.98550724637681,0.009525124240750967,2.660750081381603
Destiny,He's so BASED for this...,2025-08-17 13:10:44+00:00,186327,4520,769,84,53.80952380952381,0.018584070796460177,2.8836400521663528
Destiny,Trump Messed Up BAD w/ Putin,2025-08-18 10:15:37+00:00,167988,3857,877,69,55.89855072463768,0.01788955146486907,2.859132795199657
Destiny,Hasan Puts Ethan Klein's Family In Danger,2025-08-19 01:36:39+00:00,158550,3212,1067,206,15.592233009708737,0.06413449564134496,2.8287606433301797
Destiny,He's showing his hand...,2025-08-20 01:19:14+00:00,147875,2926,815,161,18.17391304347826,0.05502392344497608,2.638715131022823
Destiny,They're Actually So MAD At Him For This LOL,2025-08-22 01:57:55+00:00,131217,3265,992,142,22.992957746478872,0.04349157733537519,3.3524619523384924
Destiny,Destiny's Jubilee Debate Opponent Comes After Him,2025-08-23 00:30:18+00:00,154944,3831,1252,267,14.348314606741573,0.0696945967110415,3.4528603882693103
Destiny,This is ACTUALLY EVIL.,2025-08-24 06:01:52+00:00,95740,2168,876,222,9.765765765765765,0.10239852398523985,3.4113223313139756
Destiny,Destiny Responds To H3,2025-08-25 00:00:01+00:00,189908,4655,1942,514,9.056420233463035,0.11041890440386681,3.744444678475894
Destiny,H3 Nukes Destiny... Destiny Responds,2025-08-28 03:07:20+00:00,294427,10486,3226,354,29.62146892655367,0.033759298111768074,4.777415114782272
Destiny,Every Panelist Challenges Destiny To A Debate...,2025-08-31 03:15:55+00:00,221640,3865,970,77,50.1948051948052,0.019922380336351877,2.2162064609276304
Destiny,BTC & Pakman Address The Dark Money Allegations And Leaks,2025-09-01 06:29:25+00:00,108823,1969,595,58,33.94827586206897,0.029456576942610464,2.4094171268941307
Destiny,Willymac Got EVERYTHING Wrong About Destiny,2025-09-02 06:56:38+00:00,124678,3556,1023,183,19.43169398907104,0.051462317210348704,3.819438874540817
Destiny,The Trump Cover Up That Just Happened...,2025-09-03 09:23:04+00:00,129941,2561,556,62,41.306451612903224,0.02420929324482624,2.4464949477070363
Destiny,Hasan has gone too far this time.,2025-09-04 12:15:46+00:00,137657,3492,689,94,37.148936170212764,0.026918671248568157,3.105544941412351
Destiny,Destiny Confronts Leftist Journalist On Her Wired Article,2025-09-05 12:19:24+00:00,186555,3734,2892,150,24.893333333333334,0.04017139796464917,3.6321728176677124
Destiny,MAGA Debate Coach LOST HIS MIND in HEATED Russia Debate with Destiny,2025-09-06 21:44:25+00:00,205180,3228,1125,96,33.625,0.02973977695167286,2.1683399941514767
Destiny,Rogan CRASHES OUT Debating Guest,2025-09-08 23:13:12+00:00,296500,6675,1730,155,43.064516129032256,0.023220973782771534,2.8870151770657673
Destiny,Charlie Kirk Shot Dead.,2025-09-11 03:11:29+00:00,466612,8789,7790,1465,5.999317406143344,0.16668562976447832,3.867024422860964
Destiny,What Just Happened At TYT!??,2025-09-12 02:27:11+00:00,194350,3667,1090,238,15.407563025210084,0.06490319061903463,2.5701054798044765
Destiny,Heated Charlie Kirk Aftermath Debate w/ xQc,2025-09-12 11:10:39+00:00,451579,11170,5598,1079,10.352177942539388,0.09659803043867503,3.9521324065113745
Destiny,They're Using Charlie Kirk's Death To Make Things Worse...,2025-09-12 21:43:14+00:00,258485,5906,3266,1254,4.709728867623604,0.2123264476803251,4.033502911194073
Destiny,He could've escaped...,2025-09-13 16:21:33+00:00,112685,2149,698,813,2.6432964329643296,0.37831549557933924,3.247992190619869
Destiny,HEATED Charlie Kirk Assassination Debate Turns Into Screaming Match,2025-09-14 21:31:02+00:00,387433,7211,4904,817,8.826193390452877,0.11329912633476633,3.3378674506301733
Destiny,MAGA Tries To Defend Trump's Tariffs And Gets Destroyed 😱,2025-09-15 07:00:49+00:00,160017,3895,397,136,28.639705882352942,0.03491655969191271,2.7672059843641614
Destiny,Destiny Versus 5 MAGA Debaters In Live Showdown,2025-09-15 14:42:30+00:00,162337,4290,1040,288,14.895833333333334,0.06713286713286713,3.4607021196646484
Destiny,"""SHUT UP, DESTINY!"" HEATED 1v4 Piers Morgan Debate Panel On Charlie Kirk Turns Into Screaming Match",2025-09-15 21:11:19+00:00,494345,14816,18259,6018,2.461947490860751,0.406182505399568,7.908039931626698
Destiny,They actually don't know ANYTHING...,2025-09-16 11:39:29+00:00,157190,3007,2628,976,3.0809426229508197,0.3245759893581643,4.205738278516445
Destiny,This is not normal.,2025-09-17 11:57:26+00:00,259700,5486,5092,1181,4.645215918712955,0.2152752460809333,4.527916827108202
Destiny,Charlie Kirk Fan Confronts Destiny On Campus | LIVE DEBATE,2025-09-19 11:57:08+00:00,577222,17112,12635,1653,10.352087114337568,0.09659887798036465,5.439848100037767
Destiny,Elon Musk Crashes Out On Destiny,2025-09-21 13:48:44+00:00,291738,6805,2086,469,14.50959488272921,0.0689199118295371,3.20835818439833
Destiny,Destiny BLASTS Myron in HEATED Israel-Palestine Debate,2025-09-23 03:02:12+00:00,274665,3764,2247,225,16.72888888888889,0.05977683315621679,2.270402126226494
Destiny,This is so embarassing...,2025-09-25 04:45:54+00:00,212996,3769,1301,165,22.842424242424244,0.04377819050145927,2.4577926346034666
Destiny,Ben Shapiro Raises Political Tensions In Bad Faith Debate,2025-09-26 13:49:53+00:00,307653,4666,1430,173,26.971098265895954,0.03707672524646378,2.0376853142989018
Destiny,"""Never Apologize."" Unhinged Piers Morgan Debate Shows Destiny MAGA's True Colors",2025-09-27 14:09:58+00:00,207522,3994,1197,143,27.93006993006993,0.035803705558337506,2.5703298927342644
Destiny,Ezra Klein still doesn't get it...,2025-09-30 05:14:13+00:00,178750,2915,1106,119,24.49579831932773,0.04082332761578045,2.316083916083916
Destiny,Hasan is running.,2025-10-02 05:59:57+00:00,171111,3000,796,132,22.727272727272727,0.044,2.2955859062246144
Destiny,The Government Shutdown Is Unhinged,2025-10-05 05:35:59+00:00,232182,4538,1352,1528,2.9698952879581153,0.3367122080211547,3.1949074432987916
Destiny,MAGA Confront And Debate Destiny Live,2025-10-09 01:45:24+00:00,252474,4417,2102,86,51.36046511627907,0.019470228661987776,2.6161109658816355
Destiny,Hasan Abuses His Dog On Stream,2025-10-12 05:01:12+00:00,247079,5225,1238,100,52.25,0.019138755980861243,2.6562354550568847
Destiny,I can't believe Trump's people actually said this in front of everyone...,2025-10-14 15:00:24+00:00,169793,3434,565,63,54.507936507936506,0.018345952242283053,2.392324771928171
Destiny,"Trump's Gaza ""Peace Plan"" Is Busted.",2025-10-16 15:58:13+00:00,143709,3071,457,72,42.65277777777778,0.023445131878866817,2.5050623134250465
Destiny,"EVENT ANNOUNCEMENT | Destiny vs Konstantin: Nation, Identity and Borders",2025-10-17 14:01:47+00:00,39420,1316,311,8,164.5,0.0060790273556231,4.147640791476408
Destiny,Destiny Court Case Escalates And The Hague Convention Gets Brought In...,2025-10-18 13:38:01+00:00,163077,2248,445,67,33.55223880597015,0.029804270462633453,1.6924520318622491
Destiny,Emiru Gets Assaulted On Stream At TwitchCon,2025-10-20 03:34:06+00:00,187689,3228,614,74,43.62162162162162,0.02292441140024783,2.08643021167996
Destiny,Mamdani disavowed Hasan on TV...,2025-10-21 13:39:16+00:00,204896,4516,596,109,41.43119266055046,0.024136403897254206,2.5481219740746526
Destiny,Pokimane Covers For Hasan...,2025-10-22 13:48:00+00:00,157454,2440,600,44,55.45454545454545,0.018032786885245903,1.9586672933047111
Destiny,"""Don't compare me to Charlie Kirk."" Destiny Gets Confronted In HEATED Campus Debate",2025-10-24 13:42:52+00:00,312835,5861,1793,156,37.57051282051282,0.026616618324518,2.496523726565122
Destiny,Destiny's Court Transcripts Released,2025-10-27 21:18:36+00:00,292014,5381,1207,345,15.597101449275362,0.0641144768630366,2.3742012369269965
Destiny,Hasan At The Protest...,2025-10-31 03:21:48+00:00,141181,2200,544,72,30.555555555555557,0.03272727272727273,1.994602673164236
Destiny,"""The US Needs A Nuremberg!"" Destiny Reflects on The Trump Admin's Crimes",2025-11-04 03:33:50+00:00,162149,4693,533,91,51.57142857142857,0.019390581717451522,3.2790828188887997
Destiny,Destiny vs D'Souza | Battle For The Capitol - Official Trailer,2025-11-04 19:08:23+00:00,30047,1026,155,5,205.2,0.004873294346978557,3.9471494658368558
Destiny,Leftist And Conservative Students Confront Destiny On Campus,2025-11-05 16:07:28+00:00,332033,6436,1955,88,73.13636363636364,0.013673088875077687,2.5536618348176234
Destiny,Trump Crashes Out After Mamdani's Historic Win...,2025-11-06 17:13:35+00:00,216235,3621,910,103,35.15533980582524,0.028445180889257113,2.1430388235022084
Destiny,Hasan is actually losing it...,2025-11-08 03:33:21+00:00,165490,3135,598,91,34.45054945054945,0.029027113237639554,2.3107136382863014
Destiny,Destiny Makes Progressive TikTokker Question Himself In Abortion Debate,2025-11-13 01:06:09+00:00,183194,2957,906,57,51.87719298245614,0.01927629354075076,2.1398080723167787
Destiny,Destiny Gets Ambushed IRL,2025-11-16 12:59:57+00:00,158443,3488,617,97,35.95876288659794,0.027809633027522936,2.652057837834426
Destiny,Major Lawsuit Bombshell Just Dropped...,2025-11-18 02:47:23+00:00,156762,2364,443,75,31.52,0.031725888324873094,1.8384557482042843
Destiny,Trump Knew About the Girl,2025-11-21 13:32:09+00:00,134460,2817,362,48,58.6875,0.01703940362087327,2.3999702513758736
Destiny,2v2 Debate Panel Turns Into Heated 1v3 Screaming Match,2025-11-23 02:55:56+00:00,275509,3597,1653,97,37.08247422680412,0.026966916875173757,1.9407714448529814
Destiny,"""FEDs & DOJ are after Destiny...""",2025-11-30 16:15:53+00:00,143460,2759,532,41,67.29268292682927,0.014860456687205509,2.3225986337655096
Destiny,Lawyer QUITS 2v2 Debate After Things Get Way Too HEATED...,2025-12-01 16:20:18+00:00,248242,5347,2054,64,83.546875,0.011969328595474098,3.0071462524472086
Destiny,Tuckers Shocks Piers In UNHINGED Interview,2025-12-03 03:04:43+00:00,170619,3127,549,86,36.36046511627907,0.02750239846498241,2.204912700226821
Destiny,YOU'RE DANGEROUS! Yale Students Confront Destiny For His Kirk And Anti-MAGA Rhetoric,2025-12-05 17:00:44+00:00,266118,5358,1975,69,77.65217391304348,0.012877939529675251,2.781472880451529
Destiny,"""People Will Die"" Ex-CDC Official Tries To Warn Destiny About RFK's CDC",2025-12-07 16:04:55+00:00,83370,2243,359,24,93.45833333333333,0.01069995541685243,3.149814081804006
Destiny,THEY'RE DELETING EVIDENCE! Destiny's Lawsuit Takes Another Insane Turn,2025-12-08 17:17:26+00:00,145664,2310,571,51,45.294117647058826,0.02207792207792208,2.0128514938488573
Destiny,Destiny Debates Free Speech... With HIMSELF?!,2025-12-10 17:00:49+00:00,124842,9722,1359,163,59.644171779141104,0.016766097510800246,9.006584322583745
Destiny,"""Kirk Was Years Ahead Of Us"" Adam Mockler's MAGA Theory",2025-12-13 00:10:33+00:00,272230,6210,912,58,107.06896551724138,0.00933977455716586,2.6374756639606214
Destiny,Destiny CONFRONTS And STUMPS Dinesh In IRL Debate,2025-12-16 00:00:58+00:00,209492,6081,1572,26,233.8846153846154,0.0042756125637230715,3.6655337673992325
Destiny,Destiny Forces Dinesh To Confront Facts In Heated Debate,2025-12-18 04:33:00+00:00,122021,3095,698,83,37.28915662650602,0.026817447495961228,3.176502405323674
Destiny,SIMPLE QUESTION Triggers Ana Kasparian to Crash Out at Bill Maher,2025-12-20 12:24:37+00:00,160765,2843,730,130,21.869230769230768,0.0457263454097784,2.303362050197493
Destiny,Angry MAGA Confronts Destiny And Adam Mockler At Live Event...,2025-12-23 01:46:20+00:00,348362,7543,1719,179,42.13966480446928,0.023730611162667375,2.7101118950976284
Destiny,It Begins... The MAGA Civil War Is Here,2025-12-28 12:54:23+00:00,223515,3242,1027,2123,1.5270843146490816,0.6548426896977174,2.859763326846073
Destiny,Destiny Investigates Nick Shirley's Viral Fraud Video...,2026-01-02 13:46:01+00:00,218852,4191,2772,1059,3.9575070821529743,0.2526843235504653,3.665490833988266
Destiny,This Is INSANE! The US Invasion Begins,2026-01-04 14:49:42+00:00,195413,3721,1938,1105,3.367420814479638,0.2969631819403386,3.461386908752232
Destiny,Destiny Debates 7 Pro-MAGA Asmongold Fans On Venezuela,2026-01-06 00:30:38+00:00,224618,3909,1720,1349,2.8977020014825796,0.3451010488616014,3.1066076627874883
Destiny,Asmongold React Turns Into WEEK LONG Political Debate,2026-01-07 18:31:38+00:00,192447,3840,1036,488,7.868852459016393,0.12708333333333333,2.787260908198101
Destiny,Adam Mockler DEMOLISHES Young Conservatives In 1v20 Jubilee Debate,2026-01-08 02:16:03+00:00,251201,4566,785,57,80.10526315789474,0.012483574244415242,2.1528576717449375
Destiny,The Victim Finally Testifies In Court,2026-01-08 15:50:50+00:00,192266,3218,672,442,7.280542986425339,0.13735239279055314,2.2531284782540855
Destiny,MAGA Zoomer Defends Trump's INSANE Minnesota Shooting Statements,2026-01-14 13:19:42+00:00,151195,2953,2174,115,25.678260869565218,0.03894344734168642,3.467045867918913
Destiny,Destiny CRUSHES Proud Boy Leader In INTENSE 2v6 Debate,2026-01-15 21:40:05+00:00,249439,4442,1379,53,83.81132075471699,0.011931562359297614,2.354884360504973
Destiny,Talking With The 12th Secretary of Education Miguel Cardona,2026-01-16 17:01:28+00:00,118101,3346,341,38,88.05263157894737,0.011356843992827256,3.154079982387956
Destiny,VeganGains Ragequits Debate And SMASHES His Desk,2026-01-19 00:35:38+00:00,217352,3442,1574,68,50.61764705882353,0.019755955839628123,2.339062902572785
Destiny,VeganGains CRASHES OUT In Unhinged Debate Aftermath,2026-01-20 22:05:12+00:00,108799,2256,679,49,46.04081632653061,0.02171985815602837,2.7426722672083383
Destiny,Destiny Gets Blackpilled,2026-01-21 20:27:14+00:00,179148,2864,559,82,34.926829268292686,0.02863128491620112,1.9564829079866923
Destiny,"Destiny Confronts ""Free Speech Absolutism""",2026-01-23 16:45:14+00:00,162351,2827,565,29,97.48275862068965,0.010258224266006368,2.107162875498149
Destiny,Debater LOSES IT After Destiny Calls Out MAGA Hypocrisy,2026-01-24 20:41:26+00:00,301148,5814,1918,65,89.44615384615385,0.011179910560715513,2.5890924063915417
Destiny,Getting Ragebaited By The WORST Destiny Hit Piece Yet,2026-01-27 21:49:46+00:00,169908,2904,749,57,50.94736842105263,0.01962809917355372,2.1835346187348446
Destiny,MAGA Uses AI To Defend ICE... and It Immediately Backfires,2026-01-29 20:16:37+00:00,227853,3676,1468,69,53.27536231884058,0.018770402611534277,2.2878785883881276
Destiny,They Want To Destroy US.,2026-02-03 06:16:54+00:00,237147,4985,946,142,35.105633802816904,0.02848545636910732,2.560858876561795
Destiny,She Got Caught!,2026-02-07 18:12:03+00:00,189064,3376,565,43,78.51162790697674,0.01273696682464455,2.1072229509584055
Destiny,Ex-Cop Angrily Confronts Destiny On The ICE Shootings,2026-02-09 15:19:23+00:00,139769,2114,735,42,50.333333333333336,0.019867549668874173,2.068412881254069
Destiny,The Right Is GOING INSANE...,2026-02-11 11:46:51+00:00,254911,5007,895,70,71.52857142857142,0.013980427401637708,2.3427784599330748
Destiny,UNHINGED Republicans Get DESTROYED In 1v20 Jubilee Debate,2026-02-12 18:27:26+00:00,200878,3213,622,50,64.26,0.01556178026766262,1.9340096974282899
Destiny,This might end her career...,2026-02-13 04:48:50+00:00,243021,4170,732,29,143.79310344827587,0.006954436450839328,2.0290427576217693
Destiny,Socialist Student GETS ARRESTED During IRL Debate,2026-02-16 00:50:05+00:00,193212,3777,819,53,71.26415094339623,0.014032300767805136,2.4061652485352876
Destiny,Trump Wants To CANCEL Elections.,2026-02-17 00:41:45+00:00,180582,2630,540,75,35.06666666666667,0.028517110266159697,1.796967582594057
Destiny,Destiny Responds to 'Hasan responds to Destiny',2026-02-20 20:01:43+00:00,91159,2157,278,35,61.628571428571426,0.016226240148354196,2.7095514430829652
Destiny,Jon Stewart is Economically Illiterate,2026-02-20 23:01:18+00:00,61077,1219,427,57,21.385964912280702,0.04675963904840033,2.788283641960149
Destiny,"Trump just announced his ""alternatives"" to tariffs...",2026-02-21 13:01:33+00:00,56736,1363,336,3,454.3333333333333,0.0022010271460014674,2.9998589960518895
