YouTuber_Name,Title,Date,Views,Likes,Comments,Dislikes,Like_to_Dislike_Ratio,Dislike_to_Like_Ratio,Engagement_Ratio
iilluminaughtii,Chanel: The Company's Dark Past Revealed,2020-01-07 19:15:11+00:00,393079,17616,0,273,64.52747252747253,0.0154972752043596,4.550993566178809
iilluminaughtii,Why Everyone Hates PETA,2020-01-25 18:15:56+00:00,1560617,106557,0,1495,71.27558528428094,0.014030049644791,6.923671855426411
iilluminaughtii,The Shady History of Lime Crime Cosmetics,2020-02-04 00:32:41+00:00,715075,23974,0,635,37.75433070866142,0.0264870276132476,3.441457189805265
iilluminaughtii,Monat: The History of This Hair Raising MLM,2020-02-24 16:00:11+00:00,1080592,28418,0,432,65.7824074074074,0.0152016327679639,2.6698328323733658
iilluminaughtii,How the Casino Industry Manipulates You,2020-02-27 15:59:51+00:00,180675,8753,0,123,71.16260162601625,0.0140523249171712,4.912688529126886
iilluminaughtii,PETA's Twitter is Actually Terrible,2020-03-08 23:20:10+00:00,588377,27542,0,346,79.60115606936417,0.0125626316171665,4.739818177800967
iilluminaughtii,How Do Cults Work? Are MLMs a Cult?,2020-03-18 18:00:11+00:00,192183,9627,0,68,141.5735294117647,0.0070634673314635,5.0446709646534815
iilluminaughtii,The Horrors of Autism Speaks,2020-03-20 20:30:10+00:00,4088785,190219,0,3186,59.70464532328939,0.0167491154931946,4.730133768344386
iilluminaughtii,How PETA is Spending its Money,2020-03-23 15:00:11+00:00,605709,26034,0,331,78.65256797583082,0.012714143043712,4.3527502480564095
iilluminaughtii,PETA Hates Animal Crossing,2020-03-25 03:00:01+00:00,1106636,52808,0,645,81.87286821705426,0.0122140584759884,4.830224211032354
iilluminaughtii,What North Korea is Hiding From the World,2020-03-26 15:00:30+00:00,154846,9971,0,125,79.768,0.0125363554307491,6.520026348759413
iilluminaughtii,Herbalife: Selling The Lies | Part One,2020-03-30 15:00:17+00:00,858327,27265,0,800,34.08125,0.0293416467999266,3.269732864048317
iilluminaughtii,Autism Speaks' Electrifying Past,2020-04-02 15:00:32+00:00,648445,36882,0,250,147.528,0.0067783742747139,5.726314490820347
iilluminaughtii,Herbalife: Selling Their Lies | Part 2,2020-04-06 15:00:10+00:00,430823,17369,0,258,67.32170542635659,0.0148540503195348,4.0914714395471
iilluminaughtii,Quaker Oats Fed Children Radioactive Oatmeal,2020-04-08 15:00:24+00:00,575262,27776,0,354,78.46327683615819,0.0127448156682027,4.889945798610024
iilluminaughtii,What Happened to Jilly Juice? (It's Not Good),2020-04-10 15:00:36+00:00,2383684,78348,0,1464,53.51639344262295,0.018685863072446,3.348262605278216
iilluminaughtii,The Sexiest MLM: Pure Romance,2020-04-13 18:00:04+00:00,725350,30267,0,308,98.26948051948052,0.0101760993821653,4.215206452057627
iilluminaughtii,Morphe's Pretty Little Lies,2020-04-16 15:00:10+00:00,628924,24644,0,353,69.81303116147309,0.0143239733809446,3.974566084296353
iilluminaughtii,Cutco: The MLM Selling Knives and Lies,2020-04-20 15:00:10+00:00,1106846,33106,0,634,52.217665615141954,0.0191506071406995,3.048301209020948
iilluminaughtii,The Weird World of Televangelists,2020-04-23 18:00:31+00:00,763427,26678,0,594,44.91245791245791,0.0222655371467126,3.572312742410211
iilluminaughtii,The Ungodly Practices of the Salvation Army,2020-05-04 16:00:09+00:00,483208,31897,0,572,55.76398601398601,0.0179327209455434,6.719466565123095
iilluminaughtii,Beachbody: Let's Puke Together,2020-05-11 15:15:10+00:00,1011027,35168,0,449,78.32516703786192,0.01276728844404,3.5228534945159726
iilluminaughtii,Crunchy Lash Lies: Younique,2020-05-18 15:00:00+00:00,1306040,40236,0,540,74.5111111111111,0.0134208171786459,3.122109583167437
iilluminaughtii,These People Think Bleach Will Cure Autism,2020-05-21 17:00:11+00:00,1783451,70497,0,750,93.996,0.0106387505851312,3.994895290086467
iilluminaughtii,Tupperware: The Company That Became an MLM,2020-05-25 15:15:09+00:00,645361,25555,0,370,69.06756756756756,0.0144785756212091,4.017131496945121
iilluminaughtii,Gwyneth Paltrow's Goop: A Story in Two Parts,2020-05-27 15:00:27+00:00,751212,25943,0,434,59.77649769585253,0.0167289827699186,3.511259138565412
iilluminaughtii,Gwyneth Paltrow's Goop: The Second Part of a Messy Situation,2020-05-28 15:00:33+00:00,405189,17046,0,160,106.5375,0.0093863663029449,4.246413402140729
iilluminaughtii,Tyra Banks’ Failed MLM,2020-06-01 22:04:19+00:00,866443,28187,0,534,52.78464419475655,0.0189449036790009,3.314817016237652
iilluminaughtii,Instagram's Diet Tea Industry Needs to Stop Doing This,2020-06-03 22:00:08+00:00,453046,19531,0,170,114.88823529411764,0.008704111412626,4.348565046374982
iilluminaughtii,Amway: The MLM That Ruined it All |Part One,2020-06-08 14:00:30+00:00,852173,26516,0,1048,25.30152671755725,0.0395233066827575,3.2345544860022555
iilluminaughtii,Dr. Oz Has Some Dark Secrets He's Been Hiding,2020-06-10 15:00:14+00:00,996238,37889,0,1687,22.459395376407823,0.0445247961149674,3.9725447132111
iilluminaughtii,Amway: The MLM That Ruined it All |Part Two,2020-06-15 14:00:09+00:00,407756,14558,0,253,57.541501976284586,0.0173787608187937,3.632319328225704
iilluminaughtii,Nestle: Too Big for its Own Good?,2020-06-17 16:00:34+00:00,504190,26572,0,250,106.288,0.0094083998193587,5.319819909161229
iilluminaughtii,Nestle: Water Theft and More Exploitation Part Two,2020-06-19 15:02:35+00:00,241884,14807,0,88,168.26136363636363,0.0059431350037144,6.15791040333383
iilluminaughtii,Why the It Works MLM Doesn't Actually Work,2020-06-22 18:08:35+00:00,411601,16076,0,197,81.60406091370558,0.0122542921124657,3.953586118595436
iilluminaughtii,America's Mysterious Murderer: H.H. Holmes,2020-06-23 14:00:18+00:00,221003,12170,0,84,144.88095238095238,0.0069022185702547,5.54472111238309
iilluminaughtii,"This ""Christian"" Camp is Hiding a Disturbing Secret",2020-06-24 15:25:52+00:00,1947914,88187,0,665,132.61203007518796,0.0075407939945797,4.561392340729622
iilluminaughtii,NXIVM. What the Media Won't Report.,2020-06-25 14:00:29+00:00,2077141,59756,0,1213,49.26298433635614,0.0202992168150478,2.9352364620408533
iilluminaughtii,Japan’s Designer Fruit Market,2020-06-26 14:12:30+00:00,457560,22849,0,233,98.06437768240345,0.0101973828176287,5.04458431681091
iilluminaughtii,Vemma: The MLM That Failed,2020-06-29 15:41:38+00:00,588014,17924,0,204,87.86274509803921,0.0113813880830171,3.082919794426663
iilluminaughtii,Monsanto's Fall From Grace,2020-06-30 16:49:13+00:00,259513,12042,0,237,50.81012658227848,0.0196811160936721,4.731554873936951
iilluminaughtii,"Autism Speaks, Sesame Street, and ASAN: A Terrible Tale",2020-07-01 19:52:19+00:00,432141,25939,0,235,110.37872340425533,0.0090597170284128,6.056819417736341
iilluminaughtii,The Mermaid MLM That Didn't Make It (Multi Level Mondays),2020-07-06 14:45:00+00:00,463375,19807,0,174,113.83333333333331,0.0087847730600292,4.312058268141354
iilluminaughtii,Tencent: One of the Shadiest Gaming Tech Giants,2020-07-08 22:15:51+00:00,527805,22210,0,579,38.35924006908463,0.0260693381359747,4.317693087409176
iilluminaughtii,"Avon: Makeup, Bribery, and the Beginning of the End (Multi Level Mondays)",2020-07-13 16:15:09+00:00,743499,23772,0,483,49.21739130434783,0.0203180212014134,3.262277420682476
iilluminaughtii,"Uber: The Good, The Bad, and The Sexual Assaults",2020-07-15 17:10:07+00:00,885035,37058,0,413,89.72881355932203,0.0111446921042689,4.233843859282401
iilluminaughtii,The Real Mystery of the Winchester House,2020-07-17 13:45:00+00:00,253312,14891,0,81,183.8395061728395,0.0054395272312134,5.910497726124305
iilluminaughtii,Primerica: The Insurance MLM,2020-07-20 20:41:38+00:00,426908,15665,0,809,19.363411619283067,0.0516437918927545,3.858911053435401
iilluminaughtii,EA: Destroy Everything,2020-07-22 14:45:10+00:00,545301,27450,0,228,120.39473684210526,0.0083060109289617,5.075728817662172
iilluminaughtii,America's Broken Education System,2020-07-24 14:00:06+00:00,780181,48405,0,591,81.90355329949239,0.0122094824914781,6.280081160653745
iilluminaughtii,Is Devacurl Ruining Your Hair?,2020-07-29 14:30:05+00:00,433074,17610,0,229,76.8995633187773,0.0130039750141964,4.119157465005981
iilluminaughtii,How PETA Spiraled Out of Control,2020-07-31 14:30:42+00:00,1321662,49629,0,814,60.96928746928747,0.0164017006185899,3.816633904886423
iilluminaughtii,The Truth Behind the Worst Rated Charity: Kid's Wish Network,2020-08-04 14:00:13+00:00,714884,34591,0,201,172.09452736318408,0.0058107600242837,4.866803565333677
iilluminaughtii,Where Your Mica Actually Comes From,2020-08-06 15:00:05+00:00,264912,16723,0,149,112.23489932885906,0.0089098845900855,6.368907410762819
iilluminaughtii,The Olive Oil Mafia,2020-08-08 16:00:12+00:00,284374,15435,0,112,137.8125,0.0072562358276643,5.467096148030411
iilluminaughtii,Arbonne: Mediocre at Best,2020-08-10 14:00:08+00:00,413759,15373,0,164,93.73780487804878,0.0106680543810576,3.755084481546021
iilluminaughtii,The Brooklyn Vampire: Albert Fish,2020-08-13 14:00:12+00:00,296362,16833,0,172,97.86627906976744,0.0102180241192894,5.737915117322734
iilluminaughtii,The Knockoff Industry Could Kill You: Here's How,2020-08-14 14:00:11+00:00,397896,18556,0,187,99.22994652406418,0.0100776029316663,4.710527373987173
iilluminaughtii,"Oriflame: The ""Natural"" Swedish MLM",2020-08-17 14:00:04+00:00,217742,9464,0,141,67.12056737588652,0.014898562975486,4.41118387816774
iilluminaughtii,Susan G. Komen: Race For the Cash,2020-08-21 14:30:06+00:00,274319,13990,0,180,77.72222222222223,0.0128663330950679,5.16551897608259
iilluminaughtii,The New Jilly Juice Book is a Trainwreck,2020-08-25 14:00:12+00:00,563112,25384,0,207,122.6280193236715,0.0081547431452883,4.544566622625695
iilluminaughtii,This Island Holds One of the Darkest Secrets in the World: Poveglia Island,2020-08-27 14:15:01+00:00,1115245,45983,0,799,57.550688360450565,0.0173759867777222,4.194773345767073
iilluminaughtii,The Aftermath of Seaworld,2020-08-29 13:30:05+00:00,2815738,111609,0,1521,73.37869822485207,0.013627933231191,4.017774380997095
iilluminaughtii,"Origami Owl: The MLM by Kids, For Kids",2020-08-31 14:00:02+00:00,553105,23573,0,203,116.1231527093596,0.0086115471089806,4.298641306804314
iilluminaughtii,Huawei.,2020-09-02 13:00:08+00:00,378326,20417,0,440,46.40227272727272,0.0215506685605132,5.512970295459471
iilluminaughtii,How The Radium Girls Changed How We Work,2020-09-04 15:00:12+00:00,148950,9747,0,50,194.94,0.0051297835231353,6.577374958039611
iilluminaughtii,Unraveling DC Solar's Billion Dollar Ponzi Scheme,2020-09-07 14:00:10+00:00,162806,8157,0,86,94.84883720930232,0.0105430918229741,5.0630812132231
iilluminaughtii,The Rise and Fall of Kat Von D,2020-09-10 13:00:01+00:00,1367998,44396,0,4610,9.630368763557485,0.1038381836201459,3.582315178823361
iilluminaughtii,The Family Tree of MLMs (MLMs That Make More MLMs),2020-09-14 15:31:32+00:00,232609,10017,0,76,131.80263157894737,0.0075871019267245,4.339041051721988
iilluminaughtii,"Defining ""Natural"": What Does it Really Mean?",2020-09-17 20:00:03+00:00,119118,7657,0,34,225.2058823529412,0.0044403813503983,6.456622844574287
iilluminaughtii,Norwex: The cleaning MLM that isn't very green,2020-09-21 19:00:08+00:00,280572,11736,0,221,53.10407239819005,0.0188309475119291,4.261651198266399
iilluminaughtii,The Problems with the Girl Scouts and the Boy Scouts,2020-09-25 15:00:03+00:00,957334,40372,0,1064,37.9436090225564,0.0263548994352521,4.328269966385817
iilluminaughtii,"Mary Kay: ""Enriching""",2020-09-28 20:16:12+00:00,1110584,33304,0,841,39.60047562425684,0.0252522219553206,3.074508546854628
iilluminaughtii,Why Movie Ratings Don't Make Sense: Bias in the MPAA,2020-09-30 13:30:01+00:00,671896,34821,0,486,71.64814814814815,0.013957094856552,5.2548311048138405
iilluminaughtii,Optavia: The Truth About the MLM Diet That's Dangerous,2020-10-05 15:30:01+00:00,344454,14157,0,149,95.01342281879197,0.0105248287066468,4.153239619804096
iilluminaughtii,Can We Discredit the Stanford Prison Experiment?,2020-10-07 13:00:15+00:00,217373,13037,0,111,117.45045045045045,0.0085142287336043,6.04858929121832
iilluminaughtii,Debunking Anti-Vax: The Real History About Andrew Wakefield| Part 1,2020-10-09 14:45:30+00:00,235441,14808,0,217,68.23963133640552,0.0146542409508373,6.3816412604431685
iilluminaughtii,Pampered Chef: The Secret MLM,2020-10-12 13:45:01+00:00,546835,19713,0,382,51.60471204188482,0.0193780753817277,3.6747830698473942
iilluminaughtii,Debunking Anti-Vax: The Truth About Andrew Wakefield | Part 2,2020-10-14 17:15:02+00:00,130689,8685,0,109,79.6788990825688,0.0125503742084052,6.728951939336899
iilluminaughtii,Debunking Anti-Vax: The Reality of Andrew Wakefield Part 3,2020-10-16 16:30:01+00:00,115818,7561,0,94,80.43617021276596,0.0124322179605872,6.609508021205684
iilluminaughtii,"LegalShield: The ""Legal"" MLM",2020-10-19 19:00:02+00:00,200837,8987,0,140,64.19285714285714,0.0155780571937242,4.544481345568794
iilluminaughtii,The Heaven's Gate Cult: Truth and Tragedy,2020-10-21 15:00:11+00:00,701958,29546,0,358,82.53072625698324,0.0121166993840113,4.260083936645782
iilluminaughtii,Herbalife's Bribery Lawsuit Settlement Details,2020-10-24 14:15:03+00:00,111906,6175,0,48,128.64583333333334,0.0077732793522267,5.560917198362912
iilluminaughtii,The Truth Behind R+F (Rodan + Fields MLM),2020-10-26 13:30:10+00:00,278233,11576,0,122,94.88524590163937,0.0105390463026952,4.204389845920505
iilluminaughtii,LuLuLemon: Cult or Bad Business?,2020-10-28 14:00:10+00:00,686427,26269,0,605,43.4198347107438,0.0230309490273706,3.9150557888894233
iilluminaughtii,The Real Story of Elizabeth Bathory,2020-10-30 15:30:02+00:00,285401,16236,0,196,82.83673469387755,0.0120719389012071,5.757513113128546
iilluminaughtii,The Body Shop is an MLM (But That's Not Even the Worst Part),2020-11-02 16:00:10+00:00,1440448,44706,0,985,45.386802030456856,0.0220328367556927,3.171999266894744
iilluminaughtii,The Real History of Homework,2020-11-04 16:30:00+00:00,214535,13142,0,94,139.80851063829786,0.0071526403895906,6.169622672291235
iilluminaughtii,Blood Avocados: The Truth About the Avocado Mafia,2020-11-07 18:15:00+00:00,149976,8578,0,77,111.4025974025974,0.0089764513872697,5.770923347735637
iilluminaughtii,Scentsy: The Smelly MLM,2020-11-09 15:00:07+00:00,567711,20003,0,303,66.01650165016501,0.0151477278408238,3.576819896038653
iilluminaughtii,My Pillow's History is Not Very Comfy,2020-11-11 15:45:01+00:00,693483,30529,0,1165,26.20515021459228,0.0381604376166923,4.570263438325092
iilluminaughtii,Autistic Women: Why is This Still Challenged?,2020-11-13 15:15:02+00:00,348274,21091,0,263,80.19391634980988,0.0124697738371817,6.131379316285454
iilluminaughtii,What Happened to NXIVM?,2020-11-16 16:45:03+00:00,396860,19056,0,143,133.25874125874125,0.0075041981528127,4.837726150279695
iilluminaughtii,Puppy Mills are Pretending to be Reputable Breeders,2020-11-18 15:15:02+00:00,463582,25565,0,371,68.90835579514825,0.0145120281635047,5.594695221125928
iilluminaughtii,One Coin: Multi Level Mondays,2020-11-23 15:00:04+00:00,216672,10507,0,97,108.31958762886596,0.0092319406110212,4.894033377639935
iilluminaughtii,Hobby Lobby: Corporate Casket,2020-11-25 15:00:45+00:00,752208,36224,0,1545,23.445954692556636,0.0426512809187279,5.021084593623041
iilluminaughtii,Dollskill is Killing Their Brand: Corporate Casket,2020-11-27 15:00:23+00:00,898298,43133,0,2620,16.462977099236642,0.0607423550413836,5.093298660355472
iilluminaughtii,Wine MLMs are a Thing Now... Multi Level Mondays,2020-12-01 00:00:02+00:00,340245,15393,0,142,108.40140845070422,0.0092249723900474,4.5658275654307925
iilluminaughtii,The Dozier School For Boys Nightmare: Corporate Casket,2020-12-02 16:00:11+00:00,532607,24228,0,222,109.13513513513512,0.009162951956414,4.5906268599549005
iilluminaughtii,50 Shades of No (Why 50 Shades is a Terrible Book): Corporate Casket,2020-12-04 21:06:03+00:00,223246,17652,0,178,99.1685393258427,0.0100838431905733,7.986705248918234
iilluminaughtii,DoTERRA: Multi Level Mondays,2020-12-07 15:10:45+00:00,670467,22906,0,351,65.25925925925925,0.0153234960272417,3.468776241037963
iilluminaughtii,Goop's Annual Health Summit Review: Corporate Casket,2020-12-09 16:44:15+00:00,193553,10428,0,114,91.47368421052632,0.0109321058688147,5.446570190077137
iilluminaughtii,Goodwill: Corporate Casket,2020-12-11 19:00:03+00:00,960489,38340,0,613,62.54486133768352,0.0159885237350026,4.055538376805981
iilluminaughtii,The Skeletons in the Salvation Army's Closet (Reupload),2020-12-12 15:00:03+00:00,703640,29237,0,828,35.31038647342995,0.0283202790984027,4.272781536012734
iilluminaughtii,Holiday Magic: Multi Level Mondays,2020-12-14 17:12:47+00:00,211037,9661,0,77,125.46753246753246,0.0079701894213849,4.6143567241763295
iilluminaughtii,Bright Ocular: Corporate Casket (Would You go Blind for Blue Eyes?),2020-12-16 15:00:06+00:00,1639763,61584,0,701,87.85164051355207,0.0113828267082359,3.798414770915065
iilluminaughtii,The Wounded Warrior Project: Corporate Casket,2020-12-18 15:00:17+00:00,417675,18411,0,246,74.84146341463415,0.0133615773179077,4.466870174178488
iilluminaughtii,Let's Talk About Online Art Theft,2020-12-20 16:30:02+00:00,175902,11975,0,86,139.24418604651163,0.0071816283924843,6.856658821389184
iilluminaughtii,Isagenix: Multi Level Mondays,2020-12-21 15:00:20+00:00,242822,10205,0,131,77.90076335877863,0.0128368446839784,4.2566159573679485
iilluminaughtii,Locks of Love: Corporate Casket,2020-12-23 15:34:15+00:00,453377,20500,0,214,95.79439252336448,0.0104390243902439,4.568824620569637
iilluminaughtii,Westboro Baptist Church: Corporate Casket,2020-12-25 17:21:13+00:00,378196,24963,0,187,133.49197860962568,0.0074910868084765,6.649991009952512
iilluminaughtii,USANA: Multi Level Mondays,2020-12-28 16:15:54+00:00,249323,10538,0,115,91.63478260869566,0.0109128866957676,4.272770662955283
iilluminaughtii,Has Urine Therapy Gone Too Far? |Corporate Casket,2020-12-30 15:00:17+00:00,324417,15480,0,217,71.33640552995392,0.0140180878552971,4.838525724607527
iilluminaughtii,Tranquility Bay: Corporate Casket,2021-01-01 19:08:42+00:00,300777,16373,0,137,119.51094890510949,0.0083674341904354,5.489116521542538
iilluminaughtii,The KKK Used to be an MLM: Multi Level Mondays,2021-01-04 15:00:12+00:00,435678,35250,0,239,147.48953974895397,0.0067801418439716,8.145694756219042
iilluminaughtii,South African Taxi Gangs: Corporate Casket,2021-01-06 18:03:08+00:00,117564,6270,0,75,83.6,0.0119617224880382,5.39706032458916
iilluminaughtii,The Reality of Reality TV: Corporate Casket,2021-01-08 18:45:00+00:00,401993,17460,0,204,85.58823529411765,0.0116838487972508,4.394106365036207
iilluminaughtii,"BurnLounge LLC, The Music MLM: Multi Level Mondays",2021-01-11 16:00:05+00:00,264413,8980,0,104,86.34615384615384,0.0115812917594654,3.43553456146256
iilluminaughtii,What is The Flat Earth Society? |Corporate Casket,2021-01-13 15:00:30+00:00,1632631,49548,0,855,57.95087719298245,0.0172559941874545,3.0872254661341114
iilluminaughtii,Tech Support Scams Need to be Stopped| Corporate Casket,2021-01-15 15:30:03+00:00,178530,9554,0,59,161.9322033898305,0.0061754239062172,5.3845292107769005
iilluminaughtii,Yuba County 5,2021-01-16 16:00:03+00:00,122461,7328,0,52,140.92307692307693,0.0070960698689956,6.026408407574657
iilluminaughtii,The Travel MLM That Doesn't Help You Travel: World Ventures |Multi Level Mondays,2021-01-18 17:15:00+00:00,387447,11580,0,178,65.0561797752809,0.0153713298791019,3.0347376544404785
iilluminaughtii,Are Mobile Games Actually Addicting? |Corporate Casket,2021-01-22 00:50:14+00:00,124532,6922,0,83,83.39759036144578,0.0119907541173071,5.625060225484213
iilluminaughtii,What Happened to the VA? |Corporate Casket,2021-01-23 18:53:11+00:00,132972,6378,0,102,62.52941176470589,0.0159924741298212,4.873206389315044
iilluminaughtii,The Many MLMs of Donald Trump |Multi Level Mondays,2021-01-25 19:15:01+00:00,453986,15956,0,393,40.600508905852415,0.0246302331411381,3.6012123721876885
iilluminaughtii,"The Rise and Fall of Dr. Phil, Part One| Corporate Casket",2021-01-27 16:45:01+00:00,1242206,43760,0,911,48.0351262349067,0.0208180987202925,3.5961024177954384
iilluminaughtii,"The Rise and Fall of Dr. Phil, Part 2| Corporate Casket",2021-01-29 20:15:02+00:00,678615,25294,0,462,54.74891774891775,0.0182652012334941,3.7953773494544034
iilluminaughtii,Juice Plus+ Doesn't Sell Juice... The MLM That Needs a Truth Squeeze| Multi Level Mondays,2021-02-01 15:00:11+00:00,974102,20159,0,353,57.107648725212464,0.017510789225656,2.105734307084884
iilluminaughtii,"Explaining Qanon: The Bad, The Ugly, and the Headaches | Corporate Casket",2021-02-03 17:30:03+00:00,400222,22046,0,599,36.80467445742905,0.0271704617617708,5.658109749089255
iilluminaughtii,Bang Energy's Less Than Energetic Past| Corporate Casket,2021-02-05 15:00:31+00:00,887720,31813,0,716,44.43156424581006,0.0225065224908056,3.6643310953904384
iilluminaughtii,Melaleuca: The Wellness Company That isn't Doing so Well| Multi Level Mondays,2021-02-09 04:10:27+00:00,366863,11671,0,324,36.02160493827161,0.0277611172992888,3.2696129072705618
iilluminaughtii,Uighur Muslims are Being Erased in Chinese Concentration Camps| Corporate Casket,2021-02-10 15:00:05+00:00,98765,8388,0,221,37.95475113122172,0.026347162613257,8.716650635346529
iilluminaughtii,What is The Landmark Forum? Is it a Cult or a Weird Business? (Corporate Casket),2021-02-12 18:29:36+00:00,227540,8055,0,169,47.66272189349112,0.0209807572936064,3.6143095719433935
iilluminaughtii,The Self Defense MLM That's Not Protecting Anyone: Damsel in Defense| Multi Level Mondays,2021-02-15 16:45:01+00:00,993775,39231,0,547,71.72029250457038,0.0139430552369299,4.002716912782069
iilluminaughtii,The Sleep Industry Isn't So Comfy| Corporate Casket,2021-02-17 22:47:46+00:00,164522,9490,0,91,104.28571428571428,0.0095890410958904,5.823537277689306
iilluminaughtii,Ben Shapiro's School Shooter Movie That No One Wanted | Corporate Casket,2021-02-19 18:30:03+00:00,1388454,60534,0,6465,9.363341067285385,0.1067994845871741,4.8254389414413446
iilluminaughtii,Colorstreet's History is Not Bright | Multi Level Mondays,2021-02-23 00:54:16+00:00,362055,14745,0,204,72.27941176470588,0.0138351983723296,4.128930687326511
iilluminaughtii,PragerU Isn't Teaching Anyone Anything | Corporate Casket,2021-02-24 20:15:00+00:00,1316937,58274,0,4870,11.965913757700203,0.0835707176442324,4.794762391822843
iilluminaughtii,Sleepy Time Tea's Weird Cult? | Corporate Casket,2021-02-26 15:00:18+00:00,840438,27995,0,607,46.12026359143328,0.0216824432934452,3.4032254610096166
iilluminaughtii,The Church Ponzi Scheme That Got Caught: Greater Ministries International | Multi Level Mondays,2021-03-01 17:30:04+00:00,346527,12958,0,191,67.84293193717278,0.0147399290013891,3.7945095187388
iilluminaughtii,The My Pillow Update We Needed | Corporate Casket,2021-03-03 17:15:03+00:00,190546,10863,0,377,28.814323607427056,0.0347049617969253,5.898838075845204
iilluminaughtii,Activision Blizzard Played Their Players | Corporate Casket,2021-03-05 23:15:01+00:00,349278,16608,0,240,69.2,0.0144508670520231,4.8236648171370655
iilluminaughtii,"Is Modere Really ""Living Clean"" Like They Claim? | Multi Level Mondays",2021-03-08 18:45:00+00:00,264815,10906,0,176,61.96590909090909,0.0161379057399596,4.184808262371845
iilluminaughtii,Not All That Glitters is Lisa Frank | Corporate Casket,2021-03-10 16:30:01+00:00,937872,37847,0,461,82.09761388286334,0.0121806219779639,4.084565910913216
iilluminaughtii,The Elan School: Death By Misinformation | Corporate Casket,2021-03-12 19:30:01+00:00,764978,24466,0,310,78.92258064516129,0.0126706449767023,3.2387859520143065
iilluminaughtii,Forever Living's Aloe Can't Cure Scammy Behavior | Multi Level Mondays,2021-03-15 19:45:09+00:00,281540,10578,0,176,60.10227272727273,0.0166383059179429,3.81970590324643
iilluminaughtii,The Hidden Cost of Fast Fashion | Corporate Casket,2021-03-17 19:41:57+00:00,173975,9374,0,109,86.0,0.0116279069767441,5.450783158499784
iilluminaughtii,"The Dark Side of Amazon, Part One | Corporate Casket",2021-03-19 15:40:39+00:00,359874,16992,0,272,62.47058823529412,0.0160075329566855,4.797234587661237
iilluminaughtii,Plexus and the Pink Drink Lie | Multi Level Mondays,2021-03-22 19:00:04+00:00,790643,22930,0,313,73.25878594249201,0.0136502398604448,2.93975915805237
iilluminaughtii,I Don’t: The Hidden Secrets of the Wedding Industry | Corporate Casket,2021-03-24 22:00:12+00:00,560745,22647,0,327,69.25688073394495,0.0144389985428533,4.097049460984939
iilluminaughtii,Is Collegeboard Taking Advantage of High Schoolers? | Corporate Casket,2021-03-26 19:30:01+00:00,188930,9602,0,119,80.6890756302521,0.012393251405957,5.145291907055523
iilluminaughtii,IML: iMarkets Live. The Forex MLM Company | Multi Level Mondays,2021-03-29 15:30:31+00:00,134189,5786,0,70,82.65714285714286,0.0120981679917041,4.363994068068173
iilluminaughtii,The Many Mistakes of Ms. Tyra Banks | Corporate Casket,2021-03-31 19:30:01+00:00,807827,28514,0,680,41.93235294117647,0.0238479343480395,3.613892578485245
iilluminaughtii,"The Dark Side of Amazon, Part 2 | Corporate Casket",2021-04-02 18:30:07+00:00,197541,9652,0,122,79.11475409836065,0.0126398673849979,4.947833614287667
iilluminaughtii,Kirby Vacuums Suck | Multi Level Mondays,2021-04-05 16:45:01+00:00,397307,14506,0,241,60.190871369294605,0.0166138149731145,3.711739284734475
iilluminaughtii,Dr. Phil's Involvement with Turnabout Ranch is Uncomfortable | Corporate Casket,2021-04-07 17:30:00+00:00,1063576,34804,0,613,56.776508972267536,0.0176129180553959,3.329992402987657
iilluminaughtii,ADF: Is it Really Defending Freedom? | Corporate Casket,2021-04-09 17:30:03+00:00,127747,6645,0,236,28.156779661016948,0.0355154251316779,5.38642786131964
iilluminaughtii,Lev-el/Thrive: The MLM That Can't Patch its Reputation | Multi Level Mondays,2021-04-12 17:00:28+00:00,490853,13978,0,216,64.71296296296296,0.0154528544856202,2.8917007739588025
iilluminaughtii,One of the Most Dangerous Water Parks Ever: Action Park | Prism of the Past,2021-04-13 18:00:20+00:00,2276858,84806,0,1244,68.17202572347267,0.0146687734358418,3.77933099033844
iilluminaughtii,Teach For America: The Non-Profit That Forgot its Mission | Corporate Casket,2021-04-14 17:30:59+00:00,230370,8415,0,162,51.94444444444444,0.0192513368983957,3.7231410339888007
iilluminaughtii,Synanon: The Cult That Inspired The Troubled Teen Industry | Corporate Casket,2021-04-16 15:30:01+00:00,850660,27245,0,404,67.43811881188118,0.0148284088823637,3.2502997672395555
iilluminaughtii,American Income Life MLM: They Won't Leave You Alone (Even if You Died) | Multi Level Mondays,2021-04-19 17:00:17+00:00,319506,8989,0,332,27.07530120481928,0.0369340304816998,2.91731610673978
iilluminaughtii,The Doctors TV Show: Worse Than You Can Imagine | Corporate Casket,2021-04-21 17:00:03+00:00,599941,21142,0,448,47.191964285714285,0.0211900482451991,3.59868720424175
iilluminaughtii,White Island: The Volcano that Blew up with Tourists on it | Weird Wild World,2021-04-22 22:30:01+00:00,341553,16749,0,183,91.52459016393442,0.0109260254343542,4.957356544957883
iilluminaughtii,Pink Tax: The Hidden Tax on Women's Products | Corporate Casket,2021-04-23 20:30:01+00:00,279884,15317,0,825,18.566060606060606,0.0538617222693739,5.767389347015192
iilluminaughtii,MLMs & LDS: Why are so Many Mormon Women Involved in MLMs? | Multi Level Mondays,2021-04-26 17:15:02+00:00,503335,15185,0,271,56.03321033210332,0.0178465591043793,3.070718308879772
iilluminaughtii,Satan Throughout History: How His Image Changes to Fit a New Narrative | Prism of the Past,2021-04-27 17:15:00+00:00,467771,25858,0,486,53.205761316872426,0.0187949570732461,5.631815567874024
iilluminaughtii,The Truth Behind Timeshares and Travel Clubs | Corporate Casket,2021-04-28 15:30:03+00:00,426423,13978,0,158,88.46835443037975,0.0113034768922592,3.315018186167257
iilluminaughtii,PETA and Their Hypocrisy With Their Celebrity Sponsors | Corporate Casket,2021-04-30 19:00:06+00:00,776173,32633,0,466,70.02789699570816,0.0142800232893083,4.2643843576109965
iilluminaughtii,The Shady History of Nu Skin | Multi Level Mondays,2021-05-03 19:00:05+00:00,674757,16723,0,587,28.48892674616695,0.0351013574119476,2.565367976916134
iilluminaughtii,"The Fall of the Pharma Bro, Martin Shkreli | Corporate Casket",2021-05-05 18:15:04+00:00,393811,11939,0,328,36.39939024390244,0.027472987687411,3.1149460020161954
iilluminaughtii,"Deception Island is Actually an Active Volcano (Pretty Fitting Name, Right?) | Weird Wild World",2021-05-06 18:00:15+00:00,106238,5586,0,43,129.90697674418604,0.0076978159684926,5.298480769592802
iilluminaughtii,Greenpeace: Trial and Error | Corporate Casket,2021-05-07 20:31:17+00:00,224485,9707,0,302,32.14238410596027,0.0311115689708457,4.458649798427512
iilluminaughtii,The Ant Farm Ponzi Scheme You Won't Believe Was Real | Multi Level Mondays,2021-05-10 15:00:25+00:00,240910,10288,0,153,67.24183006535948,0.0148716951788491,4.333983645344735
iilluminaughtii,What Happened on 3 Mile Island? | Prism of the Past,2021-05-11 19:30:00+00:00,129793,5986,0,99,60.464646464646464,0.0165385900434346,4.688234342375937
iilluminaughtii,The Sad Truth About the Supplement Industry | Corporate Casket,2021-05-12 16:55:01+00:00,132027,6349,0,93,68.26881720430107,0.0146479760592219,4.879304990645853
iilluminaughtii,History of The Bermuda Triangle | Weird Wild World,2021-05-15 14:00:12+00:00,444919,18806,0,224,83.95535714285714,0.0119110922046155,4.277183037811376
iilluminaughtii,The Fall of Papa Johns Pizza | Corporate Casket,2021-05-15 19:00:08+00:00,1051615,36411,0,1526,23.860419397116644,0.0419104116887753,3.607498942103336
iilluminaughtii,How Kamala Harris and Herbalife Failed California | Multi Level Mondays,2021-05-17 18:45:01+00:00,109213,6070,0,98,61.93877551020408,0.0161449752883031,5.647679305577174
iilluminaughtii,The History of the Playboy Mansion | Prism of the Past,2021-05-18 15:00:00+00:00,351478,16830,0,325,51.784615384615385,0.0193107546048722,4.880817576064505
iilluminaughtii,Bayer's History is a Hard Pill to Swallow | Corporate Casket,2021-05-19 20:30:03+00:00,131838,6018,0,130,46.292307692307695,0.0216018610834164,4.663298897131328
iilluminaughtii,Sinkholes: The Hidden Terror Beneath Your Feet | Weird Wild World,2021-05-20 19:15:01+00:00,145536,7766,0,102,76.13725490196079,0.0131341746072624,5.406222515391381
iilluminaughtii,Why Lena Dunham Remains Unlikeable | Corporate Casket,2021-05-21 16:15:06+00:00,1038422,27631,0,1102,25.07350272232305,0.039882740400275,2.766986831943083
iilluminaughtii,Beautycounter Can’t Cover Up These Blemishes | Multi Level Mondays,2021-05-24 15:00:06+00:00,452562,11882,0,164,72.45121951219512,0.013802390170005,2.661734745736496
iilluminaughtii,Understanding the Satanic Panic | Prism of the Past,2021-05-25 18:00:55+00:00,597715,22859,0,376,60.79521276595744,0.0164486635460868,3.88730414997114
iilluminaughtii,How American Apparel Fell From Grace | Corporate Casket,2021-05-26 15:00:17+00:00,353601,13166,0,207,63.60386473429951,0.0157223150539267,3.781946318025119
iilluminaughtii,The Explosive History of Krakatoa | Weird Wild World,2021-05-27 15:00:06+00:00,111116,5252,0,30,175.06666666666666,0.0057121096725057,4.753590842002952
iilluminaughtii,Is NEXT For Autism Just Autism Speaks Jr? | Corporate Casket,2021-05-28 19:18:49+00:00,167357,8950,0,198,45.2020202020202,0.0221229050279329,5.4661591687231486
iilluminaughtii,Why World’s Finest Chocolate Isn’t So Sweet | MLM Mondays,2021-05-31 15:00:07+00:00,946418,29064,0,516,56.325581395348834,0.0177539223781998,3.1254688731617533
iilluminaughtii,The Haunting History of Hashima Island | Prism of the Past,2021-06-01 15:00:26+00:00,104395,5318,0,56,94.96428571428572,0.0105302745393004,5.147756118588055
iilluminaughtii,The Complicated History Of Johnny Depp And Amber Heard | Corporate Casket,2021-06-02 15:00:26+00:00,512909,18692,0,482,38.78008298755186,0.0257864326984806,3.7382849589303366
iilluminaughtii,Explaining LaHars: Volcanic Lava Rivers | Weird Wild World,2021-06-03 15:00:00+00:00,61724,3099,0,27,114.77777777777776,0.0087124878993223,5.06448059101808
iilluminaughtii,How Trump University Was Built to Scam People | Corporate Casket,2021-06-04 17:45:00+00:00,600484,19672,0,513,38.34697855750488,0.026077673851159,3.3614550928917337
iilluminaughtii,Did Hempworx Use Illegal Farming Practices to Build its MLM? | Multi Level Mondays,2021-06-07 15:00:17+00:00,64263,2991,0,54,55.388888888888886,0.0180541624874623,4.738340880444423
iilluminaughtii,Exploring The Willard Asylum's History | Prism of the Past,2021-06-08 15:00:20+00:00,201350,9795,0,91,107.63736263736264,0.0092904543134252,4.909858455425875
iilluminaughtii,How Canada Failed its Indigenous Population Every Chance it Could | Corporate Casket,2021-06-09 15:00:25+00:00,331039,17820,0,376,47.3936170212766,0.0210998877665544,5.496633327191057
iilluminaughtii,Why Yellowstone is One of the Most Monitored Volcanoes | Weird Wild World,2021-06-10 15:00:31+00:00,296426,13650,0,185,73.78378378378379,0.0135531135531135,4.667269402818916
iilluminaughtii,Is “Organic” Just a Marketing Ploy? | Corporate Casket,2021-06-11 15:00:18+00:00,119841,5293,0,83,63.7710843373494,0.0156810882297373,4.485943875635217
iilluminaughtii,Thirty One Gifts is Ugly Bag Hell | Multi Level Mondays,2021-06-14 15:00:31+00:00,578551,17384,0,345,50.38840579710145,0.0198458352508053,3.064379804027648
iilluminaughtii,How Nara Dreamland Faded Away | Prism of the Past,2021-06-15 15:00:15+00:00,99756,4971,0,43,115.6046511627907,0.0086501709917521,5.026264084365853
iilluminaughtii,The History (and Return) of Company Towns | Prism of the Past,2021-06-17 15:00:06+00:00,151741,7159,0,86,83.24418604651163,0.0120128509568375,4.774583006570406
iilluminaughtii,Elon Musk and Tesla’s Many Missteps | Corporate Casket,2021-06-18 15:00:33+00:00,879548,25805,0,1167,22.112253641816626,0.0452237938384034,3.066575104485486
iilluminaughtii,Jewelry MLMs That Lost Their Sparkle: Paparazzi and Park Lane | Multi Level Mondays,2021-06-21 17:40:00+00:00,421514,11425,0,228,50.10964912280702,0.0199562363238512,2.764558235313655
iilluminaughtii,Project Sunshine: The Body Snatching Government Conspiracy | Prism of the Past,2021-06-22 15:00:15+00:00,102539,5258,0,87,60.4367816091954,0.0165462152909851,5.21265079628239
iilluminaughtii,The Harmful Practices of the American Kennel Club | Corporate Casket,2021-06-23 15:00:12+00:00,128397,6478,0,118,54.898305084745765,0.0182154986106823,5.137191678933308
iilluminaughtii,The Explosive History of Solfatara | Prism of the Past,2021-06-24 15:00:02+00:00,48611,2300,0,27,85.18518518518519,0.0117391304347826,4.7869823702454175
iilluminaughtii,NSYNC and Backstreet Boy’s Producer Turned Con Artist: Lou Pearlman | Corporate Casket,2021-06-25 15:00:01+00:00,98485,4551,0,36,126.41666666666669,0.007910349373764,4.65756206528913
iilluminaughtii,Bitconnect: The Wannabe Bitcoin Ponzi Scheme | Multi Level Mondays,2021-06-28 15:00:17+00:00,441790,14931,0,235,63.53617021276596,0.0157390663719777,3.432852712827361
iilluminaughtii,The Tragedy of Waco Siege | Prism of the Past,2021-06-29 16:15:01+00:00,148978,6929,0,167,41.49101796407186,0.0241016019627651,4.763119386755092
iilluminaughtii,Queerbaiting: Manipulating the LGBTQ+ Into False Representation | Corporate Casket,2021-06-30 15:00:02+00:00,561088,28509,0,616,46.28084415584416,0.0216072117576905,5.190807859016768
iilluminaughtii,The Eruption of Mt. Saint Helens | Prism of the Past,2021-07-01 15:00:15+00:00,125577,5414,0,38,142.47368421052633,0.0070188400443295,4.341559361985077
iilluminaughtii,Pushed to Perform: How Reality TV Became About Kids | Corporate Casket,2021-07-02 15:00:25+00:00,1718469,52038,0,858,60.65034965034965,0.0164879511126484,3.0780886940643093
iilluminaughtii,Repeat Schemes and a Faked Death: The Dale Car Scam | Multi Level Mondays,2021-07-05 15:00:18+00:00,134657,6353,0,236,26.91949152542373,0.0371478041869982,4.893173024796335
iilluminaughtii,Scamming the Vulnerable: The Firefighters Charitable Foundation | Corporate Casket,2021-07-07 15:00:00+00:00,73776,3818,0,34,112.29411764705884,0.0089051859612362,5.22121014964216
iilluminaughtii,Troubling Stereotypes and False Narratives: The History of Hemp | Prism of the Past,2021-07-08 15:00:15+00:00,91255,5188,0,67,77.43283582089552,0.0129144178874325,5.758588570489288
iilluminaughtii,The Spiral of John McAfee | Corporate Casket,2021-07-09 15:00:32+00:00,889347,19367,0,457,42.37855579868709,0.0235968399855424,2.2290512027363896
iilluminaughtii,From Door to Door Salesmen to Influencers: Salad Master and Farmasi | Multi Level Mondays,2021-07-12 16:00:15+00:00,164412,5569,0,58,96.01724137931036,0.0104147961932124,3.422499574240323
iilluminaughtii,Child Star to Political Activist: Shirley Temple | Prism of the Past,2021-07-13 15:00:01+00:00,181423,9067,0,111,81.68468468468468,0.0122421969780522,5.058895509389658
iilluminaughtii,A History of Misogyny and Sexual Harassment: Victoria's Secret | Corporate Casket,2021-07-14 15:00:36+00:00,1033581,38363,0,796,48.19472361809045,0.020749159346245,3.788672585893123
iilluminaughtii,A Manuscript Made From Sin: Codex Gigas | Prism of the Past,2021-07-15 15:00:11+00:00,179375,8733,0,97,90.03092783505154,0.0111072941715332,4.922648083623693
iilluminaughtii,The Fairy Odd Scams of Butch Hartman | Corporate Casket,2021-07-16 15:00:33+00:00,1009021,38459,0,698,55.09885386819485,0.0181491978470579,3.8806922749873394
iilluminaughtii,The eBay of MLMs: MarketAmerica | Multi Level Mondays,2021-07-19 16:45:01+00:00,232256,7380,0,131,56.33587786259542,0.017750677506775,3.2339315238357678
iilluminaughtii,What We Know About North Sentinel Island | Prism of the Past,2021-07-20 15:00:08+00:00,2603991,91574,0,1986,46.10976837865056,0.0216873785135518,3.5929463657900507
iilluminaughtii,The Abusive Practices of Focus on the Family | Corporate Casket,2021-07-21 15:00:06+00:00,573963,19611,0,649,30.217257318952235,0.033093671918821,3.529844258253581
iilluminaughtii,The Empress of China: Wu Zetian | Prism of the Past,2021-07-22 16:30:02+00:00,133859,7163,0,84,85.27380952380952,0.0117269300572385,5.413905676868945
iilluminaughtii,The Horrific Inner Workings of Nickelodeon | Corporate Casket,2021-07-23 15:00:03+00:00,236758,12493,0,137,91.18978102189782,0.0109661410389818,5.334561028560809
iilluminaughtii,Celebs Involved With MLMs | Multi Level Mondays,2021-07-26 15:00:02+00:00,179688,6860,0,91,75.38461538461539,0.0132653061224489,3.86837184453052
iilluminaughtii,Is Kawaii Culture Hiding a Dark Secret? | Prism of the Past,2021-07-27 15:00:21+00:00,269763,13099,0,331,39.57401812688822,0.0252691045117947,4.97844404162172
iilluminaughtii,What You Need to Know About MAPs | Corporate Casket,2021-07-28 15:00:23+00:00,1755573,85198,0,1523,55.940906106369006,0.0178760064790253,4.939754712563932
iilluminaughtii,The Real Life Silent Hill: Centralia | Prism of the Past,2021-07-29 15:00:18+00:00,576402,23418,0,213,109.943661971831,0.0090955675121701,4.099742887776239
iilluminaughtii,An Update on Activision | Corporate Casket,2021-07-30 15:00:10+00:00,224454,11774,0,156,75.47435897435898,0.0132495328690334,5.3151202473558055
iilluminaughtii,The LipSense Lie: SeneGence | Multi Level Mondays,2021-08-02 15:00:31+00:00,369437,12706,0,325,39.09538461538462,0.0255784668660475,3.5272590455206165
iilluminaughtii,Abercrombie and Fitch's Disturbing Secrets | Corporate Casket,2021-08-04 15:00:18+00:00,386990,14506,0,266,54.53383458646616,0.0183372397628567,3.8171528980077
iilluminaughtii,Wen Hair: A Tangled Tale | Corporate Casket,2021-08-06 15:00:11+00:00,728075,19213,0,439,43.76537585421412,0.0228491125800239,2.699172475363115
iilluminaughtii,Enron: The Loophole to Bankruptcy | Multi Level Monday,2021-08-09 15:00:24+00:00,140874,5618,0,72,78.02777777777777,0.012815948736205,4.039070374944986
iilluminaughtii,The Life and Death of Judy Garland | Prism of the Past,2021-08-10 15:00:05+00:00,137401,7227,0,68,106.27941176470588,0.0094091600940916,5.3092772250565865
iilluminaughtii,Eastern Airlines: A Flight to Bankruptcy | Corporate Casket,2021-08-11 15:00:31+00:00,89530,3876,0,46,84.26086956521739,0.0118679050567595,4.380654529208087
iilluminaughtii,The Scandals of King Louis the XIV | Prism of the Past,2021-08-12 15:00:24+00:00,111814,5304,0,54,98.22222222222224,0.0101809954751131,4.791886525837551
iilluminaughtii,Dropship: Scams Delivered Right to Your Door | Corporate Casket,2021-08-13 15:00:05+00:00,216234,9445,0,209,45.19138755980861,0.0221281101111699,4.4646077860096005
iilluminaughtii,The Shiloh Ministries and Phone Scams | Multi Level Monday,2021-08-16 15:00:21+00:00,195243,6547,0,91,71.94505494505495,0.0138994959523445,3.399865808249208
iilluminaughtii,Cathars: The Catholic Sect The Church Destroyed | Prism of the Past,2021-08-17 15:00:11+00:00,159961,7616,0,110,69.23636363636363,0.0144432773109243,4.829927294778102
iilluminaughtii,Quibi: Blinked and You Missed It | Corporate Casket,2021-08-18 15:00:15+00:00,160858,6866,0,77,89.16883116883118,0.0112146810369938,4.316229220803441
iilluminaughtii,The Life and Death of Marilyn Monroe | Prism of the Past,2021-08-19 15:00:23+00:00,139359,7147,0,84,85.08333333333333,0.0117531831537708,5.188757094984895
iilluminaughtii,Pickup Artists: The Dark Side of Dating | Corporate Casket,2021-08-20 15:00:33+00:00,164922,9209,0,138,66.73188405797102,0.0149853404278423,5.6675276797516405
iilluminaughtii,Unilever's Secret MLM | Multi Level Mondays,2021-08-23 15:00:27+00:00,334160,9296,0,166,56.0,0.0178571428571428,2.831577687335408
iilluminaughtii,Sensa: A Sprinkle of Weight Loss | Corporate Casket,2021-08-25 15:00:16+00:00,128394,5196,0,80,64.95,0.0153964588144726,4.109226287832765
iilluminaughtii,The Black Cop Who Infiltrated the KKK: Ron Stallworth | Prism of the Past,2021-08-26 15:00:07+00:00,284437,15360,0,157,97.8343949044586,0.0102213541666666,5.4553380889265455
iilluminaughtii,Roobet: Crypto's Fastest Growing Scam | Corporate Casket,2021-08-27 15:00:34+00:00,91309,3957,0,84,47.10714285714285,0.0212282031842304,4.425631646387542
iilluminaughtii,"Do It Yourself ""Alkaline"" Water: Enagic’s Kangen Water | Multi Level Mondays",2021-08-30 15:00:02+00:00,182483,6347,0,138,45.992753623188406,0.0217425555380494,3.5537556923110647
iilluminaughtii,Breaking the Spirits of the American People: Prohibition | Prism of the Past,2021-08-31 15:00:23+00:00,93167,4046,0,56,72.25,0.0138408304498269,4.402846501443644
iilluminaughtii,The Magical Origins of Walt Disney Pictures | Corporate Casket,2021-09-01 15:00:13+00:00,163888,7555,0,154,49.05844155844156,0.0203838517538054,4.703822122425071
iilluminaughtii,Virtual Vocalists: Hatsune Miku and Vocaloids | Prism of the Past,2021-09-02 15:00:01+00:00,129133,8063,0,1089,7.404040404040404,0.1350613915416098,7.0872666165890985
iilluminaughtii,Ubisoft's Troubling Work Environment | Corporate Casket,2021-09-03 15:15:02+00:00,144960,6618,0,108,61.27777777777778,0.0163191296464188,4.639900662251656
iilluminaughtii,The Dirt on BOO | Multi Level Mondays,2021-09-06 15:00:16+00:00,311651,10606,0,176,60.26136363636363,0.0165943805393173,3.459639147636298
iilluminaughtii,The History Behind Disney's Strikes and Employee Mistreatment | Corporate Casket,2021-09-08 15:00:06+00:00,301541,11341,0,190,59.689473684210526,0.0167533727184551,3.82402393041079
iilluminaughtii,The History of the Confederacy | Prism of the Past,2021-09-09 15:00:32+00:00,95688,4938,0,104,47.48076923076923,0.02106115836371,5.269208260178915
iilluminaughtii,ITT Tech: Profit Over Education | Corporate Casket,2021-09-10 15:00:13+00:00,272657,8998,0,141,63.81560283687944,0.0156701489219826,3.351830321612869
iilluminaughtii,Putting the Confederacy in Perspective | Prism of the Past,2021-09-11 15:00:34+00:00,79599,4597,0,124,37.07258064516129,0.0269741135523167,5.930979032399905
iilluminaughtii,Advocare: Scheming with Stimulants | Multi Level Mondays,2021-09-13 15:00:17+00:00,156430,5425,0,86,63.08139534883721,0.0158525345622119,3.5229815252828742
iilluminaughtii,Where the Confederacy Stands Today | Prism of the Past,2021-09-14 15:00:23+00:00,124170,6176,0,231,26.735930735930737,0.0374028497409326,5.159861480228719
iilluminaughtii,OAN: Worse than you thought | Corporate Casket,2021-09-15 15:00:12+00:00,322856,13952,0,472,29.559322033898304,0.0338302752293578,4.467626434075873
iilluminaughtii,The Curious Tale of the Voynich Manuscript | Prism of the Past,2021-09-16 15:00:19+00:00,85090,4096,0,57,71.85964912280701,0.013916015625,4.880714537548478
iilluminaughtii,Disney's Disgusting Employee Conduct | Corporate Casket,2021-09-17 15:00:24+00:00,259318,9930,0,182,54.56043956043956,0.0183282980866062,3.89945935106703
iilluminaughtii,Examining Bernie Madoff and His Schemes | Multi Level Monday,2021-09-20 15:00:32+00:00,133615,4927,0,61,80.77049180327869,0.012380759082606,3.733113797103619
iilluminaughtii,A Deeper Look at National Parks and Their Conspiracy Theories | Prism of the Past,2021-09-21 15:00:30+00:00,159882,6505,0,1320,4.928030303030303,0.2029208301306687,4.894234497942232
iilluminaughtii,Dissecting OAN's Sources and News Stories | Corporate Casket,2021-09-22 15:00:34+00:00,76444,4020,0,128,31.40625,0.0318407960199004,5.426194338339176
iilluminaughtii,The Hidden Consequences of Short Term Mission Trips | Prism of the Past,2021-09-23 15:00:10+00:00,312460,11466,0,193,59.409326424870464,0.0168323739752311,3.7313576137745623
iilluminaughtii,Has Disney's Power Gone Unchecked? | Corporate Casket,2021-09-24 15:00:20+00:00,171744,7948,0,184,43.19565217391305,0.0231504781077,4.734954350661449
iilluminaughtii,Seacret: Dead Sea Scam Care | Multi Level Mondays,2021-09-27 15:00:02+00:00,247175,8932,0,156,57.256410256410255,0.0174652933273622,3.676747243855568
iilluminaughtii,Looking at the Worst Towns in America: Sundown Towns | Prism of the Past,2021-09-28 15:00:33+00:00,1846254,57697,0,1459,39.54557916381083,0.0252872766348337,3.2041095103923944
iilluminaughtii,Looking at OAN's Treatment of Current and Former Employees | Corporate Casket,2021-09-29 15:00:24+00:00,67552,3255,0,56,58.125,0.0172043010752688,4.901409284699194
iilluminaughtii,One of the Most Disgusting Priests: Joseph Maskell | Prism of the Past,2021-09-30 15:01:48+00:00,517003,16707,0,205,81.49756097560976,0.0122703058598192,3.271160902354532
iilluminaughtii,Shen Yun and its Propagandistic Roots | Corporate Casket,2021-10-01 15:00:17+00:00,551334,20139,0,707,28.485148514851485,0.0351060132082029,3.781011147507681
iilluminaughtii,Covering up the Issues: LimeLife by Alcone | Multi Level Mondays,2021-10-04 15:00:32+00:00,112726,4293,0,56,76.66071428571429,0.0130444910319124,3.858027429341944
iilluminaughtii,The Life and Death of Julie D'Aubigny | Prism of the Past,2021-10-05 15:00:20+00:00,58667,3423,0,37,92.51351351351352,0.0108092316681273,5.897693763103619
iilluminaughtii,SPCAI: A Charity in Name Only | Corporate Casket,2021-10-06 15:00:34+00:00,127014,5045,0,65,77.61538461538461,0.0128840436075322,4.02317854724676
iilluminaughtii,The Night Witches: The Women The Germans Feared | Prism of the Past,2021-10-07 15:00:23+00:00,51416,3534,0,27,130.88888888888889,0.0076400679117147,6.925859654582231
iilluminaughtii,Examining the Carefully Crafted Images of Billionaires | Corporate Casket,2021-10-08 15:00:22+00:00,133355,6581,0,129,51.01550387596899,0.0196018842121258,5.031682351617863
iilluminaughtii,Neora the Skin Care MLM That Can Cure Illnesses | Multi Level Mondays,2021-10-11 15:00:19+00:00,160339,5313,0,59,90.05084745762711,0.0111048371917937,3.3504013371668777
iilluminaughtii,The Failure that was the War on Drugs | Prism of the Past,2021-10-12 15:00:16+00:00,114847,5772,0,82,70.39024390243902,0.0142065142065142,5.097216296463991
iilluminaughtii,Cesar Millan: From Dog Whisperer to Dog Abuser | Corporate Casket,2021-10-13 15:00:07+00:00,1347312,47205,0,2921,16.160561451557687,0.0618790382374748,3.7204448561283514
iilluminaughtii,Does Lead Poisoning Create Increased Crime? | Prism of the Past,2021-10-14 15:00:02+00:00,95421,4263,0,70,60.9,0.0164203612479474,4.540929145575921
iilluminaughtii,Is the ESRB Doing Its Job? | Corporate Casket,2021-10-15 15:00:20+00:00,50698,2584,0,57,45.333333333333336,0.0220588235294117,5.209278472523571
iilluminaughtii,Dr. Christine's Faith Based Healing Scam | Multi Level Mondays,2021-10-18 15:00:25+00:00,363845,13110,0,176,74.48863636363636,0.0134248665141113,3.6515549203644406
iilluminaughtii,The Origin's of Holidays and Their Pagan Roots | Prism of the Past,2021-10-19 15:00:29+00:00,109893,5072,0,56,90.57142857142856,0.0110410094637223,4.666357274803672
iilluminaughtii,Discussing Funimation and its Controversies | Corporate Casket,2021-10-20 15:00:09+00:00,148475,7329,0,539,13.597402597402596,0.0735434574976122,5.299208620979963
iilluminaughtii,The Bloody Rose of China: Ching Shih | Prism of the Past,2021-10-21 15:00:24+00:00,53611,2744,0,38,72.21052631578948,0.0138483965014577,5.1892335528156535
iilluminaughtii,Nevis Island: A Tax Haven for Scammers & Wealthy Individuals | Corporate Casket,2021-10-22 15:00:32+00:00,61177,2879,0,52,55.36538461538461,0.0180618270232719,4.791016231590303
iilluminaughtii,Maria Duval the Psychic Letter Scammer | Multi Level Mondays,2021-10-25 15:00:36+00:00,166952,6727,0,78,86.24358974358974,0.0115950646647837,4.076021850591787
iilluminaughtii,The Dark Past of the Hollywood Blacklist | Prism of the Past,2021-10-26 15:00:20+00:00,159842,7096,0,85,83.48235294117647,0.0119785794813979,4.492561404386832
iilluminaughtii,A Look into the Life of Conspiracy Theorist Alex Jones  | Corporate Casket,2021-10-27 15:00:07+00:00,199375,10609,0,451,23.52328159645233,0.0425110755019323,5.5473354231974925
iilluminaughtii,The Troubling and Disgusting Case of Luka Magnotta | Prism of the Past,2021-10-28 15:00:29+00:00,226083,9334,0,156,59.833333333333336,0.0167130919220055,4.197573457535507
iilluminaughtii,Colossus: Ancient Software That Determines Insurance Claims | Corporate Casket,2021-10-29 15:00:19+00:00,50296,2328,0,21,110.85714285714286,0.009020618556701,4.670351519007475
iilluminaughtii,The Wild Life of Alan Kippax and His MLM Business in Motion | Multi Level Mondays,2021-11-01 15:00:24+00:00,91607,3512,0,46,76.34782608695652,0.0130979498861047,3.8839826650801794
iilluminaughtii,Fashion Cafe: The Failure When Fashion and Food Collide | Prism of the Past,2021-11-02 15:00:11+00:00,120461,5076,0,59,86.03389830508475,0.0116233254531126,4.262790446700592
iilluminaughtii,Looking at the Bigger Picture of EDMC and the Art Institutes | Corporate Casket,2021-11-03 15:00:21+00:00,113757,4585,0,54,84.9074074074074,0.0117775354416575,4.077990804961453
iilluminaughtii,Pan Am: From Largest International Air Carrier to Ruin | Prism of the Past,2021-11-04 15:00:34+00:00,98372,4151,0,48,86.47916666666667,0.0115634786798361,4.268491034034075
iilluminaughtii,What does Cruelty Free Really Mean? | Corporate Casket,2021-11-05 15:00:20+00:00,110399,5422,0,91,59.582417582417584,0.016783474732571,4.993704653121858
iilluminaughtii,You Wouldn't Believe What These Super Models Have in Common.,2021-11-06 15:00:26+00:00,81152,4563,0,176,25.926136363636363,0.0385711154941924,5.839658911671925
iilluminaughtii,The Scams and Loopholes of Mega Churches | Multi Level Mondays,2021-11-08 15:00:10+00:00,400817,13989,0,245,57.09795918367347,0.0175137608120666,3.5512465788626733
iilluminaughtii,How Mobsters Built the City of Las Vegas | Prism of the Past,2021-11-09 16:07:29+00:00,105168,4363,0,40,109.075,0.0091680036672014,4.1866347177848775
iilluminaughtii,Collecting the Data on Facebook's Creation and Mishaps | Corporate Casket,2021-11-10 16:00:25+00:00,92941,4274,0,58,73.6896551724138,0.0135704258306036,4.661021508268687
iilluminaughtii,Discussing the History of Animal Abuse in Hollywood | Prism of the Past,2021-11-11 16:00:14+00:00,75076,3987,0,49,81.36734693877551,0.0122899423125156,5.375885769087325
iilluminaughtii,Facebook's Certain Issues with Death and Taxes | Corporate Casket,2021-11-12 16:00:16+00:00,66148,3215,0,69,46.594202898550726,0.021461897356143,4.964624780794582
iilluminaughtii,The Inside Information on the MLM Jewelry Candles | Multi Level Monday,2021-11-15 16:00:04+00:00,741593,22746,0,649,35.047765793528505,0.0285324892288754,3.1546953652475147
iilluminaughtii,Looking at the Cause of the Hyatt Regency Walkway Collapse of 1981 | Prism of the Past,2021-11-16 16:00:30+00:00,167314,6812,0,65,104.8,0.0095419847328244,4.110235843981974
iilluminaughtii,How the Sackler Family Contributed to the Opioid Crisis | Corporate Casket,2021-11-17 16:00:00+00:00,75776,3392,0,39,86.97435897435898,0.0114976415094339,4.52781883445946
iilluminaughtii,Examining the Troubled Life of Rita Hayworth | Prism of the Past,2021-11-18 16:00:13+00:00,70326,3435,0,39,88.07692307692308,0.011353711790393,4.939851548502688
iilluminaughtii,How Purdue and the Sackler Family Impact Modern Medicine | Corporate Casket,2021-11-19 16:00:34+00:00,60748,2642,0,34,77.70588235294117,0.0128690386071158,4.40508329492329
iilluminaughtii,Examining Natura & Co and all the MLM's They Own | Multi Level Mondays,2021-11-22 16:00:22+00:00,78046,3188,0,55,57.96363636363636,0.0172521957340025,4.15524178048843
iilluminaughtii,"Examining the Netflix Series Sex, Love, and Goop | Corporate Casket",2021-11-24 16:00:01+00:00,305000,11760,0,167,70.41916167664671,0.0142006802721088,3.910491803278689
iilluminaughtii,Looking at the Dark Side of Jamestown & John Smith | Prism of the Past,2021-11-25 16:00:30+00:00,716839,27449,0,599,45.82470784641068,0.0218222886079638,3.912733542678342
iilluminaughtii,Looking at the Legality of Arise and it's Employee Treatment | Corporate Casket,2021-11-26 16:00:03+00:00,80973,3426,0,31,110.51612903225806,0.0090484530064214,4.269324342682128
iilluminaughtii,Florida's Lavender Scare They'd Like to Forget | Prism of the Past,2021-11-28 16:00:09+00:00,58348,3044,0,48,63.41666666666666,0.0157687253613666,5.299239048467814
iilluminaughtii,Jeunesse the MLM Company With 16 Lawsuits to Their Name | Multi Level Mondays,2021-11-29 16:00:10+00:00,154519,5273,0,94,56.09574468085106,0.0178266641380618,3.4733592632621235
iilluminaughtii,Ashley Madison's Affair with User Data and Shady Practices | Corporate Casket,2021-12-01 16:00:23+00:00,293541,10671,0,149,71.61744966442953,0.0139630774997657,3.68602682419151
iilluminaughtii,The History of Caffeine and How it Affects You | Prism of the Past,2021-12-02 16:00:33+00:00,117591,5418,0,71,76.30985915492958,0.0131044665928386,4.6678742420763495
iilluminaughtii,Nintendo: Fan Focused or Just Another Greedy Company? | Corporate Casket,2021-12-03 16:00:14+00:00,103040,6099,0,129,47.27906976744186,0.0211510083620265,6.044254658385094
iilluminaughtii,The Billionaire Boys Club: When a Scammer Gets Scammed | Prism of the Past,2021-12-04 16:00:06+00:00,104214,4042,0,59,68.50847457627118,0.0145967342899554,3.935171857907767
iilluminaughtii,MonaVie: The Defunct MLM Sued by Oprah | Multi Level Mondays,2021-12-06 16:00:24+00:00,182312,6180,0,66,93.63636363636364,0.0106796116504854,3.4259949975865545
iilluminaughtii,The History of Sambo's Restaurant and Where it Stands Today | Prism of the Past,2021-12-07 16:00:21+00:00,61484,3111,0,41,75.8780487804878,0.0131790421086467,5.1265369852319305
iilluminaughtii,Looking at Johnson & Johnson and Their Asbestos Scandal | Corporate Casket,2021-12-08 16:00:12+00:00,289699,11511,0,148,77.77702702702703,0.0128572669620363,4.024522003872985
iilluminaughtii,The Disgusting Practices of the Greyhound Racing Industry | Prism of the Past,2021-12-09 16:00:00+00:00,154268,8041,0,234,34.363247863247864,0.029100858102226,5.364041797391552
iilluminaughtii,John Kricfalusi's Disgusting Behavior With Work and Minors | Corporate Casket,2021-12-10 16:00:08+00:00,155727,6709,0,107,62.700934579439256,0.0159487255924877,4.37689032730355
iilluminaughtii,Explaining What an NFT is and How It Affects You | Multi Level Mondays,2021-12-13 16:00:04+00:00,206113,10846,0,138,78.59420289855072,0.0127235847316983,5.329115582229166
iilluminaughtii,Galt's Gultch: An Imperfect Utopia | Prism of the Past,2021-12-14 16:00:00+00:00,91161,3801,0,42,90.5,0.011049723756906,4.215618521078093
iilluminaughtii,The New Zealand Cult That Preyed on Children: Gloriavale | Prism of the Past,2021-12-15 16:00:02+00:00,947847,26253,0,338,77.67159763313609,0.0128747190797242,2.8054105778675247
iilluminaughtii,The Unfortunate Case of Otto Warmbier | Prism of the Past,2021-12-16 16:00:19+00:00,142912,6021,0,138,43.630434782608695,0.0229197807673144,4.309645096283028
iilluminaughtii,How the Clinton Foundation Damaged the Haitian Relief Effort | Corporate Casket,2021-12-17 16:00:08+00:00,60766,3375,0,43,78.48837209302326,0.0127407407407407,5.624856005002798
iilluminaughtii,Longaberger Baskets: Collectables with no Value | Multi Level Mondays,2021-12-20 16:00:19+00:00,293883,9559,0,208,45.95673076923077,0.0217595982843393,3.323431433597724
iilluminaughtii,Examining Chick-Fil-A's Strict Anti LGBTQ+ Practices | Corporate Casket,2021-12-22 16:00:33+00:00,1230261,57043,0,3483,16.377548090726386,0.0610592009536665,4.919769057135031
iilluminaughtii,Hostile Architecture: The Fight Against the Homeless | Prism of the Past,2021-12-23 16:00:30+00:00,2030017,85084,0,3056,27.841623036649214,0.0359174462883738,4.341835560982987
iilluminaughtii,Victim to Vilified: The Jussie Smollett Case and Other Racial Hoaxes | Corporate Casket,2021-12-24 16:00:26+00:00,165167,6908,0,525,13.15809523809524,0.0759988419224088,4.500293642192448
iilluminaughtii,Gilles de Rais: Serial Killer or Victim of an Unjust System | Prism of the Past,2021-12-26 16:00:19+00:00,97941,4377,0,44,99.47727272727272,0.0100525474068997,4.513942067162883
iilluminaughtii,These Pet MLMs are Selling Untested Supplements | Multi Level Mondays,2021-12-27 16:00:28+00:00,145721,5863,0,85,68.97647058823529,0.0144976974245266,4.081772702630369
iilluminaughtii,How Ignoring Proper Safety Precautions Caused the Bhopal Gas Tragedy | Prism of the Past,2021-12-28 16:00:22+00:00,137654,6315,0,42,150.35714285714286,0.0066508313539192,4.618100454763392
iilluminaughtii,The Injustices of the Private Prison System | Corporate Casket,2021-12-29 16:00:25+00:00,152069,7966,0,76,104.8157894736842,0.009540547326136,5.288388823494597
iilluminaughtii,"Chernobyl, The Worst Nuclear Disaster in History | Prism of the Past",2021-12-30 16:00:33+00:00,365312,16407,0,178,92.1741573033708,0.0108490278539647,4.5399548878766645
iilluminaughtii,The Sheltered Lives of Jehovah's Witnesses | Corporate Casket,2022-01-01 16:00:18+00:00,1509692,44153,0,1041,42.41402497598463,0.0235771068783548,2.993590745662029
iilluminaughtii,How The Fyre Festival Went Up In Flames | Multi Level Mondays,2022-01-03 19:30:05+00:00,1063859,32578,0,584,55.78424657534247,0.0179262078703419,3.117142403269606
iilluminaughtii,What's Happening in 2022: a Channel Update,2022-01-04 16:00:15+00:00,40186,3159,0,40,78.975,0.0126622348844571,7.960483750559896
iilluminaughtii,"Loud Opinions, Misinformation, Public Outrage, and Monumental Success: The Tucker Carlson Story",2022-01-05 20:00:04+00:00,238758,11422,0,830,13.76144578313253,0.0726667834004552,5.13155580127158
iilluminaughtii,"""Christian Values"": The Twisted Truths of the Duggar Family | Corporate Casket",2022-01-07 16:00:14+00:00,1843355,52855,0,1664,31.763822115384617,0.0314823573928672,2.9575963392835347
iilluminaughtii,The New York Socialite Scammer: Anna Delvey | Multi Level Mondays,2022-01-10 19:00:06+00:00,646922,16986,0,325,52.26461538461538,0.019133403979748,2.675902195318756
iilluminaughtii,Profits Over People: The Sewol Ferry Disaster | Corporate Casket,2022-01-12 16:00:03+00:00,128555,7162,0,52,137.73076923076923,0.007260541748115,5.61160592742406
iilluminaughtii,Democrats in Name Only: Joe Manchin and Krysten Sinema | Corporate Casket,2022-01-14 16:00:34+00:00,84766,4520,0,213,21.220657276995304,0.0471238938053097,5.5836066347356255
iilluminaughtii,Theranos: Fake it Until you Make a Lawsuit | Multi Level Mondays,2022-01-17 16:00:13+00:00,924345,26502,0,278,95.33093525179856,0.0104897743566523,2.897186656497304
iilluminaughtii,The Controversies of WWE and Vince McMahon | Corporate Casket,2022-01-19 16:00:12+00:00,245469,10053,0,267,37.651685393258425,0.0265592360489406,4.204196863962455
iilluminaughtii,Conspiracy Conundrum: The Info Wars Story | Corporate Casket,2022-01-21 16:00:04+00:00,278462,10711,0,527,20.32447817836812,0.0492017552049295,4.035739167283149
iilluminaughtii,"Bitcoins, Pigeons, and Russians: Three Ponzi Schemes You Need to Know About | Multi Level Mondays",2022-01-24 16:00:30+00:00,169066,6935,0,103,67.33009708737865,0.0148521989906272,4.162871304697574
iilluminaughtii,Roblox and the Disturbing Underbelly of its Community | Corporate Casket,2022-01-30 16:00:12+00:00,419323,18832,0,268,70.26865671641791,0.0142310960067969,4.554961211285811
iilluminaughtii,"Tyco: Mini Enron, or framed for fraud? | Multi Level Mondays",2022-01-31 16:00:37+00:00,79519,3146,0,53,59.35849056603774,0.0168467895740623,4.022937914209183
iilluminaughtii,"Siblings, Sugar, and Strikes: The Story of Kelloggs | Corporate Casket",2022-02-04 16:15:00+00:00,183864,8164,0,87,93.83908045977012,0.0106565409113179,4.48755601966671
iilluminaughtii,432 Park Ave: Luxury Apartments From Your Worst Nightmares | Corporate Casket,2022-02-05 16:00:04+00:00,824205,23086,0,1056,21.861742424242426,0.0457420081434635,2.929125642285596
iilluminaughtii,Tulips and Onion Futures: The Gold and Silver you never knew | Multi Level Mondays,2022-02-07 16:00:00+00:00,91247,3714,0,69,53.82608695652174,0.0185783521809369,4.145889727881465
iilluminaughtii,Death Plane: The Severe Incidents of DC-10s | Corporate Casket,2022-02-10 16:00:28+00:00,457796,13824,0,504,27.428571428571427,0.0364583333333333,3.129778329212138
iilluminaughtii,NFL: Profit over Players and Their Families | Corporate Casket,2022-02-12 16:00:26+00:00,86084,4379,0,72,60.81944444444444,0.0164421100707924,5.170531109149203
iilluminaughtii,For the Love of Money: Romance Scams | Multi Level Mondays,2022-02-14 16:00:21+00:00,297460,11569,0,159,72.76100628930817,0.01374362520529,3.942714986888993
iilluminaughtii,The NRA’s Smoking Gun: How Marksmen Became Lobbyists | Corporate Casket,2022-02-19 16:00:11+00:00,133526,6110,0,190,32.1578947368421,0.0310965630114566,4.718182226682444
iilluminaughtii,The Questionable History of Mormonism | Corporate Casket,2022-02-20 16:00:23+00:00,1016127,28174,0,655,43.01374045801527,0.0232483850358486,2.837145356830396
iilluminaughtii,Playing the Long Con: Melissa Caddick | Multi Level Mondays,2022-02-23 16:00:10+00:00,205222,7602,0,116,65.53448275862068,0.0152591423309655,3.7608053717437695
iilluminaughtii,Airing Out This Christian Organization's Dirty Laundry: The IBLP and ATI | Corporate Casket,2022-02-26 16:00:12+00:00,581747,19712,0,211,93.4218009478673,0.0107041396103896,3.4246846137582145
iilluminaughtii,Mormonism: Cleansing More Than Just Your Sin (It’s your Skin Color) | Corporate Casket,2022-02-27 16:00:23+00:00,584622,21016,0,472,44.52542372881356,0.0224590787971069,3.675537355761501
iilluminaughtii,Forbes Agency Council: “Helping” You Rebuild With a High Price | Multi Level Mondays,2022-03-01 16:00:07+00:00,68079,2891,0,31,93.25806451612904,0.010722933241093,4.292072445247433
iilluminaughtii,Yellow Deli: The Cafe Run by a Sinister Cult | Corporate Casket,2022-03-05 16:00:03+00:00,823315,25580,0,437,58.535469107551485,0.0170836591086786,3.1600298792078365
iilluminaughtii,"Oprah Winfrey, the Controversial Philanthropist | Corporate Casket",2022-03-06 16:00:01+00:00,599694,21126,0,719,29.382475660639777,0.0340338918867745,3.6426911057972897
iilluminaughtii,Bribes and Schemes: The College Admission Scandal | Multi Level Mondays,2022-03-09 16:00:05+00:00,251939,9932,0,117,84.88888888888889,0.0117801047120418,3.988663922616189
iilluminaughtii,Trump and Epstein’s *Favorite* Bank: Deutsche Bank | Corporate Casket,2022-03-12 16:00:08+00:00,128006,5958,0,111,53.67567567567568,0.0186304128902316,4.7411840069996725
iilluminaughtii,"Dogfights, Sexual Assault, and Racial Discrimination: The Scandals of the NFL | Corporate Casket",2022-03-13 15:00:00+00:00,97649,4371,0,86,50.825581395348834,0.0196751315488446,4.564306854140852
iilluminaughtii,Cx Coin: Another in the Sea of Scams for Ice Poseidon | Multi Level Mondays,2022-03-15 15:00:11+00:00,102402,4512,0,63,71.61904761904762,0.0139627659574468,4.467686178004336
iilluminaughtii,Non-profits: The Cycle of Exploitation | Corporate Casket,2022-03-18 18:30:47+00:00,181229,6952,0,97,71.6701030927835,0.0139528193325661,3.889554100061249
iilluminaughtii,Bored Ape Yacht Club: Monkey Business on the Open Sea | Corporate Casket,2022-03-19 18:30:38+00:00,222570,9236,0,278,33.223021582733814,0.0300996102208748,4.274610234982252
iilluminaughtii,The Wolf in Sheep’s Clothing: Jordan Belfort | Multi Level Mondays,2022-03-21 18:30:13+00:00,102318,4367,0,62,70.43548387096774,0.0141973895122509,4.328661623565746
iilluminaughtii,Prison Labor: Inmates Exploited for Profit | Corporate Casket,2022-03-23 18:30:45+00:00,314167,13156,0,217,60.62672811059908,0.0164943751900273,4.256653308590654
iilluminaughtii,Fukushima Nuclear Disaster: Was it Preventable? | Corporate Casket,2022-03-27 18:30:19+00:00,106062,5111,0,58,88.12068965517241,0.0113480727841909,4.873564518866323
iilluminaughtii,Juicero and Cicret: Scams or Start Up Fails? | Multi Level Mondays,2022-03-28 18:30:40+00:00,156183,6126,0,56,109.39285714285714,0.009141364675155,3.958177266411837
iilluminaughtii,How a Lightbulb Cartel Created Planned Obsolescence | Corporate Casket,2022-03-30 18:30:01+00:00,163708,7546,0,51,147.9607843137255,0.0067585475748741,4.640579568500012
iilluminaughtii,Right Wing Social Media: Being Frank about the Truth | Corporate Casket,2022-04-01 18:30:09+00:00,116637,6323,0,814,7.767813267813268,0.1287363593231061,6.118984541783482
iilluminaughtii,Herbalife Cafes: Spilling the Tea | Multi Level Mondays,2022-04-04 18:30:45+00:00,254921,9503,0,79,120.29113924050633,0.0083131642639166,3.758811553383205
iilluminaughtii,Britney Spears: The “Circus” of Conservatorships | Corporate Casket,2022-04-06 18:30:29+00:00,126472,5832,0,74,78.8108108108108,0.0126886145404663,4.669808337023214
iilluminaughtii,Rudy Giuliani: The 'Rise' of America’s Mayor | Corporate Casket,2022-04-08 18:30:15+00:00,125450,5889,0,198,29.74242424242424,0.0336220071319409,4.852132323634914
iilluminaughtii,Tastefully Simple: The Modern Day Tupperware Party | Multi Level Mondays,2022-04-11 18:30:16+00:00,184506,6417,0,55,116.67272727272729,0.0085709833255415,3.5077450055824744
iilluminaughtii,Modeling Schools: The Nightmare Before Runway | Corporate Casket,2022-04-13 18:30:33+00:00,278992,10143,0,118,85.95762711864407,0.0116336389628315,3.67788323679532
iilluminaughtii,Sampoong Department Store: Autopsy on South Korea’s Corrupted Infrastructure | Corporate Casket,2022-04-15 18:30:38+00:00,126658,5734,0,73,78.54794520547945,0.0127310777816532,4.584787380189171
iilluminaughtii,Soulja Boy: Tell-Em How you Scam! | Multi Level Mondays,2022-04-18 18:30:00+00:00,351704,13664,0,111,123.09909909909908,0.0081235362997658,3.91664581579965
iilluminaughtii,Epic Games: A Battle Royale With Consumers | Corporate Casket,2022-04-20 18:30:41+00:00,93986,4671,0,101,46.24752475247525,0.0216227788482123,5.077351946034516
iilluminaughtii,Doctor Oz: From the Television Screen to the U.S. Senate | Corporate Casket,2022-04-22 18:30:00+00:00,98833,4413,0,123,35.8780487804878,0.0278721957851801,4.5895601671506485
iilluminaughtii,The Scientology Scammer: Reed Slatkin | Multi Level Mondays,2022-04-25 18:30:41+00:00,175817,6902,0,90,76.68888888888888,0.0130396986380759,3.976862305692851
iilluminaughtii,Aum Shinrikyo: From Cult to Domestic Terrorists | Corporate Casket,2022-04-27 18:30:51+00:00,158767,7468,0,160,46.675,0.0214247455811462,4.804524869777724
iilluminaughtii,The Truth They Wont Tell You About the Tobacco Industry | Corporate Casket,2022-04-29 18:30:14+00:00,169649,7246,0,137,52.89051094890511,0.0189069831631244,4.351926624972738
iilluminaughtii,The Con Man’s Con: Frank Abagnale | Multi Level Mondays,2022-05-02 18:30:04+00:00,110800,4782,0,127,37.653543307086615,0.0265579255541614,4.430505415162455
iilluminaughtii,How the NCAA Avoided Paying its Players | Corporate Casket,2022-05-04 18:30:16+00:00,60575,2678,0,81,33.06172839506173,0.0302464525765496,4.554684275691292
iilluminaughtii,How The Cruise Industry Played Us All | Corporate Casket,2022-05-06 18:30:06+00:00,505620,17969,0,261,68.84674329501915,0.0145250153041348,3.605474466991021
iilluminaughtii,The Pink Cadillac Lie: How MLM Incentive Programs Deceive You | Multi Level Mondays,2022-05-09 18:30:08+00:00,247470,8456,0,76,111.26315789473684,0.0089877010406811,3.4476906291671714
iilluminaughtii,Machine Gun Kelly Needs a Silencer | Corporate Casket,2022-05-11 18:30:37+00:00,657314,26407,0,446,59.2085201793722,0.0168894611277312,4.0852621425985145
iilluminaughtii,One of the Spiciest Cults Ever Created: The OneTaste Cult | Corporate Casket,2022-05-13 18:30:01+00:00,301039,12889,0,224,57.54017857142857,0.0173791605244782,4.355914017785071
iilluminaughtii,The Blender MLM That’s All Mixed Up: Vorwerk | Multi Level Mondays,2022-05-16 18:30:34+00:00,320199,10827,0,142,76.24647887323944,0.0131153597487762,3.4256821539105373
iilluminaughtii,Is The Satanic Temple Really An Arbiter for Justice? | Corporate Casket,2022-05-18 18:30:43+00:00,325949,15634,0,400,39.085,0.0255852628885761,4.919174472079988
iilluminaughtii,Boy Bags and the Nazi Hag: Coco Chanel’s Dirty Deeds | Corporate Casket,2022-05-20 18:30:06+00:00,283668,11003,0,278,39.57913669064748,0.0252658365900209,3.976832071294613
iilluminaughtii,Herbalife: Shaken or Scammed | Multi Level Mondays,2022-05-23 18:30:41+00:00,662450,19498,0,98,198.9591836734694,0.0050261565288747,2.958110046041211
iilluminaughtii,Smooth Like Butter: The Slippery Underbelly of the Kpop Industry | Corporate Casket,2022-05-25 18:30:26+00:00,200378,10314,0,237,43.51898734177215,0.022978475858057,5.265548114064418
iilluminaughtii,The BBB: Pay to Play | Corporate Casket,2022-05-27 18:30:48+00:00,166118,6673,0,179,37.27932960893855,0.0268245167091263,4.124778771716491
iilluminaughtii,Not All That Glitters is Gold: The High Price of Jewelry MLMs | Multi Level Mondays,2022-05-30 18:30:33+00:00,225461,8528,0,116,73.51724137931035,0.0136022514071294,3.833922496573687
iilluminaughtii,JK Rowling’s Patronus is a TERF | Corporate Casket,2022-06-01 18:30:39+00:00,619101,28268,0,2750,10.279272727272728,0.0972831470213669,5.010167969362027
iilluminaughtii,Taste the Rainbow…of Capitalism | Corporate Casket,2022-06-03 18:30:02+00:00,541476,27752,0,1083,25.62511542012927,0.0390242144710291,5.325259106590135
iilluminaughtii,Proactiv to MLM: The Rodan + Fields Story | Multi Level Monday,2022-06-06 18:30:35+00:00,185176,6914,0,74,93.43243243243244,0.0107029216083309,3.773707175875924
iilluminaughtii,This Dog has an MBA in Business: The Truth About Diploma Mills | Corporate Casket,2022-06-08 18:30:53+00:00,270563,9780,0,188,52.02127659574468,0.0192229038854805,3.684169675824115
iilluminaughtii,The Awkward Existence of Japanese Love Hotels | Corporate Casket,2022-06-10 18:31:00+00:00,573748,24057,0,345,69.7304347826087,0.0143409402668661,4.253086720999463
iilluminaughtii,The Self Made Myth: Why You’ll Never Be a Billionaire | Multi Level Monday,2022-06-13 18:30:15+00:00,283187,14781,0,310,47.68064516129032,0.0209728705770922,5.328987559457179
iilluminaughtii,"PETA’s A, B, C’s: Abuse, Beastiality, and Controversy | Corporate Casket",2022-06-15 18:30:32+00:00,2777382,126688,0,3168,39.98989898989899,0.0250063147259408,4.675482162698541
iilluminaughtii,How North Korea Cheats Their Sanctions for Absurd Profit | Corporate Casket,2022-06-17 19:55:14+00:00,117187,6119,0,118,51.85593220338984,0.0192841967641771,5.322262708320888
iilluminaughtii,The God Complex of the Kardashian Family | Corporate Casket,2022-06-19 18:30:09+00:00,391229,16818,0,133,126.45112781954889,0.0079081936020929,4.332756518560741
iilluminaughtii,Psychic Scams: All Cards are on the Table | Multi Level Mondays,2022-06-20 18:30:14+00:00,267530,10593,0,102,103.8529411764706,0.0096290002832058,3.997682502896872
iilluminaughtii,TLC's Cesspit of Exploitation and Abuse | Corporate Casket,2022-06-23 18:30:15+00:00,1387920,42091,0,642,65.56230529595015,0.0152526668408923,3.078923857282841
iilluminaughtii,The Most Dangerous Creature In Seaworld: The Corporation | Corporate Casket,2022-06-25 18:30:19+00:00,705107,28437,0,261,108.95402298850574,0.0091781833526743,4.070020578437031
iilluminaughtii,Floyd Mayweather is Ducking and Scamming You With NFTs | Multi Level Mondays,2022-06-27 18:30:07+00:00,123500,6584,0,106,62.11320754716981,0.0160996354799513,5.417004048582996
iilluminaughtii,The Twisted Business of Death: The Funeral Industry | Corporate Casket,2022-06-29 18:30:04+00:00,281161,12424,0,117,106.1880341880342,0.0094172569220862,4.460433701686934
iilluminaughtii,Carvana. The Vending Machine that Sells Stolen Cars | Corporate Casket,2022-07-01 18:30:55+00:00,1383646,43902,0,880,49.888636363636365,0.0200446448908933,3.236521480205197
iilluminaughtii,This MLM Creates Fake Vitamins and Peddles Tax Fraud | Multi Level Mondays,2022-07-04 18:30:15+00:00,191192,7695,0,83,92.71084337349396,0.0107862248213125,4.068161847776057
iilluminaughtii,JUUL: Targeting Children and Gaslighting the FDA Since 2015 | Corporate Casket,2022-07-06 18:00:05+00:00,653530,31148,0,594,52.43771043771044,0.0190702452805958,4.857007329426346
iilluminaughtii,Why Airbnb's Lack of Accountability Should Terrify You. | Corporate Casket,2022-07-08 18:00:19+00:00,974280,35045,0,577,60.73656845753899,0.0164645455842488,3.656238453011455
iilluminaughtii,The Rubber Stamp MLM Who Wants Full Control of You | Multi Level Mondays,2022-07-11 18:00:00+00:00,309990,11153,0,139,80.23741007194245,0.0124630144355778,3.642698151553276
iilluminaughtii,Backpage: The Death of The Internet's Backdoor Access | Corporate Casket,2022-07-13 18:15:00+00:00,344809,14196,0,246,57.707317073170735,0.0173288250211327,4.188405755070198
iilluminaughtii,"Ellen. Idol, Or Insult? | Corporate Casket",2022-07-15 18:00:19+00:00,439768,19720,0,368,53.58695652173913,0.0186612576064908,4.567863055065398
iilluminaughtii,"MLM to Cult of Horrors, The Complete Saga: NXIVM | Multi Level Mondays",2022-07-18 18:30:23+00:00,318076,12710,0,133,95.56390977443608,0.0104642014162077,4.037714256970033
iilluminaughtii,D.A.R.E. to be Stupid: How to Lose the War on Drugs | Corporate Casket,2022-07-20 18:00:00+00:00,474787,26491,0,180,147.17222222222222,0.0067947604846929,5.617466358598698
iilluminaughtii,Prager U Kids: Propaganda Built to Rewrite History | Corporate Casket,2022-07-22 18:06:38+00:00,797186,38185,0,1150,33.20434782608696,0.0301165379075553,4.934231158098612
iilluminaughtii,What Caused the Toxic Rebrand of Weight Watchers | Corporate Casket,2022-07-24 17:00:00+00:00,328779,13463,0,194,69.39690721649484,0.0144098640719007,4.153854108686991
iilluminaughtii,"The Con-Artist ""Reverend"" Employed by Presidents: KirbyJon Caldwell | Multi Level Mondays",2022-07-25 18:00:29+00:00,125208,6049,0,156,38.77564102564103,0.0257893866754835,4.955753625966392
iilluminaughtii,How Cerebral Trivialized ADHD and Overprescribed Millions | Corporate Casket,2022-07-27 18:00:16+00:00,237301,10642,0,174,61.16091954022989,0.0163503100920879,4.557924323959865
iilluminaughtii,The Insane Korean Cult Who Believes Jesus Owned an AR-15 | Corporate Casket,2022-07-29 18:30:59+00:00,547800,21603,0,321,67.29906542056075,0.014859047354534,4.002190580503834
iilluminaughtii,Shein: When Public Image No Longer Matters | Corporate Casket,2022-07-30 18:00:20+00:00,2273533,91011,0,2949,30.861648016276703,0.0324026765995319,4.132774848660653
iilluminaughtii,Andrew Tate The Incel King | Multi Level Mondays,2022-08-02 20:00:02+00:00,1388084,67327,0,4261,15.800750997418447,0.0632881310618325,5.157324772852364
iilluminaughtii,The Q Queen's Crusade of Hatred: Marjorie Taylor Greene | Corporate Casket,2022-08-04 19:01:02+00:00,503262,25102,0,1549,16.205293737895417,0.0617082304198868,5.295651171755467
iilluminaughtii,Robinhood: From Hero to Sellout | Corporate Casket,2022-08-06 18:00:13+00:00,233558,11272,0,184,61.26086956521739,0.0163236337828246,4.904991479632468
iilluminaughtii,Exploding Candles: The MLM Which Burns More Than the Wick | Multi Level Mondays,2022-08-09 17:00:09+00:00,319130,13458,0,190,70.83157894736843,0.0141179967305691,4.276627079873406
iilluminaughtii,Gucci's House of Scandals and Crimes | Corporate Casket,2022-08-11 20:49:20+00:00,203303,9424,0,421,22.38479809976247,0.0446731748726655,4.842525688258412
iilluminaughtii,The Well Deserved Fall of R. Kelly | Corporate Casket,2022-08-13 18:30:32+00:00,908272,31271,0,642,48.70872274143302,0.0205302037031115,3.513595046417813
iilluminaughtii,How Movie Pass Scammed their Customers to Pad Their Pockets | Corporate Casket,2022-08-18 18:00:03+00:00,341286,13312,0,202,65.9009900990099,0.0151742788461538,3.959728790515872
iilluminaughtii,Why Brandy Melville Prefers to Hire “Younger” White Girls | Corporate Casket,2022-08-20 18:00:15+00:00,489735,21689,0,395,54.90886075949367,0.0182119968647701,4.509377520495779
iilluminaughtii,The Home Security Company Who Specializes in Identity Theft: Vivint | Multi Level Monday,2022-08-22 18:00:24+00:00,336455,14126,0,148,95.44594594594597,0.010477134362169,4.242469275237402
iilluminaughtii,An Industry Built on The Corpses of Horses: Horse Racing | Corporate Casket,2022-08-24 18:00:13+00:00,225921,10393,0,118,88.07627118644068,0.0113537958241123,4.652511276065527
iilluminaughtii,Televangelists are Getting Worse: Joel Osteen | Corporate Casket,2022-08-26 18:00:16+00:00,812514,26215,0,699,37.5035765379113,0.0266641235933625,3.312435231885235
iilluminaughtii,How Did Chipotle Get Away with this? | Corporate Casket,2022-08-27 18:54:59+00:00,487668,18571,0,254,73.11417322834646,0.0136772387055085,3.860208174413741
iilluminaughtii,Elomir's Edible Sticky Notes Will Fix Your Mood... Supposedly | Multi Level Mondays,2022-08-28 19:06:39+00:00,490690,18334,0,160,114.5875,0.0087269553834406,3.7689783773869454
iilluminaughtii,HGTV's House Flipping Fiasco | Multi Level Mondays,2022-08-29 18:00:04+00:00,641315,22493,0,153,147.01307189542484,0.0068021162139332,3.5311820244341705
iilluminaughtii,How the Car Industry Made Walking Illegal | Corporate Casket,2022-08-31 18:00:30+00:00,229753,14722,0,241,61.08713692946058,0.016370058415976,6.512646189603617
iilluminaughtii,Cracking Open the Wild World of Chiropractors | Corporate Casket,2022-09-03 17:33:08+00:00,803210,32976,0,398,82.85427135678393,0.0120693837942746,4.155077750526014
iilluminaughtii,The Coffee MLM Which Was Basically Meth (DMAA) | Multi Level Mondays,2022-09-05 18:15:01+00:00,868533,24053,0,595,40.425210084033615,0.0247370390387893,2.8378887158000907
iilluminaughtii,Making Money off Children’s Pain: Family Vloggers | Corporate Casket,2022-09-08 18:15:02+00:00,930851,39516,0,357,110.6890756302521,0.0090343152140904,4.283499722297124
iilluminaughtii,The Devil Behind the Camera: Girls Gone Wild | Corporate Casket,2022-09-10 18:15:00+00:00,803682,26105,0,593,44.02192242833052,0.0227159547979314,3.3219606759887617
iilluminaughtii,How The PPP Loan Defrauded The American People | Multi Level Mondays,2022-09-12 18:15:02+00:00,277190,12311,0,199,61.8643216080402,0.0161644058159369,4.513149825029763
iilluminaughtii,Why does Wells Fargo Suck? Let’s Find out. | Corporate Casket,2022-09-15 18:15:01+00:00,262544,12289,0,127,96.76377952755904,0.0103344454390104,4.729112072643062
iilluminaughtii,How a Doping Scandal Ruined Livestrong | Corporate Casket,2022-09-17 18:15:04+00:00,171522,7826,0,172,45.5,0.0219780219780219,4.662958687515304
iilluminaughtii,The MLM Exploiting A Celebrity Death For Profit | Multi Level Mondays,2022-09-19 18:15:01+00:00,201049,9490,0,202,46.98019801980198,0.0212855637513171,4.820715347999741
iilluminaughtii,Crisis Pregnancy Centers: A Wicked Twist on Big Brother | Corporate Casket,2022-09-21 18:15:04+00:00,224632,12686,0,447,28.380313199105142,0.0352356928897997,5.846451084440329
iilluminaughtii,How Joe Rogan Became a Weaponized Fool | Corporate Casket,2022-09-23 18:15:03+00:00,469267,20271,0,4982,4.068847852268165,0.2457698189531843,5.381371372800559
iilluminaughtii,The Wild (and Terrible) Legacy 4Loko Left Behind | Corporate Casket,2022-09-24 18:15:01+00:00,774797,26546,0,1043,25.451581975071907,0.0392902885557146,3.560803668573833
iilluminaughtii,"Balloon Boy, The Hoax Within a Hoax | Multi Level Mondays",2022-09-26 18:15:00+00:00,207657,10086,0,328,30.75,0.032520325203252,5.015000698266854
iilluminaughtii,Your Tequila Is Probably Vodka (or just methanol) | Corporate Casket,2022-09-28 18:15:00+00:00,534083,19008,0,1324,14.356495468277943,0.0696548821548821,3.806898927694759
iilluminaughtii,"Money Rich, Morally Poor: Elon Musk | Corporate Casket",2022-09-30 18:15:03+00:00,333731,16849,0,597,28.22278056951424,0.035432369873583,5.227563516724548
iilluminaughtii,The Horrifying Story of the Manson Family | Dark Dives,2022-10-01 18:15:00+00:00,347649,15488,0,306,50.61437908496732,0.0197572314049586,4.543087999677836
iilluminaughtii,Pink-Washing Breast Cancer One Scam at a Time,2022-10-03 18:15:01+00:00,401316,16780,0,249,67.38955823293173,0.0148390941597139,4.243289577290713
iilluminaughtii,The Dark Business of Dark Tourism,2022-10-06 18:47:20+00:00,268329,12750,0,324,39.351851851851855,0.0254117647058823,4.87237682099214
iilluminaughtii,Craigslist: Anything (including children) for sale!,2022-10-07 18:15:02+00:00,759520,26754,0,351,76.22222222222223,0.0131195335276967,3.5687012850221187
iilluminaughtii,"The Bizarre Cult Who Mummified Their ""God""",2022-10-09 18:15:02+00:00,589229,24971,0,480,52.02291666666667,0.019222297865524,4.319373282713512
iilluminaughtii,"The Televangelist Who Sold ""Miracle"" Spring Water",2022-10-10 18:15:02+00:00,658643,24430,0,446,54.775784753363226,0.0182562423250102,3.776856354656468
iilluminaughtii,The Disaster that Could Have Been: Kid Nation,2022-10-12 18:15:01+00:00,366247,15758,0,331,47.60725075528701,0.021005203706054,4.392937006992549
iilluminaughtii,How Jordan Peterson Became a Pseudo-Intellectual Hack,2022-10-15 18:15:02+00:00,519271,21377,0,5303,4.03111446351122,0.2480703559900827,5.1379722726668735
iilluminaughtii,"The ""Angel"" Who Brought Many to Death’s Door For Profit",2022-10-17 18:15:00+00:00,304910,12529,0,162,77.3395061728395,0.0129300023944448,4.162211800203338
iilluminaughtii,It’s Time for Judge Judy’s Day in Court,2022-10-19 18:15:01+00:00,1042668,38857,0,1275,30.47607843137255,0.0328126206346346,3.8489720601380304
iilluminaughtii,The Horrifying Abuses of the Provo Canyon Boarding School,2022-10-21 18:15:01+00:00,1066161,35065,0,457,76.72866520787746,0.013032938827891,3.3317669657772138
iilluminaughtii,Stop Romanticizing Serial Killers.,2022-10-22 18:15:03+00:00,1252884,70092,0,1857,37.74474959612278,0.0264937510700222,5.742670510597948
iilluminaughtii,The Dirty Business of Black Oxygen Organics (The MLM Who Sells Magic Dirt),2022-10-24 18:15:02+00:00,201756,8764,0,159,55.11949685534592,0.0181424007302601,4.422668966474356
iilluminaughtii,How The “No Child Left Behind” Act Failed on Every Level,2022-10-26 18:15:04+00:00,1553256,64208,0,911,70.4807903402854,0.0141882631447794,4.1924190217195365
iilluminaughtii,How Bang's Profits Fizzled Out and Went Flat,2022-10-28 18:15:00+00:00,983220,28581,0,505,56.5960396039604,0.0176690808579126,2.958239254693761
iilluminaughtii,Your Dead Loved Ones Are Being Sold For Weapons Testing,2022-10-29 18:15:01+00:00,242455,12088,0,248,48.74193548387097,0.0205162144275314,5.0879544657771545
iilluminaughtii,Slenderman. From Internet Boogeyman to Actual Nightmare,2022-10-31 18:15:02+00:00,287106,14631,0,351,41.68376068376068,0.023990157883945,5.218281749597709
iilluminaughtii,The Problem With Kanye West,2022-11-02 18:15:01+00:00,709999,31670,0,2332,13.580617495711836,0.073634354278497,4.789020829606802
iilluminaughtii,The Monsters Who Profit Off of Cancer Scams,2022-11-04 18:15:00+00:00,250355,10201,0,146,69.86986301369863,0.014312322321341,4.132931237642548
iilluminaughtii,The Alzheimer's Lie: Unmasking Decades of Deliberate Fraud,2022-11-07 19:15:01+00:00,228542,9903,0,245,40.42040816326531,0.0247399777845097,4.44032169141777
iilluminaughtii,Why Even Comcast's Employees Hate Them,2022-11-09 19:15:00+00:00,503258,19474,0,229,85.03930131004367,0.0117592687686145,3.915089278262839
iilluminaughtii,Student Loans are Worse Than You Realize,2022-11-11 19:15:00+00:00,267127,13043,0,164,79.53048780487805,0.0125737943724603,4.944090264181457
iilluminaughtii,Publishers Clearing House: The Original Data Broker,2022-11-14 19:15:01+00:00,220363,8880,0,185,48.0,0.0208333333333333,4.113666994912939
iilluminaughtii,Dolce & Gabanna are Forever Unaccountable,2022-11-16 19:15:03+00:00,186509,8472,0,367,23.08446866485013,0.0433191690273843,4.739181487220455
iilluminaughtii,Raw Milk Isn’t As Healthy as They Want You To Believe,2022-11-18 19:15:52+00:00,177548,8401,0,337,24.92878338278932,0.040114272110463,4.921486020681732
iilluminaughtii,Boohoo Fast Fashion: Shein's Rival in Exploitation,2022-11-19 19:15:00+00:00,224882,8798,0,275,31.992727272727272,0.0312571038872471,4.034560347204312
iilluminaughtii,The Never-Ending Saga of Brittany Dawn,2022-11-21 19:15:01+00:00,504368,15953,0,394,40.48984771573604,0.0246975490503353,3.241085873806427
iilluminaughtii,"The Many, Many Red Flags of Drake",2022-11-23 19:15:02+00:00,632848,24364,0,985,24.73502538071066,0.0404285010671482,4.005543195206432
iilluminaughtii,The Dodo is Not What You Think,2022-11-25 19:15:00+00:00,1303720,56067,0,1485,37.75555555555555,0.0264861683343143,4.414444819439757
iilluminaughtii,The MLM Who Nasa Fell For: Shaklee,2022-11-28 19:15:00+00:00,160391,6652,0,195,34.11282051282051,0.0293144918821407,4.2689427711031165
iilluminaughtii,Ringing the Charity Bell of Exploitation: The Salvation Army,2022-11-30 19:15:00+00:00,288875,13165,0,439,29.98861047835991,0.0333459931636916,4.709303331890957
iilluminaughtii,How the Red Cross Profits From Fake Aid,2022-12-02 19:15:03+00:00,187536,9513,0,172,55.30813953488372,0.0180805213917796,5.164341779711629
iilluminaughtii,Established Titles is Far More Complicated Than You Think.,2022-12-05 19:15:01+00:00,306606,14589,0,301,48.46843853820598,0.020631983000891,4.85639550432803
iilluminaughtii,"The Myth of The ""Lazy"" Millennial (And Why Gen Z is Next)",2022-12-07 19:15:00+00:00,547178,29404,0,479,61.38622129436326,0.0162903006393687,5.461294130977488
iilluminaughtii,How 23andMe Sells More Than Just Your Data,2022-12-09 19:15:01+00:00,239020,9536,0,355,26.861971830985915,0.0372273489932885,4.138147435361058
iilluminaughtii,The Creepy and Disturbing Truth of IVF Treatments,2022-12-12 19:15:00+00:00,215767,9326,0,245,38.06530612244898,0.0262706412180999,4.435803436113956
iilluminaughtii,How Corporations Made Pollution a YOU Problem,2022-12-14 19:15:00+00:00,240740,12895,0,143,90.17482517482516,0.0110895696006203,5.415801279388552
iilluminaughtii,TurboTax's “Free” Services Got Them Sued,2022-12-16 19:15:00+00:00,188666,8461,0,129,65.5891472868217,0.0152464247724855,4.553019621977463
iilluminaughtii,TV Ghost Hunting is a Scam,2022-12-17 19:15:00+00:00,431280,19447,0,321,60.58255451713396,0.016506402015735,4.5835652012613615
iilluminaughtii,The Coffee MLM With a Side of Mushroom Blood Thinners,2022-12-19 19:42:26+00:00,337175,12078,0,165,73.2,0.0136612021857923,3.631052124267813
iilluminaughtii,The Downfall of Jerry Springer,2022-12-21 19:15:00+00:00,486722,18943,0,476,39.79621848739496,0.0251280156258248,3.989751850132108
iilluminaughtii,The Make-A-Wish Clone Who Pockets The Money,2022-12-23 19:15:01+00:00,430742,15288,0,127,120.37795275590553,0.0083071690214547,3.578708368350428
iilluminaughtii,The Princess House MLM is Cooking Up Scams,2022-12-26 19:15:01+00:00,242933,9235,0,265,34.84905660377358,0.028695181375203,3.910543236200928
iilluminaughtii,The Story of Peloton’s 3-Year Nightmare,2022-12-28 19:15:00+00:00,505847,19178,0,538,35.646840148698885,0.028052977369903,3.8976212174827567
iilluminaughtii,Its a Miracle No One Died On The Biggest Loser,2022-12-30 19:15:00+00:00,1030363,39599,0,934,42.397216274089935,0.0235864542033889,3.93385632053946
iilluminaughtii,This Judge Was Paid To Imprison Kids,2023-01-02 19:15:00+00:00,375992,16089,0,271,59.3690036900369,0.0168438063273043,4.35115640758314
iilluminaughtii,The Man Who Believes Your Latte Made You Broke (Dave Ramsey),2023-01-05 19:15:01+00:00,329521,15234,0,442,34.46606334841629,0.0290140475252724,4.757208190069829
iilluminaughtii,"Harvey Weinstein: The Man, The Myth, The Monster.",2023-01-10 19:15:00+00:00,264482,11608,0,296,39.21621621621622,0.025499655410062,4.500873405373523
iilluminaughtii,The Untold Truth of Southwest's Implosion,2023-01-13 19:15:01+00:00,342129,14079,0,239,58.90794979079498,0.0169756374742524,4.1849711658468
iilluminaughtii,Ambit: Making clean energy dirty again,2023-01-18 21:30:08+00:00,138609,6417,0,109,58.87155963302752,0.0169861305906186,4.708207980722753
iilluminaughtii,Power and Corruption: The Devos Family,2023-01-20 19:15:01+00:00,243654,10309,0,403,25.580645161290324,0.0390920554854981,4.396398171177161
iilluminaughtii,Ticketmaster Puts Bots and Scalpers Before Fans,2023-01-22 19:00:00+00:00,331098,13922,0,194,71.76288659793815,0.013934779485706,4.263390295320419
iilluminaughtii,Is MAGA a Cult?,2023-01-25 19:15:00+00:00,399056,21691,0,1344,16.139136904761905,0.0619611820570743,5.772372799807545
iilluminaughtii,How True Crime Exploits Victims,2023-01-28 19:15:01+00:00,438272,19489,0,568,34.311619718309856,0.0291446456975729,4.5763817903037385
iilluminaughtii,George Santos the Political Pinocchio,2023-01-31 19:15:00+00:00,256699,10974,0,294,37.326530612244895,0.0267905959540732,4.389576897455775
iilluminaughtii,When AI Art Becomes Exploitative and Unethical,2023-02-04 19:15:00+00:00,236980,11731,0,555,21.136936936936937,0.0473105447105958,5.184403747151658
iilluminaughtii,A Shot at Conspiracy Theories; The Downfall of Tila Tequila,2023-02-08 19:15:01+00:00,572505,19717,0,430,45.85348837209303,0.0218085915707257,3.5190959030925493
iilluminaughtii,Starbucks: A Grande Union Busting With Two Pumps of Racism,2023-02-11 19:15:00+00:00,226714,11336,0,270,41.98518518518519,0.0238179251940719,5.119225102993198
iilluminaughtii,The Ponzi Scheme of the Tinder Swindler,2023-02-14 19:15:00+00:00,185290,8734,0,219,39.88127853881279,0.0250744217998626,4.8318851530034
iilluminaughtii,Focus on the Family Hates Your (Non-Straight) Family,2023-02-16 19:15:00+00:00,233304,12546,0,284,44.17605633802817,0.0226366969552048,5.499262764461818
iilluminaughtii,"Ancient Aliens, Monster Sharks, and Junk Science",2023-02-18 19:00:10+00:00,280756,14876,0,431,34.51508120649652,0.0289728421618714,5.452065138412002
iilluminaughtii,The Children of God: “Do it Cuz Daddy Says So”,2023-02-20 19:15:02+00:00,393907,20397,0,324,62.9537037037037,0.0158846889248418,5.260378718834649
iilluminaughtii,BetterHelp Shares Your Data With Facebook,2023-02-23 19:15:01+00:00,357835,18769,0,258,72.74806201550388,0.0137460706484096,5.317255159500888
iilluminaughtii,The Real Reason Behind Beachbody’s (Bodi) Rebranding,2023-02-27 19:15:02+00:00,244824,9322,0,288,32.36805555555556,0.0308946577987556,3.925268764500213
iilluminaughtii,The Sauce that Broke The Internet (Pink Sauce),2023-03-02 19:15:00+00:00,356188,17408,0,394,44.18274111675127,0.0226332720588235,4.997922445450156
iilluminaughtii,Marilyn Manson is a ‘Wolf in Wolf’s Clothing’,2023-03-04 19:15:01+00:00,324298,17535,0,853,20.55685814771395,0.0486455660108354,5.6700935559269565
iilluminaughtii,Kony 2012: More Harm Than Help?,2023-03-06 19:15:01+00:00,184703,7889,0,445,17.72808988764045,0.0564076562301939,4.512108628446749
iilluminaughtii,Crunchyroll: The Anime Monopoly Exploiting Artists,2023-03-08 19:15:01+00:00,211820,12156,0,258,47.11627906976744,0.0212240868706811,5.860636389387216
iilluminaughtii,Christian Bands That Hide Behind Emo Rock (Flyleaf),2023-03-10 19:15:01+00:00,317262,18792,0,1140,16.48421052631579,0.0606641123882503,6.282504680674017
iilluminaughtii,When a Pyramid Scheme Meets a Cult (ICOC),2023-03-13 18:15:01+00:00,312767,13244,0,366,36.185792349726775,0.0276351555421322,4.351482093699143
iilluminaughtii,Toxic in More Ways than One (Thinx),2023-03-15 18:15:04+00:00,400860,16962,0,500,33.924,0.0294776559367999,4.356134311230854
iilluminaughtii,Project Veritas: Journalists or Criminals?,2023-03-18 18:15:00+00:00,180960,8257,0,950,8.691578947368422,0.1150538936659803,5.087864721485412
iilluminaughtii,Marilyn Monroe: No Rest Even in Death,2023-03-20 18:15:00+00:00,246781,15642,0,381,41.05511811023622,0.0243574990410433,6.492801309663224
iilluminaughtii,Is PETA Secretly Funded by the Meat Industry?,2023-03-21 18:15:01+00:00,66241,5824,0,552,10.55072463768116,0.0947802197802197,9.62545855286001
iilluminaughtii,Netflix and Chill to Netflix in Crisis,2023-03-23 18:15:02+00:00,281760,17244,0,100,172.44,0.0057991185339828,6.155593412833618
iilluminaughtii,Why Are We Still Publishing Nazi Romances?,2023-03-24 18:15:02+00:00,424309,21234,0,1013,20.96150049358341,0.0477065084298766,5.24311292006533
iilluminaughtii,Claire’s: From Piercing Policies to Asbestos Palettes,2023-03-25 18:15:02+00:00,514164,19805,0,597,33.17420435510888,0.0301439030547841,3.96799464762216
iilluminaughtii,Fruity Pebbles to Chex Mix... What the Food Companies Don't Want You to Know,2023-03-26 17:00:27+00:00,68896,7920,0,1146,6.9109947643979055,0.1446969696969696,13.158964235949838
iilluminaughtii,Dot Dot Smile: Brought To You By the LulaRoe Family,2023-03-27 18:15:00+00:00,266128,10533,0,434,24.26958525345622,0.0412038355644166,4.120949317621596
iilluminaughtii,Temu: A Shein Clone,2023-03-29 18:15:01+00:00,951584,43685,0,1382,31.609985528219973,0.031635572851093,4.735998083196018
iilluminaughtii,Zoos: The Dark Side of Animal Captivity,2023-03-31 18:15:00+00:00,145509,7969,0,652,12.22239263803681,0.0818170410340067,5.92471943316221
iilluminaughtii,Trump Finally Got Indicted... But Does it Mean Anything?,2023-04-01 16:00:38+00:00,44461,3317,0,624,5.315705128205129,0.1881217968043412,8.86394817930321
iilluminaughtii,Miserable and Broke in the US? Blame Reagan,2023-04-03 18:15:02+00:00,548015,31027,0,1527,20.318925998690244,0.049215199664808,5.940348348129157
iilluminaughtii,Is the Criticism of Mr. Beast Warranted?,2023-04-05 18:15:03+00:00,247521,14002,0,1557,8.992935131663454,0.1111984002285387,6.285931294718427
iilluminaughtii,Autism Speaks Remains Controversial Through Autism Awareness Month,2023-04-06 17:00:37+00:00,32741,3059,0,852,3.59037558685446,0.2785223929388689,11.94526740172872
iilluminaughtii,Uncovering the Dark Meat Behind Tyson,2023-04-07 18:15:01+00:00,269577,12248,0,577,21.227036395147312,0.0471097322011757,4.757453343571595
iilluminaughtii,EGGSCLUSIVE: Easter Has Been Saved (According to the Police),2023-04-09 15:00:35+00:00,61556,4248,0,1173,3.62148337595908,0.2761299435028249,8.806615114692312
iilluminaughtii,The Dangers of Door-to-Door Bookselling,2023-04-10 18:15:02+00:00,195583,8626,0,666,12.951951951951951,0.0772084396012056,4.750924160075262
iilluminaughtii,"Elizabeth Holmes Won't Admit Defeat, Even With Jail Looming",2023-04-11 17:00:00+00:00,46263,3015,0,1212,2.487623762376238,0.4019900497512438,9.136891252188574
iilluminaughtii,"The ""Woke"" Joke: What the Right is Really Doing",2023-04-12 18:15:02+00:00,453163,28868,0,4536,6.364197530864198,0.1571290009699321,7.371299068988421
iilluminaughtii,The GOP Believes Bombing Mexico Will Solve the Opioid Crisis...,2023-04-13 20:00:11+00:00,85637,6544,0,1952,3.3524590163934427,0.2982885085574572,9.920945385756156
iilluminaughtii,The Complete Pornhub Saga,2023-04-14 18:15:01+00:00,394864,19685,0,1363,14.442406456346294,0.0692405384810769,5.330442886664775
iilluminaughtii,The Shocking Truth About the JRC Center,2023-04-16 16:00:01+00:00,30381,2204,0,1029,2.141885325558795,0.4668784029038113,10.641519370659294
iilluminaughtii,The Jilly Juice Lady Has Gone Too Far This Time,2023-04-17 18:15:01+00:00,346924,15929,0,879,18.121729237770197,0.0551823717747504,4.84486515778672
iilluminaughtii,MoviePass 2.0: A New Hope or a Phantom Menace?,2023-04-18 19:00:04+00:00,25520,1461,0,1337,1.0927449513836949,0.9151266255989048,10.963949843260188
iilluminaughtii,The Twitch Exodus: Why Streamers are Jumping Ship,2023-04-19 18:15:01+00:00,211742,11367,0,1333,8.527381845461365,0.1172692882906659,5.997865326671137
iilluminaughtii,This Supplement Company Has Been Lying to You,2023-04-20 17:00:17+00:00,54629,2977,0,4470,0.6659955257270693,1.5015115888478334,13.631953724212414
iilluminaughtii,Copaganda: How Police Bought the Media,2023-04-21 18:15:00+00:00,305816,18014,0,4207,4.281911100546708,0.2335405795492394,7.266133884427236
iilluminaughtii,Airing Out Fashion Nova’s Dirty Laundry,2023-04-22 18:15:04+00:00,286012,11744,0,4434,2.648624267027514,0.3775544959128065,5.656406024922031
iilluminaughtii,Noom Is Lying–They Are a Diet App,2023-04-24 18:15:00+00:00,275920,12425,0,10624,1.1695218373493976,0.8550503018108652,8.353508263264715
iilluminaughtii,iilluminaughtii exposed,2023-04-28 18:45:42+00:00,1273695,33501,0,65691,0.509978535872494,1.960866839795827,7.787735682404344
iilluminaughtii,When Beauty Goes Too Far: The Danger of Plastic Surgery,2023-05-01 18:15:02+00:00,155570,7132,0,13491,0.5286487287821511,1.891615255187885,13.25641190460886
iilluminaughtii,Oli London: Ultimate Grifter,2023-05-02 18:15:00+00:00,146369,6364,0,12708,0.500786905886056,1.9968573224387176,13.030081506329893
iilluminaughtii,2000s Reality Programs Were Wild,2023-05-04 18:15:00+00:00,139855,5206,0,17322,0.3005426625101027,3.327314636957357,16.10811197311501
iilluminaughtii,The Pipeline from Crunchy Moms to Alt-Right Conspiracist,2023-05-06 18:15:00+00:00,183992,7756,0,14850,0.5222895622895622,1.9146467251160395,12.286403756685074
iilluminaughtii,The Food Pyramid Lie: How Lobbying Ruined Our Food,2023-05-08 18:15:04+00:00,134246,5668,0,4616,1.2279029462738302,0.8143966125617502,7.660563443231084
iilluminaughtii,The 700 Club: God’s TV Network from Hell,2023-05-11 18:15:03+00:00,119843,5207,0,14980,0.3475967957276368,2.876896485500288,16.844538270904433
iilluminaughtii,Panera: Not as “Natural” As You Think,2023-05-13 18:15:01+00:00,127248,4308,0,15905,0.270858220685319,3.6919684308263694,15.88472903306928
iilluminaughtii,Is Loving Hut a Cult?,2023-05-16 18:15:04+00:00,84952,3185,0,10618,0.2999623281220568,3.333751962323391,16.247998869950088
iilluminaughtii,Chris Brown is Way Worse Than You Think,2023-05-17 18:15:01+00:00,104961,3587,0,13120,0.2733993902439024,3.657652634513521,15.91734072655558
iilluminaughtii,The Devastation at Hard Rock Hotel,2023-05-19 18:15:01+00:00,87414,3044,0,10926,0.2786015010067728,3.5893561103810776,15.981421740224675
iilluminaughtii,The MLM that Sells Tree Frequencies!?,2023-05-22 18:15:00+00:00,98947,2290,0,12368,0.1851552393272962,5.400873362445415,14.813991328691117
iilluminaughtii,PETA is Anti-Human,2023-05-31 18:15:01+00:00,72581,2820,0,9072,0.3108465608465608,3.217021276595745,16.38445323156198
iilluminaughtii,"Subway: Eat Fresh, Market Lies",2023-06-02 18:15:01+00:00,83365,2959,0,10420,0.2839731285988484,3.5214599526867185,16.048701493432496
iilluminaughtii,The Underbelly of Door-to-Door Sales,2023-06-05 18:15:00+00:00,56414,1980,0,7051,0.2808112324492979,3.561111111111111,16.00843762186691
iilluminaughtii,How Grocery Store Monopolies Hurt Everyone,2023-06-07 18:15:01+00:00,60916,2092,0,7614,0.2747570265300761,3.639579349904398,15.9334165079782
iilluminaughtii,Why Everyone’s Scared of the Dentist,2023-06-09 18:15:00+00:00,47413,1536,0,5926,0.2591967600404995,3.8580729166666665,15.738299622466412
iilluminaughtii,CEDU: Synanon for Kids,2023-06-12 18:15:03+00:00,51126,1716,0,6390,0.2685446009389671,3.723776223776224,15.854946602511442
iilluminaughtii,Detangling Olaplex's Controversies,2023-06-14 18:15:04+00:00,61650,1758,0,7706,0.2281339216195172,4.383390216154721,15.35117599351176
iilluminaughtii,Greg Locke’s Church of Money,2023-06-19 18:15:05+00:00,52539,2086,0,6567,0.3176488503121669,3.148130393096836,16.469670149793487
iilluminaughtii,Be Careful What You Wish For,2023-06-22 18:15:02+00:00,58999,2251,0,7374,0.3052617304041226,3.275877387827632,16.313835827725896
iilluminaughtii,Gaia: The Netflix of Conspiracy Theories,2023-06-26 18:15:04+00:00,47081,1820,0,5884,0.3093133922501699,3.232967032967033,16.36328880015293
iilluminaughtii,The Dark Side of Fun: Amusement Parks,2023-06-28 18:15:00+00:00,58673,2144,0,7334,0.2923370602672484,3.4207089552238807,16.15393792715559
iilluminaughtii,Kenneth Copeland is a Real-Life Supervillain,2023-07-03 18:15:00+00:00,63837,2721,0,7978,0.3410629230383555,2.932010290334436,16.75987280104015
iilluminaughtii,The Eighth Blunder of the World: Dubai's Islands,2023-07-05 18:15:05+00:00,51156,2167,0,6394,0.3389114795120425,2.950622981079834,16.735084838533115
iilluminaughtii,Where Politicians Pee on Redwoods: Bohemian Grove,2023-07-10 18:15:02+00:00,42518,1667,0,5314,0.3136996612721114,3.1877624475104978,16.41892845383132
iilluminaughtii,The Pet Industry Needs to be Leashed,2023-07-12 18:15:03+00:00,40386,1434,0,5047,0.2841291856548444,3.51952580195258,16.047640271381173
iilluminaughtii,Self-Help Won’t Help You,2023-07-17 18:15:01+00:00,45368,1738,0,5671,0.3064715217774643,3.262945914844649,16.330894022218303
iilluminaughtii,Ink Master: A Legacy Worth Laser Removing,2023-07-20 18:15:02+00:00,46933,1848,0,5866,0.315035799522673,3.1742424242424243,16.436196279803124
iilluminaughtii,The Boston Molasses Flood: A Disturbing Tragedy,2023-07-24 18:15:00+00:00,26895,1192,0,1047,1.1384909264565426,0.8783557046979866,8.32496746607176
iilluminaughtii,Waffle House’s Secret Ingredient? Racism,2023-07-26 18:15:01+00:00,49486,1471,0,6185,0.2378334680679062,4.20462270564242,15.47104231499818
iilluminaughtii,"The ""Luxury"" Clothing MLM You've Never Heard of: Cabi",2023-07-31 18:15:01+00:00,29684,1074,0,3710,0.2894878706199461,3.4543761638733708,16.116426357633742
iilluminaughtii,Nestle is a Goliath of Greed,2023-08-02 18:15:04+00:00,36564,1356,0,4570,0.2967177242888402,3.370206489675516,16.207198337162236
iilluminaughtii,Varosha: From Elegance to Emptiness,2023-08-07 18:15:03+00:00,31251,1273,0,3906,0.3259088581669226,3.068342498036135,16.572269687370003
iilluminaughtii,The White Coat Fraud: How Fake Doctors Cause Real Damage,2023-08-11 17:15:02+00:00,30168,1210,0,3770,0.3209549071618037,3.115702479338843,16.50755767700875
iilluminaughtii,Monetizing God; How Churches Are Built to Scam,2023-08-14 18:15:01+00:00,42681,1913,0,5333,0.3587099193699606,2.787767903815996,16.977109252360535
iilluminaughtii,Why  Veganism Won't Save the Planet,2023-08-16 18:15:02+00:00,38408,1404,0,4801,0.2924390751926682,3.4195156695156697,16.155488439908353
iilluminaughtii,A Guru of Greed; Ranjeeshpuram,2023-08-21 18:15:02+00:00,28875,1174,0,3609,0.3252978664449986,3.074105621805792,16.564502164502166
iilluminaughtii,Ken Ham: Bill Nye's Worst Debator,2023-08-23 18:15:03+00:00,32860,1322,0,4107,0.3218894570245921,3.106656580937973,16.52160681679854
iilluminaughtii,Elon Musk: Dumbest Tech Bro?,2023-08-26 17:00:18+00:00,36984,1693,0,4623,0.3662124161799697,2.730655640874188,17.077655202249623
iilluminaughtii,Why MLMs target immigrants,2023-08-28 21:13:37+00:00,26011,961,0,3251,0.2956013534297139,3.3829344432882413,16.193149052324017
iilluminaughtii,Don’t Call An Ambulance Unless You’re Dying—Here’s Why,2023-08-31 17:15:01+00:00,32451,1281,0,4056,0.3158284023668639,3.1662763466042154,16.446334473513915
iilluminaughtii,Kenya’s Starvation Cult,2023-09-04 18:15:01+00:00,32577,1048,0,4072,0.2573673870333988,3.885496183206107,15.71660987813488
iilluminaughtii,P.T. Barnum: The Most Horrific Show On Earth,2023-09-09 18:15:02+00:00,30578,1272,0,3822,0.3328100470957614,3.0047169811320757,16.659035908169272
iilluminaughtii,The Church of Bleach is Back,2023-09-12 18:15:05+00:00,34291,1368,0,4285,0.3192532088681447,3.132309941520468,16.485375171327753
iilluminaughtii,How Lobbying Built the USA,2023-09-14 18:15:01+00:00,28375,955,0,3546,0.2693175408911449,3.713089005235602,15.862555066079295
iilluminaughtii,David Icke Thinks You Might be a Lizard,2023-09-18 18:15:00+00:00,41698,1235,0,5212,0.2369531849577897,4.220242914979757,15.461173197755288
iilluminaughtii,"McDonalds: Abundant in Grease, Not Ethics",2023-09-20 18:15:01+00:00,45284,1452,0,5660,0.2565371024734982,3.8980716253443526,15.705326384595
iilluminaughtii,Instant pot: The Not-so-Instant Disaster,2023-09-23 17:15:00+00:00,29604,1180,0,3700,0.3189189189189189,3.135593220338983,16.4842588839346
iilluminaughtii,"United Sciences of America: Trust Us, Bro, We're Legit",2023-09-25 18:15:01+00:00,27156,977,0,3394,0.2878609310548026,3.473899692937564,16.095890410958905
iilluminaughtii,Oral Roberts is the Reason Televangelists Suck,2023-09-27 18:15:04+00:00,30048,1040,0,3756,0.2768903088391906,3.6115384615384616,15.961128860489882
iilluminaughtii,The Cult for Businessmen: Lighthouse,2023-10-02 18:15:01+00:00,28100,1009,0,3511,0.2873825121048134,3.479682854311199,16.085409252669038
iilluminaughtii,Figure Skating's Not-so-Graceful Dark Side,2023-10-05 18:15:01+00:00,32427,1013,0,4043,0.2505565174375463,3.9911154985192496,15.591944984118172
iilluminaughtii,Trump Isn't Charitable. In Other News: Water is Wet,2023-10-12 18:15:00+00:00,28080,979,0,3510,0.2789173789173789,3.585291113381001,15.986467236467236
iilluminaughtii,Preying on the Parents of Missing Kids: Sylvia Browne,2023-10-16 18:15:00+00:00,27804,1111,0,3475,0.3197122302158273,3.127812781278128,16.494029636023594
iilluminaughtii,Hershey's Dark Chocolate Secrets,2023-10-18 18:15:00+00:00,27065,891,0,3383,0.2633757020396098,3.7968574635241295,15.791612784038426
iilluminaughtii,Another Reason MLM Shouldn't Sell Insurance: WFG,2023-10-23 18:15:01+00:00,25744,854,0,3218,0.2653822249844624,3.768149882903981,15.81727781230578
iilluminaughtii,Why GameStop Won't Stop Failing,2023-10-26 18:15:00+00:00,32135,1022,0,4016,0.2544820717131474,3.9295499021526417,15.677610082464602
iilluminaughtii,"The OG Dracula: No Sparkles, Just Blood",2023-10-30 18:15:00+00:00,23311,918,0,2913,0.3151390319258496,3.173202614379085,16.434301402771222
iilluminaughtii,"Sears Didn't Die, It was Murdered",2023-11-02 18:15:02+00:00,42767,1523,0,5345,0.2849391955098223,3.509520682862771,16.059110996796598
iilluminaughtii,How MLMs Monetize Motivation,2023-11-06 19:15:00+00:00,28679,822,0,3584,0.2293526785714285,4.360097323600973,15.363157711217267
iilluminaughtii,"Ron Destroyed Florida, is the Country Next?",2023-11-08 19:15:02+00:00,55645,1357,0,6955,0.1951114306254493,5.125276344878408,14.937550543624765
iilluminaughtii,Real Rednecks aren't boot lickers,2023-11-14 19:15:00+00:00,32792,976,0,4099,0.2381068553305684,4.199795081967213,15.476335691632109
iilluminaughtii,Hospice Care Drains the Dying,2023-11-16 19:15:00+00:00,40271,913,0,4405,0.2072644721906923,4.824753559693319,13.205532517195998
iilluminaughtii,Russell Brand: Comedian or Predator?,2023-11-21 19:15:00+00:00,53529,1021,0,2854,0.3577435178696566,2.795298726738492,7.239066674139252
iilluminaughtii,What is the Power of Persuasion?,2023-11-27 19:15:02+00:00,58509,766,0,2780,0.2755395683453237,3.629242819843342,6.0606060606060606
iilluminaughtii,How Deal Dash Makes Money Off You,2023-12-06 19:15:00+00:00,61135,875,0,3373,0.2594129854728728,3.854857142857143,6.948556473378588
iilluminaughtii,The Nine Husbands and Nine Lives of Jill Coit,2023-12-11 19:15:00+00:00,44860,741,0,5606,0.1321798073492686,7.565452091767881,14.148461881408828
iilluminaughtii,The Toxic Ozempic Trend,2023-12-16 19:00:01+00:00,61646,1251,0,7705,0.1623621025308241,6.159072741806555,14.5281121240632
iilluminaughtii,Cosmetic Surgery...for Dogs?,2023-12-20 19:15:01+00:00,79766,786,0,9970,0.0788365095285857,12.684478371501273,13.484441992829025
iilluminaughtii,The Dark Side of Disaster Relief,2023-12-28 19:15:01+00:00,78285,746,0,9784,0.0762469337694194,13.115281501340483,13.45085265376509
iilluminaughtii,Is Jenny Craig a Classic Scam?,2024-01-12 19:15:02+00:00,31934,809,0,3991,0.202706088699574,4.933250927070457,15.03100144047097
iilluminaughtii,WakeUpNow was Put to Bed,2024-01-15 19:15:00+00:00,40472,668,0,5058,0.1320680110715698,7.57185628742515,14.148052974896224
iilluminaughtii,Is Your Makeup Killing You?,2024-02-02 19:15:00+00:00,41109,757,0,5138,0.14733359283768,6.787318361955085,14.339925563745163
iilluminaughtii,"Lemongrass: A ""Clean"" Company With Dirty Secrets",2024-02-12 19:42:29+00:00,63855,726,0,7979,0.090988845720015,10.990358126721762,13.632448516169443
iilluminaughtii,The Questionable Legalities of Sports Betting,2024-02-15 19:15:01+00:00,198581,1140,0,24822,0.045927000241721,21.77368421052632,13.073758315246677
