YouTuber_Name,Title,Date,Duration_Seconds,Views,Likes,Comments,Dislikes,Like_to_Dislike_Ratio,Dislike_to_Like_Ratio,Engagement_Ratio
Colleen Vlogs,I RUINED OUR ROMANTIC VACATION. :(,2020-01-03 21:19:35+00:00,848,609319,24605,1133,296,83.125,0.012030075187969926,4.272638798396242
Colleen Vlogs,Colleen Ballinger being a Musical Theater Nerd for 13 Minutes Straight,2020-01-04 07:47:10+00:00,837,398649,25077,2834,206,121.73300970873787,0.008214698727918012,7.053071749835067
Colleen Vlogs,I SURPRISED MY ENTIRE FAMILY WITH A HAWAIIAN VACATION! // Hawaii Day 1,2020-01-06 18:00:19+00:00,541,1520284,43536,1434,503,86.55268389662028,0.011553656743844174,2.9910858760599996
Colleen Vlogs,WE DRANK TOO MUCH IN HAWAII! // Hawaii Day 2,2020-01-07 18:11:54+00:00,672,1244336,37710,1446,352,107.13068181818181,0.009334394059931053,3.175026680896478
Colleen Vlogs,My Dad Went To The Hospital In Hawaii... // Hawaii Day 3,2020-01-08 22:53:21+00:00,614,855007,29354,1019,262,112.0381679389313,0.008925529740410165,3.583011601074611
Colleen Vlogs,Look What My Husband Did To My Foot! // Hawaii Day 4,2020-01-11 02:05:03+00:00,604,712551,27098,737,193,140.40414507772022,0.007122296848475903,3.933472832120087
Colleen Vlogs,DRINKING MY BABY'S MILK! // Hawaii Day 5,2020-01-13 03:27:27+00:00,720,413774,20040,1146,263,76.1977186311787,0.01312375249500998,5.18374764968316
Colleen Vlogs,I Don't Want To Say Goodbye :( // Hawaii Day 6,2020-01-13 20:12:52+00:00,602,582198,24704,847,154,160.41558441558442,0.00623380829015544,4.415164600359328
Colleen Vlogs,PARTY IN NEW ORLEANS AND NASHVILLE!,2020-02-03 17:00:02+00:00,650,207918,10622,451,92,115.45652173913044,0.008661269064206363,5.369905443492145
Colleen Vlogs,GOING ON TOUR WITH MY BABY!,2020-02-13 20:19:42+00:00,811,358047,14888,617,118,126.16949152542372,0.007925846319183236,4.363393632679508
Colleen Vlogs,MY DAILY ROUTINE! I eat a lot...,2020-03-02 22:44:58+00:00,690,716497,26904,1580,324,83.03703703703704,0.012042818911685994,4.020672801142224
Colleen Vlogs,MAKING TIK TOKS WITH MY FAMILY!,2020-03-04 00:15:49+00:00,651,450513,17777,1995,170,104.57058823529412,0.009562918377679024,4.426509334913754
Colleen Vlogs,I'm nervous...,2020-03-05 02:14:39+00:00,861,347008,17076,1319,164,104.1219512195122,0.009604122745373624,5.348291682036149
Colleen Vlogs,Leaving my baby for the first time... 😭,2020-03-06 03:07:59+00:00,635,332902,18055,1133,183,98.66120218579235,0.010135696482968706,5.818829565457703
Colleen Vlogs,Dealing with mom guilt.,2020-03-08 03:39:39+00:00,1739,420002,24141,3366,423,57.0709219858156,0.017522057909780044,6.649968333484126
Colleen Vlogs,REUNITED WITH MY BABY!!!,2020-03-09 00:22:11+00:00,693,453674,22030,740,157,140.3184713375796,0.0071266454834316845,5.053628817168275
Colleen Vlogs,PERIOD EMERGENCY!,2020-03-12 21:15:29+00:00,714,838808,30979,2256,342,90.58187134502924,0.011039736595758416,4.002942270459986
Colleen Vlogs,Postponing My Tour because of the CoronaVirus,2020-03-13 21:52:18+00:00,1090,263086,14638,1840,177,82.70056497175142,0.012091815821833584,6.330629527987046
Colleen Vlogs,Photoshoot At My House!,2020-03-14 21:31:07+00:00,932,457307,19913,2224,283,70.36395759717314,0.014211821423190881,4.902614654925466
Colleen Vlogs,I DONT HAVE ANYTHING TO WIPE MY BABY'S BOOTY!,2020-03-15 21:50:04+00:00,746,406968,20065,7287,202,99.33168316831683,0.010067281335659107,6.770556898822512
Colleen Vlogs,IM NOT PREGNANT!,2020-03-16 05:53:43+00:00,985,567290,25333,3059,573,44.211169284467715,0.022618718667350886,5.105854148671756
Colleen Vlogs,AT HOME HAIRCUT GOES TERRIBLY WRONG,2020-03-17 03:02:01+00:00,1059,1149827,40164,3022,434,92.54377880184332,0.010805696643760581,3.7936141697838024
Colleen Vlogs,Making Pretzels From Scratch!,2020-03-18 01:36:39+00:00,794,615277,24895,1584,167,149.07185628742516,0.00670817433219522,4.330732336817401
Colleen Vlogs,My Failed Rap Career...,2020-03-19 00:22:01+00:00,761,390429,20056,1588,157,127.7452229299363,0.007828081372157958,5.583857756467885
Colleen Vlogs,HOW TO MAKE STARBUCKS LATTE AT HOME!,2020-03-20 14:00:08+00:00,1061,701728,26861,1758,233,115.28326180257511,0.008674286139756524,4.111564594828765
Colleen Vlogs,BEING MIRANDA SINGS ALL DAY,2020-03-21 02:59:57+00:00,678,949486,32184,2083,349,92.21776504297995,0.010843897588864032,3.6457620228207683
Colleen Vlogs,BABY TAKES OVER THE VLOG,2020-03-22 01:27:01+00:00,719,620724,32376,2074,143,226.4055944055944,0.004416851989127749,5.573008293541091
Colleen Vlogs,Making My Own Tie Dye Clothes!,2020-03-23 00:06:09+00:00,989,695787,28458,3962,221,128.76923076923077,0.007765830346475508,4.691234530107634
Colleen Vlogs,LEAVING THE HOUSE TO GO SHOPPING!,2020-03-25 05:10:21+00:00,884,740701,30252,3458,1069,28.29934518241347,0.03533650667724448,4.695416909117174
Colleen Vlogs,BE NICE TO DOCTORS!,2020-03-26 01:05:06+00:00,1083,389485,21079,2571,237,88.94092827004219,0.011243417619431663,6.132970460993363
Colleen Vlogs,My OCD was bad last night,2020-03-27 00:47:08+00:00,643,349800,20678,2695,243,85.09465020576131,0.011751620079311345,6.751286449399657
Colleen Vlogs,My Nighttime Routine,2020-03-29 00:56:59+00:00,960,509369,25187,2572,200,125.935,0.007940604279985707,5.488948090676896
Colleen Vlogs,MAKING PIZZA FROM SCRATCH!,2020-03-30 15:00:17+00:00,981,738570,28864,2356,275,104.96,0.009527439024390244,4.264321594432484
Colleen Vlogs,MAKING WHIPPED COFFEE!,2020-03-31 20:05:07+00:00,603,679147,27246,1905,240,113.525,0.008808632459810615,4.327634518005675
Colleen Vlogs,Will I Continue Vlogging?,2020-04-01 22:16:18+00:00,670,412746,34208,5344,174,196.5977011494253,0.005086529466791394,9.624805570496141
Colleen Vlogs,He's so sweeeeeet!,2020-04-03 02:49:10+00:00,694,752045,35978,4068,228,157.7982456140351,0.006337206070376341,5.355264645067781
Colleen Vlogs,MAKING HOMEMADE SOAP!,2020-04-04 01:11:37+00:00,664,606945,28374,2832,174,163.06896551724137,0.006132374709240854,5.170155450658626
Colleen Vlogs,Making A Mask With Household Items,2020-04-04 23:39:11+00:00,1042,564580,24578,1893,257,95.63424124513618,0.010456505818211408,4.734138651741118
Colleen Vlogs,MAKING CUTE BABY DONUTS!,2020-04-05 22:25:03+00:00,602,568885,27093,1560,166,163.210843373494,0.00612704388587458,5.065874473751285
Colleen Vlogs,MAKING MY SISTER A VEGAN BIRTHDAY CAKE!,2020-04-06 23:59:34+00:00,663,461261,21833,1402,146,149.54109589041096,0.006687124994274722,5.068930605448975
Colleen Vlogs,THE BEST WHIPPED COFFEE RECIPE!,2020-04-09 01:01:26+00:00,1083,681047,27218,1740,226,120.43362831858407,0.008303328679550298,4.28516680933915
Colleen Vlogs,Life Is So Different Now,2020-04-09 23:52:42+00:00,776,601688,29921,2054,243,123.13168724279835,0.00812138631730223,5.354602385289386
Colleen Vlogs,MY WATER BROKE! - The FULL Story,2020-04-11 01:05:26+00:00,726,1238545,36849,2220,471,78.23566878980891,0.012781893674183831,3.1924556637021664
Colleen Vlogs,Disappointed.,2020-04-11 23:45:39+00:00,697,519629,23971,1782,246,97.4430894308943,0.010262400400483918,5.003377409651886
Colleen Vlogs,HIDING EASTER EGGS FOR OUR BABY!,2020-04-13 00:01:49+00:00,1001,696353,28088,2376,204,137.68627450980392,0.00726288806607804,4.404088156437899
Colleen Vlogs,Colleen Ballinger Easter Special 2020!,2020-04-14 00:25:05+00:00,1334,770625,33642,3329,218,154.32110091743118,0.006479995244040188,4.8258231954582325
Colleen Vlogs,Trying To Stay Positive During a Hard Time,2020-04-14 23:44:28+00:00,839,461365,23394,2474,183,127.8360655737705,0.007822518594511413,5.646505478308931
Colleen Vlogs,MY PREGNANCY LINE WONT GO AWAY!,2020-04-16 00:42:50+00:00,740,519300,28215,2749,228,123.75,0.00808080808080808,6.006547275178124
Colleen Vlogs,FLYNN'S NEW GLASSES!,2020-04-16 23:04:56+00:00,697,588385,27625,2482,217,127.3041474654378,0.007855203619909502,5.1537683659508655
Colleen Vlogs,Everything's Going to Be Okay...,2020-04-17 21:29:35+00:00,742,907152,41704,3809,321,129.9190031152648,0.00769710339535776,5.052516006137891
Colleen Vlogs,OUR FIRST FAMILY CAMPING TRIP!,2020-04-18 22:51:05+00:00,892,837863,33530,2300,247,135.748987854251,0.007366537429167909,4.305835202175057
Colleen Vlogs,MY HUSBAND GAVE HIMSELF A MULLET!,2020-04-21 02:05:20+00:00,631,570407,30300,7463,178,170.22471910112358,0.005874587458745874,6.651566337720259
Colleen Vlogs,How To Cook A Whole Chicken!,2020-04-21 23:59:07+00:00,982,358095,18790,1393,160,117.4375,0.008515167642362959,5.680894734637457
Colleen Vlogs,POOL DAY!,2020-04-22 23:23:01+00:00,553,511283,27869,3257,182,153.12637362637363,0.006530553661774732,6.123418928460364
Colleen Vlogs,BRUSHING MY NASTY CAT!!!,2020-04-23 23:03:40+00:00,1029,543244,26980,2655,187,144.27807486631016,0.006931060044477391,5.489614243323442
Colleen Vlogs,MY BABY'S FIRST EXTREME HAIRCUT!,2020-04-24 22:55:19+00:00,846,639689,30620,2465,186,164.6236559139785,0.0060744611365120835,5.2011211698184585
Colleen Vlogs,FULL STORY of finding out I was PREGNANT!,2020-04-26 00:49:13+00:00,756,1026154,39636,2929,450,88.08,0.011353315168029064,4.191865938250984
Colleen Vlogs,"THEY TRIED TO SCAM ME FOR $7,000!",2020-04-26 20:35:57+00:00,814,653602,32752,5021,251,130.48605577689244,0.0076636541279921835,5.817607657259311
Colleen Vlogs,HE STEPPED IN THE BABY'S POOP!,2020-04-27 21:59:18+00:00,825,872729,34939,2441,260,134.38076923076923,0.00744154097140731,4.312908130702658
Colleen Vlogs,MUSICAL LIVE STREAM FOR CHARITY!,2020-04-27 23:43:11+00:00,3865,243751,8286,504,118,70.22033898305085,0.014240888245232923,3.6545491095421148
Colleen Vlogs,How To Curl Your Hair,2020-04-29 00:38:37+00:00,1206,437288,26539,5138,356,74.54775280898876,0.013414220581031689,7.325378240427362
Colleen Vlogs,GIVING MYSELF RAG CURLS!,2020-04-29 23:27:38+00:00,689,474778,24658,1924,464,53.14224137931034,0.018817422337578067,5.69655712775234
Colleen Vlogs,He is the sweetest kid in the world!,2020-05-01 03:34:57+00:00,982,686829,33635,4086,482,69.78215767634855,0.014330310688271146,5.5622287352456
Colleen Vlogs,Why I Took Off My Wedding Ring...,2020-05-02 03:15:32+00:00,828,593702,33488,5366,736,45.5,0.02197802197802198,6.668328555403217
Colleen Vlogs,Going On An Adventure!,2020-05-03 03:07:13+00:00,819,514990,29362,6517,432,67.9675925925926,0.01471289421701519,7.05081652070914
Colleen Vlogs,Song I Wrote For My Baby,2020-05-04 02:51:52+00:00,1070,518755,30109,3415,510,59.037254901960786,0.016938456939785445,6.5607078485990495
Colleen Vlogs,Bathing Suit Haul!,2020-05-05 18:13:30+00:00,745,676526,36378,3843,1180,30.828813559322032,0.03243718731101215,6.119646547213263
Colleen Vlogs,TOUR OF MY SUCCULENT GARDEN!,2020-05-07 00:17:17+00:00,1047,496259,23935,2215,439,54.521640091116176,0.01834134113223313,5.357887715890291
Colleen Vlogs,Stay Home.,2020-05-08 00:02:04+00:00,822,522362,27276,2257,852,32.014084507042256,0.031236251649802024,5.816847320440615
Colleen Vlogs,An Important Conversation With Todrick Hall,2020-05-09 01:18:30+00:00,1477,393705,23762,2412,541,43.92236598890943,0.022767443817860448,6.785537394749876
Colleen Vlogs,WHERE DID HE LEARN THIS?,2020-05-10 00:51:11+00:00,651,853080,35606,2753,621,57.3365539452496,0.01744088075043532,4.569325268439068
Colleen Vlogs,HOW TO AUDITION FOR A COMMERCIAL!,2020-05-11 00:06:07+00:00,658,398485,21327,2129,425,50.181176470588234,0.01992779106297182,5.992948291654642
Colleen Vlogs,addressing everything,2020-05-12 23:14:03+00:00,804,4051309,224942,26019,19253,11.683477899548123,0.08559095233437954,6.669794873706252
Colleen Vlogs,Mother's Day Vlog,2020-05-14 19:00:49+00:00,1051,567642,28338,2114,368,77.0054347826087,0.012986096407650504,5.429478438875206
Colleen Vlogs,What I've been up to the last few days...,2020-05-16 00:51:15+00:00,1843,969981,32336,2944,451,71.69844789356985,0.0139473033151905,3.6836804019872558
Colleen Vlogs,Making Chocolate Covered Bananas!,2020-05-16 22:56:08+00:00,622,403354,21682,1987,304,71.32236842105263,0.014020846785351905,5.943414469671802
Colleen Vlogs,Wearing My Wedding Dress For No Reason,2020-05-17 23:02:44+00:00,911,648788,28324,2085,376,75.32978723404256,0.013274961163677447,4.745001448855405
Colleen Vlogs,Do What Makes You Happy,2020-05-18 22:44:37+00:00,710,449178,24279,1775,232,104.65086206896552,0.009555583014127435,5.852023028732485
Colleen Vlogs,WHAT DID YOU DO!!!,2020-05-20 01:02:10+00:00,690,599255,28624,1754,216,132.5185185185185,0.007546115148127445,5.105339129419029
Colleen Vlogs,HE CONQUERED HIS FEARS!,2020-05-21 00:03:43+00:00,855,708969,30629,2180,271,113.02214022140221,0.00884782395768716,4.665930386236916
Colleen Vlogs,TODDLER'S FIRST CAR!,2020-05-21 23:12:24+00:00,613,588334,27129,1831,206,131.69417475728156,0.007593350289358251,4.957388150268385
Colleen Vlogs,I CAN'T BELIEVE THIS WORKED!,2020-05-22 23:14:17+00:00,795,636586,27613,2014,246,112.2479674796748,0.008908847282077283,4.692688811880877
Colleen Vlogs,How I Learn TikTok Dances!,2020-05-23 23:32:02+00:00,772,506440,22577,1441,329,68.62310030395136,0.014572352394029322,4.807479661954032
Colleen Vlogs,How To Make The Easiest Yummiest Bread Ever!,2020-05-24 23:30:09+00:00,669,489471,22833,1474,231,98.84415584415585,0.010116936013664432,5.01316727650872
Colleen Vlogs,"MY NEW ""MOM"" SWIM SUIT!!!",2020-05-25 23:35:37+00:00,699,596755,27305,1978,339,80.54572271386431,0.012415308551547335,4.9638461345108125
Colleen Vlogs,DATE NIGHT AT HOME!,2020-05-27 01:01:07+00:00,473,472931,23879,1187,182,131.2032967032967,0.007621759705180284,5.3386223360278775
Colleen Vlogs,REUNITED WITH MY MOM! (I cried),2020-05-27 22:19:30+00:00,693,949091,49006,4377,393,124.69720101781171,0.008019426192711097,5.666053097121351
Colleen Vlogs,Telling My Husband I Want To Get Pregnant Again,2020-05-29 00:31:16+00:00,730,1402936,61075,6126,653,93.52986217457887,0.01069177241097012,4.836571304749468
Colleen Vlogs,I DELETED EVERYTHING! :(,2020-05-30 00:13:24+00:00,832,653359,35543,2622,688,51.661337209302324,0.01935683538249444,5.946654136546677
Colleen Vlogs,Following A Bob Ross Painting Tutorial!,2020-05-30 23:54:05+00:00,759,656496,29366,2004,330,88.98787878787878,0.01123748552748076,4.828666130486705
Colleen Vlogs,WEARING MY BATHING SUIT FROM 15 YEARS AGO!,2020-06-01 00:43:16+00:00,962,555181,32096,2529,565,56.8070796460177,0.01760343968095713,6.338473398765447
Colleen Vlogs,Family time and looting in my neighborhood,2020-06-03 21:32:00+00:00,656,433093,24473,2188,797,30.706398996235883,0.032566501859191764,6.339977787680706
Colleen Vlogs,REUNITED WITH MY FAMILY!,2020-06-05 01:21:51+00:00,1741,1737181,42711,3849,540,79.09444444444445,0.012643113015382455,2.711289151792473
Colleen Vlogs,BABY COOKS DINNER!,2020-06-06 01:23:07+00:00,633,465391,24205,2109,218,111.03211009174312,0.009006403635612477,5.701012696850605
Colleen Vlogs,this is not okay.,2020-06-07 01:08:43+00:00,907,448655,27202,2830,634,42.905362776025235,0.023307109771340342,6.835096009183003
Colleen Vlogs,We miss our life before all this...,2020-06-08 00:23:30+00:00,818,522578,25626,2644,275,93.18545454545455,0.010731288535081557,5.462342463708767
Colleen Vlogs,I AM DISGUSTING.,2020-06-09 00:26:25+00:00,665,449599,24637,1896,308,79.99025974025975,0.012501522100905143,5.969986588048461
Colleen Vlogs,URBAN OUTFITTERS TRY ON HAUL FOR MY HUSBAND!,2020-06-10 01:33:22+00:00,863,518824,25556,1974,279,91.59856630824373,0.010917201439974957,5.360006476184602
Colleen Vlogs,His First Boo Boo!,2020-06-11 01:33:48+00:00,1100,716211,29820,2308,381,78.26771653543307,0.012776659959758551,4.539025510638624
Colleen Vlogs,MY BABY IS ONE AND A HALF!!!,2020-06-12 00:14:14+00:00,856,665180,27993,1840,196,142.82142857142858,0.007001750437609402,4.5144171502450465
Colleen Vlogs,Feeling Overwhelmed and Grateful,2020-06-13 00:21:28+00:00,1018,411394,21442,1896,212,101.14150943396227,0.009887137393899823,5.724439345250539
Colleen Vlogs,My Toddler Stole My Camera!,2020-06-13 23:18:59+00:00,1082,869388,39426,5422,322,122.44099378881988,0.008167199310099934,5.1956088650867045
Colleen Vlogs,HAWAIIAN VACATION DAY!,2020-06-14 23:02:16+00:00,761,568677,27720,2225,212,130.75471698113208,0.007647907647907648,5.303010320445526
Colleen Vlogs,REVERSE TIE DYE-ING MY CLOTHES WITH BLEACH!,2020-06-16 00:40:22+00:00,973,616753,26781,1736,209,128.13875598086125,0.007804040177737948,4.657618203721749
Colleen Vlogs,I didn't really vlog today...,2020-06-17 00:12:01+00:00,685,314622,19004,1466,317,59.94952681388013,0.016680698800252577,6.606975990235902
Colleen Vlogs,Going back to Therapy...,2020-06-17 23:51:10+00:00,891,344392,20390,3189,148,137.77027027027026,0.007258460029426189,6.889532857906107
Colleen Vlogs,Our Cat Got Locked Outside!,2020-06-19 00:13:11+00:00,892,466428,27005,4212,228,118.44298245614036,0.008442880947972598,6.741662164364061
Colleen Vlogs,Frustrated With My OCD,2020-06-19 23:47:44+00:00,995,426009,22941,3866,250,91.764,0.010897519724510701,6.351274268853476
Colleen Vlogs,I found some old Haters Back Off Bloopers,2020-06-21 00:50:53+00:00,962,1680250,55689,2687,611,91.14402618657938,0.01097164610605326,3.5106085403957743
Colleen Vlogs,MAKING TIE DYE COOKIES!,2020-06-22 00:11:20+00:00,606,506756,26161,1622,176,148.64204545454547,0.006727571576010091,5.517250905761353
Colleen Vlogs,Adorable Father's Day Special!,2020-06-22 23:45:54+00:00,717,478405,23654,1202,147,160.91156462585033,0.006214593726219667,5.226324975700504
Colleen Vlogs,I'VE BEEN WAITING FOR THIS MOMENT!,2020-06-23 23:25:29+00:00,1302,675218,35095,5309,263,133.44106463878327,0.0074939450064111695,6.022795600828177
Colleen Vlogs,thank you.,2020-06-24 23:34:28+00:00,895,519038,29632,3205,324,91.45679012345678,0.010934125269978402,6.388934914206668
Colleen Vlogs,HE HELPED ME CONQUER MY FEARS!,2020-06-25 22:58:30+00:00,1632,689350,25791,2268,244,105.70081967213115,0.009460664572913032,4.105751795169362
Colleen Vlogs,My Kid Keeps Stealing My Camera!,2020-06-27 00:34:22+00:00,873,480720,26393,2892,253,104.3201581027668,0.009585875042624939,6.1445332001997
Colleen Vlogs,How I Felt About Escape The Night...,2020-06-28 00:18:27+00:00,952,643679,29325,2786,302,97.10264900662251,0.010298380221653879,5.035584507184482
Colleen Vlogs,Why I was angry with my Mother...,2020-06-28 23:03:26+00:00,947,602120,29997,2259,444,67.5608108108108,0.014801480148014802,5.430811133993224
Colleen Vlogs,Dying My Hair,2020-06-29 22:42:56+00:00,757,418459,26036,8458,222,117.27927927927928,0.008526655400215086,8.296153267106215
Colleen Vlogs,Getting Passionate With My Husband,2020-07-01 00:59:19+00:00,894,497870,25561,2460,244,104.75819672131148,0.009545792418137005,5.6771848072790085
Colleen Vlogs,Colleen Ballinger being a theatre nerd for 13 minutes straight,2020-07-01 08:40:50+00:00,797,225405,15620,2081,155,100.7741935483871,0.009923175416133162,7.921740866440407
Colleen Vlogs,I'M GIVING AWAY MY LIPSTICK!,2020-07-02 00:32:57+00:00,714,305125,20385,3074,210,97.07142857142857,0.010301692420897719,7.757148709545268
Colleen Vlogs,WE ARE REDECORATING THE HOUSE!,2020-07-03 00:17:06+00:00,781,443558,25306,2862,248,102.04032258064517,0.009800047419584288,6.406377519963567
Colleen Vlogs,THE TRUTH ABOUT MY FIRST KISS!,2020-07-04 00:36:11+00:00,1094,376738,21118,2025,190,111.14736842105263,0.008997064115920068,6.193428855066386
Colleen Vlogs,JOJO SIWA SENT US A BOX OF SURPRISES!,2020-07-05 00:23:06+00:00,905,542434,22951,1600,262,87.59923664122137,0.011415624591521067,4.574381399396056
Colleen Vlogs,COLLEEN BALLINGER'S 4TH OF JULY SPECIAL!,2020-07-06 00:34:46+00:00,1160,535739,26427,10124,501,52.74850299401198,0.018957883982290837,6.916054272696219
Colleen Vlogs,TESTING CRAZY BOBA FLAVORS WITH MY BABY!,2020-07-07 00:21:06+00:00,1078,1434104,45867,4380,438,104.71917808219177,0.009549349205311008,3.5342625081584043
Colleen Vlogs,Taking a Pregnancy Test... again.,2020-07-07 23:13:15+00:00,1220,2831328,96142,8236,3473,27.68269507630291,0.03612365043373344,3.8092019010160607
Colleen Vlogs,GOING ON A BEACH VACATION!,2020-07-09 01:09:59+00:00,1046,671139,30241,2156,239,126.53138075313808,0.007903177804966768,4.862778053428574
Colleen Vlogs,I thought my career was over,2020-07-09 23:28:34+00:00,631,435370,24738,2877,322,76.82608695652173,0.013016411997736276,6.416840848014332
Colleen Vlogs,My Dad Made Me Cry,2020-07-11 00:34:07+00:00,1214,575763,27722,2480,255,108.71372549019608,0.009198470528821874,5.289850164043192
Colleen Vlogs,ICE CREAM DATE DATE WITH MY BABY!,2020-07-12 02:12:15+00:00,810,437396,22745,1509,211,107.79620853080569,0.009276764123983292,5.593329614354041
Colleen Vlogs,Giving Myself a Makeover!!!,2020-07-12 20:59:15+00:00,602,332444,22767,1605,167,136.32934131736528,0.007335178108666051,7.381393558012777
Colleen Vlogs,Will I ever tour again?,2020-07-13 23:28:03+00:00,984,316469,19578,5604,197,99.38071065989848,0.010062314843191337,8.019426863294667
Colleen Vlogs,10 MILLION TIK TOK FOLLOWERS PARTY!,2020-07-15 02:46:41+00:00,1063,418887,25795,1902,218,118.3256880733945,0.008451250242295018,6.664088405703686
Colleen Vlogs,I BOUGHT A TINY WASHING MACHINE FOR MY BEAUTY BLENDER!,2020-07-16 00:33:45+00:00,929,1400289,36924,2857,463,79.74946004319655,0.012539269851587044,2.8739781573660865
Colleen Vlogs,WE MADE AN EXPLODING RAINBOW CAKE!,2020-07-16 23:59:49+00:00,923,701653,31277,2239,256,122.17578125,0.008184928222016177,4.813205387848409
Colleen Vlogs,We Finally Left The House,2020-07-18 00:32:20+00:00,675,363647,22540,3106,165,136.6060606060606,0.007320319432120674,7.097817388841376
Colleen Vlogs,Bye Bye Poo Poo!,2020-07-19 01:17:25+00:00,723,416406,23061,1884,175,131.77714285714285,0.007588569446251247,6.032573978280813
Colleen Vlogs,RECREATING MY CRINGY BUZZFEED PHOTO!,2020-07-19 23:57:09+00:00,820,469649,25218,1587,186,135.58064516129033,0.007375684035212943,5.747057909204534
Colleen Vlogs,WE TURNED OUR BACKYARD INTO A CARNIVAL!,2020-07-21 00:06:57+00:00,1040,752991,31428,2287,253,124.22134387351778,0.00805014636629757,4.511076493610149
Colleen Vlogs,Testing An Electric Eyelash Curler!,2020-07-22 00:09:08+00:00,887,471741,23564,1648,198,119.01010101010101,0.008402648107282295,5.386430265760237
Colleen Vlogs,MAKING CUPCAKES THAT LOOK LIKE ICE CREAM!,2020-07-23 00:59:43+00:00,680,497469,24422,1423,166,147.12048192771084,0.006797150110556056,5.228667514960731
Colleen Vlogs,TEACHING MY HUSBAND ABOUT PERIODS!,2020-07-23 23:03:16+00:00,630,1036606,44362,4774,320,138.63125,0.007213380821423741,4.770954441706878
Colleen Vlogs,I want another baby!,2020-07-25 00:45:19+00:00,1247,1241125,57670,6514,689,83.7010159651669,0.011947286284029825,5.226951354617786
Colleen Vlogs,MYSTERY ICE CREAM FLAVOR TASTE TEST!,2020-07-25 20:18:03+00:00,637,627037,28629,1658,237,120.79746835443038,0.00827831918683852,4.867974298167413
Colleen Vlogs,GOING ON A FAMILY PICNIC!,2020-07-26 21:30:00+00:00,959,484135,22401,2228,181,123.76243093922652,0.00807999642873086,5.124603674594896
Colleen Vlogs,I CAN'T BELIEVE THIS HAPPENED!,2020-07-27 21:32:35+00:00,777,557718,29664,1794,245,121.07755102040817,0.008259169363538295,5.684413986997012
Colleen Vlogs,Beach Vacation and Health Update,2020-07-28 22:09:58+00:00,970,434735,23077,1810,156,147.92948717948718,0.0067599774667417775,5.760520777025084
Colleen Vlogs,TIE DYING MY MERCH!,2020-07-30 01:43:08+00:00,790,390376,26087,2797,173,150.79190751445086,0.00663165561390731,7.44333668053364
Colleen Vlogs,MY BABY REACTS TO MY FAVORITE CHILDHOOD TOYS!!!,2020-07-31 05:03:55+00:00,1034,1077930,34853,3200,352,99.01420454545455,0.010099561013399134,3.5628473091944746
Colleen Vlogs,EARTHQUAKE IN LOS ANGELES!,2020-07-31 23:07:42+00:00,988,1168605,41355,10844,363,113.92561983471074,0.00877765687341313,4.497841443430415
Colleen Vlogs,Tik Tok Is Getting Banned!,2020-08-01 22:32:19+00:00,771,470517,27800,6531,506,54.940711462450594,0.018201438848920864,7.4039832779687025
Colleen Vlogs,I AM NOT A ROLE MODEL,2020-08-02 21:13:11+00:00,795,394972,23407,1899,205,114.18048780487806,0.008758063827060281,6.458938861488915
Colleen Vlogs,REUNITED WITH ALL THE KIDS AT MY HOUSE!! :),2020-08-03 22:11:27+00:00,900,552085,29173,3101,180,162.07222222222222,0.0061700887807219,5.878442631116585
Colleen Vlogs,MAKING TIK TOK CLOUD BREAD!,2020-08-05 01:24:11+00:00,1042,1211395,41464,8916,469,88.40938166311301,0.011311016785645379,4.197557361554241
Colleen Vlogs,GETTING READY FOR CHRISTMAS!,2020-08-06 00:06:01+00:00,709,415541,24802,2646,200,124.01,0.008063865817272801,6.65349508231438
Colleen Vlogs,I DID IT!!!,2020-08-06 23:31:56+00:00,652,546893,29432,3854,357,82.44257703081233,0.01212965479749932,6.151660379635505
Colleen Vlogs,TRANSFORMING MY HOUSE INTO AN ESCAPE ROOM!,2020-08-07 22:42:25+00:00,1459,754172,29248,3348,193,151.5440414507772,0.006598741794310722,4.347681961144143
Colleen Vlogs,HE FINALLY LOVES MIRANDA SINGS!,2020-08-08 23:03:47+00:00,545,1062661,41779,2519,340,122.87941176470588,0.008138059790803993,4.2005870169320225
Colleen Vlogs,MY FAMILY CAME FOR CHRISTMAS!,2020-08-10 02:13:11+00:00,832,588200,32965,3124,267,123.46441947565543,0.00809949946913393,6.180890853451207
Colleen Vlogs,SURPRISING MY FAMILY WITH CHRISTMAS IN AUGUST!,2020-08-10 23:43:05+00:00,1436,1108553,39055,3052,379,103.04749340369393,0.00970426321853796,3.832563711432832
Colleen Vlogs,Disappointed in myself,2020-08-12 03:28:55+00:00,904,418775,25045,3146,207,120.99033816425121,0.008265122778997804,6.781207092113904
Colleen Vlogs,Venting About Something Stupid.,2020-08-13 01:02:34+00:00,945,351002,22135,3047,169,130.97633136094674,0.007634967246442286,7.222465968854879
Colleen Vlogs,a message to the teenagers,2020-08-13 23:32:16+00:00,1074,533928,34215,4303,574,59.60801393728223,0.01677626771883677,7.321586431129291
Colleen Vlogs,FINALLY REUNITED WITH JOJO!,2020-08-14 20:10:36+00:00,927,617791,29936,2020,257,116.48249027237354,0.008584981293425975,5.214222932998377
Colleen Vlogs,Turning My Baby Into Miranda Sings,2020-08-15 23:17:14+00:00,731,1282257,39107,3390,410,95.3829268292683,0.010484056562763699,3.3462090672930622
Colleen Vlogs,Leaving Los Angeles,2020-08-16 22:55:45+00:00,706,537038,29781,3595,333,89.43243243243244,0.01118162586884255,6.276837020843963
Colleen Vlogs,TESTING MORE WEIRD BOBA FLAVORS!,2020-08-17 23:04:24+00:00,1370,1014598,37209,3495,392,94.92091836734694,0.01053508559757048,4.050471221114176
Colleen Vlogs,IT'S HAPPENING!!!,2020-08-18 21:52:36+00:00,688,576155,32449,2890,227,142.94713656387665,0.006995593084532651,6.17299164287388
Colleen Vlogs,TEACHING MY BABY TO SING!,2020-08-19 21:52:30+00:00,1015,431368,25339,2183,298,85.03020134228188,0.011760527250483445,6.449249828452737
Colleen Vlogs,LIVING IN AN RV FOR A WEEK!,2020-08-20 19:43:08+00:00,645,632484,36605,3594,251,145.83665338645417,0.006856986750443928,6.395418698338615
Colleen Vlogs,OUR EPIC CAMPING TRIP! (We Forgot Toilet Paper),2020-08-21 19:30:14+00:00,1290,837577,37332,4321,295,126.54915254237288,0.007902067930997536,5.008255957362726
Colleen Vlogs,Planning Our Wedding In Santa Barbara!,2020-08-22 21:11:37+00:00,909,496776,27234,4172,224,121.58035714285714,0.00822501285158258,6.36705476915149
Colleen Vlogs,Addressing The Rumors About Me...,2020-08-23 22:27:54+00:00,860,709715,36455,2483,569,64.06854130052724,0.015608284185982719,5.566600677736838
Colleen Vlogs,Testing The Barbie Color Reveal Mystery Doll!,2020-08-24 22:39:22+00:00,841,712168,28434,2054,291,97.71134020618557,0.010234226630090736,4.321873490524707
Colleen Vlogs,Miranda Gave Me A Receding Hairline,2020-08-25 23:15:14+00:00,847,467605,23658,2175,206,114.84466019417475,0.008707413982585172,5.568588873087328
Colleen Vlogs,Reacting To My Disneyland Performances!,2020-08-27 00:07:34+00:00,1116,561405,27397,1509,219,125.10045662100457,0.00799357593897142,5.1878768447021315
Colleen Vlogs,THE CUTEST GIGGLES EVER!,2020-08-27 22:46:46+00:00,710,467831,26432,2735,244,108.32786885245902,0.009231234866828086,6.286671896475436
Colleen Vlogs,WE MADE A SLURPEE POOL IN THE BACKYARD!,2020-08-29 23:42:32+00:00,1030,773150,28681,2187,240,119.50416666666666,0.008367909068721454,4.0235400633770935
Colleen Vlogs,MY HUSBAND GAVE ME A HAIRCUT!,2020-08-30 22:52:50+00:00,556,588520,30301,1616,320,94.690625,0.010560707567407016,5.47763882280976
Colleen Vlogs,Taking A Break From The Vlogs?,2020-08-31 21:27:11+00:00,1121,429574,26371,2693,243,108.52263374485597,0.009214667627317888,6.82234027199039
Colleen Vlogs,My College Boyfriend Deleted My Miranda Videos!,2020-09-01 23:09:02+00:00,841,507638,27747,1981,230,120.63913043478261,0.008289184416333297,5.901449458078394
Colleen Vlogs,THE BEST DAY OF HIS LIFE!,2020-09-02 21:28:47+00:00,779,381036,22235,1412,137,162.2992700729927,0.0061614571621317745,6.2419298963877425
Colleen Vlogs,TESTING EVERY FALL STARBUCKS DRINK!,2020-09-03 23:07:03+00:00,956,889001,33116,2668,278,119.12230215827338,0.008394733663485929,4.05646337855638
Colleen Vlogs,MAKING EDIBLE PLAY-DOH!,2020-09-04 23:50:23+00:00,798,1341827,34549,1997,504,68.54960317460318,0.014587976497148977,2.7611607159492246
Colleen Vlogs,Feeling Pressure To Get Pregnant,2020-09-05 20:45:16+00:00,832,553709,30940,2693,321,96.38629283489097,0.01037491919844861,6.132101880229507
Colleen Vlogs,"Making Pizza, Melting Cactus, and Breastfeeding",2020-09-06 21:41:44+00:00,977,462250,23991,2762,211,113.70142180094787,0.008794964778458588,5.833207138994051
Colleen Vlogs,California Heat Wave and FIRES by my house!,2020-09-07 21:15:08+00:00,526,400571,22525,1432,198,113.76262626262626,0.00879023307436182,6.0301419723344925
Colleen Vlogs,WE ALMOST SET THE HOUSE ON FIRE!,2020-09-08 22:46:54+00:00,758,483115,24209,1436,185,130.85945945945946,0.007641786112602751,5.3465530981236356
Colleen Vlogs,I GOT BANGS!,2020-09-09 23:43:51+00:00,1168,782665,39397,5047,512,76.947265625,0.012995913394420895,5.743964531440655
Colleen Vlogs,You Guys Were Right...,2020-09-10 23:13:07+00:00,792,610145,31618,2673,316,100.05696202531645,0.009994307040293504,5.671930442763606
Colleen Vlogs,I need to be better for him.,2020-09-11 23:12:16+00:00,1023,425866,23702,3519,302,78.48344370860927,0.012741540798244874,6.462831031357282
Colleen Vlogs,FALL CRAFTS AND COOKIES WITH FLYNN!,2020-09-13 00:00:24+00:00,1182,493027,26042,2862,180,144.67777777777778,0.006911911527532447,5.8990684080182225
Colleen Vlogs,READING MY OLD DIARIES!,2020-09-13 21:55:19+00:00,581,344552,19622,1307,181,108.40883977900552,0.009224340026500867,6.126796535791405
Colleen Vlogs,TRYING THE CHARLI D'AMELIO DUNKIN DONUTS DRINK!,2020-09-14 23:51:18+00:00,997,525248,27482,6518,632,43.484177215189874,0.022996870678989884,6.593456805166322
Colleen Vlogs,Stop leaving comments like this,2020-09-15 23:08:53+00:00,879,454374,26008,2338,197,132.0203045685279,0.007574592433097508,6.2818295060896965
Colleen Vlogs,TRYING WEIRD TIKTOK FOOD COMBINATIONS,2020-09-16 23:47:29+00:00,1174,1243216,37543,2577,425,88.3364705882353,0.011320352662280585,3.261299725872254
Colleen Vlogs,I'm struggling,2020-09-17 23:48:39+00:00,930,505020,31059,4381,427,72.73770491803279,0.013748027946810909,7.1020949665359785
Colleen Vlogs,TRYING MORE JOLLIBEE!,2020-09-18 23:10:36+00:00,990,636559,27847,3166,321,86.75077881619937,0.011527274033109491,4.922403107960141
Colleen Vlogs,Earthquake Caught On Camera!,2020-09-19 23:50:58+00:00,885,2595096,73262,4001,909,80.5962596259626,0.01240752368212716,3.0122970402636358
Colleen Vlogs,I CAN'T BELIEVE I DID THAT!,2020-09-20 20:32:34+00:00,642,405560,25458,1978,358,71.11173184357541,0.014062377248801949,6.8532399644935404
Colleen Vlogs,My Genius Baby Scientist!!!,2020-09-21 21:11:39+00:00,688,369574,21610,1817,194,111.3917525773196,0.008977325312355391,6.3914128158366115
Colleen Vlogs,TURNING MY HOUSE INTO A HAWAIIAN VACATION!!!,2020-09-22 23:32:19+00:00,917,610665,26445,1656,233,113.49785407725322,0.0088107392701834,4.639859824944937
Colleen Vlogs,I Don't Trust You Anymore.,2020-09-24 00:58:01+00:00,859,504212,29389,2835,334,87.99101796407186,0.011364796352376739,6.457204509214379
Colleen Vlogs,I'm So Stressed :(,2020-09-24 20:37:51+00:00,561,331044,20170,1565,182,110.82417582417582,0.0090233019335647,6.620570075277002
Colleen Vlogs,HIS BIG BIRTHDAY SURPRISE!,2020-09-26 00:00:06+00:00,868,457381,27319,1644,148,184.58783783783784,0.005417475017387166,6.364715630951001
Colleen Vlogs,I CAN'T BELIEVE IT'S ACTUALLY HAPPENING!,2020-09-26 21:50:16+00:00,485,349913,21141,1278,123,171.8780487804878,0.005818078615013481,6.442172768659639
Colleen Vlogs,TOUR OF OUR RV!,2020-09-27 20:42:58+00:00,690,458596,25048,1407,170,147.34117647058824,0.006786969019482594,5.805763678706312
Colleen Vlogs,CAMPING IN HAUNTED WOODS!,2020-09-28 19:13:46+00:00,693,480333,27989,1673,200,139.945,0.007145664368144628,6.21693699995628
Colleen Vlogs,Embarrassing Period Disaster While Camping!,2020-09-30 19:28:47+00:00,667,662416,30216,1654,224,134.89285714285714,0.007413290971670638,4.8449916668679505
Colleen Vlogs,I Pooped In My Kid's Diaper (I Wish This was Clickbait.),2020-10-01 16:50:29+00:00,885,793445,32478,2688,1132,28.690812720848058,0.03485436295338383,4.574734228585473
Colleen Vlogs,Family Urgent Matter Stops The Camping Trip,2020-10-02 19:00:02+00:00,704,450319,23718,869,232,102.23275862068965,0.009781600472215195,5.511426344435833
Colleen Vlogs,HE LEFT ME ALONE IN THE WOODS AT NIGHT!,2020-10-03 20:40:44+00:00,773,390659,22167,1184,166,133.53614457831324,0.007488609193846709,6.019828034167906
Colleen Vlogs,HE GOT THE JOB!!!,2020-10-04 22:52:28+00:00,635,383285,23815,1380,177,134.54802259887006,0.007432290573168171,6.619617256088811
Colleen Vlogs,Hard To Say Goodbye.,2020-10-05 18:00:05+00:00,945,344576,20779,1402,197,105.4771573604061,0.00948072573271091,6.494358283803864
Colleen Vlogs,Let's Talk About This Cult...,2020-10-05 23:36:53+00:00,713,371223,21071,2169,179,117.71508379888269,0.008495088035688861,6.308606955926761
Colleen Vlogs,I'm afraid of men.,2020-10-07 00:52:14+00:00,876,433049,33743,6647,1339,25.20014936519791,0.0396823044779658,9.636091989590092
Colleen Vlogs,TESTING TIKTOK BEAUTY HACKS!,2020-10-07 21:20:19+00:00,743,411840,22435,1452,192,116.84895833333333,0.008558056607978605,5.846688034188034
Colleen Vlogs,HIS HILARIOUS HICCUPS!,2020-10-08 22:04:12+00:00,1002,409912,22080,1292,381,57.95275590551181,0.017255434782608697,5.7946583656980035
Colleen Vlogs,My Body Before and After Quarantine,2020-10-10 04:26:44+00:00,963,498167,28607,3359,440,65.01590909090909,0.015380850840703324,6.505047504150214
Colleen Vlogs,I'M NOT PREGNANT but I took a pregnancy test,2020-10-11 00:00:00+00:00,842,516140,25899,2623,305,84.91475409836066,0.011776516467817291,5.5851125663579655
Colleen Vlogs,Testing The Color Changing Barbie with Flynn!,2020-10-11 23:36:11+00:00,1003,872984,30600,1944,290,105.51724137931035,0.009477124183006535,3.7611227697185745
Colleen Vlogs,PLEASE HELP ME UNDERSTAND!,2020-10-12 21:02:59+00:00,596,337874,19108,9816,167,114.41916167664671,0.008739794850324471,8.61001438406033
Colleen Vlogs,MAKING CHOCOLATE CAKE WITH ONLY 2 INGREDIENTS!,2020-10-14 02:31:27+00:00,680,459858,22764,1419,199,114.39195979899498,0.008741873133017044,5.302071509031048
Colleen Vlogs,BABY'S FIRST PUMPKIN!,2020-10-14 22:55:10+00:00,839,416881,22455,1493,339,66.23893805309734,0.01509686038744155,5.825883165699564
Colleen Vlogs,WORLD'S BEST PIZZA RECIPE!,2020-10-15 21:34:14+00:00,614,344079,19412,1030,136,142.73529411764707,0.007005975685143211,5.980603291685921
Colleen Vlogs,Taking A Break From The Vlogs,2020-10-17 00:00:11+00:00,990,363089,24514,4386,481,50.96465696465697,0.01962144080933344,8.091955415889768
Colleen Vlogs,REUNITED WITH HIS BEST FRIEND!,2020-10-19 19:59:39+00:00,963,373801,21436,1428,153,140.1045751633987,0.007137525657771973,6.157554420667681
Colleen Vlogs,SURPRISING MY HUSBAND WITH THE NEW iPHONE 12!,2020-10-20 22:44:58+00:00,924,1031192,43092,2408,411,104.84671532846716,0.009537733221943748,4.452226161568359
Colleen Vlogs,I Got Clinically Diagnosed,2020-10-21 22:27:27+00:00,792,645294,34234,2859,283,120.96819787985866,0.008266635508558743,5.79208856738169
Colleen Vlogs,FLYNN TAKES OVER THE VLOG!,2020-10-22 21:43:03+00:00,605,334616,22023,1626,113,194.89380530973452,0.005130999409708033,7.10127429650704
Colleen Vlogs,REACTING TO POSITIONS BY ARIANA GRANDE!,2020-10-24 00:48:55+00:00,806,672735,35301,1605,441,80.04761904761905,0.012492563950029744,5.551517313652479
Colleen Vlogs,Meet Our New Roommate!,2020-10-25 23:24:23+00:00,1054,477013,25211,2008,237,106.37552742616033,0.009400658442743248,5.755817975610728
Colleen Vlogs,I Was Wrong And I'm Sorry,2020-10-26 23:00:04+00:00,956,558282,27184,2727,523,51.977055449330784,0.01923925838728664,5.45136687193927
Colleen Vlogs,Fighting With My Husband,2020-10-27 23:05:28+00:00,662,449512,25789,3627,304,84.83223684210526,0.011787971615805188,6.611614372919966
Colleen Vlogs,I CAN'T BELIEVE I GET TO DO THIS!,2020-10-28 22:37:47+00:00,564,295672,18607,1158,170,109.45294117647059,0.009136346536249798,6.742268459644471
Colleen Vlogs,Trying On My Costume For Rocky Horror,2020-10-29 23:15:03+00:00,1125,463426,23975,2058,220,108.97727272727273,0.009176225234619395,5.664982111491371
Colleen Vlogs,I Don't Deserve This.,2020-10-31 02:21:47+00:00,704,276514,17030,1153,221,77.05882352941177,0.012977099236641221,6.655720867659504
Colleen Vlogs,HIS FIRST TIME TRICK OR TREATING!,2020-11-01 00:12:31+00:00,908,476451,24720,1293,192,128.75,0.007766990291262136,5.500040927608505
Colleen Vlogs,My Halloween Outfit!,2020-11-02 00:39:02+00:00,1159,498743,25521,1890,244,104.59426229508196,0.009560753888954195,5.544939979107476
Colleen Vlogs,WE FOUND MICE IN OUR HOUSE!,2020-11-02 21:27:18+00:00,912,367662,20804,4642,198,105.07070707070707,0.009517400499903865,6.974884540692266
Colleen Vlogs,UNBOXING THE NEW iPHONE 12! *Disappointing*,2020-11-04 02:30:14+00:00,839,785392,34872,2177,430,81.09767441860465,0.012330809818765772,4.772011937987655
Colleen Vlogs,I'm sad.,2020-11-04 23:12:01+00:00,627,362057,29229,4530,1222,23.9189852700491,0.041807793629614426,9.661738345067212
Colleen Vlogs,Let's Talk Pregnancy...,2020-11-05 23:13:54+00:00,1074,549925,31002,2970,355,87.32957746478873,0.011450874137152442,6.242123925989908
Colleen Vlogs,BUILDING A ROLLER COASTER AT OUR HOUSE!,2020-11-06 23:31:52+00:00,901,383773,20319,2474,305,66.61967213114754,0.01501058122939121,6.01866207367376
Colleen Vlogs,TRYING EVERY CHRISTMAS STARBUCKS DRINK!,2020-11-07 20:42:42+00:00,776,575384,27314,1558,218,125.29357798165138,0.007981255034048474,5.055754070325209
Colleen Vlogs,SURPRISING MY FAMILY WITH DISNEYLAND!,2020-11-08 22:25:25+00:00,1540,637476,32264,2699,807,39.98017348203222,0.02501239771881974,5.611191637018491
Colleen Vlogs,We Lied About Our Anniversary...,2020-11-09 23:30:00+00:00,737,407175,25511,1961,191,133.565445026178,0.007486966406648112,6.793884693313686
Colleen Vlogs,CELEBRATING MY BEST FRIEND'S BIRTHDAY!,2020-11-11 00:24:48+00:00,641,385481,23326,1495,145,160.86896551724138,0.006216239389522421,6.476583800498598
Colleen Vlogs,Explaining My Controversial Video...,2020-11-11 22:44:56+00:00,945,498581,25764,4779,323,79.76470588235294,0.012536873156342183,6.190769403567324
Colleen Vlogs,TESTING TIKTOK FOOD FROM POSTMATES!,2020-11-13 01:30:01+00:00,1029,502306,24074,1272,159,151.40880503144655,0.006604635706571405,5.077582190935406
Colleen Vlogs,CUTE TIKTOK CLOUD BREAD FROM POSTMATES!,2020-11-14 00:00:12+00:00,1049,447134,22977,970,133,172.7593984962406,0.005788397092744919,5.3854101902338005
Colleen Vlogs,HOW TO MAKE A VIRAL TIK TOK!,2020-11-14 21:18:09+00:00,779,374783,23261,14886,175,132.92,0.007523322299127295,10.225116934332668
Colleen Vlogs,Mental Health Update,2020-11-15 22:29:40+00:00,1052,312522,18663,1447,151,123.59602649006622,0.008090874993302256,6.4830635923231
Colleen Vlogs,I'm having a really hard time with this.,2020-11-16 20:58:43+00:00,1122,501422,28292,2476,336,84.20238095238095,0.011876148734624628,6.203158218027928
Colleen Vlogs,VACATION HOUSE TOUR!,2020-11-17 19:51:16+00:00,835,521025,29897,2496,226,132.28761061946904,0.007559286884971737,6.260544119763926
Colleen Vlogs,COLLEEN BALLINGER BIRTHDAY VACATION SPECIAL!,2020-11-18 22:34:23+00:00,819,334006,20909,1318,138,151.5144927536232,0.006600028695776938,6.695987497230589
Colleen Vlogs,Redecorating Flynn's Bedroom!,2020-11-20 01:06:51+00:00,785,660696,28662,1430,257,111.52529182879377,0.008966575954225106,4.593489290081974
Colleen Vlogs,I Can't Believe I'm Finally Doing This.,2020-11-20 23:22:49+00:00,1057,334491,18070,1124,150,120.46666666666667,0.008301051466519093,5.78311524076881
Colleen Vlogs,SISTERS GET A MAKEOVER!,2020-11-21 23:27:37+00:00,826,381965,20951,1741,155,135.16774193548386,0.007398214882344518,5.9814380898773445
Colleen Vlogs,I GOT A NOSE RING FOR MY BIRTHDAY!,2020-11-22 23:28:03+00:00,1202,564370,29124,2921,239,121.85774058577405,0.008206290344732867,5.720360756241473
Colleen Vlogs,Everyone is mad at me.,2020-11-24 00:20:12+00:00,1064,445453,24662,3252,328,75.1890243902439,0.01329981347822561,6.340062812462818
Colleen Vlogs,Why I won't see my family for  Thanksgiving.,2020-11-24 22:48:42+00:00,790,319992,18080,1637,224,80.71428571428571,0.012389380530973451,6.231718292957324
Colleen Vlogs,TRYING JAPANESE CHRISTMAS COKES!,2020-11-26 05:01:10+00:00,1050,389791,20342,2010,158,128.74683544303798,0.007767181201455117,5.774889620334999
Colleen Vlogs,This is heartbreaking.,2020-11-26 23:07:13+00:00,1274,616871,29049,1869,329,88.29483282674772,0.011325691073703053,5.065402653066848
Colleen Vlogs,THANKSGIVING DAY MELTDOWN!,2020-11-27 23:13:59+00:00,1048,392698,19420,1401,229,84.80349344978166,0.011791967044284243,5.360353248552323
Colleen Vlogs,TRYING TO TATTOO MY EYEBROWS AT HOME!,2020-11-29 00:19:48+00:00,766,344116,18073,1196,193,93.64248704663213,0.01067891329607702,5.655651001406502
Colleen Vlogs,PERFORMING IN TUTUS WITH MY HUSBAND,2020-11-29 23:13:31+00:00,817,370582,21622,1225,121,178.69421487603304,0.005596152067338821,6.197818566471119
Colleen Vlogs,He Doesn't Want To Leave!!!,2020-11-30 23:29:45+00:00,1025,323755,19317,1374,121,159.64462809917356,0.006263912615830616,6.428317709379005
Colleen Vlogs,What I'm Getting Flynn For His Birthday!,2020-12-01 22:30:04+00:00,1023,339413,18838,1973,157,119.98726114649682,0.008334218069858797,6.177724483151795
Colleen Vlogs,Trying To Adopt A Dog For Flynn,2020-12-03 00:26:42+00:00,770,453038,23720,1714,297,79.86531986531986,0.012521079258010118,5.6796560111955285
Colleen Vlogs,I'VE BEEN DREADING THIS DAY! :(,2020-12-04 03:47:24+00:00,848,466749,25916,2503,185,140.08648648648648,0.007138447291248649,6.1283473558593595
Colleen Vlogs,My Therapist Told Me I'm A Bad Mom.,2020-12-05 00:10:36+00:00,1568,755135,32311,4608,431,74.96751740139212,0.013339110519637275,4.946135459222523
Colleen Vlogs,HIS FIRST MIRANDA IMPRESSION!,2020-12-05 21:46:52+00:00,1332,815068,33643,2384,279,120.584229390681,0.008292958416312458,4.454352274902217
Colleen Vlogs,This Is How I Spent My Entire Day...,2020-12-06 21:49:52+00:00,792,274369,16176,1027,179,90.36871508379889,0.011065776458951532,6.335263823536915
Colleen Vlogs,My Anxiety Attack Last Night,2020-12-08 00:28:58+00:00,1188,303198,19465,3438,185,105.21621621621621,0.009504238376573337,7.614825955316327
Colleen Vlogs,THIS CHRISTMAS PRODUCT IS LIFE CHANGING!!!,2020-12-08 23:30:54+00:00,833,321486,18354,1353,131,140.10687022900763,0.007137408739239403,6.170719720298862
Colleen Vlogs,MY FAVORITE NEWBORN AND POSTPARTUM PRODUCTS!,2020-12-10 00:21:19+00:00,1384,415910,19845,1707,218,91.03211009174312,0.010985134794658603,5.234305498785795
Colleen Vlogs,PICKING OUT OUR CHRISTMAS TREE!,2020-12-10 22:15:09+00:00,1023,336949,17960,1896,117,153.5042735042735,0.006514476614699332,5.927603287144345
Colleen Vlogs,MY SON'S BIRTHDAY PARTY! HE'S 2!,2020-12-12 04:57:01+00:00,1402,953051,37364,3052,240,155.68333333333334,0.006423295150412162,4.265878741011761
Colleen Vlogs,TESTING EVERY WEIRD TACO BELL DRINK!,2020-12-12 22:07:11+00:00,744,434080,20514,1544,189,108.53968253968254,0.00921322023983621,5.1250921489126435
Colleen Vlogs,LEAKING OUR PRIVATE TEXT MESSAGES!,2020-12-14 00:31:33+00:00,661,337695,20061,2340,133,150.8345864661654,0.006629779173520762,6.672885295903108
Colleen Vlogs,My College Ex-Boyfriend Broke Up With Me With A Song,2020-12-15 00:13:35+00:00,1311,345938,18830,1790,209,90.09569377990431,0.011099309612320765,6.02102110782857
Colleen Vlogs,I lied about Broadway.,2020-12-15 23:41:58+00:00,1248,515150,24889,3380,366,68.00273224043715,0.0147052914942344,5.558575172279919
Colleen Vlogs,I PERMED MY HAIR!,2020-12-17 01:08:01+00:00,1296,614213,26884,4500,371,72.46361185983828,0.013800029757476566,5.170030591993331
Colleen Vlogs,PHOTOBOOTH WITH MY 2 YEAR OLD!,2020-12-17 21:38:36+00:00,976,356765,20671,1417,140,147.65,0.006772773450728073,6.230431796841058
Colleen Vlogs,Ariana Sent Me A Gift!,2020-12-18 23:59:50+00:00,1258,664242,30357,1792,282,107.64893617021276,0.009289455479790492,4.882407315406132
Colleen Vlogs,Getting Botox.,2020-12-19 21:53:51+00:00,873,365664,20123,2531,249,80.81526104417671,0.01237390051185211,6.263400280038506
Colleen Vlogs,Reacting To My Husband's Audition For Haters Back Off!,2020-12-20 21:50:15+00:00,728,830836,34547,1348,212,162.95754716981133,0.006136567574608505,4.345863684289077
Colleen Vlogs,Making Miniature Holiday Donuts!,2020-12-21 23:16:23+00:00,1115,338325,19217,1942,297,64.70370370370371,0.015455065827132226,6.34183107958324
Colleen Vlogs,Hilarious Potty Training Story,2020-12-23 00:30:07+00:00,837,373142,20925,1346,161,129.9689440993789,0.007694145758661888,6.011652400426647
Colleen Vlogs,The Truth About Labor Pain...,2020-12-23 22:54:03+00:00,1002,252732,15452,1371,164,94.21951219512195,0.010613512813875226,6.7213490970672485
Colleen Vlogs,CHRISTMAS CRAFTS WITH MY TODDLER!,2020-12-24 21:20:52+00:00,902,226771,14788,875,79,187.18987341772151,0.005342169326480931,6.941804728117792
Colleen Vlogs,Colleen Ballinger Christmas Eve Special!,2020-12-25 22:28:49+00:00,957,397168,19369,1087,159,121.81761006289308,0.008208993752904126,5.19049873101559
Colleen Vlogs,COLLEEN BALLINGER EPIC CHRISTMAS SPECIAL 2020!,2020-12-27 00:42:46+00:00,1673,1347876,36060,2633,374,96.41711229946524,0.010371602884082086,2.898412020096804
Colleen Vlogs,HE PUT A SCREWDRIVER INTO HIS IPAD!,2020-12-27 21:51:35+00:00,953,335027,18923,1731,156,121.30128205128206,0.00824393595095915,6.211439675011268
Colleen Vlogs,I TOOK A BUNCH OF PREGNANCY TESTS! (I'm Not Pregnant!),2020-12-28 23:40:12+00:00,1213,523889,28558,2528,326,87.60122699386503,0.011415365221654178,5.995926618043135
Colleen Vlogs,I need to explain some things...,2020-12-30 00:29:55+00:00,781,361128,20217,1962,225,89.85333333333334,0.01112924766285799,6.203894464012761
Colleen Vlogs,Reacting To When LockDown Started In March!,2020-12-31 01:09:44+00:00,870,424261,25444,2002,192,132.52083333333334,0.0075459833359534665,6.5143861915189
Colleen Vlogs,MOM FREAKS OUT OVER INCREDIBLE RARE SHOPKINS!,2020-12-31 20:28:04+00:00,764,546708,22305,1084,171,130.43859649122808,0.007666442501681237,4.309430262589902
Colleen Vlogs,PERFORMING IN MY UNDERWEAR,2021-01-02 00:38:00+00:00,926,310246,17399,1458,201,86.56218905472637,0.011552388068279787,6.142867273067179
Colleen Vlogs,My Best and WORST moments of 2020,2021-01-02 22:46:50+00:00,785,279105,19088,1248,113,168.9203539823009,0.005919949706621961,7.326633345873416
Colleen Vlogs,PLEASE STOP DOING THIS!!!,2021-01-03 23:35:50+00:00,1119,361619,23164,4546,382,60.638743455497384,0.016491106890001727,7.768397125151057
Colleen Vlogs,Problematic Social Media Influencers.,2021-01-05 05:13:56+00:00,888,319172,20200,1650,251,80.4780876494024,0.012425742574257426,6.924479590941561
Colleen Vlogs,How My Kid REALLY Feels About Miranda Sings,2021-01-05 23:46:48+00:00,1316,1285183,37956,2086,415,91.46024096385543,0.01093371271999157,3.147956361078539
Colleen Vlogs,CAN'T BELIEVE WE FOUND THIS AT THE BEACH!,2021-01-06 23:53:20+00:00,1414,416288,20318,6169,176,115.44318181818181,0.008662269908455556,6.404940810208318
Colleen Vlogs,My Feelings On Everything Going On,2021-01-07 22:59:48+00:00,1053,283404,19258,3122,695,27.70935251798561,0.03608889812026171,8.142086914793015
Colleen Vlogs,Toddler Starts A Podcast!,2021-01-08 23:34:12+00:00,850,319929,18822,1181,143,131.62237762237763,0.00759749229624907,6.297022151789928
Colleen Vlogs,My Awful Disneyland Date With A Jerk,2021-01-10 00:30:30+00:00,1290,352854,18303,1313,151,121.21192052980132,0.008250013658963011,5.602033702324475
Colleen Vlogs,STOP SAYING THIS TO ME!,2021-01-10 23:44:59+00:00,1325,377617,21084,2382,291,72.45360824742268,0.013801935116676153,6.291295148258685
Colleen Vlogs,How To Make Boba At Home!,2021-01-11 23:04:10+00:00,1443,813316,26345,1486,239,110.23012552301255,0.009071930157525146,3.451303060557028
Colleen Vlogs,REUNITED WITH HIS BEST FRIENDS!,2021-01-12 23:19:50+00:00,1083,413956,19030,1745,172,110.63953488372093,0.009038360483447189,5.060199634743789
Colleen Vlogs,I Think My Brain Is Broken.,2021-01-14 01:20:43+00:00,1152,326969,16144,3005,163,99.04294478527608,0.010096630327056492,5.906370328685594
Colleen Vlogs,TRYING WEIRD KOREAN CORN DOG FLAVORS!,2021-01-14 23:06:45+00:00,1050,926832,29623,1896,301,98.41528239202658,0.010161023529014617,3.433200407409326
Colleen Vlogs,What It Was Really Like Working With Netflix,2021-01-16 00:00:15+00:00,1301,400437,18582,1109,184,100.98913043478261,0.00990205575287913,4.963327564635636
Colleen Vlogs,REACTING TO MY HIGH SCHOOL TALENT SHOW PERFORMANCE!,2021-01-17 00:12:19+00:00,956,290804,16330,1139,109,149.8165137614679,0.006674831598285364,6.044621119379376
Colleen Vlogs,My Daily Routine With A Toddler In Quarantine,2021-01-17 23:47:40+00:00,1580,911290,23282,1745,226,103.01769911504425,0.00970706983936088,2.7711266446466
Colleen Vlogs,Why I HATE Apple Products,2021-01-18 22:15:39+00:00,1082,425568,24561,3863,352,69.77556818181819,0.014331664020194618,6.761786600496277
Colleen Vlogs,What Toddlers Talk About When They're Alone,2021-01-20 01:41:34+00:00,760,565745,26584,1523,203,130.95566502463055,0.007636172133614204,5.004021246321223
Colleen Vlogs,Sleeping In Bed With My Brother & His Wife,2021-01-21 00:01:13+00:00,1061,395073,20075,1301,220,91.25,0.010958904109589041,5.466331538728285
Colleen Vlogs,Feeling Overwhelmed and Emotional,2021-01-22 03:32:22+00:00,952,250654,16636,1612,568,29.288732394366196,0.034142822793940854,7.50676230979757
Colleen Vlogs,Fighting With My Husband,2021-01-23 01:04:53+00:00,971,418719,20516,1315,262,78.30534351145039,0.012770520569311756,5.2763309044968105
Colleen Vlogs,How To Make Delicious Cinnamon Bread At Home!,2021-01-24 01:12:41+00:00,531,315988,18011,940,110,163.73636363636365,0.006107378824051968,6.0321910958644
Colleen Vlogs,So Proud Of JoJo!,2021-01-24 23:47:00+00:00,1494,941825,51735,5331,1092,47.37637362637363,0.021107567410843724,6.175032516656492
Colleen Vlogs,MY NEW HAIR!,2021-01-25 23:54:36+00:00,987,557898,26154,4127,320,81.73125,0.012235222145752084,5.4850528232759395
Colleen Vlogs,Responding To My Hate Comments On TikTok,2021-01-27 01:48:56+00:00,1053,483433,25069,2315,327,76.66360856269114,0.01304399856396346,5.73212834043187
Colleen Vlogs,MYSTERY SECRET CRUSH MINI DOLL UNBOXING!,2021-01-28 01:04:56+00:00,955,307031,16545,2010,146,113.32191780821918,0.008824418253248716,6.0909159010002245
Colleen Vlogs,Thought I Was Pregnant Cuz Of A Bad Pregnancy test! (I'M NOT PREGNANT),2021-01-28 22:54:06+00:00,1326,550690,25638,3199,307,83.51140065146579,0.011974412980731727,5.292269698015217
Colleen Vlogs,Our Cute Date Night Got Ruined,2021-01-29 23:16:27+00:00,940,299272,16998,2232,148,114.85135135135135,0.008706906694905283,6.475046111898207
Colleen Vlogs,I GOT TIPSYYYY!,2021-01-30 23:55:52+00:00,915,343594,19316,1309,149,129.63758389261744,0.007713812383516256,6.046089279789519
Colleen Vlogs,I'm really sad.,2021-01-31 22:35:19+00:00,1061,468031,32748,5706,673,48.65973254086181,0.02055087333577623,8.359916330328547
Colleen Vlogs,Buying Weird Stuff On Amazon From Fans,2021-02-01 22:18:54+00:00,803,332213,19082,1380,193,98.87046632124353,0.010114243789959124,6.217396670208571
Colleen Vlogs,MAKING THE VIRAL TIKTOK PASTA!,2021-02-03 00:34:04+00:00,1157,881321,34058,2830,562,60.60142348754449,0.016501262552116976,4.249303034876055
Colleen Vlogs,HE SAVED DAISY!,2021-02-04 01:00:07+00:00,719,507066,23916,1451,191,125.21465968586388,0.007986285331995318,5.040369498250721
Colleen Vlogs,"if you like this, I don't trust you.",2021-02-05 00:00:25+00:00,757,314327,19136,2397,244,78.42622950819673,0.012750836120401338,6.928135349492726
Colleen Vlogs,YOGA WITH MY TODDLER! (and taking a break),2021-02-05 23:46:02+00:00,809,369309,22880,3144,153,149.54248366013073,0.006687062937062937,7.088102374975969
Colleen Vlogs,My Miscarriage,2021-02-08 17:00:16+00:00,599,3413015,230379,31015,2303,100.0343030829353,0.009996570868004461,7.726218607301755
Colleen Vlogs,a rough night.,2021-02-10 02:50:56+00:00,1484,1206039,62677,5863,384,163.22135416666666,0.006126649329099989,5.714906400207622
Colleen Vlogs,KORY FINDS SEXY PHOTOS ON MY COMPUTER!,2021-02-10 23:42:52+00:00,1234,436239,23975,3123,139,172.4820143884892,0.005797705943691345,6.243595827058104
Colleen Vlogs,My Cat Ate My Underwear...,2021-02-12 00:56:30+00:00,1000,339769,22017,2468,161,136.75155279503105,0.007312531225870918,7.25375181373227
Colleen Vlogs,MY LITTLE HELPER! 🥰,2021-02-13 01:02:44+00:00,698,296065,18208,1053,97,187.71134020618555,0.005327328646748682,6.538429061185888
Colleen Vlogs,The Last Few Weeks Have Been Overwhelming,2021-02-14 01:59:52+00:00,604,282315,17646,1309,131,134.70229007633588,0.007423778760058937,6.760533446681897
Colleen Vlogs,Feeling Like A Bad Mom.,2021-02-15 02:58:02+00:00,895,333943,19924,1723,178,111.93258426966293,0.00893394900622365,6.535546485478061
Colleen Vlogs,TRYING THE FAMOUS TIKTOK BUTT LEGGINGS,2021-02-15 22:29:05+00:00,1099,612618,27862,1605,249,111.89558232931726,0.008936903309166607,4.850657342748662
Colleen Vlogs,I CUT CURTAIN BANGS AND I REGRET IT!!!,2021-02-16 22:45:19+00:00,1270,765985,34546,11006,415,83.24337349397591,0.012012968216291322,6.001031351788874
Colleen Vlogs,EXPLODING VIRAL TIKTOK CANDY,2021-02-18 00:45:03+00:00,1022,635361,27737,3376,239,116.05439330543933,0.008616649241085914,4.9345175419958105
Colleen Vlogs,OMG! DEEP FRIED OREOS IN THE AIR FRYER!!!,2021-02-19 01:00:03+00:00,765,426423,22506,2735,180,125.03333333333333,0.007997867235403893,5.961451422648404
Colleen Vlogs,Revealing My Childhood Secrets,2021-02-20 06:04:00+00:00,1395,375041,18244,2000,259,70.44015444015444,0.01419644814733611,5.466868955660847
Colleen Vlogs,Question For The LGBTQ+ Community,2021-02-21 01:42:31+00:00,1321,488883,28435,5816,635,44.77952755905512,0.022331633550202217,7.135858681934123
Colleen Vlogs,MAKING MY CHILDHOOD DREAMS COME TRUE!,2021-02-21 22:19:35+00:00,799,390400,21593,1873,143,151.0,0.006622516556291391,6.047387295081967
Colleen Vlogs,STEAMY NOODS IN THE WOODS!,2021-02-22 22:33:37+00:00,1156,403316,23701,1619,185,128.1135135135135,0.007805577823720518,6.323825486715132
Colleen Vlogs,SLEEPING IN A HAUNTED MIRROR CABIN IN THE WOODS!,2021-02-23 22:31:12+00:00,1027,491853,24998,2154,163,153.36196319018404,0.006520521641731339,5.553488542308373
Colleen Vlogs,All My Videos Got Deleted!,2021-02-24 22:35:45+00:00,877,361177,20863,1326,171,122.00584795321637,0.008196328428318075,6.190870404261623
Colleen Vlogs,I Hate This About Myself. Advice?,2021-02-25 22:08:56+00:00,1207,271552,15692,2849,175,89.66857142857143,0.011152179454499108,6.892234268206458
Colleen Vlogs,I FAILED MY HEARING TEST! :(,2021-02-27 00:45:00+00:00,1061,355154,18145,7265,163,111.31901840490798,0.008983190961697437,7.2005383580080755
Colleen Vlogs,Trying The New Charli D'amelio Dunkin' Donuts Drink!,2021-02-27 22:02:17+00:00,926,359605,18435,1372,188,98.05851063829788,0.010197992948196366,5.560267515746444
Colleen Vlogs,Flynn Freaks Out over Turtles!,2021-02-28 22:19:48+00:00,923,260610,16441,2267,92,178.70652173913044,0.005595766680858829,7.213844441886344
Colleen Vlogs,Baby's First Coffee!,2021-03-02 00:00:09+00:00,681,442589,25212,6640,193,130.6321243523316,0.00765508488021577,7.240351658084589
Colleen Vlogs,Miranda Sings is Not For Kids,2021-03-03 00:59:54+00:00,1457,424495,25378,5553,154,164.7922077922078,0.006068248088895894,7.322818878903167
Colleen Vlogs,TRYING THE VIRAL TIKTOK NOODLES!,2021-03-04 01:00:05+00:00,788,525271,24111,1474,143,168.6083916083916,0.00593090290738667,4.898043105368467
Colleen Vlogs,Thank You.,2021-03-04 22:26:36+00:00,1249,408520,23149,2832,125,185.192,0.005399801287312627,6.390384803681583
Colleen Vlogs,TIE DYE DISASTER!!!,2021-03-06 01:00:20+00:00,820,260006,15049,1321,138,109.05072463768116,0.009170044521230646,6.349084251901879
Colleen Vlogs,Flynn Reacts To Miranda!,2021-03-07 05:05:40+00:00,651,847665,35509,4324,229,155.06113537117903,0.006449069250049283,4.7261595087682045
Colleen Vlogs,Dating Jesus Christ,2021-03-08 04:50:34+00:00,1570,327869,16824,3931,312,53.92307692307692,0.018544935805991442,6.425432108555551
Colleen Vlogs,I'M FRIENDS WITH LIZZO!,2021-03-09 00:00:15+00:00,1042,379556,19970,1817,181,110.33149171270718,0.009063595393089634,5.787815236750308
Colleen Vlogs,My Professor made me talk about my Sex Life,2021-03-09 22:16:04+00:00,947,309223,17014,1300,194,87.70103092783505,0.011402374515105208,5.985324506909253
Colleen Vlogs,TRYING BOBA ICE CREAM!!!,2021-03-10 21:43:42+00:00,906,387578,19196,1311,147,130.58503401360545,0.007657845384455094,5.328991841642199
Colleen Vlogs,REACTING TO MY FIRST YOUTUBE VIDEOS! *Cringe*,2021-03-11 23:33:10+00:00,948,462434,21262,2428,143,148.6853146853147,0.006725613771046938,5.153816544631233
Colleen Vlogs,Giving My Niece A Voice Lesson!,2021-03-13 03:23:25+00:00,1016,583311,26340,1476,168,156.78571428571428,0.006378132118451025,4.797440816305539
Colleen Vlogs,SURPRISING MY FAMILY WITH A PRIVATE CARNIVAL!,2021-03-16 00:59:51+00:00,1757,789131,22048,1901,155,142.24516129032259,0.00703011611030479,3.0544991896149054
Colleen Vlogs,Bad News.,2021-03-16 22:28:59+00:00,932,560973,25992,5058,600,43.32,0.023084025854108958,5.641982769224187
Colleen Vlogs,Not being a good role model.,2021-03-17 23:15:01+00:00,1362,293876,17732,4349,531,33.39359698681733,0.029945860591021882,7.6944017204535236
Colleen Vlogs,American Tries Beans On Toast!,2021-03-18 21:04:20+00:00,1194,372163,18989,3075,426,44.575117370892016,0.022434040760440255,6.0430510287159125
Colleen Vlogs,HE LOVES HIS GLASSES!,2021-03-19 21:48:17+00:00,891,325565,17742,2786,120,147.85,0.006763611768684477,6.342205089613441
Colleen Vlogs,An Unedited Boring Vlog,2021-03-20 22:21:37+00:00,1161,257262,17396,3129,170,102.32941176470588,0.009772361462405151,8.044328350086683
Colleen Vlogs,I'm Disappointed.,2021-03-23 00:25:56+00:00,889,352018,18362,2153,298,61.61744966442953,0.016229168935845768,5.912481748092427
Colleen Vlogs,MAKING TIK TOK COLORFUL FOAM!,2021-03-23 21:14:37+00:00,1085,367329,17390,1724,131,132.74809160305344,0.00753306497987349,5.239172512924381
Colleen Vlogs,Watching Haters Back Off Stunt Rehearsal Clips,2021-03-24 23:30:06+00:00,988,450354,19913,1091,119,167.3361344537815,0.005975995580776377,4.6903102892391315
Colleen Vlogs,Reading Our Old Emails!!!,2021-03-25 21:46:40+00:00,1134,395964,18676,2354,157,118.95541401273886,0.008406511030199185,5.350738956066714
Colleen Vlogs,A GOAT BIT ME ON VACATION!,2021-03-27 19:20:54+00:00,871,268152,16133,1112,96,168.05208333333334,0.005950536168102647,6.466854619767892
Colleen Vlogs,LIVING ON A FARM WITH A 2 YEAR OLD!,2021-03-28 21:47:02+00:00,1176,298908,16913,1796,98,172.58163265306123,0.0057943593685330815,6.291902525191698
Colleen Vlogs,My Therapist Ghosted Me,2021-03-29 23:30:06+00:00,1249,349540,16916,1307,180,93.97777777777777,0.010640813431071176,5.264919608628483
Colleen Vlogs,I need advice from Moms who have experienced this.,2021-03-30 21:18:58+00:00,1214,408796,21512,3874,199,108.10050251256281,0.009250650799553737,6.258622882807073
Colleen Vlogs,TRYING WEIRD 7/11 SNACKS AND CANDY!,2021-03-31 21:58:21+00:00,844,1191529,32741,1909,324,101.05246913580247,0.009895849241012798,2.935220208656273
Colleen Vlogs,The Drama With My Sister,2021-04-01 23:29:46+00:00,832,428284,20052,1061,260,77.12307692307692,0.012966287652104528,4.990380214997526
Colleen Vlogs,TRYING THAT VIRAL TIKTOK MAKEUP!,2021-04-03 01:42:48+00:00,1079,459932,20690,2008,152,136.1184210526316,0.0073465442242629285,4.968125722932956
Colleen Vlogs,MY CATERPILLARS MADE CACOONS!,2021-04-04 20:36:07+00:00,616,276651,16708,1109,118,141.59322033898306,0.007062485037107972,6.482897224300653
Colleen Vlogs,Colleen Ballinger's Easter Special 2021!,2021-04-06 00:45:01+00:00,736,382097,21311,1371,115,185.31304347826088,0.005396274224578856,5.9662860477836785
Colleen Vlogs,I'm Getting Vaccinated!,2021-04-07 00:26:34+00:00,1274,301416,18731,2698,539,34.75139146567718,0.02877582617051946,7.288266050906389
Colleen Vlogs,OMG! I GOT VACCINATED!,2021-04-08 00:00:14+00:00,824,342674,19568,1576,436,44.88073394495413,0.022281275551921505,6.297530597594216
Colleen Vlogs,Getting Flynn A Pet!!!,2021-04-08 20:25:32+00:00,844,471159,22236,6494,224,99.26785714285714,0.010073754272351142,6.145271553764228
Colleen Vlogs,Giving Myself Acupuncture At Home!,2021-04-10 16:00:02+00:00,937,396423,17461,1354,190,91.9,0.01088139281828074,4.794121430895785
Colleen Vlogs,Watch Our Caterpillars Turn Into Butterflies!,2021-04-11 20:48:09+00:00,745,295605,18373,1159,83,221.36144578313252,0.0045174985032384474,6.635544053720337
Colleen Vlogs,Trying The Lizzie McGuire Makeup Collection!,2021-04-13 00:30:02+00:00,1552,620236,18933,2106,226,83.77433628318585,0.011936829873765382,3.428533654931349
Colleen Vlogs,Tie Dying with Ice Cubes FAIL!,2021-04-13 21:57:28+00:00,921,274832,14112,924,113,124.88495575221239,0.008007369614512472,5.512094661465914
Colleen Vlogs,Doing 1920's Hair And Makeup!,2021-04-14 22:30:03+00:00,1037,289086,14177,1203,110,128.88181818181818,0.007759046342667701,5.3582670900700835
Colleen Vlogs,Reacting To My First Ultrasound!,2021-04-16 00:47:02+00:00,652,412074,18672,998,134,139.34328358208955,0.007176520994001714,4.805932914961876
Colleen Vlogs,OUR CUTE BABY POSSUM!,2021-04-17 00:58:59+00:00,800,329918,16933,1657,124,136.55645161290323,0.007322978798795252,5.672318576131039
Colleen Vlogs,WE GOT TO MEET AND FEED A GIRAFFE!,2021-04-18 23:52:01+00:00,982,254617,15401,1396,106,145.29245283018867,0.006882669956496331,6.638598365388014
Colleen Vlogs,I DROPPED MY CAMERA AND BROKE IT! :(,2021-04-19 21:00:10+00:00,619,227512,13251,1340,93,142.48387096774192,0.0070183382386235,6.454165055030065
Colleen Vlogs,Help.,2021-04-20 23:00:06+00:00,722,284354,15098,2411,144,104.84722222222223,0.009537687110875612,6.208106796457937
Colleen Vlogs,MAKING PICKLE COOKIES FROM TIKTOK!,2021-04-21 23:00:14+00:00,794,323657,15561,669,99,157.1818181818182,0.006362058993637941,5.045155828546887
Colleen Vlogs,I WROTE A SONG!,2021-04-22 23:30:02+00:00,921,256102,15546,1274,132,117.77272727272727,0.008490930142802007,6.6192376474998245
Colleen Vlogs,EXCITING NEWS!,2021-04-24 00:30:03+00:00,742,500111,21739,1757,205,106.0439024390244,0.009430056580339482,4.739147909164165
Colleen Vlogs,EATING PICKLED QUAIL EGGS! 🤢,2021-04-26 23:49:59+00:00,1043,316638,15466,871,109,141.88990825688074,0.007047717574033364,5.193943872813749
Colleen Vlogs,FLYNN FOUND A HUGE SNAKE!!! 😳,2021-04-27 23:00:54+00:00,876,265153,13868,768,102,135.9607843137255,0.007355062013267955,5.558300302089736
Colleen Vlogs,MY NEW WEDDING RING!,2021-04-28 20:19:19+00:00,1213,469646,18885,1228,191,98.87434554973822,0.010113846968493514,4.323256239806152
Colleen Vlogs,TRYING THE TIKTOK PICKLED GARLIC!,2021-04-29 23:30:02+00:00,1062,651415,24694,6748,185,133.48108108108107,0.007491698388272455,4.855123078222024
Colleen Vlogs,GETTING POSSESSED BY A GHOST!,2021-04-30 22:06:29+00:00,864,274691,15371,1153,134,114.7089552238806,0.00871771517793247,6.06426857814781
Colleen Vlogs,WE CUT OFF ALL HIS HAIR!,2021-05-03 22:30:01+00:00,536,534071,25658,1175,201,127.65174129353234,0.007833814015121988,5.061873795806176
Colleen Vlogs,I PEED IN A BUCKET IN THE WOODS!,2021-05-06 18:44:00+00:00,897,380730,15732,761,129,121.95348837209302,0.008199847444698703,4.365823549497018
Colleen Vlogs,BIG DRAMA ON OUR FAMILY VACATION!,2021-05-07 20:46:30+00:00,1584,613653,17506,944,176,99.4659090909091,0.01005369587569976,3.0352658587182004
Colleen Vlogs,His First Time In A Toy Store!!!,2021-05-09 00:09:29+00:00,802,565043,25125,1692,219,114.72602739726027,0.008716417910447761,4.784768592832758
Colleen Vlogs,REVEALING MY SECRET TALENT ON MOTHERS DAY!,2021-05-10 22:01:41+00:00,861,325147,15811,1565,143,110.56643356643356,0.009044336221617861,5.388024493536769
Colleen Vlogs,READING MY DM'S FROM CELEBRITIES!,2021-05-13 23:02:17+00:00,802,456914,20844,1057,207,100.69565217391305,0.009930915371329879,4.838547297740932
Colleen Vlogs,Finding Out I'm Pregnant!,2021-05-17 22:39:18+00:00,1313,3030014,109611,9526,1177,93.12744265080714,0.010737973378584266,3.970740729250756
Colleen Vlogs,First Trimester Nausea. I need advice!,2021-05-18 20:22:09+00:00,948,659204,36658,5913,295,124.26440677966102,0.008047356647934966,6.50269112444706
Colleen Vlogs,FLYNN IS SO EXCITED ABOUT THIS!!,2021-05-20 00:00:05+00:00,728,691328,35672,2922,177,201.5367231638418,0.004961874859834043,5.608191770042584
Colleen Vlogs,I CAN FINALLY TALK ABOUT THESE TWINS!,2021-05-21 00:00:19+00:00,938,1267903,63213,10258,566,111.68374558303887,0.008953854428677646,5.839326825474819
Colleen Vlogs,Nervous about My Twin Pregnancy,2021-05-22 00:39:21+00:00,728,1234473,56667,4534,418,135.56698564593302,0.007376427197487073,4.991522698349822
Colleen Vlogs,Flynn Takes Over The Vlog!,2021-05-25 01:30:11+00:00,1236,689099,34552,2071,157,220.0764331210191,0.004543875897198426,5.337404349737846
Colleen Vlogs,My Weird Pregnancy Symptoms Caught On Camera,2021-05-25 21:22:58+00:00,1135,682810,37362,4033,231,161.74025974025975,0.006182752529307853,6.096278613377074
Colleen Vlogs,Having an Emotional Mom Moment.,2021-05-26 21:50:43+00:00,1034,565085,32298,3516,251,128.67729083665338,0.007771379032757446,6.382225682861871
Colleen Vlogs,This is Boring. Don't watch it.,2021-05-27 22:33:53+00:00,987,463160,28771,2688,232,124.01293103448276,0.008063675228528727,6.842343898436826
Colleen Vlogs,Info On The Twins Genders!,2021-05-28 23:30:00+00:00,766,2239077,95040,5595,961,98.89698231009365,0.010111531986531986,4.537405368372772
Colleen Vlogs,Bump Update!,2021-05-31 23:15:02+00:00,877,932807,47864,2756,323,148.1857585139319,0.006748286812635802,5.461258331037396
Colleen Vlogs,Rumors About TRIPLETS!,2021-06-01 22:24:20+00:00,1027,1582513,67883,4908,561,121.00356506238859,0.00826421931853336,4.635159395215078
Colleen Vlogs,I Lied About The Twins Genders. 😬,2021-06-03 03:10:58+00:00,997,1613650,63291,5630,584,108.375,0.00922722029988466,4.307315712824962
Colleen Vlogs,"Trying on ""THE DRESS"" 3 years later!",2021-06-03 22:12:23+00:00,884,962962,45611,3280,264,172.7689393939394,0.005788077437460262,5.104562796870489
Colleen Vlogs,Is My Stomach Supposed To Look Like This?,2021-06-04 22:37:00+00:00,991,1279954,51895,5492,415,125.04819277108433,0.007996916851334425,4.515943541721031
Colleen Vlogs,TARGET HAUL!,2021-06-08 00:49:12+00:00,956,803763,40879,3114,251,162.86454183266932,0.006140071919567504,5.504607701523956
Colleen Vlogs,TOUR OF OUR BEACH HOUSE!,2021-06-08 22:40:54+00:00,864,702562,34998,2087,192,182.28125,0.005486027773015601,5.305866243833284
Colleen Vlogs,WE WANT TO MOVE!,2021-06-10 03:44:27+00:00,559,704280,36268,1771,234,154.991452991453,0.0064519686776221465,5.434344294882717
Colleen Vlogs,DRINKING BLOODY MARY'S ON THE BEACH!,2021-06-11 01:15:51+00:00,764,490427,26432,1546,161,164.17391304347825,0.0060911016949152545,5.7376531063746485
Colleen Vlogs,Making Cookies and Finding Out The Genders Soon! Yay!,2021-06-12 01:23:13+00:00,701,786105,38419,1779,199,193.0603015075377,0.005179728780030714,5.138880938297047
Colleen Vlogs,Flynn Sees The Twins For The First Time!,2021-06-14 21:46:31+00:00,1154,977571,45350,2748,250,181.4,0.005512679162072767,4.9457277271932165
Colleen Vlogs,Testing Old Wives Tales Gender Predictions,2021-06-15 21:50:54+00:00,879,995395,49040,3288,303,161.84818481848185,0.00617862969004894,5.287448701269345
Colleen Vlogs,Having A Mental Breakdown While Eating A Tangerine. lol fml,2021-06-16 23:15:04+00:00,831,587525,31815,2852,347,91.68587896253602,0.010906804966210907,5.959576188247309
Colleen Vlogs,This is what my therapist said...,2021-06-18 01:53:39+00:00,1050,510571,26901,1809,218,123.39908256880734,0.00810378796327274,5.665813373654203
Colleen Vlogs,WE BOUGHT A MINIVAN! HERE'S A TOUR!,2021-06-19 00:18:34+00:00,863,754712,39065,2024,236,165.52966101694915,0.00604121336234481,5.475598638951017
Colleen Vlogs,BUYING MY HUSBAND A CASTLE FOR FATHER'S DAY!,2021-06-21 22:32:15+00:00,983,518475,27117,1546,170,159.51176470588234,0.0062691300660102514,5.56111673658325
Colleen Vlogs,TOUR OF OUR MALIBU MANSION!,2021-06-22 22:25:58+00:00,803,520943,25112,1414,188,133.5744680851064,0.007486460656259956,5.128008246583599
Colleen Vlogs,My Son Saw A Ghost In Our House!!!,2021-06-24 02:01:44+00:00,1241,799588,34354,3299,236,145.5677966101695,0.006869651277871572,4.7385653611609975
Colleen Vlogs,I Can't Believe I Caught This On Camera!,2021-06-24 23:47:35+00:00,1359,1644349,50909,3539,462,110.1926406926407,0.009075016205386081,3.339315437294638
Colleen Vlogs,HEARING THE TWINS' HEARTBEATS AT HOME!,2021-06-25 22:54:35+00:00,850,631213,30988,3650,220,140.85454545454544,0.007099522395766103,5.522383094137795
Colleen Vlogs,HIS FIRST TIME AT TARGET!,2021-06-28 21:15:27+00:00,889,831280,36434,2123,281,129.65836298932385,0.0077125761651204916,4.672071985371957
Colleen Vlogs,FIRST TRIMESTER TWIN BUMP UPDATE!,2021-06-30 04:07:59+00:00,1401,967859,41713,4852,324,128.74382716049382,0.007767362692685733,4.844610630267425
Colleen Vlogs,Eating Ice Cream To Fix My Depression,2021-06-30 21:53:19+00:00,1197,495969,25549,3197,284,89.96126760563381,0.011115894946964655,5.853188404920469
Colleen Vlogs,SURPRISE!,2021-07-02 04:21:59+00:00,1003,1148710,49531,4007,320,154.784375,0.006460600432052654,4.6885636931862695
Colleen Vlogs,Really Sad News about The Bunnies.  :(,2021-07-03 16:00:13+00:00,535,680719,32103,2467,308,104.23051948051948,0.009594118929695044,5.123700087701386
Colleen Vlogs,Colleen's 4th Of July Full Of Farts!,2021-07-05 22:14:06+00:00,706,557688,27365,1354,223,122.71300448430493,0.008149095560021925,5.1896400854958324
Colleen Vlogs,Reacting To My Brother's Past As A Magician,2021-07-07 00:32:18+00:00,1115,454713,23100,1824,173,133.52601156069363,0.007489177489177489,5.519305583961752
Colleen Vlogs,TWIN MOMS! I NEED YOUR HELP!,2021-07-08 01:29:26+00:00,1075,512584,26376,3697,246,107.21951219512195,0.00932666060054595,5.914932967084419
Colleen Vlogs,I FELT THE BABIES KICK!,2021-07-08 21:23:20+00:00,755,726358,36729,2513,217,169.25806451612902,0.0059081379836096815,5.432445157897345
Colleen Vlogs,Going Down Memory Lane...,2021-07-09 20:54:56+00:00,777,487251,25069,2159,206,121.69417475728156,0.008217320196258327,5.630362995663426
Colleen Vlogs,struggling with pregnancy depression,2021-07-12 22:01:51+00:00,1234,612192,33097,4754,557,59.42010771992819,0.016829319877934557,6.273848727196696
Colleen Vlogs,So Maybe I Know The Twins' Genders...,2021-07-14 01:30:42+00:00,604,931419,48814,5710,276,176.86231884057972,0.005654115622567297,5.883496042060555
Colleen Vlogs,TELLING MY FAMILY THE TWINS' GENDERS!!!,2021-07-14 21:01:43+00:00,803,2251625,87040,3497,456,190.87719298245614,0.005238970588235294,4.041214678287903
Colleen Vlogs,MORE Footage Of My Mom Freaking Out At Gender Reveal,2021-07-15 21:40:08+00:00,1058,1052234,49232,4099,346,142.28901734104045,0.007027949301267468,5.101241739004822
Colleen Vlogs,I Need Your Help.,2021-07-19 22:34:25+00:00,1208,685006,36964,2252,252,146.68253968253967,0.006817443999567146,5.761701357360374
Colleen Vlogs,EUPHORIA IS FILMING IN MY BACKYARD!,2021-07-20 20:42:45+00:00,888,724272,37695,2125,229,164.6069868995633,0.006075076270062343,5.52955243333996
Colleen Vlogs,I Turned Down An SNL Audition,2021-07-21 19:45:46+00:00,823,465916,23959,1232,175,136.90857142857143,0.007304144580324722,5.444329020681839
Colleen Vlogs,PICK MY OUTFIT FOR MY LIVE SHOW!,2021-07-22 20:09:36+00:00,930,713850,32818,4638,237,138.47257383966246,0.007221646657322201,5.280240946977656
Colleen Vlogs,Shopping For The Twins!,2021-07-24 04:35:03+00:00,1211,1354893,54353,5304,428,126.99299065420561,0.007874450352326458,4.434667534631886
Colleen Vlogs,Giving you an update,2021-07-26 20:14:07+00:00,729,783087,38012,1689,282,134.79432624113474,0.0074187098810901825,5.105818382887215
Colleen Vlogs,I have nothing else to say. lol,2021-07-27 23:04:20+00:00,841,525475,27207,2487,212,128.33490566037736,0.0077921123240342555,5.691231742708978
Colleen Vlogs,McDonald's Secret Coffee and Coming Up With Twin Names!,2021-07-29 00:02:22+00:00,1029,884537,36509,5362,219,166.70776255707761,0.005998520912651675,4.758421637534664
Colleen Vlogs,Singing With Rachel Platten For My Show!,2021-07-29 22:31:56+00:00,740,426564,23821,1636,110,216.55454545454546,0.004617774232819781,5.993707860954042
Colleen Vlogs,I'M IN A NETFLIX CARTOON!,2021-07-30 20:57:27+00:00,703,472060,25157,1695,161,156.25465838509317,0.006399809198235084,5.722365800957506
Colleen Vlogs,MY HUSBAND PICKS MY OUTFIT!,2021-08-02 21:29:01+00:00,999,668423,31497,1900,206,152.89805825242718,0.006540305425913579,5.027205826250743
Colleen Vlogs,My Really Weird New Pregnancy Symptom,2021-08-03 20:42:13+00:00,786,590807,28487,2490,213,133.7417840375587,0.007477094815178853,5.27921977904798
Colleen Vlogs,Should I Stop Vlogging?,2021-08-04 21:38:19+00:00,995,549504,31783,7218,274,115.9963503649635,0.008620960891042381,7.147354705334265
Colleen Vlogs,having a hard day. (shocker.),2021-08-07 00:49:11+00:00,910,489997,26964,2379,280,96.3,0.010384215991692628,6.0455472176360265
Colleen Vlogs,I Probably Shouldn't Tell You This...,2021-08-09 22:25:11+00:00,1014,728444,33016,2429,283,116.66431095406361,0.00857160164768597,4.904700979073202
Colleen Vlogs,I Messed Up.,2021-08-10 22:29:56+00:00,1247,644635,30248,3830,266,113.71428571428571,0.008793969849246231,5.327666043575046
Colleen Vlogs,My Birth Plan!,2021-08-11 21:56:46+00:00,1102,852195,38941,2719,281,138.58007117437722,0.007216044785701446,4.921526176520632
Colleen Vlogs,Flynn Teaches Me To Cook An Egg!,2021-08-12 23:03:45+00:00,639,363596,21359,2608,112,190.70535714285714,0.0052436911840441965,6.622460093070331
Colleen Vlogs,Watching My Husband Make Out With Another Woman...,2021-08-13 22:39:28+00:00,1137,604707,30302,2684,383,79.11749347258485,0.01263942974061118,5.518209645332368
Colleen Vlogs,I Can Already Tell The Twins Apart!,2021-08-16 23:20:22+00:00,728,709180,33548,1474,201,166.90547263681592,0.005991415285560987,4.966722129783694
Colleen Vlogs,3D ULTRASOUND OF THE TWINS!,2021-08-17 21:12:02+00:00,652,744534,34168,2226,209,163.48325358851676,0.006116834464996488,4.916229480453546
Colleen Vlogs,Addressing My Comments.,2021-08-18 20:45:04+00:00,1208,539959,28763,4026,365,78.8027397260274,0.012689914125786602,6.1400958220901956
Colleen Vlogs,Feeling Jealous.,2021-08-19 21:04:02+00:00,831,747819,39627,5811,422,93.90284360189574,0.010649304766951825,6.1324999765986155
Colleen Vlogs,TRYING THE NEW MCDONALDS SAWEETIE MEAL!,2021-08-21 19:46:11+00:00,1063,684003,29872,2347,252,118.53968253968254,0.008435993572576326,4.747201401163445
Colleen Vlogs,Flynn Watches His First Movie!,2021-08-23 20:52:56+00:00,769,510564,25752,1085,150,171.68,0.005824790307548928,5.285723239397999
Colleen Vlogs,Feeling Guilty,2021-08-24 22:47:06+00:00,1213,376463,21706,1935,203,106.92610837438424,0.009352252833317977,6.333690163442357
Colleen Vlogs,TRYING EVERY STARBUCKS FALL DRINK!,2021-08-25 21:05:57+00:00,1005,537886,27870,1810,172,162.03488372093022,0.00617151058485827,5.549874880550897
Colleen Vlogs,My Husband is Mad At Me,2021-08-26 21:57:04+00:00,919,745783,35768,2785,405,88.31604938271605,0.01132297025273988,5.223771526033713
Colleen Vlogs,Filming Miranda Sings Pregnant!,2021-08-27 22:35:04+00:00,493,512644,25273,1285,175,144.41714285714286,0.0069243857080678985,5.214729910035034
Colleen Vlogs,I'M 6 MONTHS PREGNANT!,2021-08-31 21:06:00+00:00,931,716490,37658,1662,248,151.84677419354838,0.006585586064050135,5.52247763402141
Colleen Vlogs,Buying Baby Products For The Twins!,2021-09-02 00:32:34+00:00,1027,636513,29477,1593,182,161.96153846153845,0.006174305390643553,4.909876153354292
Colleen Vlogs,My Newest Pregnancy Symptom Is So Frustrating,2021-09-02 23:53:46+00:00,852,494878,27472,3854,356,77.1685393258427,0.012958648806057077,6.40198190261034
Colleen Vlogs,BALLINGER CARPOOL KARAOKE - WICKED!,2021-09-03 20:34:47+00:00,450,415169,25852,1438,206,125.49514563106796,0.007968435710970138,6.62284515462378
Colleen Vlogs,THERE IS POOP IN MY BED!!!,2021-09-03 20:41:51+00:00,839,878682,40709,1949,302,134.7980132450331,0.007418506964062001,4.889140781306548
Colleen Vlogs,I'm Already Making BreastMilk!?!,2021-09-06 21:18:56+00:00,934,659867,31754,5103,248,128.04032258064515,0.00781003968004031,5.6231028373899585
Colleen Vlogs,The Reason I Don't Sleep.,2021-09-07 22:31:55+00:00,849,434916,23481,1435,238,98.65966386554622,0.010135854520676292,5.783645577536812
Colleen Vlogs,I'M NOT TALKING ABOUT IT!,2021-09-09 16:00:05+00:00,967,477602,25933,1677,201,129.01990049751242,0.007750742297458836,5.823049317213915
Colleen Vlogs,HELP ME WITH MY HAIRCUT!,2021-09-09 23:00:22+00:00,724,430335,23703,4658,145,163.46896551724137,0.0061173691093954355,6.624141657081112
Colleen Vlogs,Bath And Body Works Fall Haul!,2021-09-10 22:41:52+00:00,918,507176,24585,1440,168,146.33928571428572,0.006833435021354485,5.164479391769326
Colleen Vlogs,"Meeting My New Baby Nephew, Teddy!",2021-09-11 21:37:32+00:00,909,805373,36078,1114,202,178.6039603960396,0.005598979987804202,4.643066007924278
Colleen Vlogs,I Fell Down The Stairs... (I'm okay!),2021-09-13 21:35:24+00:00,597,679627,33165,3487,224,148.05803571428572,0.00675410824664556,5.425917451778696
Colleen Vlogs,Behind The Scenes Of Waitress On Broadway,2021-09-14 21:58:49+00:00,918,328321,19224,816,138,139.30434782608697,0.00717852684144819,6.145814614356072
Colleen Vlogs,I CAN FEEL THE BABIES HICCUPS!,2021-09-15 21:24:30+00:00,865,510522,29565,1573,194,152.39690721649484,0.006561812954507019,6.137247758176924
Colleen Vlogs,omg I peed on the couch. lol,2021-09-17 02:13:52+00:00,828,612481,31587,2628,316,99.95886075949367,0.010004115617184286,5.637889175337684
Colleen Vlogs,Pregnancy Symptoms I've Never Talked About,2021-09-18 01:20:41+00:00,865,513638,26627,2104,219,121.58447488584476,0.008224734292259736,5.636265229597499
Colleen Vlogs,OUR TRIP IS CANCELLED! :(,2021-09-21 01:55:37+00:00,832,408436,22475,2182,267,84.17602996254682,0.011879866518353726,6.102302441508584
Colleen Vlogs,Spilling Some Tea... (lukewarm not interesting tea),2021-09-22 01:01:54+00:00,777,367897,22918,1123,171,134.0233918128655,0.007461384064927131,6.581189843896526
Colleen Vlogs,Why My Stomach Is Purple...,2021-09-22 20:58:24+00:00,624,819962,35381,2089,307,115.24755700325733,0.00867697351685933,4.607164722267617
Colleen Vlogs,Plans For The Twins Bedroom...,2021-09-23 21:20:37+00:00,891,809894,35627,2579,298,119.55369127516778,0.008364442697953799,4.754202401795791
Colleen Vlogs,What I Got My Husband For His Birthday!,2021-09-25 00:00:24+00:00,526,485025,27222,1149,214,127.20560747663552,0.007861288663580927,5.893510643781248
Colleen Vlogs,I Got Tested For The First Time!,2021-09-27 21:47:25+00:00,916,525319,25666,3065,243,105.62139917695474,0.009467778383854127,5.515505816465804
Colleen Vlogs,GOING TO THE LIVE TAPING OF DANCING WITH THE STARS!,2021-09-28 21:26:29+00:00,772,529426,27375,893,166,164.90963855421685,0.0060639269406392695,5.370722253912728
Colleen Vlogs,A SURPRISE TREASURE HUNT & MY CHILDHOOD PHOTOS!,2021-09-29 21:13:28+00:00,1220,476808,23494,1596,177,132.73446327683615,0.007533838426832383,5.299198000033557
Colleen Vlogs,Annoyed at the comments...,2021-10-01 01:53:59+00:00,533,388005,21253,1287,373,56.97855227882037,0.017550463463981557,5.905336271439801
Colleen Vlogs,FILMING A DOCUMENTARY!,2021-10-02 00:00:25+00:00,895,425139,23635,2660,290,81.5,0.012269938650306749,6.2532489374063545
Colleen Vlogs,OUR FAMILY TRIP TO FIND PERFECT PUMPKINS!,2021-10-04 22:31:29+00:00,1183,468087,22214,1271,138,160.97101449275362,0.006212298550463672,5.046711401940238
Colleen Vlogs,THUNDER STORM IN LOS ANGELES!,2021-10-06 00:51:04+00:00,939,445405,23417,1217,191,122.6020942408377,0.00815646752359397,5.573579102165445
Colleen Vlogs,This Is A Really Big Deal!!!,2021-10-06 23:30:05+00:00,897,420046,23592,2078,180,131.06666666666666,0.0076297049847405905,6.154087885612528
Colleen Vlogs,Panic attacks suck.,2021-10-07 22:11:47+00:00,1074,355576,21332,3267,365,58.443835616438356,0.017110444402775173,7.02072130852476
Colleen Vlogs,Flynn Decided To Name The Babies...,2021-10-08 21:57:23+00:00,1211,847969,34395,3721,259,132.7992277992278,0.007530164268062218,4.525519211197579
Colleen Vlogs,This Is Going To Make People Mad....,2021-10-11 23:35:15+00:00,952,407863,22632,3135,359,63.041782729805014,0.015862495581477554,6.40558226659442
Colleen Vlogs,Bump Update & Fun Family Time!,2021-10-12 22:37:12+00:00,688,484082,24668,1290,126,195.77777777777777,0.00510783200908059,5.388343297209977
Colleen Vlogs,Braxton Hicks!,2021-10-14 00:00:05+00:00,958,410665,22697,1581,192,118.21354166666667,0.008459267744635854,5.958628078847723
Colleen Vlogs,I'M STEALING JOEY'S PUPPIES!,2021-10-15 00:00:10+00:00,1220,543193,28096,2044,177,158.73446327683615,0.006299829157175398,5.581257490431578
Colleen Vlogs,This is hard.,2021-10-15 23:27:11+00:00,927,756072,37210,3200,509,73.10412573673871,0.013679118516527816,5.412050704165741
Colleen Vlogs,They might be coming sooner than I thought...,2021-10-19 00:53:06+00:00,1171,1010405,46708,3136,312,149.7051282051282,0.006679797893294511,4.963950099217641
Colleen Vlogs,A bunch of baby products and peeing when I sneeze... 🙄,2021-10-19 22:59:41+00:00,1073,793669,39730,1864,227,175.02202643171807,0.005713566574377045,5.2693251216817085
Colleen Vlogs,Why I Haven't Done The Twins Nursery Yet...,2021-10-21 00:10:15+00:00,1065,511363,27553,3367,197,139.86294416243655,0.007149856639930316,6.0851097948033
Colleen Vlogs,We Got Him A Pet!!!,2021-10-21 22:17:53+00:00,1252,767715,35611,2883,242,147.15289256198346,0.006795653028558592,5.045622398937106
Colleen Vlogs,I Probably Wont Film The Birth,2021-10-23 00:15:00+00:00,1088,712011,34180,3477,280,122.07142857142857,0.008191925102399064,5.328148020185082
Colleen Vlogs,My Stomach Eats My Shorts.,2021-10-26 00:52:40+00:00,838,794644,33684,1755,232,145.18965517241378,0.006887543047144045,4.4889283754737965
Colleen Vlogs,Packing My Hospital Bag!,2021-10-27 01:50:25+00:00,1200,935047,45918,6266,271,169.4391143911439,0.005901824992377716,5.609878433918295
Colleen Vlogs,Answering Questions About My Parenting... yikes.,2021-10-29 02:49:11+00:00,1477,582672,27009,2279,202,133.70792079207922,0.007478988485319708,5.061166488178598
Colleen Vlogs,I am NOT in Labor!!!,2021-10-30 01:17:26+00:00,1158,734062,35409,3977,279,126.91397849462365,0.007879352706938915,5.403494527710193
Colleen Vlogs,HALLOWEEN WITH COLLEEN! 2021,2021-11-02 16:00:31+00:00,1237,658345,31174,1995,228,136.7280701754386,0.007313787130300892,5.072872126316748
Colleen Vlogs,This is Why I Shouldn't Be Allowed to Drive!,2021-11-03 00:38:08+00:00,754,556260,28638,2305,285,100.48421052631579,0.009951812277393673,5.613921547477798
Colleen Vlogs,"IT'S FINALLY CHRISTMAS!!! Also, I can't stop crying? fml",2021-11-03 23:09:42+00:00,924,611369,36851,4202,324,113.73765432098766,0.008792163034924425,6.767925753513835
Colleen Vlogs,Don't say this to me.,2021-11-05 01:25:39+00:00,1190,655053,32740,3314,255,128.3921568627451,0.007788637751985339,5.542910268329433
Colleen Vlogs,Getting Close To the End and I am STRESSED.,2021-11-06 01:19:04+00:00,1027,1380965,57207,10190,395,144.82784810126583,0.006904749418777422,4.909031003682208
Colleen Vlogs,What I Didn't Show You From The Twins Birth...,2021-11-11 16:00:04+00:00,1059,3389001,171995,12445,1419,121.20859760394644,0.008250239832553272,5.484182506880346
Colleen Vlogs,Holding The Twins Together For The First Time! 😭,2021-11-12 02:38:26+00:00,1212,1748783,102827,7983,556,184.94064748201438,0.005407140148015599,6.368200056839528
Colleen Vlogs,Visiting my babies at the hospital & date night with Erik,2021-11-12 21:14:08+00:00,1557,2009936,93433,5715,667,140.07946026986508,0.007138805347147154,4.966078521903185
Colleen Vlogs,FLYNN TRIES MY BREASTMILK!,2021-11-13 22:21:48+00:00,1057,1401919,74278,4977,452,164.33185840707964,0.006085247314144161,5.685563859252924
Colleen Vlogs,THE TWINS ARE ONE WEEK OLD!,2021-11-16 03:54:50+00:00,1291,1476271,71451,4497,400,178.6275,0.005598242151964283,5.171679183564535
Colleen Vlogs,Baby Names We Love But Didn't use,2021-11-17 03:29:41+00:00,973,1405684,73070,6064,513,142.4366471734893,0.007020665115642534,5.666067195756656
Colleen Vlogs,Finally Getting A Babysitter...,2021-11-18 01:15:02+00:00,880,983007,49601,4248,251,197.61354581673308,0.005060381847140178,5.503521338098304
Colleen Vlogs,When Will Flynn Meet The Twins??,2021-11-19 03:17:10+00:00,995,1044487,51880,4240,323,160.61919504643961,0.006225905936777178,5.403896841224448
Colleen Vlogs,Some days are hard... today is one of those days.,2021-11-20 19:49:30+00:00,888,898611,52264,4978,454,115.11894273127753,0.008686667687126894,6.420575755248935
Colleen Vlogs,A Birthday Request...,2021-11-21 19:49:05+00:00,342,531642,35841,4142,183,195.85245901639345,0.0051058843224240395,7.55508406032631
Colleen Vlogs,HOW I SPENT MY BIRTHDAY...,2021-11-23 17:00:08+00:00,1148,1028949,54112,2987,293,184.6825938566553,0.005414695446481372,5.577730285951976
Colleen Vlogs,My Body 2 Weeks After The Birth,2021-11-24 02:30:23+00:00,732,772417,42071,2332,314,133.98407643312103,0.007463573482921727,5.789230428641524
Colleen Vlogs,TRYING EVERY STARBUCKS HOLIDAY DRINK!,2021-11-25 02:58:55+00:00,947,672872,35334,2585,237,149.08860759493672,0.006707420614705383,5.670617888692055
Colleen Vlogs,GETTING READY FOR THANKSGIVING!,2021-11-25 22:00:11+00:00,573,656598,35580,1162,177,201.01694915254237,0.004974704890387858,5.6227707059723
Colleen Vlogs,HAPPY THANKSGIVING VLOG 2021! YAAAY!,2021-11-27 01:02:27+00:00,771,777269,38662,1500,195,198.26666666666668,0.005043712172158709,5.192153553017038
Colleen Vlogs,FLYNN TRIES TO GIVE HIMSELF A HAIRCUT!,2021-11-27 20:55:52+00:00,944,751692,40689,2037,235,173.14468085106384,0.005775516724421834,5.715239752451802
Colleen Vlogs,Getting The New iPhone 13! (and lots of crying...again.),2021-11-28 20:05:01+00:00,782,694685,40451,2781,280,144.46785714285716,0.0069219549578502385,6.2635583034037
Colleen Vlogs,SNOW IN LOS ANGELES!,2021-11-30 01:27:27+00:00,796,601027,36970,2098,188,196.64893617021278,0.005085204219637544,6.531486938190796
Colleen Vlogs,"Flynn doesn't call me ""Mom"" Anymore...  :(",2021-12-01 05:10:50+00:00,805,1169351,49894,2292,392,127.28061224489795,0.007856656110955224,4.496340277641187
Colleen Vlogs,The NICU is hard.,2021-12-02 00:56:54+00:00,896,1226943,56184,6219,775,72.49548387096775,0.01379396269400541,5.149220460934209
Colleen Vlogs,POOP EXPLOSION!,2021-12-03 03:06:02+00:00,963,689915,34688,2008,260,133.41538461538462,0.007495387453874539,5.356601900234087
Colleen Vlogs,PICKING OUT OUR CHRISTMAS TREE!!!,2021-12-03 22:30:17+00:00,1000,599312,31931,1777,155,206.00645161290322,0.004854216905201841,5.650312358170702
Colleen Vlogs,The Twins are SO different!,2021-12-05 04:53:53+00:00,975,1261804,54630,2274,338,161.62721893491124,0.006187076697785099,4.53652072746639
Colleen Vlogs,"Advent, Target, Babies, Crying and Christmas Lights!",2021-12-06 02:19:38+00:00,559,552191,31152,1319,178,175.01123595505618,0.00571391884951207,5.912628058045133
Colleen Vlogs,It's Gone!,2021-12-06 20:20:25+00:00,788,1010199,46550,1877,245,190.0,0.005263157894736842,4.8180605999412
Colleen Vlogs,I'M IN A NETFLIX CARTOON!,2021-12-07 23:51:47+00:00,838,620791,36463,1904,194,187.9536082474227,0.0053204618380275895,6.211591340724978
Colleen Vlogs,I need this. Thank You.,2021-12-08 20:01:43+00:00,549,568638,35364,2205,194,182.28865979381445,0.005485804773215699,6.640956109159078
Colleen Vlogs,Writing A Song For The Babies,2021-12-10 17:00:43+00:00,735,591967,35320,1926,175,201.82857142857142,0.004954699886749717,6.321467243951099
Colleen Vlogs,FLYNN'S THIRD BIRTHDAY!,2021-12-12 20:17:12+00:00,1002,951364,45831,2355,229,200.1353711790393,0.004996618009644127,5.089009043857031
Colleen Vlogs,BRINGING WESLEY HOME!,2021-12-13 18:00:06+00:00,911,2330486,135350,13168,644,210.17080745341616,0.004758034724787588,6.4004675419633505
Colleen Vlogs,Introducing Wesley To Christmas!,2021-12-14 18:00:10+00:00,832,1024543,55466,2448,275,201.69454545454545,0.0049579922835611,5.67950783910485
Colleen Vlogs,Making Christmas Ornaments with Flynn and Wesley!,2021-12-15 18:47:58+00:00,944,886267,44428,2176,232,191.5,0.005221932114882507,5.284637699474312
Colleen Vlogs,I'm falling apart.,2021-12-16 18:00:17+00:00,918,1010418,56151,7606,685,81.97226277372263,0.012199248455058681,6.377756532444987
Colleen Vlogs,OPENING ALL THE ADVENT CALENDARS!,2021-12-17 18:00:15+00:00,629,656787,36008,1180,205,175.64878048780488,0.005693179293490336,5.693322188167549
Colleen Vlogs,SHE DID IT!!!,2021-12-18 18:00:11+00:00,615,1638616,92670,4545,338,274.1715976331361,0.003647350814718895,5.953377728522119
Colleen Vlogs,My Disgusting Obsession,2021-12-19 18:00:30+00:00,1046,687817,38499,2741,221,174.20361990950227,0.005740408841788098,6.027911493900267
Colleen Vlogs,Writing Letters To Santa!!!,2021-12-20 18:00:06+00:00,722,655754,36633,2388,218,168.04128440366972,0.005950918570687631,5.983798802599756
Colleen Vlogs,"Singing ""All I Want For Christmas Is You"" for Maisy",2021-12-20 22:42:37+00:00,165,734143,58154,3374,163,356.7730061349693,0.0028029026378237096,8.403131270065915
Colleen Vlogs,BRINGING MAISY HOME!!!,2021-12-21 18:00:11+00:00,1010,3195520,191921,24569,812,236.35591133004925,0.004230907508818733,6.80020779090727
Colleen Vlogs,LOOKING AT CHRISTMAS LIGHTS!,2021-12-22 23:05:34+00:00,900,1002054,55439,2100,277,200.1407942238267,0.0049964826205378884,5.769748935686101
Colleen Vlogs,TWINS NURSERY MAKEOVER BEHIND THE SCENES!!,2021-12-23 20:30:02+00:00,646,801633,40472,1098,195,207.54871794871795,0.00481814587863214,5.209990107692673
Colleen Vlogs,MY FAMILY MEETS THE BABIES!,2021-12-24 18:00:19+00:00,815,1212060,54151,1806,270,200.55925925925925,0.0049860575058632345,4.6389617675692625
Colleen Vlogs,I've never done this before,2021-12-26 01:49:56+00:00,948,767204,40573,1317,236,171.91949152542372,0.005816676114657531,5.490847284425003
Colleen Vlogs,CHRISTMAS WITH COLLEEN BALLINGER 2021!,2021-12-27 23:06:20+00:00,1156,1136863,51699,2961,345,149.8521739130435,0.00667324319619335,4.838313851361158
Colleen Vlogs,They Are So Stinkin' CUTE!,2021-12-28 22:52:26+00:00,888,967531,47576,2950,286,166.34965034965035,0.006011434336640323,5.251718032807218
Colleen Vlogs,WHAT I GOT FOR CHRISTMAS!,2021-12-30 01:06:29+00:00,698,1076839,47387,1437,270,175.5074074074074,0.005697765209867685,4.559084505668907
Colleen Vlogs,Putting BreastMilk in my Eyes,2021-12-31 00:24:36+00:00,482,599053,33573,1994,208,161.40865384615384,0.0061954546808447265,5.971925689379738
Colleen Vlogs,Trying Funky Boba Flavors With Family!,2022-01-01 01:23:56+00:00,1263,799679,33682,2074,225,149.6977777777778,0.006680125883261089,4.4994303964465745
Colleen Vlogs,Happy New Year With My Little Family. :),2022-01-01 22:57:32+00:00,84,583143,41066,845,139,295.43884892086334,0.003384795207714411,7.210924250141046
Colleen Vlogs,Talking About Our Crazy Year,2022-01-03 21:54:15+00:00,799,680744,36288,1409,184,197.2173913043478,0.005070546737213404,5.564646915727498
Colleen Vlogs,Erik Should Suck My WHAT?!,2022-01-05 01:27:52+00:00,702,704818,39093,3246,225,173.74666666666667,0.005755506100836467,6.039005814266946
Colleen Vlogs,The truth about how we are doing,2022-01-06 00:28:29+00:00,806,830817,40530,2785,254,159.56692913385828,0.006266962743646682,5.244115130046689
Colleen Vlogs,Flynn loves his baby brother,2022-01-07 01:38:08+00:00,880,915234,46092,2548,271,170.0811808118081,0.005879545257311464,5.344097793569732
Colleen Vlogs,Life without medication,2022-01-08 23:15:55+00:00,787,682046,35025,1543,193,181.47668393782382,0.005510349750178444,5.3898124173442845
Colleen Vlogs,Breastfeeding is hard,2022-01-11 19:44:37+00:00,719,2676821,38581,1868,874,44.14302059496568,0.022653637800990126,1.543734153310961
Colleen Vlogs,"Bubbles, Twister, Laundry, and Singing With the Twins",2022-01-13 06:07:08+00:00,1164,651541,31692,2073,149,212.6979865771812,0.004701501956329673,5.205198137952945
Colleen Vlogs,Mom shaming myself,2022-01-13 23:42:19+00:00,1027,542123,29916,4749,246,121.60975609756098,0.008223024468511832,6.43968250747524
Colleen Vlogs,How I Stop the Twins From Crying,2022-01-15 00:34:41+00:00,762,855859,39638,1627,211,187.85781990521326,0.005323174731318432,4.846125354760539
Colleen Vlogs,This made me cry,2022-01-18 04:03:24+00:00,1009,671715,35066,1991,232,151.14655172413794,0.0066160953630297155,5.551312684695146
Colleen Vlogs,Trying Out Formula,2022-01-19 00:57:01+00:00,910,557508,27425,1685,206,133.13106796116506,0.007511394712853236,5.258399879463613
Colleen Vlogs,Silly Pictures In The POOL!,2022-01-19 23:54:02+00:00,855,555226,29904,1711,164,182.34146341463415,0.005484216158373462,5.723615248565449
Colleen Vlogs,Singing in Italian to the Babies,2022-01-20 22:25:03+00:00,736,692342,38326,2958,285,134.47719298245613,0.007436205187079267,6.004113573927337
Colleen Vlogs,The Problem with my Hair,2022-01-25 21:11:12+00:00,819,513809,26118,3508,190,137.46315789473684,0.007274676468336013,5.802934553501398
Colleen Vlogs,Sometimes you just need to hide in the pantry and cry,2022-01-26 17:15:01+00:00,685,516906,28714,3087,210,136.73333333333332,0.007313505607020965,6.192808750527176
Colleen Vlogs,I CAN'T BELIEVE I GOT THIS IN THE MAIL!,2022-01-27 17:00:51+00:00,561,531071,27706,1070,167,165.90419161676647,0.006027575254457518,5.449930423615674
Colleen Vlogs,Everyone is making fun of me for being stupid,2022-01-28 19:00:18+00:00,870,596567,29396,4811,253,116.18972332015811,0.00860661314464553,5.776383876412876
Colleen Vlogs,I think I have a butterfly clip stuck in my foot...,2022-01-31 04:08:50+00:00,558,604204,29238,1478,212,137.91509433962264,0.007250837950612217,5.118800934783616
Colleen Vlogs,My Cute Little Teddy Bear!!,2022-02-01 17:00:37+00:00,882,750394,32957,1634,226,145.82743362831857,0.006857420274903663,4.639829209721826
Colleen Vlogs,This is what Post Partum Looks like for me.,2022-02-02 17:00:29+00:00,1439,1039491,42197,4638,405,104.19012345679012,0.009597838708912955,4.5445318910890045
Colleen Vlogs,Does Anyone Else Do This???,2022-02-03 17:00:03+00:00,892,512429,26630,1862,180,147.94444444444446,0.006759294029290274,5.595311740748475
Colleen Vlogs,Hunting For Cats...,2022-02-04 20:00:59+00:00,1020,498498,25333,1524,184,137.67934782608697,0.007263253463861367,5.424495183531328
Colleen Vlogs,I got the twins mixed up!,2022-02-08 17:00:21+00:00,939,1222951,45887,2289,330,139.05151515151516,0.007191579314402772,3.966307726147654
Colleen Vlogs,Making Valentines!,2022-02-13 01:22:20+00:00,949,566666,30487,1607,225,135.49777777777777,0.0073801948371437,5.703359651011354
Colleen Vlogs,Our Valentine’s Day Plans Got Ruined,2022-02-16 18:58:02+00:00,1122,640953,29129,2303,265,109.92075471698114,0.009097463009372104,4.945292400534829
Colleen Vlogs,Doing a Fashion Show For My Husband!,2022-02-18 03:09:46+00:00,729,439099,31904,2269,173,184.41618497109826,0.005422517552657974,7.821926262642366
Colleen Vlogs,Erik Feels My C-Section Scar!,2022-02-20 01:21:40+00:00,878,517534,26227,1351,204,128.56372549019608,0.007778243794562855,5.368149725428668
Colleen Vlogs,My High School Valentine Sent me A Present!,2022-02-21 23:16:35+00:00,788,515531,27958,1449,238,117.47058823529412,0.008512769153730596,5.750381645332676
Colleen Vlogs,I CAN FINALLY HOLD THEM AT THE SAME TIME!,2022-02-22 22:29:32+00:00,852,1223387,48059,3498,372,129.19086021505376,0.007740485653051458,4.244691172948543
Colleen Vlogs,Trying the Weird  New McDonalds Burger,2022-02-23 23:40:34+00:00,905,633391,31001,1580,266,116.54511278195488,0.008580368375213704,5.185896231553653
Colleen Vlogs,This is hard for me to admit,2022-02-25 01:47:33+00:00,926,510355,26663,2152,286,93.22727272727273,0.010726474890297415,5.702109316064308
Colleen Vlogs,TELLING YOU GUYS MY BIG SECRET,2022-02-27 02:58:11+00:00,1106,646616,31338,2054,369,84.92682926829268,0.011774842044801838,5.221182278199117
Colleen Vlogs,A RANT!,2022-03-01 18:00:02+00:00,1313,426984,22680,2578,350,64.8,0.015432098765432098,5.997414423022876
Colleen Vlogs,Erik Has the Daddy Blues 😔,2022-03-02 18:03:41+00:00,986,473858,24383,2919,1029,23.695821185617103,0.0422015338555551,5.978795335311422
Colleen Vlogs,"The Beach, Breastmilk, and Packages! OH, MY!",2022-03-05 03:16:39+00:00,848,487142,23310,1172,259,90.0,0.011111111111111112,5.0788065902755255
Colleen Vlogs,The Twins' First Toys!,2022-03-08 02:39:31+00:00,669,598727,28609,1424,299,95.68227424749163,0.01045125659757419,5.066081870368298
Colleen Vlogs,Secret Footage From My Netflix Special!,2022-03-08 23:12:40+00:00,1251,345020,18258,1250,197,92.68020304568527,0.010789790776645854,5.711263115181729
Colleen Vlogs,Twin Moms Warned Me About This...,2022-03-10 02:14:43+00:00,888,456815,23873,1762,289,82.60553633217994,0.012105726134126419,5.674944999616913
Colleen Vlogs,I CAN'T BELIEVE MY HUSBAND DID THIS 🤦🏻‍♀️,2022-03-11 01:23:13+00:00,660,509855,25882,1042,271,95.50553505535055,0.010470597326327177,5.333869433466377
Colleen Vlogs,HE ROLLED OVER!!!,2022-03-12 21:54:37+00:00,1062,580694,27647,3456,274,100.9014598540146,0.00991065938438167,5.403362183869645
Colleen Vlogs,BUYING CUTE OUTFITS FOR THE TWINS!!!,2022-03-15 03:45:16+00:00,1054,448825,23810,1468,220,108.22727272727273,0.009239815203695927,5.681056090904027
Colleen Vlogs,BATHROOM TOUR!,2022-03-16 00:36:04+00:00,1102,514502,24358,1841,184,132.3804347826087,0.007553986369981115,5.127871223046752
Colleen Vlogs,I'm really disappointed,2022-03-16 23:31:39+00:00,902,589355,26786,1531,269,99.57620817843866,0.01004255954603151,4.850387287797677
Colleen Vlogs,CATCHING A LEPRECHAUN!,2022-03-18 00:23:11+00:00,917,355554,20032,1430,160,125.2,0.007987220447284345,6.081214105311711
Colleen Vlogs,Giving Myself An Ariana Grande Makeover!,2022-03-19 20:35:18+00:00,1024,436658,23576,1011,232,101.62068965517241,0.009840515778758059,5.683853267316756
Colleen Vlogs,I Am NOT Pregnant But I Took a Pregnancy Test. Its negative! obviously. Thank the LORDT!,2022-03-22 00:10:00+00:00,1044,739919,35014,2794,474,73.86919831223629,0.013537442165990747,5.173809565641645
Colleen Vlogs,A Woman Yelled At Me In CVS!,2022-03-23 02:34:28+00:00,772,945209,36021,1467,347,103.80691642651297,0.009633269481691235,4.002818424285
Colleen Vlogs,The Twins Are Starting To Talk To Each Other!,2022-03-24 19:33:21+00:00,749,716341,32978,1562,362,91.09944751381215,0.010977014979683425,4.872260557471931
Colleen Vlogs,Our Romantic Date Night!,2022-03-29 01:01:42+00:00,975,362987,21501,957,182,118.13736263736264,0.008464722571043207,6.237137969128371
Colleen Vlogs,CUTTING BANGS AGAIN!,2022-03-29 20:49:49+00:00,532,501943,27855,3262,260,107.13461538461539,0.009334051337282354,6.251108193559826
Colleen Vlogs,I'm in So Much Pain!,2022-03-31 00:13:57+00:00,1006,447829,24119,1573,255,94.58431372549019,0.010572577635888718,5.793952602444237
Colleen Vlogs,MY WEIRD CRAVINGS!!! 😳,2022-04-01 17:00:37+00:00,782,427726,21443,1095,190,112.8578947368421,0.008860700461689129,5.313682123602493
Colleen Vlogs,Hyper fixating on my new favorite food,2022-04-02 21:28:10+00:00,1135,542488,23719,1229,235,100.93191489361702,0.009907668957375944,4.642130332836855
Colleen Vlogs,HATE COMMENTS!!!,2022-04-04 22:58:04+00:00,1041,445179,23054,3455,1106,20.844484629294755,0.04797432115901796,6.203122788810793
Colleen Vlogs,I'M SO NERVOUS!,2022-04-05 23:57:37+00:00,956,424313,24723,1543,16,1545.1875,0.0006471706508109857,6.194012438930694
Colleen Vlogs,Testing Viral TikTok Makeup!,2022-04-06 22:06:00+00:00,920,482732,22544,1804,11,2049.4545454545455,0.0004879347054648687,5.046071111921314
Colleen Vlogs,i shouldn't put this in the vlog...,2022-04-09 00:14:45+00:00,940,461940,21523,975,245,87.84897959183674,0.011383171490963157,4.923366670996233
Colleen Vlogs,TWIN CLOTHING HAUL!,2022-04-12 00:24:50+00:00,870,417808,20964,971,29,722.8965517241379,0.0013833237931692424,5.256960134798759
Colleen Vlogs,HOUSE HUNTING AT CELEBRITY HOUSES!!!,2022-04-13 02:22:40+00:00,546,437288,21724,913,517,42.01934235976789,0.02379856380040508,5.294908618576316
Colleen Vlogs,PHOTOSHOOT WITH MIRANDA!,2022-04-13 23:50:28+00:00,990,393878,19458,942,17,1144.5882352941176,0.0008736766368588755,5.183584764825657
Colleen Vlogs,WESLEY'S FAVORITE BABY TOYS! :),2022-04-14 22:04:10+00:00,723,438426,21527,837,2,10763.5,9.290658243136526e-05,5.101431028269309
Colleen Vlogs,BABY TWINS FIRST TIME IN THE POOL!,2022-04-15 22:26:11+00:00,698,762079,30692,1524,447,68.66219239373602,0.01456405578000782,4.286038586550738
Colleen Vlogs,EASTER WITH THE BALLINGER FAMILY!,2022-04-18 23:53:33+00:00,1015,742368,30873,2342,266,116.06390977443608,0.008615942733132511,4.510027371869477
Colleen Vlogs,Major Mom Guilt.,2022-04-19 21:48:24+00:00,753,337884,18955,1322,233,81.3519313304721,0.01229227116855711,6.07013057735791
Colleen Vlogs,LEAVING FOR TOUR!!!,2022-04-21 19:58:29+00:00,754,440271,22938,2983,564,40.670212765957444,0.024588019879675647,6.015613111015716
Colleen Vlogs,MIRANDA SINGS FIRST LIVE SHOW IN 2 YEARS! 😭,2022-04-27 22:51:13+00:00,1503,548610,28584,1690,433,66.01385681293303,0.015148334732717605,5.597236652631196
Colleen Vlogs,THEY SAID THEIR FIRST WORDS!,2022-04-28 22:52:51+00:00,1068,1166490,40943,1770,800,51.17875,0.019539359597489193,3.7302505808022355
Colleen Vlogs,I'm Going Back To High School!,2022-04-29 23:36:55+00:00,909,451410,21925,1026,1730,12.673410404624278,0.07890535917901939,5.467535056821958
Colleen Vlogs,Scary Experience at the Park,2022-05-03 03:13:22+00:00,1396,828769,36426,3657,235,155.00425531914894,0.006451435787624225,4.864805512754459
Colleen Vlogs,TRYING DIY BABY ACTIVITIES!,2022-05-03 19:04:54+00:00,672,469873,24096,689,255,94.49411764705883,0.010582669322709163,5.329099565201661
Colleen Vlogs,WESLEY'S FIRST TOOTH!,2022-05-05 00:04:05+00:00,852,448894,22085,1586,261,84.61685823754789,0.011817976001811184,5.331325435403459
Colleen Vlogs,Joey and Flynn Catch A Huge Cockroach!!!,2022-05-06 00:41:59+00:00,810,535570,25936,1041,311,83.39549839228296,0.011991054904380013,5.0951322889631605
Colleen Vlogs,TESTING THE VIRAL TIKTOK DRINK!,2022-05-09 19:24:11+00:00,690,515842,24521,951,581,42.204819277108435,0.023693976591493006,5.05057750241353
Colleen Vlogs,PERFORMING AT MY HIGH SCHOOL!,2022-05-10 19:14:09+00:00,977,449795,24648,690,511,48.234833659491194,0.02073190522557611,5.74684022721462
Colleen Vlogs,Twins' First Solid Food!,2022-05-11 19:00:00+00:00,1019,588298,27184,1689,585,46.46837606837607,0.02152001177163037,5.007326219025051
Colleen Vlogs,Breastmilk Disaster On The Plane To Canada!,2022-05-16 23:22:21+00:00,757,392195,21786,571,1164,18.716494845360824,0.0534288074910493,5.997271765320822
Colleen Vlogs,PERFORMING IN NEW YORK CITY! also... my Camera Broke!!! 😢,2022-05-17 21:50:42+00:00,636,284796,17255,574,260,66.36538461538461,0.015068096203998842,6.351563926459641
Colleen Vlogs,I'M FREAKING OUT!,2022-05-18 20:47:01+00:00,827,370064,19722,944,966,20.41614906832298,0.048980833586857314,5.845475377232046
Colleen Vlogs,The Twins Are Learning to Hold Their Own Bottles! 🥺,2022-05-23 18:45:32+00:00,748,438108,22444,2193,475,47.25052631578947,0.021163785421493494,5.7319199832004895
Colleen Vlogs,FILMING A TV SHOW! :),2022-05-24 19:00:42+00:00,1009,345626,18955,1424,279,67.93906810035843,0.014719071485096281,5.97698089842778
Colleen Vlogs,I'm going to quit breastfeeding.,2022-05-25 19:52:55+00:00,1122,439912,21631,1420,780,27.73205128205128,0.03605935925292404,5.417219807597883
Colleen Vlogs,I'm Going To Be On Grey's Anatomy???,2022-05-26 19:32:12+00:00,899,485345,24012,1036,1642,14.623629719853836,0.06838247542895219,5.499180994962346
Colleen Vlogs,Apparently I'm a Diva...,2022-05-27 23:46:21+00:00,1090,361797,17463,780,457,38.21225382932166,0.026169615759033385,5.16864429500521
Colleen Vlogs,MY MOST PROUD PARENTING MOMENT!,2022-05-29 20:08:55+00:00,1285,479789,22472,1256,653,34.413476263399694,0.029058383766464933,5.081608790530837
Colleen Vlogs,The Babies Meet Miranda Sings...,2022-05-30 22:39:01+00:00,1066,727418,29580,1404,873,33.88316151202749,0.0295131845841785,4.379462702325211
Colleen Vlogs,FAMILY MELTDOWN,2022-06-01 23:37:25+00:00,912,452502,21752,752,535,40.657943925233646,0.02459543949981611,5.091469208975872
Colleen Vlogs,"TIE DYING, TRY ON HAUL, AND OPENING MYSTERY PACKAGES!",2022-06-03 00:21:39+00:00,651,339026,18658,1646,202,92.36633663366337,0.010826455139886376,6.048503654586964
Colleen Vlogs,DOES ANYBODY KNOW WHAT I'M TALKING ABOUT?!?!?,2022-06-04 21:30:08+00:00,936,348344,18831,3170,504,37.36309523809524,0.02676437788752589,6.460567714672852
Colleen Vlogs,TARGET SUMMER BABY CLOTHES HAUL!,2022-06-06 18:49:59+00:00,627,390985,21790,864,477,45.681341719077565,0.021890775585130792,5.916083737227771
Colleen Vlogs,Which bathing suit should I wear?,2022-06-07 21:26:59+00:00,846,410584,20332,1018,750,27.109333333333332,0.036887664764902614,5.382577012255714
Colleen Vlogs,SHE'S WEARING MY BABY CLOTHES! 🥺,2022-06-08 20:13:13+00:00,689,515356,23138,1515,1441,16.056904927133935,0.06227850289566946,5.063296051661376
Colleen Vlogs,Trying That GROSS TikTok Coke Trend!,2022-06-09 23:21:25+00:00,1163,456707,20385,807,501,40.68862275449102,0.024576894775570273,4.749872456520263
Colleen Vlogs,THE TWINS TAKEOVER THE VLOG!,2022-06-11 00:10:26+00:00,729,400467,20852,906,1548,13.470284237726098,0.07423748321503933,5.819705493835946
Colleen Vlogs,What Happens in Las Vegas Stays in Las Vegas! 🤫,2022-06-14 00:16:24+00:00,823,381528,20146,1002,574,35.09756097560975,0.02849200833912439,5.693422238996876
Colleen Vlogs,FLYNN'S BIG BOY HAIRCUT!,2022-06-14 23:53:54+00:00,1243,496341,23400,1613,1102,21.234119782214155,0.047094017094017095,5.261503683959214
Colleen Vlogs,What We Look For In A Nanny!,2022-06-16 00:18:34+00:00,915,446644,21249,2117,542,39.20479704797048,0.02550708268624406,5.352808948513805
Colleen Vlogs,Rehearsing The Show With The Kids! 🥴,2022-06-16 21:34:06+00:00,544,355320,18608,981,344,54.093023255813954,0.018486672398968184,5.609872790723855
Colleen Vlogs,I'm sad.,2022-06-18 21:01:52+00:00,1016,460540,23987,3278,787,30.479034307496825,0.032809438445824825,6.0911104355756285
Colleen Vlogs,The Nastiest Hotel EVER and Reunited With My BABIES! :),2022-06-22 00:43:50+00:00,979,422284,20326,1033,278,73.11510791366906,0.013677063859096724,5.1238029383069215
Colleen Vlogs,Reading My NICU Diary and crying.... of course.,2022-06-23 00:49:01+00:00,1328,356975,18123,1487,8252,2.1961948618516725,0.4553330022623186,7.8050283633307656
Colleen Vlogs,EATING EXPIRED FOOD! 🤢,2022-06-24 01:53:17+00:00,738,351696,18073,721,1169,15.46022241231822,0.06468212250318155,5.676208998680679
Colleen Vlogs,Meeting My Haters In Person...,2022-06-25 00:18:42+00:00,1064,408436,18484,1362,1291,14.317583268783888,0.06984418956935728,5.1751069935069385
Colleen Vlogs,I made a dumb mistake.,2022-06-27 22:40:30+00:00,415,292341,17317,648,1086,15.945672191528546,0.06271294104059595,6.516704807057512
Colleen Vlogs,Flynn Sings His Original song!,2022-06-28 22:34:08+00:00,1120,420211,21194,1677,482,43.97095435684647,0.02274228555251486,5.557446140153399
Colleen Vlogs,THE TWINS' FIRST PICKLES!,2022-06-29 22:07:31+00:00,839,484723,21393,1041,976,21.91905737704918,0.04562239985041836,4.829562451131884
Colleen Vlogs,MAKING PLAY-DOH FROM SCRATCH!,2022-07-01 21:41:54+00:00,1173,466464,23514,2925,1067,22.037488284910964,0.0453772220804627,5.896703711326062
Colleen Vlogs,We Bought A House! ...and then had to let it go.,2022-07-06 00:15:23+00:00,1553,591703,30362,2634,1877,16.175812466702183,0.06182069692378631,5.89366624810082
Colleen Vlogs,4th Of July with My Cute Little Family!,2022-07-07 18:40:22+00:00,728,342227,19524,948,690,28.295652173913044,0.03534111862323294,6.1836149690117965
Colleen Vlogs,The Show Almost Got Cancelled!,2022-07-08 23:08:28+00:00,803,290495,16867,723,535,31.527102803738316,0.03171874073634908,6.239350074872201
Colleen Vlogs,Changing my Mind About the Twins' Names!,2022-07-10 21:38:14+00:00,867,650542,27062,1295,534,50.67790262172284,0.019732466188751754,4.441066064912027
Colleen Vlogs,My New Bad Habit...,2022-07-11 22:10:11+00:00,975,348819,17505,1117,854,20.497658079625293,0.04878606112539274,5.583411454077903
Colleen Vlogs,ROMANCE IN VANCOUVER! 😍,2022-07-14 22:55:44+00:00,1790,398303,18496,1413,899,20.57397107897664,0.04860510380622837,5.224163513706902
Colleen Vlogs,FLYNN EATS REAL BUGS!!!,2022-07-16 21:26:52+00:00,1240,361435,18292,1280,794,23.037783375314863,0.043406953859610756,5.634761437049539
Colleen Vlogs,FEEDING A BABY CAMEL!,2022-07-19 22:30:02+00:00,1482,299804,14728,933,739,19.929634641407308,0.050176534492123843,5.470240557164014
Colleen Vlogs,HAPPIEST BABIES EVER! 😍,2022-07-20 21:58:46+00:00,1195,387377,21372,950,755,28.30728476821192,0.03532659554557365,5.9572457838229935
Colleen Vlogs,I'm Not Supposed To Tell You This...,2022-07-22 00:10:33+00:00,1088,377597,19584,1167,235,83.33617021276596,0.011999591503267975,5.557777206916368
Colleen Vlogs,My Journey with ADHD,2022-07-24 20:01:58+00:00,1273,269132,15205,1051,671,22.660208643815203,0.044130220322262416,6.2894787687826055
Colleen Vlogs,My Husband Left for The Weekend,2022-07-25 22:50:30+00:00,1045,340337,17896,1008,787,22.739517153748412,0.04397630755476084,5.78573590294326
Colleen Vlogs,MY NEW BANGS!,2022-07-26 23:02:47+00:00,601,301553,18097,1219,799,22.64956195244055,0.04415096424821794,6.6704692044184615
Colleen Vlogs,"Baking, Baby Giggles, and Flynns Twin!",2022-07-29 00:58:57+00:00,757,351654,17957,1105,1321,13.59348978046934,0.07356462660800801,5.796322521569498
Colleen Vlogs,OUR CAT GOT A LION HAIRCUT!,2022-07-31 00:10:24+00:00,610,310123,17624,730,1445,12.196539792387544,0.08199046754425783,6.384241091437913
Colleen Vlogs,Erik Gets a TATTOO & Flynn Gets Stung By A BEE!!!,2022-08-02 18:28:39+00:00,1183,463419,22263,2133,1000,22.263,0.04491757624758568,5.480137845017144
Colleen Vlogs,WE ARE MOVING!,2022-08-03 23:13:26+00:00,1601,441942,22873,2777,1446,15.818118948824344,0.06321864206706597,6.131121278357794
Colleen Vlogs,FIRST DAY IN THE NEW HOUSE!,2022-08-05 01:00:29+00:00,801,488062,23912,1690,971,24.62615859938208,0.04060722649715624,5.444595153894382
Colleen Vlogs,THE KIDS STOLE MY CAMERA!,2022-08-05 21:33:46+00:00,710,330616,19373,1084,699,27.715307582260372,0.03608114386001136,6.398964357441867
Colleen Vlogs,Fighting With Kory.,2022-08-09 03:02:04+00:00,1226,410171,20387,2969,1530,13.32483660130719,0.07504782459410408,6.067225620533875
Colleen Vlogs,IT'S NOT WORKING!!!,2022-08-09 22:01:57+00:00,949,332431,18910,1083,1009,18.74132804757185,0.053358011634056055,6.3177020193664255
Colleen Vlogs,THIS IS SO EMBARRASSING!!!,2022-08-10 20:43:19+00:00,609,275560,16601,937,909,18.262926292629263,0.0547557376061683,6.69436783277689
Colleen Vlogs,YOU ALL THINK I'M GETTING PREGNANT!,2022-08-11 21:17:51+00:00,1153,535127,23082,1975,653,35.34762633996937,0.02829044276925743,4.8044669769979835
Colleen Vlogs,I'm irritated,2022-08-14 21:46:11+00:00,956,324011,16946,1006,869,19.500575373993094,0.0512805381801015,5.808753406520149
Colleen Vlogs,Amazon Summer Dress Try On Haul!,2022-08-15 23:24:48+00:00,1503,377957,17896,1831,2022,8.850642927794263,0.11298614215467144,5.754358300018255
Colleen Vlogs,This means a lot to me...,2022-08-16 21:33:55+00:00,513,299610,17386,740,747,23.27443105756359,0.04296560450937536,6.299188945629318
Colleen Vlogs,The Twins' Love Spaghetti!!!,2022-08-19 18:00:06+00:00,1043,332137,17047,817,1291,13.204492641363284,0.07573180031677128,5.767198475327952
Colleen Vlogs,How we deal with Arguments in our Marriage,2022-08-20 19:22:08+00:00,749,294885,15274,489,640,23.865625,0.04190127013225088,5.562507418146057
Colleen Vlogs,Welcome To Our Bed... 😏,2022-08-22 00:29:19+00:00,692,255450,14701,1124,536,27.42723880597015,0.03646010475477859,6.404775885691915
Colleen Vlogs,TRYING THE VIRAL TIKTOK CHAMOY PICKLE!,2022-08-22 22:33:13+00:00,748,445647,19525,941,509,38.35952848722986,0.026069142125480154,4.7066400087962
Colleen Vlogs,You guys freaked me out and made me take a pregnancy test! (I'M NOT PREGNANT!),2022-08-23 23:53:23+00:00,730,338394,17693,1203,1199,14.756463719766472,0.0677669134686034,5.938344060473885
Colleen Vlogs,I Can't Believe He Named His Lizard This...,2022-08-24 21:35:15+00:00,970,292731,15910,1187,847,18.783943329397875,0.053236957888120676,6.129859837188408
Colleen Vlogs,WE CAUGHT CRABS AND FISH!,2022-08-26 00:30:01+00:00,1022,263546,14366,771,631,22.76703645007924,0.04392315188639844,5.983016247637984
Colleen Vlogs,I miss my kids a lot when I go on tour,2022-08-27 00:09:19+00:00,862,258601,13977,1720,2971,4.704476607202962,0.21256349717392858,7.218842927908245
Colleen Vlogs,Diamonds Fell Out Of My Wedding Ring!,2022-08-27 20:34:08+00:00,823,262418,13913,609,716,19.431564245810055,0.05146266082081506,5.806766304140722
Colleen Vlogs,Getting Drunk On Tequila Croissants,2022-08-28 20:20:32+00:00,753,280715,14784,1136,2046,7.225806451612903,0.13839285714285715,6.400085495965659
Colleen Vlogs,MY ICE CREAM HAS SPLINTERS IN IT!,2022-08-30 21:43:20+00:00,848,277397,15067,720,1565,9.627476038338658,0.10386938342072079,6.25529475805434
Colleen Vlogs,REUNITED WITH MY BABIES!,2022-08-31 23:57:32+00:00,810,353925,17200,662,1578,10.899873257287705,0.09174418604651163,5.492689129052765
Colleen Vlogs,GETTING A TATTOO!!!,2022-09-02 20:18:34+00:00,783,350780,18084,1493,2498,7.239391513210569,0.13813315638133156,6.293118193739666
Colleen Vlogs,Addressing the comments about my weight,2022-09-06 01:22:54+00:00,1909,907040,49385,6994,7280,6.783653846153846,0.147413182140326,7.018323337449285
Colleen Vlogs,CUTE SUMMER/FALL DRESS TRY ON HAUL!,2022-09-07 21:42:54+00:00,1042,316348,16702,1074,1073,15.565703634669152,0.06424380313734881,5.958311732648855
Colleen Vlogs,Flynn First Flight! He brought a Cockroach on the plane... 😑,2022-09-08 22:55:12+00:00,614,347349,18157,682,437,41.54919908466819,0.024067852618824697,5.549461780514699
Colleen Vlogs,TEXAS BBQ AND STINKY TOOTS!,2022-09-11 19:12:30+00:00,882,254313,14421,560,393,36.69465648854962,0.027251924277095902,6.045306374428362
Colleen Vlogs,ROMANTIC WEDDING WEEKEND!,2022-09-12 20:25:42+00:00,693,301892,17465,779,431,40.522041763341065,0.024677927283137703,6.18598704172353
Colleen Vlogs,EMBARRASSING JOJO SIWA ON STAGE,2022-09-13 21:58:37+00:00,688,436539,18257,466,180,101.42777777777778,0.009859232075368351,4.330197301959275
Colleen Vlogs,HE'S CRAWLING!,2022-09-15 00:42:53+00:00,871,369606,18796,859,1881,9.992557150451887,0.10007448393275165,5.8267452368197485
Colleen Vlogs,I Miss My Old House... :(,2022-09-16 18:09:51+00:00,604,317928,15886,548,505,31.45742574257426,0.031788996600780564,5.3279358848544325
Colleen Vlogs,I SHATTERED MY CAMERA! :(,2022-09-17 17:36:56+00:00,619,230649,13634,563,706,19.311614730878187,0.05178230893354848,6.461333021170697
Colleen Vlogs,Crying In My Hotel Room and Kory's Foot Injury,2022-09-18 19:54:57+00:00,690,273517,15235,663,573,26.588132635253054,0.03761076468657696,6.021929167108444
Colleen Vlogs,This Really Pissed Me Off,2022-09-20 21:02:34+00:00,815,264906,15672,1265,866,18.09699769053118,0.05525778458397142,6.7204970819837975
Colleen Vlogs,OMG LISTEN TO MY GENIUS IDEA!!!,2022-09-21 22:42:05+00:00,660,228833,13150,997,205,64.14634146341463,0.0155893536121673,6.271822682917237
Colleen Vlogs,Things I Miss About Being Pregnant!,2022-09-23 04:25:40+00:00,1136,321698,16194,1082,381,42.503937007874015,0.02352723230826232,5.488688148511958
Colleen Vlogs,TAKE YOUR DAUGHTER TO WORK DAY!,2022-09-24 00:08:15+00:00,866,352064,16397,877,944,17.36970338983051,0.057571506982984695,5.174627340483549
Colleen Vlogs,The Most Magical Day Of Our Lives!,2022-09-26 22:16:44+00:00,1349,335690,19094,932,376,50.78191489361702,0.019692049858594324,6.0776311477851594
Colleen Vlogs,I CAN'T BELIEVE HE CAUGHT THAT! Camping Day 1!,2022-09-28 00:21:59+00:00,798,225880,13521,736,365,37.04383561643836,0.026995044745211152,6.473348680715424
Colleen Vlogs,CAMPING AND MY CRAZY TWIN BABIES!,2022-09-28 22:38:23+00:00,923,307665,15544,484,1117,13.915846016114592,0.0718605249613999,5.572619569986836
Colleen Vlogs,I'M OVER IT!,2022-09-29 23:35:37+00:00,640,245017,14547,697,598,24.32608695652174,0.041108132260947276,6.465673810388667
Colleen Vlogs,We're Moving...AGAIN. 😳,2022-10-01 20:33:49+00:00,1020,453376,21049,1646,373,56.43163538873995,0.017720556796047317,5.088050536420101
Colleen Vlogs,MAISY SAYS HER FIRST WORD!!!,2022-10-03 23:00:04+00:00,1137,726375,30223,2415,804,37.590796019900495,0.026602256559573833,4.60395801066942
Colleen Vlogs,YOU GET TO PICK MY HAIRCUT!,2022-10-04 21:32:14+00:00,850,273268,15464,2021,681,22.707782672540382,0.044037765131919294,6.647686520192632
Colleen Vlogs,THIS IS VERY EXCITING NEWS!!!,2022-10-06 00:14:00+00:00,1116,461064,20740,1722,886,23.408577878103838,0.04271938283510125,5.063939062689778
Colleen Vlogs,Maisy Does NOT Like Miranda Sings!,2022-10-06 23:37:28+00:00,816,478528,20183,938,758,26.62664907651715,0.03755635931229252,4.572146248495386
Colleen Vlogs,Anxiety kept me up all night...,2022-10-10 02:45:58+00:00,624,248827,13487,436,508,26.549212598425196,0.03766590049677467,5.799611778464556
Colleen Vlogs,MAKING TIKTOKS WITH PARKER BACKSTAGE!,2022-10-11 00:19:42+00:00,955,227307,13097,523,501,26.14171656686627,0.03825303504619378,6.21230318467975
Colleen Vlogs,SOMEONE CALLED SECURITY ON ME!!!,2022-10-11 23:15:04+00:00,1360,353394,17129,1369,842,20.343230403800476,0.04915640142448479,5.472645262794501
Colleen Vlogs,Planning The Twins' FIRST BIRTHDAY! 😱,2022-10-13 06:56:08+00:00,1275,441067,20154,1587,635,31.738582677165354,0.03150739307333532,5.073152151487189
Colleen Vlogs,I WANT TO TAKE ONE OF JOEY'S KITTENS!,2022-10-13 20:01:41+00:00,692,282177,16206,539,366,44.278688524590166,0.022584228063680118,6.0639244162352
Colleen Vlogs,THE BABIES FIRST PUMPKINS!,2022-10-15 00:30:02+00:00,861,350341,16592,1833,251,66.10358565737052,0.015127772420443587,5.330806271603952
Colleen Vlogs,MAKING MY KID'S HALLOWEEN COSTUME! :),2022-10-17 22:27:42+00:00,826,296319,15050,584,589,25.551782682512734,0.03913621262458472,5.47484299015588
Colleen Vlogs,Do We Regret Our Wedding?,2022-10-18 23:13:31+00:00,999,337526,16536,1340,1085,15.240552995391704,0.06561441702951137,5.6176413076325975
Colleen Vlogs,HONEST YITTY CLOTHING REVIEW!,2022-10-20 03:22:20+00:00,1068,303371,15748,783,787,20.010165184243963,0.0499745999491999,5.708521908817916
Colleen Vlogs,OUR VACATION IN THE MIDDLE OF NOWHERE!,2022-10-20 23:42:39+00:00,730,256595,14391,574,603,23.865671641791046,0.041901188242651655,6.067148619419708
Colleen Vlogs,TRYING THE VIRAL TIKTOK DRINK!,2022-10-22 21:03:16+00:00,1229,321837,16874,1250,460,36.68260869565217,0.02726087471850184,5.774351612772925
Colleen Vlogs,WE FOUND MOLD IN THE BATH TOYS!,2022-10-24 22:44:48+00:00,1141,342905,15810,988,338,46.77514792899408,0.02137887413029728,4.997302459864978
Colleen Vlogs,TWIN BABY CLOTHING HAUL!,2022-10-25 22:15:28+00:00,820,277936,14369,719,630,22.807936507936507,0.04384438722249287,5.65525876460768
Colleen Vlogs,Flynn's Surprise Scavenger Hunt!,2022-10-26 22:58:42+00:00,908,225670,13056,1078,142,91.94366197183099,0.010876225490196078,6.326051313865379
Colleen Vlogs,Talking about my obsession with Taylor Swift's New Album for 40 minutes straight.,2022-10-27 07:00:12+00:00,2374,220125,15856,2864,926,17.123110151187905,0.058400605449041375,8.924929017603635
Colleen Vlogs,I Have To Start Over...,2022-10-27 23:23:35+00:00,731,352704,16717,1007,500,33.434,0.029909672788179697,5.16693884957358
Colleen Vlogs,Watch Me Make All My Kids Halloween Costumes!,2022-10-29 01:30:06+00:00,1118,440181,17548,873,1293,13.57153905645785,0.07368361066788238,4.478612207251108
Colleen Vlogs,MY OUTFIT FELL OFF ON STAGE!,2022-10-31 23:53:53+00:00,813,273144,14446,919,655,22.054961832061068,0.04534127094005261,5.865038221597399
Colleen Vlogs,Halloween got Cancelled. :(,2022-11-02 00:54:41+00:00,852,413811,19631,969,783,25.071519795657725,0.039885894758290456,5.167334846101239
Colleen Vlogs,TRANSFORMING MYSELF INTO TAYLOR SWIFT!,2022-11-03 23:29:03+00:00,1082,323515,15766,1080,689,22.88243831640058,0.04370163643283014,5.420150533978331
Colleen Vlogs,I CAN'T BELIEVE IT!,2022-11-04 21:07:07+00:00,621,336326,17368,725,1974,8.7983789260385,0.11365730078304928,5.966532471471132
Colleen Vlogs,CELEBRATING HALLOWEEN & TRICK OR TREATING!,2022-11-07 01:30:00+00:00,986,400727,19205,1226,454,42.301762114537446,0.02363967716740432,5.2117775942225
Colleen Vlogs,The Twins Turn One!,2022-11-08 00:44:53+00:00,1159,672408,28464,1687,649,43.85824345146379,0.022800730747611016,4.580552283732496
Colleen Vlogs,TRYING PICKLE COTTON CANDY! 🤮,2022-11-08 23:14:58+00:00,1036,307545,16221,1279,1153,14.068516912402428,0.07108069786079774,6.065128680355721
Colleen Vlogs,My Kids React To Haters Back Off!,2022-11-10 08:46:42+00:00,622,291139,15836,878,500,31.672,0.03157362970447083,5.912639666963202
Colleen Vlogs,KORY'S BIRTHDAY SURPRISE!,2022-11-11 02:37:34+00:00,709,321523,16692,776,746,22.37533512064343,0.04469206805655404,5.664913552063149
Colleen Vlogs,TRYING EVERY HOLIDAY STARBUCKS DRINK!,2022-11-12 02:30:02+00:00,841,340797,17229,892,558,30.876344086021504,0.032387254048406755,5.4809754780705235
Colleen Vlogs,We Bought A House! We're Moving! AAAH!,2022-11-15 02:11:04+00:00,896,509993,26632,2613,407,65.43488943488944,0.01528236707720036,5.814197449768918
Colleen Vlogs,Final Night In My House Before We Move. :(,2022-11-16 06:09:46+00:00,1193,442255,25223,1102,1171,21.539709649871906,0.04642588114022916,6.217227617550961
Colleen Vlogs,Saying GoodBye is hard. :(,2022-11-17 02:15:43+00:00,810,448191,24931,2181,1442,17.289181692094314,0.05783963739922185,6.370944530345321
Colleen Vlogs,Does Flynn Like The New House?,2022-11-18 01:21:57+00:00,932,483430,22693,1011,1174,19.329642248722315,0.05173401489446085,5.146143185156072
Colleen Vlogs,I can finally talk about this.,2022-11-19 18:53:40+00:00,821,461961,23869,1495,2828,8.44024045261669,0.11848003686790398,6.102679663434793
Colleen Vlogs,My Husband Gave Me Panties For My Birthday!,2022-11-22 16:00:22+00:00,1048,335489,18456,935,647,28.525502318392583,0.03505635023840485,5.972774070088736
Colleen Vlogs,MY HUSBAND MADE ME CRY ON MY BIRTHDAY!,2022-11-23 03:44:57+00:00,1006,352830,21116,1368,601,35.13477537437604,0.028461829892025003,6.54281098546042
Colleen Vlogs,Unedited Footage of us singing at my Birthday Party!,2022-11-23 04:53:00+00:00,655,168164,11978,736,286,41.88111888111888,0.023877108031390884,7.730548750029732
Colleen Vlogs,Unpacking The Kid's Rooms At The New House & crying..shocker.,2022-11-24 01:49:33+00:00,1076,400349,19677,1167,345,57.03478260869565,0.017533160542765665,5.292632178424324
Colleen Vlogs,I Probably Shouldn't Talk About This,2022-11-24 22:40:21+00:00,992,378769,17978,628,874,20.569794050343248,0.04861497385693626,5.142976325940085
Colleen Vlogs,TWIN BABIES FIRST THANKSGIVING!,2022-11-25 23:56:15+00:00,856,384453,19051,911,1558,12.22785622593068,0.08178048396409637,5.597563291221554
Colleen Vlogs,COLLEEN'S EMPTY HOUSE TOUR!,2022-11-28 23:59:49+00:00,1423,704746,32177,1696,1484,21.682614555256066,0.04611989930695839,5.016984842766046
Colleen Vlogs,WESLEY'S FIRST HAIRCUT!,2022-11-29 23:58:15+00:00,869,320807,17772,851,815,21.806134969325154,0.045858654062570336,6.059094720501735
Colleen Vlogs,The Drama With Our Babysitter!,2022-11-30 23:30:26+00:00,1352,481688,21677,1385,1060,20.45,0.0488997555012225,5.0078058826460286
Colleen Vlogs,TOUR OF THE BACKYARD AT THE NEW HOUSE!,2022-12-02 01:12:22+00:00,1227,405449,19024,1239,912,20.859649122807017,0.0479394449116905,5.222605062535609
Colleen Vlogs,OUR FLIGHTS GOT CANCELLED! :(,2022-12-04 21:30:25+00:00,774,266510,14822,435,646,22.944272445820435,0.043583861827013896,5.967130689279952
Colleen Vlogs,MAISY IS TALKING!!!,2022-12-05 22:08:17+00:00,990,368866,20184,1292,548,36.832116788321166,0.02715021799445105,5.970731918908221
Colleen Vlogs,REUNITED WITH MY KIDS! 😭,2022-12-07 01:03:21+00:00,931,315049,17397,576,412,42.22572815533981,0.02368224406506869,5.835600176480484
Colleen Vlogs,PICKING OUT OUR FAMILY CHRISTMAS TREE!,2022-12-08 03:04:38+00:00,1169,315313,16037,581,608,26.376644736842106,0.0379123277420964,5.463142972221253
Colleen Vlogs,Going To The Hospital,2022-12-09 01:59:09+00:00,1162,357015,17538,793,831,21.104693140794225,0.047382825863838525,5.3672814867722645
Colleen Vlogs,Feeling frustrated and guilty.,2022-12-10 01:53:24+00:00,837,294282,15068,797,1366,11.030746705710103,0.09065569418635519,5.85526807619902
Colleen Vlogs,"HOW WE MADE $145,000 IN ONE DAY!",2022-12-13 21:33:35+00:00,1407,267620,15767,642,657,23.99847792998478,0.04166930931692776,6.376952395187206
Colleen Vlogs,I Found Old Footage Telling Erik I Was Pregnant!,2022-12-14 22:10:44+00:00,1543,377314,17089,1665,1142,14.964098073555167,0.06682661361109486,5.27306169397372
Colleen Vlogs,WOW. I'm an Idiot. 😩,2022-12-16 01:45:48+00:00,1048,293523,14820,620,892,16.614349775784753,0.0601889338731444,5.564129557138623
Colleen Vlogs,OUR CHRISTMAS PHOTOS & GETTING A NEW PET!,2022-12-17 00:32:38+00:00,1072,404421,19409,1372,1346,14.419762258543834,0.06934927095677264,5.471278692253864
Colleen Vlogs,REVEALING MY KIDS CHRISTMAS PRESENTS!,2022-12-20 02:00:27+00:00,1187,283229,14816,730,880,16.836363636363636,0.05939524838012959,5.7995473627347485
Colleen Vlogs,Making Mistakes As a Mom,2022-12-20 23:00:43+00:00,1137,262593,14554,715,1067,13.640112464854733,0.07331317850762677,6.221034071738393
Colleen Vlogs,What Happened To My Wedding Ring?,2022-12-21 23:41:56+00:00,788,246772,13897,498,778,17.862467866323907,0.055983305749442325,6.148590601851101
Colleen Vlogs,THERE IS A GHOST IN MY HOUSE! I CAUGHT IT ON CAMERA!,2022-12-23 00:43:05+00:00,848,260387,14228,1172,1010,14.087128712871287,0.07098678661793646,6.302157941832734
Colleen Vlogs,The hardest thing I've ever been through,2022-12-24 05:01:27+00:00,1397,381224,15925,969,1364,11.675219941348974,0.08565149136577709,4.789310221811848
Colleen Vlogs,SICK FOR CHRISTMAS!,2022-12-25 23:21:08+00:00,1237,327193,17533,1349,882,19.878684807256235,0.05030513888096732,6.040471525980079
Colleen Vlogs,COLLEEN BALLINGER FAMILY CHRISTMAS SPECIAL 2022!,2022-12-28 01:30:55+00:00,1276,444763,21014,765,987,21.29078014184397,0.04696868754163891,5.118681185260464
Colleen Vlogs,What I Got For Christmas!,2022-12-28 23:19:58+00:00,1231,363013,16786,805,548,30.631386861313867,0.03264625282973907,4.996790748540686
Colleen Vlogs,MY HUSBAND CUT MY HAIR!,2022-12-30 02:16:37+00:00,783,411488,18803,3504,1383,13.59580621836587,0.07355209275115673,5.757154522124583
Colleen Vlogs,Flynn Reacts To Me Working At Disneyland!,2022-12-31 01:16:47+00:00,731,268398,13767,1609,1052,13.086501901140684,0.07641461465824072,6.120760959470637
Colleen Vlogs,Revealing My Embarrassing Secret! (HAPPY NEW YEAR!),2023-01-02 17:02:25+00:00,1077,318021,15298,2057,2278,6.715539947322212,0.14890835403320696,6.173491687655846
Colleen Vlogs,I SURPRISED MY FAMILY WITH A TRIP TO DISNEYLAND!,2023-01-04 00:45:37+00:00,771,434580,22776,948,1970,11.561421319796954,0.08649455567263786,5.912375166827742
Colleen Vlogs,EVERYTHING I BOUGHT AT DISNEYLAND! *HAUL*,2023-01-05 00:30:08+00:00,744,302844,16074,698,1543,10.417368762151652,0.09599352992410103,6.047668106351785
Colleen Vlogs,CUTEST BABY GIGGLES EVER!,2023-01-06 22:10:57+00:00,702,273137,14528,539,1872,7.760683760683761,0.1288546255506608,6.201649721568297
Colleen Vlogs,SURPRISING MY 4 YEAR OLD WITH A BUNK BED!,2023-01-10 03:00:03+00:00,1341,488155,19678,855,1699,11.582107121836374,0.08634007521089541,4.554291157521688
Colleen Vlogs,My Backyard Is Flooding!,2023-01-10 21:58:17+00:00,951,331529,16086,952,1615,9.960371517027864,0.10039786149446724,5.626355462116436
Colleen Vlogs,The Aftermath After The Big California Storm!,2023-01-11 22:00:08+00:00,697,276938,13354,609,747,17.876840696117803,0.05593829564175528,5.311658205085615
Colleen Vlogs,Spilling Tea On The Celebrities I've met,2023-01-15 00:23:56+00:00,1356,324511,14595,1025,1483,9.841537424140256,0.10161014045906132,5.270391450520938
Colleen Vlogs,UNIVERSAL STUDIOS AND A TOUR DRAMA!,2023-01-15 23:09:44+00:00,677,231471,12865,643,1460,8.811643835616438,0.11348620287602021,6.466468801707341
Colleen Vlogs,THEY GOT ENGAGED AT MY SHOW!!!,2023-01-17 00:59:28+00:00,949,252044,14024,588,903,15.53045404208195,0.06438961779806046,6.15567123200711
Colleen Vlogs,Travel Disaster and FINALLY Reunited With My Kids!,2023-01-18 23:52:47+00:00,1031,245091,13394,711,1007,13.300893743793447,0.07518291772435419,6.165873083874969
Colleen Vlogs,THE BABIES EAT COOKIES FOR THE FIRST TIME!!!,2023-01-19 22:54:50+00:00,868,301506,15496,858,1147,13.510026155187445,0.07401910170366546,5.804527936425809
Colleen Vlogs,PICK MY DRESS FOR MY SHOW THIS WEEKEND!,2023-01-21 00:31:14+00:00,829,270863,14038,1009,997,14.080240722166499,0.07102151303604502,5.923289633504761
Colleen Vlogs,JOJO SIWA PERFORMS AT MY SHOW!,2023-01-23 21:48:10+00:00,916,222056,12429,489,1326,9.373303167420815,0.10668597634564325,6.414598119393307
Colleen Vlogs,THE TWINS' NEW BEDROOM REVEAL!,2023-01-25 00:34:49+00:00,1003,423060,17894,859,671,26.667660208643817,0.037498602883648154,4.591310925164279
Colleen Vlogs,a great day with a bad ending,2023-01-26 01:47:39+00:00,1268,302362,16846,2215,1616,10.424504950495049,0.09592781669238988,6.83849160939536
Colleen Vlogs,JOJO BABYSITS MY KIDS!,2023-01-26 23:57:11+00:00,967,522091,20520,1193,1394,14.72022955523673,0.0679337231968811,4.425856795079785
Colleen Vlogs,The Worst Part About My ADHD,2023-01-27 23:01:34+00:00,1152,242945,12826,1041,691,18.56150506512301,0.05387494152502729,5.992302784580873
Colleen Vlogs,A Weird Weekend...,2023-01-31 00:47:54+00:00,1029,238062,12792,840,472,27.10169491525424,0.03689806128830519,5.924507061185742
Colleen Vlogs,The Twins Have Their Own Language!,2023-02-01 01:25:07+00:00,729,253638,13658,845,928,14.717672413793103,0.06794552643139552,6.083867559277396
Colleen Vlogs,SURPRISING MY HUSBAND WITH THE BEST GIFT EVER!,2023-02-01 23:00:04+00:00,670,233211,13118,667,772,16.992227979274613,0.05885043451745693,6.2419868702591215
Colleen Vlogs,DONT TOUCH MY STUFF!,2023-02-02 21:05:34+00:00,834,210598,13214,1225,1620,8.15679012345679,0.12259724534584532,7.6254285415815914
Colleen Vlogs,I CAN'T BELIEVE THIS HAPPENED TO MEEEE!,2023-02-03 22:27:36+00:00,1080,255846,13492,988,2977,4.532079274437353,0.22064927364364068,6.823245233460754
Colleen Vlogs,I'M HOME & FLYNN'S BIG SURPRISE!,2023-02-07 00:50:56+00:00,878,239682,13537,696,934,14.493576017130621,0.06899608480460959,6.327967890788629
Colleen Vlogs,OUR FIRST KISS!,2023-02-07 22:42:21+00:00,930,259747,13775,869,1369,10.06208911614317,0.09938294010889293,6.164845022271672
Colleen Vlogs,Why I Didn't Take My Husband's Last Name!,2023-02-08 23:07:27+00:00,1264,298642,13610,1163,2276,5.979789103690686,0.16722997795738428,5.708842024899377
Colleen Vlogs,WESLEY PRACTICES WALKING!,2023-02-09 23:13:26+00:00,718,303678,15015,1041,647,23.207109737248842,0.04309024309024309,5.500233800275291
Colleen Vlogs,I CAN'T BELIEVE SHE SAID THAT!,2023-02-11 00:59:15+00:00,853,298499,14936,815,673,22.193164933135215,0.04505891805034815,5.502195987256239
Colleen Vlogs,REVEALING MY SECRET VALENTINE'S DAY PLANS!,2023-02-14 00:39:30+00:00,1063,227581,12021,638,856,14.04322429906542,0.07120871807669911,5.938544957619484
Colleen Vlogs,I'M HIDING IN THE BATHROOM!,2023-02-15 05:20:31+00:00,568,190053,11220,386,1014,11.065088757396449,0.09037433155080214,6.640252982062898
Colleen Vlogs,We Spent Valentine's Day at the Hospital!,2023-02-16 01:53:42+00:00,789,212265,12707,648,1121,11.335414808206957,0.08821909183914378,6.819777165335783
Colleen Vlogs,Update on my Disorder,2023-02-17 01:45:52+00:00,1209,268876,12817,811,724,17.70303867403315,0.05648747756885387,5.3377765215192134
Colleen Vlogs,I NEED TO RANT ABOUT THIS!,2023-02-18 04:46:10+00:00,1232,240921,12661,1178,893,14.178051511758119,0.07053155358976385,6.114867529190066
Colleen Vlogs,Erik Thought I was Pregnant (I AM NOT! I PROMISE!),2023-02-21 02:30:12+00:00,1301,276427,14122,1057,1749,8.074328187535734,0.12384931312845206,6.123859102041407
Colleen Vlogs,I'M DOING IT!!!,2023-02-22 02:30:07+00:00,1137,255621,13678,1073,868,15.758064516129032,0.06345957011258956,6.11021786159979
Colleen Vlogs,I Lied.,2023-02-23 00:11:17+00:00,1134,242835,12890,1245,1316,9.79483282674772,0.10209464701318852,6.362756604278625
Colleen Vlogs,I CUT MY OWN BANGS!,2023-02-24 00:50:39+00:00,1189,318461,17547,4481,1311,13.384439359267734,0.0747136262608993,7.32868388907904
Colleen Vlogs,Maisy Practices Walking!,2023-02-25 03:09:17+00:00,921,292222,14287,1273,794,17.993702770780857,0.055574998250157485,5.596430111353697
Colleen Vlogs,FLYNN'S FIRST TIME SEEING SNOW!,2023-02-28 03:19:36+00:00,1379,280369,13772,971,808,17.044554455445546,0.05866976474005228,5.546618920066056
Colleen Vlogs,VISITING MY OLD HOUSE! :(,2023-02-28 22:22:49+00:00,848,319077,15406,1192,989,15.577350859453993,0.06419576788264313,5.511835701100361
Colleen Vlogs,Maisy Loves Miranda!,2023-03-01 23:09:08+00:00,754,248493,15999,1098,1125,14.221333333333334,0.07031689480592537,7.3330033441585885
Colleen Vlogs,TRYING OUT LONG NAILS FOR THE FIRST TIME!,2023-03-03 03:44:17+00:00,703,267223,13079,1016,1431,9.139762403913346,0.10941203455921707,5.81012861916826
Colleen Vlogs,HomeSchooling? Public School? Private School?,2023-03-03 22:41:45+00:00,944,303235,13846,973,483,28.666666666666668,0.03488372093023256,5.04625125727571
Colleen Vlogs,I WENT TO THE KIDS CHOICE AWARDS! It was Awkward...,2023-03-06 22:55:22+00:00,1022,304439,14969,724,1185,12.632067510548524,0.07916360478321866,5.543967757087627
Colleen Vlogs,WE GOT BABY CHICKS!,2023-03-07 22:32:25+00:00,831,274499,14457,770,886,16.317155756207676,0.06128519056512416,5.869966739405244
Colleen Vlogs,HE STAYED UP WAY PAST BEDTIME & IT GOT CRAZY!,2023-03-09 01:06:55+00:00,618,224444,12783,1348,1180,10.833050847457628,0.09231009935070014,6.821746181675607
Colleen Vlogs,"postponing the Durham, NC show 💔",2023-03-10 01:40:58+00:00,248,204929,10952,937,2352,4.656462585034014,0.21475529583637692,6.949236076885165
Colleen Vlogs,MY OUTFIT IS SHOCKING!,2023-03-14 00:13:42+00:00,877,215838,12073,559,2024,5.964920948616601,0.16764681520748778,6.79027789360539
Colleen Vlogs,BABY CHICK UPDATE! WE NAMED THEM!,2023-03-15 01:36:12+00:00,922,204227,11691,744,1291,9.055770720371806,0.11042682405269011,6.720952665416425
Colleen Vlogs,I'm Gonna Get Hate For Saying This...,2023-03-16 00:39:12+00:00,1129,243337,11860,562,1739,6.820011500862565,0.1466273187183811,5.8195013499796575
Colleen Vlogs,TASTING VIRAL TIKTOK FRUIT ROLL UP ICE CREAM!,2023-03-17 02:50:01+00:00,895,256403,13062,592,939,13.910543130990416,0.07188791915480018,5.69143106749921
Colleen Vlogs,How I Knew I Was Pregnant With Twins!,2023-03-17 22:20:59+00:00,1075,424069,17534,900,1718,10.206053550640279,0.0979810653587316,4.752056858671584
Colleen Vlogs,WE CAUGHT A LEPRECHAUN!,2023-03-21 01:33:02+00:00,924,218170,12015,546,1128,10.65159574468085,0.09388264669163546,6.274464866846954
Colleen Vlogs,MY HUSBAND SCARED THE CRAP OUT OF ME!!!!!,2023-03-21 21:43:32+00:00,1071,223185,11974,647,1148,10.430313588850174,0.09587439452146317,6.169321414969644
Colleen Vlogs,MY INAPPROPRIATE THERAPIST!,2023-03-22 21:58:37+00:00,1025,252366,12458,570,1063,11.719661335841957,0.0853266977042864,5.583557214521766
Colleen Vlogs,FLYNN IS COMING ON TOUR WITH ME!,2023-03-23 23:56:49+00:00,950,234537,12302,735,606,20.300330033003302,0.04926028288083238,5.81699262802884
Colleen Vlogs,Lets Talk About This TikTok Ban...,2023-03-25 00:33:02+00:00,988,232421,11422,1060,2244,5.090017825311943,0.1964629662055682,6.335916289836116
Colleen Vlogs,My Husband Wants To Call 911 On Me,2023-03-28 01:15:01+00:00,1264,240281,12423,765,1116,11.131720430107526,0.08983337358126056,5.953029994048635
Colleen Vlogs,SILLY VIDEOS OF MY KIDS FOR MY KIDS!,2023-03-28 10:15:33+00:00,1752,136534,7145,568,2223,3.214125056230319,0.3111266620013996,7.277308216268476
Colleen Vlogs,INSTAGRAM AD CLOTHING TRY ON HAUL!,2023-03-28 23:05:26+00:00,762,221638,11782,837,1003,11.746759720837488,0.08512985910711254,6.146057986446367
Colleen Vlogs,TESTING THE TIKTOK EGG HACK! CRAZY!!!,2023-03-29 22:23:27+00:00,953,211729,10870,527,843,12.894424673784105,0.07755289788408463,5.780974736573639
Colleen Vlogs,TWIN TODDLER NIGHT TIME ROUTINE!,2023-03-30 23:48:29+00:00,1020,369717,14859,873,1502,9.892809587217045,0.10108351840635305,4.661403181352224
Colleen Vlogs,OUR PLANE GOT A FLAT TIRE!,2023-04-01 21:11:17+00:00,799,193248,10741,625,1261,8.517842981760507,0.11740061446792664,6.534090909090909
Colleen Vlogs,I'M SCREWED.,2023-04-04 22:55:43+00:00,837,205506,11303,608,1171,9.652433817250213,0.10360081394320092,6.365750878319855
Colleen Vlogs,Exposing my High School Ex-Boyfriend to my Husband,2023-04-05 23:39:20+00:00,840,203320,10864,661,1138,9.546572934973637,0.10474963181148748,6.228113318906157
Colleen Vlogs,SHE'S READING!,2023-04-07 00:45:50+00:00,739,203643,11605,455,911,12.73874862788145,0.07850064627315813,6.369479923198932
Colleen Vlogs,WESLEY'S FIRST STEPS!!!,2023-04-07 22:27:18+00:00,888,294739,14531,576,1056,13.760416666666666,0.07267221801665405,5.483834850494844
Colleen Vlogs,Update on my throat :(,2023-04-10 22:27:49+00:00,979,334614,18017,1823,1251,14.402078337330137,0.06943442304490204,6.303083552989415
Colleen Vlogs,OUR EPIC FAMILY EASTER PARTY!,2023-04-12 00:00:35+00:00,816,226329,13893,554,952,14.593487394957982,0.06852371697977398,6.803812149569874
Colleen Vlogs,STOP LEAVING COMMENTS LIKE THIS!,2023-04-12 23:04:17+00:00,681,211324,13511,875,2165,6.2406466512702075,0.16023980460365628,7.832049364956181
Colleen Vlogs,I’m really scared.,2023-04-14 01:54:53+00:00,1267,269840,13874,1220,1259,11.019857029388403,0.09074527893902264,6.060257930625556
Colleen Vlogs,I got Misdiagnosed & Wesley is FULLY Walking!,2023-04-15 00:20:30+00:00,766,345033,20770,1610,1238,16.777059773828757,0.05960519980741454,6.845142348702877
Colleen Vlogs,Update On my Career & Health,2023-04-17 22:04:45+00:00,638,353616,17255,1118,1790,9.639664804469273,0.1037380469429151,5.701947875661735
Colleen Vlogs,TRYING WEIRD PASSION FRUIT MOCHI DESSERT!,2023-04-19 02:33:07+00:00,749,216653,13129,711,1065,12.327699530516432,0.08111813542539417,6.879664717312939
Colleen Vlogs,MAISY TAKES HER FIRST STEPS!,2023-04-19 21:57:52+00:00,989,314651,15886,1863,1227,12.947025264873675,0.0772378194636787,6.030808737299421
Colleen Vlogs,MY BIG AUDITION!,2023-04-20 22:06:45+00:00,628,199445,13520,946,983,13.75381485249237,0.07270710059171598,7.745995136503798
Colleen Vlogs,I got Fired from My DREAM job! :(,2023-04-21 23:38:36+00:00,761,236483,13055,753,1092,11.955128205128204,0.0836461126005362,6.300664318365379
Colleen Vlogs,JoJo Siwa Made Me Cry!,2023-04-24 23:44:29+00:00,1300,261153,13720,720,1418,9.675599435825106,0.1033527696793003,6.072302443395252
Colleen Vlogs,The Chickens Had To Move!,2023-04-25 21:09:41+00:00,808,199601,10953,900,1359,8.059602649006623,0.12407559572719803,6.619205314602632
Colleen Vlogs,MAISY TAKES OVER THE VLOG!,2023-04-26 23:42:29+00:00,1124,233840,11606,736,2355,4.92823779193206,0.20291228674823367,6.2850667122819015
Colleen Vlogs,Wesley Meets A COW!,2023-04-27 23:11:39+00:00,927,199480,10590,456,2415,4.385093167701863,0.22804532577903683,6.748044916783637
Colleen Vlogs,I LOST EVERYTHING!,2023-04-29 02:34:55+00:00,848,233139,11880,662,3016,3.938992042440318,0.25387205387205386,6.673272168105722
Colleen Vlogs,FINALLY SOME GOOD NEWS!,2023-05-01 23:44:31+00:00,1101,235336,11800,986,1708,6.908665105386417,0.1447457627118644,6.1588537240371215
Colleen Vlogs,MY NEW WEDDING RING!,2023-05-02 23:05:38+00:00,919,228984,11168,602,5872,1.901907356948229,0.5257879656160458,7.704468434475771
Colleen Vlogs,CUTTING MY BANGS SHORT!,2023-05-03 23:31:52+00:00,977,213434,10358,1171,3403,3.043784895680282,0.32853832786252174,6.996073727709737
Colleen Vlogs,I'm sorry. :(,2023-05-06 03:06:06+00:00,1215,1092780,16441,1741,63177,0.2602371116070722,3.842649473876285,7.4451399183733225
Colleen Vlogs,NIGHTTIME ROUTINE IN A HOTEL! Also lots of crying.,2023-05-08 22:50:04+00:00,1025,173239,10092,724,1233,8.184914841849148,0.12217598097502973,6.955131350331046
Colleen Vlogs,READING BANNED BOOKS TO MY KIDS!,2023-05-10 03:59:49+00:00,1232,185632,11330,964,7046,1.6080045415838773,0.6218887908208297,10.418462334080331
Colleen Vlogs,THE TWINS 1/2 BIRTHDAY PARTY!,2023-05-10 21:47:41+00:00,1138,268012,11841,812,2375,4.9856842105263155,0.2005742758212989,5.607211617390266
Colleen Vlogs,JOJO SIWA'S BIRTHDAY PARTY!,2023-05-11 22:21:05+00:00,843,257906,11843,520,4364,2.713794683776352,0.3684877142615891,6.485696338976216
Colleen Vlogs,"Hate Comments, Singing Babies & Missing Turtles!",2023-05-13 02:34:45+00:00,861,226204,11136,864,3313,3.3613039541201326,0.297503591954023,6.769553146717122
Colleen Vlogs,MOTHER'S DAY SURPRISE!,2023-05-16 23:40:50+00:00,1157,229136,10812,757,6028,1.7936297279362974,0.5575286718460969,7.679718595070177
Colleen Vlogs,Sad news about my chickens 💔,2023-05-17 22:14:22+00:00,859,276385,14756,2393,10168,1.451219512195122,0.6890756302521008,9.883676755250828
Colleen Vlogs,SUMMER TWIN BABY CLOTHES HAUL!,2023-05-18 22:57:01+00:00,690,203313,10352,1059,4819,2.148163519402366,0.46551391035548684,7.982765489663721
Colleen Vlogs,MY TERRIFYING BATHROOM EXPERIENCE!,2023-05-20 18:39:00+00:00,628,171285,9559,446,6364,1.5020427404148335,0.6657600167381525,9.556586974924834
Colleen Vlogs,MY RUDE TOXIC TRAIT,2023-05-22 22:01:44+00:00,702,167959,9037,886,11282,0.8010104591384506,1.248423149275202,12.625104936323744
Colleen Vlogs,OUR NEW BABIES!,2023-05-23 22:50:41+00:00,992,190024,10724,669,13431,0.7984513439058893,1.2524244684819097,13.063613017303076
Colleen Vlogs,THE GHOST CHILD IN MY HOUSE!,2023-05-24 23:12:04+00:00,774,181517,10030,853,9000,1.1144444444444443,0.8973080757726819,10.953794961353482
Colleen Vlogs,Flynn Wants Me To Have More Babies!,2023-05-26 02:34:42+00:00,761,242462,11785,1211,15358,0.7673525198593567,1.3031820110309715,11.694203627784972
Colleen Vlogs,REACTING TO BABY VIDEOS OF FLYNN!,2023-05-27 22:48:17+00:00,1075,266448,11731,576,16088,0.7291770263550472,1.3714090870343534,10.656863628175103
Colleen Vlogs,Letting Go Of Miranda,2023-05-29 22:39:51+00:00,631,440811,13908,671,22440,0.6197860962566845,1.6134598792062123,8.397930178693363
Colleen Vlogs,MY CONTROVERSIAL OPINION,2023-05-30 22:31:10+00:00,631,200601,9333,696,25074,0.37221823402727927,2.6865959498553518,17.49891575814677
Colleen Vlogs,Let's Talk About My Diagnosis.,2023-05-31 22:56:08+00:00,1125,324214,10445,707,38297,0.27273676789304646,3.6665390138822405,15.251963209485092
Colleen Vlogs,WHICH TWIN LOVES ME MORE?,2023-06-01 22:25:28+00:00,1077,339645,10636,736,42149,0.25234287883461054,3.9628619781872882,15.757923714466576
Colleen Vlogs,MY BIG AUDITION! I'M SO NERVOUS!,2023-06-03 00:04:02+00:00,806,632984,11102,2967,79117,0.14032382420971473,7.126373626373627,14.721699126676189
Colleen Vlogs,hi.,2023-06-28 19:24:48+00:00,620,20360729,171593,12847,2035665,0.0842933390317169,11.863333585868887,10.90385810842038
Colleen Vlogs,fall vlog,2023-11-18 21:56:05+00:00,811,1551013,50288,4779,193876,0.25938228558460047,3.855313394845689,16.05034902995655
Colleen Vlogs,WHERE HAS COLLEEN BALLINGER BEEN?,2023-11-19 21:00:39+00:00,841,455921,23617,1319,56986,0.41443512441652336,2.4129228945251304,17.9684638347433
Colleen Vlogs,Watching old footage & Making Ornaments,2023-11-20 20:58:23+00:00,760,277414,18471,1570,34674,0.5327046201765011,1.8772129283742083,19.723229541407427
Colleen Vlogs,COLLEEN BALLINGER CUTS OFF ALL HER HAIR!,2023-11-21 20:28:11+00:00,773,320260,15822,1867,34637,0.4567947570517077,2.189166982682341,16.338599887591332
Colleen Vlogs,DECORATING FOR CHRISTMAS!,2023-11-22 23:51:38+00:00,658,200200,12483,1171,24885,0.501627486437613,1.9935111751982697,19.25024975024975
Colleen Vlogs,COLLEEN BALLINGER'S BIRTHDAY SURPRISE!,2023-11-23 20:36:24+00:00,1303,243148,12760,1331,21011,0.6073009376041121,1.6466300940438872,14.43647490417359
Colleen Vlogs,COLLEEN BALLINGER THANKSGIVING 2023!,2023-11-25 20:27:17+00:00,824,238559,11440,761,20058,0.5703459966098315,1.7533216783216783,13.522440989440767
Colleen Vlogs,"Crying about Taylor Swift, Football, and monster trucks!",2023-11-27 20:41:00+00:00,1063,172400,9122,674,11029,0.8270922114425605,1.2090550317912738,12.079466357308585
Colleen Vlogs,SURPRISING THE TWINS & FINDING CRYSTALS!,2023-11-28 23:09:49+00:00,1166,174898,9710,884,7591,1.2791463575286524,0.7817713697219362,10.397488822056285
Colleen Vlogs,COLLEEN BALLINGER HALLOWEEN SPECIAL 2023!,2023-11-29 22:32:29+00:00,916,145459,8257,620,4119,2.0046127700898277,0.4988494610633402,8.934476381660811
Colleen Vlogs,I'm scared... is this Poisonous? 😩,2023-11-30 21:34:19+00:00,1053,128653,7288,761,3543,2.0570138300874965,0.4861416026344676,9.010283475705968
Colleen Vlogs,Taylor Swift Advent and Flynn's Stand Up Comedy!,2023-12-01 21:22:27+00:00,834,127662,8091,715,4300,1.881627906976744,0.5314547027561488,10.266171609406088
Colleen Vlogs,My Kids Think I'm Zendaya...,2023-12-02 22:34:58+00:00,909,123825,7417,562,4477,1.6566897475988385,0.6036133207496293,10.059357964869777
Colleen Vlogs,I FINALLY FINISHED MY ROCKS & CRYSTALS!,2023-12-04 00:09:18+00:00,755,108282,6767,472,3293,2.0549650774369876,0.48662627456775526,9.726454997137104
Colleen Vlogs,The Last Miranda Shows,2023-12-04 22:37:59+00:00,1279,225111,8810,544,9964,0.8841830590124448,1.1309875141884222,8.58154421596457
Colleen Vlogs,TAYLOR SWIFT COPIED ME!,2023-12-05 21:54:18+00:00,816,116160,6617,543,8977,0.7371059373955664,1.3566570953604353,13.892045454545453
Colleen Vlogs,I GOT SO MANY COMMENTS LIKE THIS! 😩,2023-12-07 00:10:12+00:00,879,154539,7501,667,11741,0.6388723277403969,1.565257965604586,12.882832165343375
Colleen Vlogs,TIKTOK CHAMOY PICKLE TASTE TEST!,2023-12-07 22:12:15+00:00,1062,124399,6926,454,10277,0.6739320813466965,1.4838290499566849,14.19384400196143
Colleen Vlogs,Christmas Lights & Home Renovation Plans,2023-12-08 22:10:18+00:00,1283,138871,6696,351,10067,0.665143538293434,1.5034348864994027,12.323667288346739
Colleen Vlogs,MARSHALLS HAUL! KIDS BIRTHDAY & CHRISTMAS PRESENTS!,2023-12-10 22:00:34+00:00,770,115670,6591,295,8207,0.8030949189716096,1.2451828250644819,13.048327137546467
Colleen Vlogs,FLYNN'S 5TH BIRTHDAY PARTY!,2023-12-11 20:35:55+00:00,775,158435,7708,582,8165,0.9440293937538273,1.0592890503373118,10.385962697636254
Colleen Vlogs,Dealing with Tantrums & Meltdowns,2023-12-12 21:07:22+00:00,1379,128828,6363,452,8447,0.753285190008287,1.3275184661323276,11.84680348992455
Colleen Vlogs,THE TWINS' BIRTHDAY PARTY! THEY TURNED 2!!!,2023-12-13 22:11:52+00:00,975,207415,8778,492,12750,0.6884705882352942,1.4524948735475052,10.61639707832124
Colleen Vlogs,Feeling Insecure,2023-12-17 00:00:00+00:00,865,123109,6166,284,15195,0.4057913787430076,2.464320467077522,17.58198019641131
Colleen Vlogs,Please Help!,2023-12-17 21:57:53+00:00,5630,78965,3579,170,4478,0.7992407324698526,1.2511874825370215,10.418539859431393
Colleen Vlogs,COLLEEN BALLINGER CHILDHOOD CANCER FUNDRAISER 2023!!,2023-12-18 23:16:47+00:00,1091,85104,4815,241,7890,0.6102661596958175,1.6386292834890965,15.211975935326189
Colleen Vlogs,MY HOUSE IS DEFINITELY HAUNTED!,2023-12-19 21:42:26+00:00,810,95307,5610,272,11686,0.4800616121855211,2.083065953654189,18.433063678428656
Colleen Vlogs,THE TWINS FUNNIEST MOMENTS & OUR CHRISTMAS TREE!,2023-12-20 22:17:49+00:00,767,120239,6343,287,11274,0.5626219620365442,1.7773924010720479,14.890343399396203
Colleen Vlogs,Standing Up to my Biggest Bully,2023-12-21 22:02:41+00:00,1033,178917,6215,416,21954,0.2830919194679785,3.532421560740145,15.976681925138472
Colleen Vlogs,What I Got My Kids For Christmas!,2023-12-22 23:30:00+00:00,1081,130484,6363,563,15856,0.4012991927346115,2.491906333490492,17.459611906440635
Colleen Vlogs,CHRISTMAS EVE WITH COLLEEN BALLINGER!,2023-12-27 22:26:01+00:00,891,127475,6548,260,10509,0.6230849747835189,1.6049175320708613,13.584624436163953
Colleen Vlogs,COLLEEN BALLINGER CHRISTMAS SPECIAL!,2023-12-28 23:36:16+00:00,1126,144293,6687,298,14378,0.46508554736402835,2.1501420666965756,14.805292010007415
Colleen Vlogs,MY PSYCHIC READING CAME TRUE!!!,2023-12-30 00:41:57+00:00,678,127820,6125,325,15874,0.38585107723321155,2.591673469387755,17.465185416992647
Colleen Vlogs,Reflecting on 2023,2024-01-04 00:30:14+00:00,897,157819,6202,352,19727,0.31439144319967555,3.1807481457594324,16.652621040559122
Colleen Vlogs,HOW TO TURN UGLY ROCKS INTO CRYSTALS!,2024-01-04 23:05:19+00:00,1283,81290,4380,217,9655,0.45365095805282235,2.204337899543379,17.53229179480871
Colleen Vlogs,I BOUGHT A ROBOT CAMERA!,2024-01-06 02:00:38+00:00,780,90939,5245,334,11201,0.468261762342648,2.1355576739752147,18.45192931525528
Colleen Vlogs,GIRLS TRIP ON A PRIVATE JET!,2024-01-09 00:07:02+00:00,500,95863,5059,195,11848,0.42699189736664417,2.341964815180866,17.84004256073772
Colleen Vlogs,COLLEEN BALLINGER'S PODCAST IS BACK!,2024-01-09 22:00:56+00:00,970,100653,5206,313,9815,0.530412633723892,1.8853246254321936,15.234518593583898
Colleen Vlogs,My Big Audition!,2024-01-10 23:35:32+00:00,1186,130446,5594,203,15416,0.36286974571873376,2.755809796210225,16.261901476473025
Colleen Vlogs,I Cant Believe She Said That !!!,2024-01-11 21:14:18+00:00,605,107004,5491,249,12052,0.45560902754729504,2.194864323438354,16.62741579754028
Colleen Vlogs,A VERY EXCITING DAY!,2024-01-16 00:00:05+00:00,969,92117,4891,98,9241,0.5292717238394113,1.8893886730729912,15.447745801535003
Colleen Vlogs,I CAN'T BELIEVE I JUST FOUND THIS!,2024-01-16 23:45:22+00:00,788,79371,4662,327,7325,0.6364505119453925,1.5712140712140712,15.514482619596578
Colleen Vlogs,DORITOS MAKEUP!,2024-01-17 23:31:39+00:00,949,88596,4777,285,10741,0.4447444372032399,2.2484823110738956,17.83714840399115
Colleen Vlogs,Not Feeling Great...,2024-01-20 00:16:56+00:00,732,97768,4738,209,11995,0.3949979157982493,2.5316589278176447,17.32877833237869
Colleen Vlogs,I Keep Failing,2024-01-22 23:21:27+00:00,808,86731,4760,287,10514,0.45272969374167776,2.208823529411765,17.941681751622834
Colleen Vlogs,GIVING MY HUSBAND THE BEST GIFT EVER!,2024-01-23 21:15:55+00:00,1178,98523,4950,295,7558,0.6549351680338714,1.526868686868687,12.994935192797621
Colleen Vlogs,EXPLORING BEACH CAVES!,2024-01-24 23:00:17+00:00,734,62332,3989,218,7274,0.5483915314819906,1.8235146653296566,18.419110569210037
Colleen Vlogs,CUTTING MY HAIR AGAIN!,2024-01-26 23:30:08+00:00,1187,97323,5019,386,9729,0.5158803576934937,1.9384339509862523,15.550281022985315
Colleen Vlogs,SHOCKED at the LIONS vs. 49ers CHAMPIONSHIP GAME!,2024-01-30 21:23:25+00:00,1014,80094,4528,307,5207,0.869598617246015,1.1499558303886925,12.537768122456114
Colleen Vlogs,MOMMY SON DATE WITH FLYNN!,2024-01-31 21:49:29+00:00,893,74916,4420,325,6351,0.6959533931664305,1.4368778280542986,14.811255272571946
Colleen Vlogs,THE KIDS MAKE DINNER! PIZZA FROM SCRATCH!,2024-02-01 23:07:31+00:00,862,97513,4666,348,6981,0.6683856181062885,1.4961423060437204,12.300923979366853
Colleen Vlogs,I BOUGHT TONS OF ELF MAKEUP!,2024-02-02 20:58:06+00:00,778,76703,4049,202,7266,0.5572529589870631,1.7945171647320326,15.015058081170226
Colleen Vlogs,I FOUND CRYSTALS INSIDE THIS ROCK!,2024-02-05 23:18:46+00:00,897,67663,4155,196,4429,0.9381350191916912,1.0659446450060168,12.976072595066729
Colleen Vlogs,Reacting To The Twins in The NICU,2024-02-06 22:29:58+00:00,1554,104662,4907,224,6063,0.8093353125515421,1.2355818218871,10.695381322734136
Colleen Vlogs,Bad News!,2024-02-08 22:54:44+00:00,818,85559,4282,236,5977,0.716412916178685,1.3958430639887902,12.266389275236971
Colleen Vlogs,The Reason I Stopped Vlogging Today,2024-02-09 21:00:02+00:00,680,76296,4092,203,7485,0.5466933867735471,1.8291788856304985,15.439865785886548
Colleen Vlogs,Maisy Helps Me Bake & SuperBowl Drama!,2024-02-12 21:59:10+00:00,739,100380,4998,282,5033,0.9930458970792768,1.0070028011204482,10.273958955967325
Colleen Vlogs,TASTING THE VIRAL COTTON CANDY CAKE!,2024-02-14 00:07:28+00:00,1420,82392,4141,272,4648,0.89092082616179,1.1224341946389762,10.99742693465385
Colleen Vlogs,Crying On Valentine's Day & Flynn's Exciting Present!,2024-02-15 22:36:51+00:00,969,86352,4588,363,7149,0.6417680794516716,1.5581952920662598,14.012414304243098
Colleen Vlogs,"GETTING $5,000 TAYLOR SWIFT TICKETS?",2024-02-16 22:27:38+00:00,1265,86771,4181,332,10510,0.3978116079923882,2.513752690743841,17.31338811354024
Colleen Vlogs,My 2 Year Old Gives Me A Makeover!,2024-02-19 21:00:15+00:00,719,75307,4117,241,5391,0.7636802077536635,1.3094486276414865,12.945675700798068
Colleen Vlogs,My Old Prayer Journals & Views on Religion,2024-02-20 21:57:15+00:00,1112,72989,3742,319,8468,0.4418989135569202,2.26296098343132,17.165600295935004
Colleen Vlogs,My 2 Year Old Gets Bossy!,2024-02-22 21:25:01+00:00,681,87475,4360,339,5265,0.8281101614434948,1.2075688073394495,11.390683052300657
Colleen Vlogs,Their Favorite Miranda Video,2024-02-23 22:38:28+00:00,617,66722,3981,248,5989,0.6647186508599099,1.5043958804320523,15.31428914001379
Colleen Vlogs,MY BASEMENT FLOODED!,2024-02-26 22:02:18+00:00,858,68967,4134,266,3690,1.1203252032520326,0.8925979680696662,11.730247799672307
Colleen Vlogs,Saying GoodBye to my Miranda Lipstick,2024-02-27 22:56:47+00:00,1798,103751,4385,343,6292,0.6969167196439924,1.4348916761687571,10.62158437027113
Colleen Vlogs,Reacting To My Pregnancy Videos!,2024-02-29 21:46:09+00:00,883,82760,4405,292,6870,0.641193595342067,1.5595913734392735,13.976558724021265
Colleen Vlogs,RE-LIVING COVID,2024-03-01 21:50:13+00:00,1519,95133,4281,321,6768,0.6325354609929078,1.5809390329362298,11.951688688467724
Colleen Vlogs,My Weird Weekend & Our Different Parenting Techniques,2024-03-04 23:46:55+00:00,766,63155,3727,350,3987,0.9347880611988965,1.0697612020391736,12.768585226822896
Colleen Vlogs,Changing The Twins' Names,2024-03-05 22:06:11+00:00,1623,130350,5101,321,7910,0.6448798988621998,1.5506763379729465,10.227848101265822
Colleen Vlogs,I'm Mad at My Husband.,2024-03-07 22:00:22+00:00,802,68163,3932,273,4568,0.8607705779334501,1.1617497456765005,12.870618957498936
Colleen Vlogs,This Comment Is So Upsetting,2024-03-08 21:53:26+00:00,807,73434,4105,309,6587,0.6231972066190983,1.60462850182704,14.980799084892556
Colleen Vlogs,My Crystal Bracelet Broke At The Beach! 😩,2024-03-11 20:59:08+00:00,1068,61693,3622,312,4157,0.8713014192927592,1.1477084483710658,13.114940106657158
Colleen Vlogs,MY HUSBAND IS A STALKER!,2024-03-12 21:32:19+00:00,910,64765,3709,309,4801,0.772547385961258,1.294418980857374,13.616922720605265
Colleen Vlogs,99 CENT STORE HAUL & TOUR OF MY BACKYARD!,2024-03-14 21:18:16+00:00,953,77383,4133,298,4335,0.9534025374855825,1.0488749092668763,11.328069472623186
Colleen Vlogs,Revealing The Secret Room In My House!,2024-03-15 20:53:21+00:00,778,76159,4183,206,7115,0.587912860154603,1.7009323452067895,15.105240352420592
Colleen Vlogs,BIG SURPRISE ON ST PATRICKS DAY!!!,2024-03-18 22:06:40+00:00,946,69947,4061,296,6233,0.651532167495588,1.5348436345727654,15.140034597623917
Colleen Vlogs,Flynn's First Day Of School!,2024-03-19 21:47:05+00:00,1037,106217,4680,274,5591,0.8370595600071543,1.1946581196581196,9.927789336923468
Colleen Vlogs,Twins First Dance Class & Our Romantic Vacation!,2024-03-21 21:44:37+00:00,1047,91990,4319,307,6478,0.6667181228774313,1.4998842324612178,12.070877269268399
Colleen Vlogs,EXPLORING AN ABANDONED PIRATE SHIP!,2024-03-22 18:27:15+00:00,856,58594,3549,290,6981,0.5083798882681564,1.967032967032967,18.466054544833945
Colleen Vlogs,MY DAUGHTER IS A GENIUS!,2024-03-25 21:33:51+00:00,866,70925,4293,294,5813,0.7385171168071564,1.3540647565804798,14.663376806485726
Colleen Vlogs,I Have To Talk Like Miranda All Day,2024-03-26 21:13:59+00:00,1268,70123,3863,288,8291,0.4659269086961766,2.1462593838985247,17.743108537854912
Colleen Vlogs,GETTING A NEW PET!!!,2024-03-28 21:48:22+00:00,844,71351,4019,300,5503,0.7303289115028166,1.3692460811147051,13.76574960407002
Colleen Vlogs,Maisy Makes Me Dinner & A Fashion Showl!,2024-03-29 19:41:51+00:00,687,66108,3719,193,6704,0.5547434367541766,1.8026351169669266,16.058570823500936
Colleen Vlogs,INTENSE FAMILY EASTER COMPETITION!!!,2024-04-01 23:35:06+00:00,1043,87730,4495,204,5477,0.8207047653825087,1.218464961067853,11.599224894562864
Colleen Vlogs,MY HUSBAND BLEW IT! 😩,2024-04-02 20:24:26+00:00,1204,77048,3947,210,7569,0.5214691504822302,1.9176589815049405,15.21908420724743
Colleen Vlogs,OMG! LOOK WHAT I FOUND INSIDE THIS ROCK! #crystals #rocktumbling #rocktumbler #geode,2024-04-03 20:09:08+00:00,59,72863,4166,78,941,4.42720510095643,0.22587614018242919,7.11609458847426
Colleen Vlogs,I DON'T REMEMBER BUYING THIS!,2024-04-04 19:16:46+00:00,60,161383,6177,47,2828,2.1842291371994342,0.45782742431601103,5.609017058798014
Colleen Vlogs,Help Me Pick an Outfit For JoJo's Party!,2024-04-04 21:42:30+00:00,768,69489,3610,215,4468,0.8079677708146822,1.237673130193906,11.934262976874038
Colleen Vlogs,WHAT'S INSIDE THIS ROCK? #crystals #rocktumbling,2024-04-05 20:54:36+00:00,59,56758,3362,77,854,3.936768149882904,0.2540154669839381,7.563691461996546
Colleen Vlogs,JOJO SIWA'S KARMA RELEASE PARTY!,2024-04-05 23:20:44+00:00,889,200002,5181,172,24999,0.20724828993159727,4.82513028372901,15.175848241517583
Colleen Vlogs,PLAYING DRINKING GAMES WITH MY SISTER!,2024-04-08 20:30:44+00:00,1043,73291,4138,211,5421,0.7633277992990223,1.3100531657805703,13.330422562115404
Colleen Vlogs,MY TWIN TODDLERS DREW ON THE WALLS!!!,2024-04-09 20:53:34+00:00,1153,71602,3829,212,5519,0.6937851059974633,1.4413685035257247,13.351582358034692
Colleen Vlogs,BUYING EVERYTHING I WANT AT ROSS!,2024-04-11 21:13:01+00:00,879,72579,3995,240,6588,0.6064055859137827,1.649061326658323,14.91202689483184
Colleen Vlogs,GETTING HAIR EXTENSIONS!,2024-04-12 21:43:28+00:00,788,76338,3857,217,8023,0.48074286426523744,2.0801140782991965,15.846629463700909
Colleen Vlogs,I GOT OLIVIA RODRIGO TICKETS!,2024-04-15 22:13:51+00:00,705,55738,3304,195,4702,0.7026797107613781,1.4231234866828086,14.713480928630378
Colleen Vlogs,Sick Day and Singing Dramatic Songs,2024-04-16 21:10:46+00:00,1150,55904,2898,235,4450,0.6512359550561798,1.5355417529330573,13.56432455638237
Colleen Vlogs,Praying About Puberty 🙏 😳,2024-04-16 22:30:00+00:00,60,52042,1834,39,703,2.608819345661451,0.38331515812431843,4.949848199531147
Colleen Vlogs,I'M FREAKING OUT!!!,2024-04-18 20:41:07+00:00,834,61566,3460,198,5334,0.6486689163854518,1.5416184971098266,14.605464054835462
Colleen Vlogs,TRYING FREEZE DRIED CANDY!,2024-04-19 20:27:05+00:00,623,57188,3404,201,3398,1.001765744555621,0.9982373678025852,12.245575994963978
Colleen Vlogs,Reacting to Taylor Swift Album - The Tortured Poets Department,2024-04-19 23:53:31+00:00,2698,100060,4260,251,7225,0.5896193771626298,1.6960093896713615,11.728962622426545
Colleen Vlogs,My Twins Have The Cutest Conversation Ever! 🥹,2024-04-22 21:55:24+00:00,743,79447,3943,209,4422,0.891677973767526,1.1214811057570377,10.79210039397334
Colleen Vlogs,Will My Husband Take Over The Vlog?,2024-04-23 20:45:39+00:00,1226,72264,3550,226,5374,0.6605880163751395,1.5138028169014084,12.661906343407505
Colleen Vlogs,MY 2 YEAR OLD CALLS ME OUT!,2024-04-24 22:50:37+00:00,60,99370,4500,38,1047,4.2979942693409745,0.23266666666666666,5.620408574016303
Colleen Vlogs,MY DREAMS PREDICTED THE FUTURE!,2024-04-25 21:31:22+00:00,1057,56759,3161,213,3999,0.7904476119029757,1.2651059791205315,12.990010394827253
Colleen Vlogs,I PERMED MY LASHES!,2024-04-26 19:36:32+00:00,784,57195,3318,207,5890,0.5633276740237692,1.7751657625075346,16.461229128420314
Colleen Vlogs,OUR TRADER JOE'S EGGS HATCHED!,2024-04-29 20:33:38+00:00,820,56072,3350,213,3540,0.9463276836158192,1.0567164179104478,12.667641603652447
Colleen Vlogs,TRADER JOE'S HAUL & BACKYARD TOUR!,2024-04-30 20:23:59+00:00,1556,74459,3257,230,5196,0.6268283294842186,1.5953331286459933,11.661451268483326
Colleen Vlogs,THE TORTURED POETS DEPARTMENT EASTER EGGS!,2024-05-02 20:44:44+00:00,2461,45378,2239,206,5166,0.4334107626790554,2.3072800357302365,16.772444797038215
Colleen Vlogs,THE TWINS HEARD THE GHOST IN MY HOUSE!,2024-05-03 21:28:22+00:00,845,65769,3696,215,4459,0.8288854003139717,1.206439393939394,12.726360443369977
Colleen Vlogs,Pack My Kids School Lunch With Me!,2024-05-06 21:25:52+00:00,887,69800,3573,222,4943,0.7228403803358284,1.3834312902322978,12.518624641833812
Colleen Vlogs,She's Single???,2024-05-07 22:02:11+00:00,841,126081,3521,240,8869,0.39700078926598265,2.518886679920477,10.017369786089894
Colleen Vlogs,I'M SEEING TAYLOR SWIFT IN PARIS! (pick my outfit!),2024-05-09 20:44:58+00:00,803,79370,4161,265,8375,0.49683582089552236,2.012737322758952,16.12826004787703
Colleen Vlogs,FLYING TO PARIS TO SEE TAYLOR SWIFT!,2024-05-12 17:33:42+00:00,678,74560,4033,187,5564,0.7248382458662832,1.3796181502603522,13.122317596566525
Colleen Vlogs,EATING SNAILS IN PARIS!,2024-05-13 18:14:57+00:00,512,60465,3884,167,3726,1.0424047235641438,0.9593202883625128,12.861986273050524
Colleen Vlogs,I FLEW AROUND THE WORLD TO SEE TAYLOR SWIFT!,2024-05-14 20:46:34+00:00,755,89667,5139,260,5510,0.9326678765880217,1.072193033664137,12.166125776484101
Colleen Vlogs,DRINKING CHAMPAGNE AT DISNEYLAND IN PARIS!,2024-05-16 19:33:11+00:00,671,64566,4205,235,4325,0.9722543352601156,1.028537455410226,13.57525632685934
Colleen Vlogs,REUNITED WITH MY KIDS! (P.S. should I pierce my nose?),2024-05-17 21:57:30+00:00,1347,72530,3545,206,8574,0.4134592955446699,2.418617771509168,16.992968426857853
Colleen Vlogs,I GOT SCAMMED! 😰,2024-05-20 21:36:40+00:00,992,66365,3519,250,6549,0.5373339441136051,1.8610400682011936,15.54735176674452
Colleen Vlogs,TAYLOR SWIFT LIVE REACTION! (Unedited Footage),2024-05-21 20:36:31+00:00,1603,60164,2726,260,5490,0.4965391621129326,2.0139398385913427,14.088159031979256
Colleen Vlogs,The Twins Found My Lipstick! + The Truth About Working For Disney!,2024-05-23 20:14:27+00:00,1058,69981,3414,203,3387,1.007971656333038,0.992091388400703,10.008430859804804
Colleen Vlogs,Oops! I Didn't Take My Medication. 😬,2024-05-24 20:06:06+00:00,753,56429,3107,193,5391,0.5763309219068818,1.7351142581268104,15.40165517730245
Colleen Vlogs,Does Manifestation Really Work?,2024-05-27 22:34:36+00:00,823,48400,3058,217,4391,0.6964245046686404,1.4359058207979072,15.838842975206614
Colleen Vlogs,"Lets Talk About Secrets, Rocks, & Breast Feeding",2024-05-28 21:43:20+00:00,1767,61739,2805,228,6642,0.4223125564588979,2.3679144385026736,15.670807755227653
Colleen Vlogs,MY NEW BUTT! 😱,2024-05-30 21:41:42+00:00,671,70251,3562,223,7666,0.4646490999217323,2.1521617069062327,16.300123841653498
Colleen Vlogs,Making Slime 🤢 & Our Chappell Roan Session!,2024-06-03 21:26:40+00:00,1164,53351,3085,227,4330,0.7124711316397229,1.4035656401944894,14.32400517328635
Colleen Vlogs,The Worst Pregnancy Symptom! 😩,2024-06-04 23:34:33+00:00,1393,71388,2974,212,4813,0.6179098275503844,1.6183591123066576,11.204964419790441
Colleen Vlogs,Let Me Explain What Happened To My Cat...,2024-06-06 20:22:38+00:00,799,53421,3013,211,3595,0.8381084840055633,1.1931629605044807,12.764643117874993
Colleen Vlogs,"Taylor Swift, Secret Footage, & Missing Miranda",2024-06-07 21:10:06+00:00,1003,57183,3151,211,5394,0.5841675936225436,1.7118375119009839,15.312243149187696
Colleen Vlogs,I BOUGHT A FANCY NEW CAR! ✨It sparkles!✨,2024-06-10 22:02:45+00:00,1143,74403,3746,280,6510,0.5754224270353303,1.7378537106246663,14.160719325833634
Colleen Vlogs,Let's Talk About My Wedding & Honeymoon 💍,2024-06-11 22:43:16+00:00,1023,69173,2936,187,4805,0.6110301768990635,1.6365803814713897,11.461119222818152
Colleen Vlogs,Don’t Eat The Candy Challenge! 😂,2024-06-13 21:31:31+00:00,648,69501,3384,234,5026,0.6732988460007958,1.4852245862884161,12.437231118976705
Colleen Vlogs,Cringy Adult Woman Gets Excited About Slime,2024-06-14 21:16:16+00:00,666,43924,2631,163,4813,0.5466445044670684,1.829342455340175,17.31855022311265
Colleen Vlogs,MY HUSBAND SURPRISED ME WITH CHAPPELL ROAN TICKETS!,2024-06-17 20:35:21+00:00,850,49485,2743,174,5613,0.48868697666132194,2.046299671892089,17.237546731332724
Colleen Vlogs,MAKING A PICKLE PIZZA! 🍕🤢,2024-06-18 22:38:03+00:00,1187,57354,3075,204,5066,0.6069877615475721,1.647479674796748,14.549987795097117
Colleen Vlogs,A Shocking Fan Interaction,2024-06-20 21:38:03+00:00,711,64767,3784,267,5686,0.6654941962715442,1.5026427061310783,15.033890715951022
Colleen Vlogs,What Should I Wear to Chappell Roan's Concert?,2024-06-21 21:18:29+00:00,666,52679,2782,152,4919,0.5655621061191299,1.7681524083393243,14.907268551035516
Colleen Vlogs,WE ADOPTED SOME NEW PETS!,2024-06-24 21:10:07+00:00,665,74423,3634,194,4277,0.8496609773205518,1.1769400110071546,10.890450532765408
Colleen Vlogs,What Happened To Gus?,2024-06-25 21:55:27+00:00,1194,73030,3368,213,5867,0.5740582921424919,1.7419833729216152,12.937149116801313
Colleen Vlogs,TRYING THE VIRAL TIKTOK PICKLE DRINK!,2024-06-27 21:38:13+00:00,1106,59200,3180,227,5497,0.5784973621975623,1.7286163522012579,15.04054054054054
Colleen Vlogs,I Need To Clear This Up.,2024-06-28 21:53:48+00:00,836,84438,3574,250,7402,0.4828424750067549,2.0710688304420817,13.294961983940878
Colleen Vlogs,My Son and I Wrote a Song Together!,2024-07-01 21:25:04+00:00,878,53306,3499,259,4815,0.7266874350986501,1.3761074592740783,16.08261734138746
Colleen Vlogs,I Got Fired.,2024-07-02 22:01:58+00:00,1191,93935,3465,177,8252,0.41989820649539505,2.3815295815295814,12.661947091073614
Colleen Vlogs,A Very Emotional 4th Of July,2024-07-05 22:56:54+00:00,1130,98635,5339,612,11261,0.47411419944942723,2.1091964787413375,17.45019516398844
Colleen Vlogs,I JUST GOT THE MOST EXCITING NEWS EVER!,2024-07-08 21:17:38+00:00,968,65569,3684,263,3634,1.0137589433131535,0.9864277958740499,11.561866125760648
Colleen Vlogs,Getting A Nose Job With My Sister?,2024-07-09 21:24:31+00:00,956,67905,3308,204,4589,0.7208542166049248,1.3872430471584039,11.92990206906708
Colleen Vlogs,I've Been Keeping A Secret... and It's Ruined.,2024-07-11 22:15:01+00:00,833,59552,3296,230,5371,0.6136659839880841,1.6295509708737863,14.93988447071467
Colleen Vlogs,LIVE REACTION TO JOJO SIWA'S NEW MUSIC VIDEO!,2024-07-12 22:09:13+00:00,865,115325,3727,159,10593,0.3518361181912584,2.8422323584652536,12.55495339258617
Colleen Vlogs,A GHOST PUSHED ME ACROSS THE ROOM!,2024-07-15 21:06:11+00:00,1031,62387,3591,216,5063,0.7092632826387517,1.4099136730715678,14.217705611746037
Colleen Vlogs,I Lied to You a Couple Of Times...,2024-07-16 20:36:43+00:00,1108,66175,3119,180,6819,0.45739844551987097,2.1862776530939403,15.289761994710993
Colleen Vlogs,I Made His Dreams Come True!,2024-07-18 21:00:03+00:00,797,72808,3967,257,4178,0.9494973671613212,1.0531888076632216,11.539940665860895
Colleen Vlogs,EPIC HOUSE TOUR OF OUR MINI MANSION!,2024-07-19 22:07:27+00:00,637,107307,4597,236,11054,0.4158675592545685,2.404611703284751,14.805185123058143
Colleen Vlogs,How I'm Fighting My Anxiety & Depression,2024-07-22 20:21:07+00:00,1087,63489,3254,261,7554,0.43076515753243316,2.3214505224339277,17.434516215407395
Colleen Vlogs,MY TODDLER WONT STOP SINGING CHAPPELL ROAN!,2024-07-23 23:25:21+00:00,1149,61842,3274,295,5307,0.6169210476728849,1.6209529627367134,14.352705281200478
Colleen Vlogs,"Locked In the Chicken Coop, Making Cookies, and Failing.",2024-07-25 21:37:12+00:00,627,59164,3067,141,4728,0.6486886632825719,1.5415715683077926,13.413562301399502
Colleen Vlogs,I Won’t Be Posting For a While…,2024-07-26 23:18:44+00:00,60,183027,7472,66,2688,2.7797619047619047,0.35974304068522484,5.587153807908122
Colleen Vlogs,"$7,000 COMPUTER DESTROYED BY MY CAT!",2024-07-30 00:07:42+00:00,642,51764,3220,139,2716,1.1855670103092784,0.8434782608695652,11.735955490302139
Colleen Vlogs,WE DISCOVERED A NEW SPECIES AT THE BEACH!,2024-07-31 01:25:59+00:00,1139,53421,2946,206,3279,0.898444647758463,1.1130346232179227,12.038336983583235
Colleen Vlogs,Reacting To Haters Back Off with Flynn!,2024-08-02 00:52:00+00:00,714,66655,3555,242,4346,0.8179935572940635,1.2225035161744022,12.216637911634535
Colleen Vlogs,My Experience Being Hypnotized!,2024-08-03 00:00:07+00:00,956,55492,2953,198,5825,0.5069527896995708,1.9725702675245513,16.175304548403375
Colleen Vlogs,SURPRISE BEDROOM MAKEOVER!,2024-08-05 22:00:02+00:00,759,61294,3315,377,3626,0.9142305570877,1.093815987933635,11.939178386138936
Colleen Vlogs,Why My Sister Quit The Miranda Sings Tour,2024-08-06 20:47:13+00:00,1605,63078,2933,274,4744,0.6182546374367622,1.6174565291510399,12.605028694632042
Colleen Vlogs,The Day I Found Out I Was Having Twins,2024-08-08 20:44:42+00:00,808,75305,3557,227,3242,1.0971622455274521,0.9114422265954456,9.33005776508864
Colleen Vlogs,My Secret Broadway Rehearsal Footage!,2024-08-09 21:02:07+00:00,859,54598,2860,205,4502,0.6352732119058196,1.5741258741258741,13.859482032308875
Colleen Vlogs,I SAW CHAPPELL ROAN! DREAM COME TRUE!,2024-08-12 21:49:39+00:00,907,61173,3263,195,5959,0.5475750964927001,1.8262335274287465,15.394046393016527
Colleen Vlogs,This Might Upset My Kid...,2024-08-13 22:14:57+00:00,699,49648,3035,274,5049,0.6011091305208952,1.6635914332784185,16.834514985497904
Colleen Vlogs,This Is The Real Me.,2024-08-15 21:46:39+00:00,1009,54311,2940,184,3449,0.8524209915917658,1.1731292517006802,12.10252066800464
Colleen Vlogs,CHAOTIC BEHAVIOR AT THE OLIVIA RODRIGO CONCERT!,2024-08-16 22:07:22+00:00,827,48764,2755,186,3619,0.7612600165791655,1.313611615245009,13.452546960872775
Colleen Vlogs,FLYNN’S FIRST LOOSE TOOTH! 🦷,2024-08-19 22:20:46+00:00,832,56639,3106,245,3045,1.020032840722496,0.980360592401803,11.2925722558661
Colleen Vlogs,The Truth Behind Chappel Roan’s Viral Moment!,2024-08-20 20:40:29+00:00,1357,50820,2719,302,4522,0.6012826183104821,1.663111438028687,14.842581660763479
Colleen Vlogs,Our Scary Date Night & My Favorite Baby Shower Gifts!,2024-08-22 22:20:53+00:00,1028,52921,3236,251,3043,1.0634242523825173,0.9403584672435105,12.339147030479394
Colleen Vlogs,"My Kid Ripped The Tag Off a $10,000 Beanie Baby!",2024-08-23 21:52:26+00:00,904,51134,2802,178,3245,0.8634822804314329,1.1581013561741613,12.173896037861304
Colleen Vlogs,ChatGPT Does My Makeup!,2024-08-26 20:46:37+00:00,842,46434,2741,252,1838,1.4912948857453754,0.6705581904414447,10.404014299866478
Colleen Vlogs,HE LOST HIS FIRST TOOTH!,2024-08-27 22:06:00+00:00,742,52760,2831,208,3584,0.7898995535714286,1.2659837513246204,12.553070507960577
Colleen Vlogs,Can I get High On Lotion?,2024-08-29 20:38:49+00:00,694,45185,2773,176,3722,0.7450295540032241,1.3422286332491886,14.763749031758328
Colleen Vlogs,"ADHD Brain, My Psychic Dreams, and I Need Your Help!",2024-08-30 21:19:42+00:00,840,46494,2661,234,4781,0.5565781217318553,1.7966929725667042,16.509657160063664
Colleen Vlogs,My Private Life.,2024-09-03 21:04:06+00:00,895,65629,3519,291,3532,0.9963193657984145,1.0036942313157147,11.187127641743741
Colleen Vlogs,I Left The Twins Alone For A Second & THIS happened.,2024-09-04 20:30:30+00:00,704,56680,3081,199,2373,1.2983565107458912,0.7702044790652386,9.973535638673253
Colleen Vlogs,FLYNN'S FIRST DAY OF KINDERGARTEN!!!,2024-09-05 21:25:20+00:00,794,98760,4763,331,2510,1.897609561752988,0.5269787948771782,7.699473471040907
Colleen Vlogs,Our Parenting Differences...,2024-09-06 21:47:19+00:00,873,60194,2910,182,5114,0.5690262025811498,1.7573883161512027,13.632587965577963
Colleen Vlogs,Why I Need To Quit YouTube,2024-09-09 22:30:11+00:00,1004,76718,4059,317,3547,1.1443473357767127,0.8738605567873861,10.32743293620793
Colleen Vlogs,Dumb American Tries To Guess British Slang,2024-09-10 21:38:15+00:00,835,46412,2637,167,1854,1.4223300970873787,0.7030716723549488,10.036197535120229
Colleen Vlogs,Showing You My Favorite SHOCKING TikToks!,2024-09-12 20:22:59+00:00,785,44343,2671,159,1939,1.3775141825683341,0.7259453388244104,10.754797826037931
Colleen Vlogs,Our Halloween Costumes!,2024-09-13 22:35:48+00:00,927,61091,3160,327,2391,1.3216227519866164,0.7566455696202532,9.62171187245257
Colleen Vlogs,Separating The Twins For The Weekend!,2024-09-16 19:05:05+00:00,914,64821,3365,241,3009,1.11831173147225,0.8942050520059436,10.205026148933216
Colleen Vlogs,This Made Me SO HAPPY! Thank You!,2024-09-17 20:43:03+00:00,989,52069,2980,217,2331,1.2784212784212785,0.7822147651006711,10.616681710806814
Colleen Vlogs,REACTING TO MY HUSBAND ON THE VAMPIRE DIARIES!,2024-09-19 21:46:24+00:00,854,55921,3263,228,1845,1.7685636856368563,0.5654305853509041,9.542032510148244
Colleen Vlogs,Mental Health Check! 🥴,2024-09-21 00:31:32+00:00,1018,58129,3445,325,3079,1.1188697629100357,0.8937590711175617,11.782414973593216
Colleen Vlogs,Trying Mushrooms For The First Time!,2024-09-23 21:02:00+00:00,857,56072,3137,285,2355,1.3320594479830148,0.7507172457762193,10.302824939363674
Colleen Vlogs,I'm Taking Him Out Of School!,2024-09-24 20:30:26+00:00,1300,87228,3567,325,3827,0.9320616671021688,1.0728903840762545,8.849222726647406
Colleen Vlogs,HELP ME UNDERSTAND!,2024-09-26 21:15:54+00:00,897,46960,2790,373,1705,1.6363636363636365,0.6111111111111112,10.366269165247019
Colleen Vlogs,I FAINTED! ...again.,2024-09-27 20:49:40+00:00,705,65917,3437,225,3541,0.970629765602937,1.0302589467558918,10.927378369768041
Colleen Vlogs,AI Robot Gives Me Makeover!,2024-09-30 20:52:58+00:00,990,47635,2793,355,1700,1.6429411764705881,0.6086645184389545,10.177390574157657
Colleen Vlogs,My Experience With Jerry Seinfeld,2024-10-01 22:08:27+00:00,964,42764,2563,172,1957,1.3096576392437405,0.7635583300819352,10.971845477504443
Colleen Vlogs,Apparently I Have Scoliosis?,2024-10-03 21:21:55+00:00,681,46316,2775,195,3193,0.8690886313811462,1.1506306306306306,13.306416789014595
Colleen Vlogs,Miranda Returns and Catching an Octopus!,2024-10-04 20:27:23+00:00,780,50846,2926,189,2956,0.989851150202977,1.010252904989747,11.93997561263423
Colleen Vlogs,How DARE You!!!,2024-10-07 20:07:54+00:00,848,52808,3146,267,2992,1.0514705882352942,0.951048951048951,12.128844114528102
Colleen Vlogs,Overcoming My Fear Of Birth!,2024-10-08 20:41:55+00:00,992,55879,2841,259,2021,1.4057397328055419,0.7113692361844421,9.164444603518316
Colleen Vlogs,My Husband Does My Voiceover!,2024-10-10 20:59:20+00:00,770,52622,2993,175,1715,1.7451895043731778,0.5730036752422318,9.279388848770475
Colleen Vlogs,Halloween House Makeover & Getting CAUGHT Red Handed!,2024-10-11 21:44:48+00:00,783,48042,2815,222,2599,1.083108888033859,0.9232682060390763,11.731401690187752
Colleen Vlogs,My Dreams Came True & the Twins First Laptop!,2024-10-14 20:49:24+00:00,846,61085,3178,224,2665,1.1924953095684803,0.8385777218376337,9.932061880985513
Colleen Vlogs,Let's Talk About The WICKED Movie!,2024-10-15 20:21:15+00:00,1046,58991,2875,183,3084,0.932230869001297,1.072695652173913,10.411757725754777
Colleen Vlogs,What My 5 Year Old Packed For Our Trip! ✈️😳,2024-10-17 19:20:56+00:00,692,56813,3075,109,2713,1.133431625506819,0.8822764227642277,10.379666625596254
Colleen Vlogs,MY HUSBAND GIVES ME A MAKEOVER!,2024-10-18 18:58:34+00:00,654,59211,3353,186,3869,0.8666322047040579,1.1538920369818073,12.511188799378495
Colleen Vlogs,Magical Moments And A HUGE Disappointment.,2024-10-21 19:00:15+00:00,988,48514,3282,307,3171,1.0350047303689687,0.9661791590493601,13.934122109081915
Colleen Vlogs,Am I a Fake Person???,2024-10-22 21:46:01+00:00,786,50242,2937,200,3271,0.8978905533476002,1.1137214845080015,12.754269336411767
Colleen Vlogs,BUYING EVERY WEIRD AMAZON HALLOWEEN COSTUME!,2024-10-25 20:53:22+00:00,663,48640,3070,101,2868,1.0704323570432357,0.9342019543973942,12.415707236842104
Colleen Vlogs,Last Minute Halloween Costume Idea!,2024-10-28 21:49:52+00:00,691,48415,2882,194,2074,1.3895853423336548,0.7196391394864677,10.637199215119281
Colleen Vlogs,Planning The Twins 3rd Birthday!,2024-10-29 21:33:22+00:00,900,58771,3068,200,2079,1.4757094757094757,0.6776401564537158,9.098024535910568
Colleen Vlogs,SURPRISE!,2024-10-31 20:00:13+00:00,849,65249,3171,220,1837,1.7261839956450735,0.5793125197098707,8.012383331545312
Colleen Vlogs,Halloween Isn't Fun.,2024-11-01 20:51:24+00:00,873,61880,3415,233,1748,1.9536613272311212,0.5118594436310395,8.720103425985778
Colleen Vlogs,Ghost Caught On Camera & a Very Romantic Moment,2024-11-04 21:16:18+00:00,685,46084,2889,205,1556,1.8566838046272494,0.5385946694357909,10.090269941845326
Colleen Vlogs,GETTING MY BRAIN SCANNED!,2024-11-05 22:27:51+00:00,1271,62500,3046,304,1805,1.6875346260387811,0.5925804333552199,8.248
Colleen Vlogs,Election Night and Prepping the Twins' Birthday,2024-11-07 23:02:48+00:00,710,65886,3522,241,2016,1.7470238095238095,0.5724020442930153,8.771210879397747
Colleen Vlogs,The Twins Turn 3 and My Entire Family Moves in!,2024-11-08 23:05:42+00:00,828,139441,5116,276,3227,1.5853734118376202,0.630766223612197,6.181108856075329
Colleen Vlogs,TWINS 3rd BIRTHDAY PARTY!,2024-11-11 23:07:02+00:00,741,106987,4338,220,2235,1.9409395973154362,0.5152143845089903,6.349369549571443
Colleen Vlogs,My Twins Don't Know They Are Twins! Q&A with Parker!,2024-11-13 00:06:44+00:00,1027,80079,3495,184,2415,1.4472049689440993,0.6909871244635193,7.6099851396745715
Colleen Vlogs,I'm Nervous...,2024-11-14 20:35:47+00:00,666,52397,2895,161,2244,1.2901069518716577,0.7751295336787565,10.115082924594919
Colleen Vlogs,My Brain Map Results!,2024-11-15 23:27:33+00:00,968,69496,3377,203,1978,1.7072800808897877,0.5857269766064555,7.997582594681709
Colleen Vlogs,Big Birthday Surprise From My Husband!,2024-11-19 00:05:37+00:00,765,55724,3434,219,1721,1.9953515398024404,0.5011648223645894,9.643959514751273
Colleen Vlogs,My Husband Packed My Suitcase! 🤦🏻‍♀️ SURPRISE BIRTHDAY VACATION!,2024-11-19 22:06:59+00:00,895,59674,3295,244,1885,1.7480106100795756,0.5720789074355084,9.089385662097396
Colleen Vlogs,My Birthday and Twin Mom/Pregnancy Advice!,2024-11-21 21:31:44+00:00,958,50431,2781,242,1331,2.089406461307288,0.4786048184106437,8.633578552874225
Colleen Vlogs,IT'S MY BIRTHDAY AND I AM UNWELL!,2024-11-22 22:12:10+00:00,775,74611,3780,167,3798,0.995260663507109,1.0047619047619047,10.38050689576604
Colleen Vlogs,I got Myself an INSANE Birthday Present,2024-11-25 21:51:15+00:00,814,52169,3087,205,1951,1.5822655048692977,0.6320051830255912,10.050029711131131
Colleen Vlogs,Would We Have More Kids? ummm...,2024-11-26 22:16:23+00:00,992,67411,3011,204,2669,1.1281378793555639,0.8864164729325805,8.728545786296005
Colleen Vlogs,OUR TOILET EXPLODED!,2024-11-27 22:19:24+00:00,692,50063,3146,214,1737,1.8111686816350028,0.5521296884933249,10.181171723628228
Colleen Vlogs,THANKSGIVING FAMILY GAME DRAMA!,2024-11-29 20:53:20+00:00,752,63101,3463,198,3381,1.0242531795326826,0.9763211088651458,11.159886531116781
Colleen Vlogs,Jojo Siwa is STRESSING ME OUT!,2024-12-02 21:03:01+00:00,783,59072,3118,182,2147,1.4522589659990686,0.6885824246311738,9.220950704225352
Colleen Vlogs,Starting My Brain Therapy Treatment,2024-12-03 21:18:42+00:00,1025,58623,2896,185,2148,1.3482309124767224,0.7417127071823204,8.919707282124763
Colleen Vlogs,I'm Leaving!,2024-12-05 21:49:15+00:00,692,54932,2976,248,2392,1.2441471571906355,0.803763440860215,10.223549115269789
Colleen Vlogs,I'M GOING TO SEE TAYLOR SWIFT! OMG!,2024-12-06 20:29:32+00:00,965,55347,3037,235,2313,1.313013402507566,0.7616068488640105,10.090881167904312
Colleen Vlogs,Leaving The Country! ✨GIRLS TRIP!✨,2024-12-09 20:30:02+00:00,610,44912,2747,99,938,2.9285714285714284,0.34146341463414637,8.42536515853224
Colleen Vlogs,SEEING TAYLOR SWIFT ON CLOSING NIGHT!,2024-12-10 22:23:22+00:00,817,53905,3207,212,2392,1.3407190635451505,0.7458684128468974,10.780076059734718
Colleen Vlogs,Flynn's Birthday and Y2K Nostalgia Advent Calendar!,2024-12-12 21:54:58+00:00,842,61293,3187,261,2397,1.329578639966625,0.7521179792908692,9.53616236764394
Colleen Vlogs,The Mystery Poo in My House!,2024-12-13 21:41:21+00:00,862,44570,2487,133,2799,0.8885316184351554,1.1254523522316044,12.158402512901056
Colleen Vlogs,First Time Seeing the Nutcracker! Did They Like It?,2024-12-16 22:50:52+00:00,890,53001,2755,140,2468,1.116288492706645,0.8958257713248639,10.118677006094225
Colleen Vlogs,My Patreon is a DISASTER!,2024-12-17 22:33:39+00:00,1337,46496,2554,179,1929,1.3240020736132712,0.7552858261550509,10.02666896077082
Colleen Vlogs,Flynn's 6th Birthday Party! THEY RUINED HIS CAKE!,2024-12-19 21:51:31+00:00,704,61385,3028,111,3145,0.9627980922098569,1.0386393659180977,10.237028590046428
Colleen Vlogs,Let's Go To The Hospital!,2024-12-20 22:14:54+00:00,810,104266,4126,298,7116,0.5798201236649804,1.7246728065923413,11.06784570233825
Colleen Vlogs,Exposing My Relationship,2024-12-23 21:31:24+00:00,831,73618,3145,177,3136,1.0028698979591837,0.9971383147853736,8.77231111956315
Colleen Vlogs,Crying on Christmas Eve Eve. Are we surprised? 🙄,2024-12-24 22:35:48+00:00,1132,66218,3212,149,4479,0.7171243581156508,1.3944582814445827,11.839681053489988
Colleen Vlogs,CHRISTMAS EVE CHAOS WITH COLLEEN!,2024-12-30 21:56:32+00:00,622,49127,3052,196,1618,1.8862793572311496,0.5301441677588467,9.904940256885215
Colleen Vlogs,CHRISTMAS MORNING SURPRISE & KARAOKE CHAOS!,2024-12-31 21:57:44+00:00,733,73119,3709,198,2746,1.3506919155134742,0.7403612833647883,9.098866231759187
Colleen Vlogs,Theatre Kid Goes to a FootBall Game! Lions Vs. 49ers,2025-01-02 23:22:47+00:00,902,42183,2824,272,1408,2.0056818181818183,0.4985835694050991,10.67728705876775
Colleen Vlogs,HAPPY NEW YEAR,2025-01-03 23:59:00+00:00,765,59665,3118,178,2701,1.154387263976305,0.8662604233483002,10.051118746333696
Colleen Vlogs,Everything I got For Christmas & Catching an OCTOPUS!,2025-01-06 23:13:40+00:00,771,51734,2850,111,2398,1.188490408673895,0.8414035087719298,10.358758263424441
Colleen Vlogs,Making a Necklace and Taking a Covid Test!,2025-01-07 21:26:01+00:00,871,57977,2820,159,3611,0.780947106064802,1.2804964539007093,11.366576400986599
Colleen Vlogs,Trying To Remember the Miranda Sings Show!,2025-01-10 21:34:34+00:00,695,52393,2883,139,2591,1.1126978000771903,0.8987166146375304,10.71326322218617
Colleen Vlogs,Making Miranda Merch For My Kids & Packing My Emergency Kit,2025-01-13 21:22:57+00:00,895,60399,3029,232,2728,1.1103372434017595,0.9006272697259822,9.915727081574198
Colleen Vlogs,Girls Trip With an Infection...fun!,2025-01-14 20:53:41+00:00,689,46298,2857,189,4103,0.6963197660248599,1.4361218060903045,15.441271761199188
Colleen Vlogs,I'M PISSED! but mostly annoyed,2025-01-16 20:23:18+00:00,686,49221,2740,132,2431,1.1271081859317154,0.8872262773722628,10.773856687186363
Colleen Vlogs,Watching My Old TikToks Before They Get Deleted!,2025-01-17 20:55:09+00:00,1076,48155,2653,213,2030,1.306896551724138,0.7651715039577837,10.167168518326237
Colleen Vlogs,Forgot To Take My Meds Today,2025-01-20 21:29:30+00:00,815,46436,2908,525,1597,1.8209142141515342,0.5491746905089409,10.832113015763632
Colleen Vlogs,"Manifesting Fail, Parenting Hack, & TikTok!",2025-01-21 21:51:40+00:00,1204,50627,2661,153,1305,2.039080459770115,0.4904171364148816,8.135974875066664
Colleen Vlogs,Instagram Conspiracy Theory & Miranda Sings Cameo,2025-01-23 22:07:07+00:00,607,42576,2471,222,2006,1.231804586241276,0.81181707810603,11.03673431040962
Colleen Vlogs,"Podcasting With JoJo, & My New Squirrel Hobby",2025-01-24 22:12:08+00:00,744,46930,2773,389,2348,1.1810051107325383,0.8467363865849261,11.740890688259109
Colleen Vlogs,This is hard for me.,2025-01-27 22:02:35+00:00,1207,56847,3145,468,2711,1.1600885282183695,0.8620031796502384,11.124597604095204
Colleen Vlogs,What Made Me Have Twins?,2025-01-28 22:07:51+00:00,1310,62860,2977,293,3401,0.8753307850632167,1.1424252603291905,10.612472160356347
Colleen Vlogs,Posting My Cringe TikTok Drafts,2025-01-30 21:37:41+00:00,641,34976,2139,106,1812,1.1804635761589404,0.847124824684432,11.599382433668803
Colleen Vlogs,I'm sick of being like this,2025-02-03 21:05:29+00:00,749,49631,2803,396,2648,1.058534743202417,0.9447021048876204,11.780943362011646
Colleen Vlogs,A Weekend Of Therapy,2025-02-04 22:49:28+00:00,658,51486,2791,201,1255,2.2239043824701197,0.4496596202078108,8.248844346035815
Colleen Vlogs,"I SPENT $10,000 ON A HOTEL ROOM",2025-02-06 21:39:01+00:00,890,54562,2892,212,1643,1.7601947656725503,0.568118948824343,8.700194274403431
Colleen Vlogs,"Erik's Baby Diary, Letters To My Son, & Moving!",2025-02-07 23:10:09+00:00,1161,49252,2587,107,2523,1.025366627031312,0.9752609199845381,10.592463250223341
Colleen Vlogs,Scandalous Valentine To My Husband!,2025-02-10 22:28:29+00:00,717,38279,2445,109,1726,1.4165701042873697,0.7059304703476482,11.181065336085059
Colleen Vlogs,TOUR OF OUR NEW ROOMS!,2025-02-11 22:28:31+00:00,728,76159,3298,177,2631,1.2535157734701634,0.7977562158884173,8.017437203744796
Colleen Vlogs,REALISTIC SHOWER ROUTINE!,2025-02-13 22:31:57+00:00,684,47791,2515,184,1862,1.3506981740064448,0.7403578528827037,9.543637923458393
Colleen Vlogs,REACTING TO THE PSYCHIC READING OF MY TWIN PREGNANCY!,2025-02-14 22:06:08+00:00,958,87092,4154,232,1855,2.239353099730458,0.4465575349061146,7.165985394754972
Colleen Vlogs,Overstimulated on Valentines Day! 😵‍💫,2025-02-17 21:24:24+00:00,638,42317,2475,97,1622,1.5258939580764488,0.6553535353535354,9.910910508778978
Colleen Vlogs,BreastFeeding Advice and Rant,2025-02-18 21:42:42+00:00,1022,42297,2206,134,2208,0.9990942028985508,1.0009066183136899,10.75253564082559
Colleen Vlogs,Vlogging With My Kid's $20 Camera!,2025-02-20 22:44:39+00:00,699,37216,2493,183,1657,1.5045262522631262,0.6646610509426394,11.642841788478075
Colleen Vlogs,NEW BEDS FOR THE TWINS & WESLEYS MAGIC SHOW!,2025-02-21 21:43:47+00:00,790,58746,2847,148,3432,0.8295454545454546,1.2054794520547945,10.940319340891294
Colleen Vlogs,bye for now,2025-02-24 22:28:17+00:00,229,130984,4644,506,10887,0.42656379167814823,2.344315245478036,12.243480119709277
Colleen Vlogs,I'M BAAAAACK! 😏,2025-03-10 22:30:51+00:00,976,67583,3729,404,8299,0.4493312447282805,2.2255296326092786,18.395158545788142
Colleen Vlogs,TWINS BEDROOM MAKEOVER REVEAL!,2025-03-11 21:14:07+00:00,1110,103873,4224,317,2265,1.8649006622516557,0.5362215909090909,6.552232052602698
Colleen Vlogs,My Trip To the Hospital & Our New Pets!,2025-03-13 22:01:56+00:00,1025,71122,3203,135,1997,1.6039058587881823,0.6234779893849516,7.5011951294957955
Colleen Vlogs,SPONTANEOUS VACATION TO FIND RARE OCEAN CREATURES!,2025-03-14 21:07:19+00:00,644,41131,2472,158,1684,1.4679334916864608,0.6812297734627831,10.488439376625902
Colleen Vlogs,Becoming More Masculine & Trying Vintage JoJo Siwa Makeup,2025-03-17 21:33:36+00:00,1080,47841,2603,210,1441,1.806384455239417,0.5535920092201306,8.891954599611212
Colleen Vlogs,Bad News On St. Patricks Day! 😟,2025-03-18 21:33:24+00:00,926,42015,2488,284,1871,1.3297701763762693,0.7520096463022508,11.050815185052958
Colleen Vlogs,I am NOT pregnant... but I AM insane.,2025-03-20 21:23:30+00:00,809,52028,2727,322,1866,1.4614147909967845,0.6842684268426843,9.446836318905206
Colleen Vlogs,help... I think I'm balding.,2025-03-21 20:55:03+00:00,1151,44801,2362,434,1998,1.182182182182182,0.8458933107535986,10.700654003258855
Colleen Vlogs,My Ex-Boyfriend Taught Me This.,2025-03-24 20:43:29+00:00,914,46550,2573,405,1759,1.4627629334849346,0.6836377769141081,10.176154672395274
Colleen Vlogs,Why I Stopped Going To Therapy,2025-03-25 21:21:33+00:00,1132,59314,2714,236,4566,0.5943933420937363,1.6823876197494474,12.671544660619752
Colleen Vlogs,"Writing A Song, Cleaning Shells, and Fishing For Octopus!",2025-03-27 22:06:08+00:00,726,33323,2054,138,1375,1.4938181818181817,0.6694255111976631,10.704318338684992
Colleen Vlogs,I GOT GLASSES!,2025-03-28 21:46:37+00:00,766,49827,2722,241,2052,1.3265107212475633,0.7538574577516532,10.064824292050496
Colleen Vlogs,MY FAVORITE TIKTOK SHOP PURCHASE!,2025-03-31 20:49:00+00:00,978,44610,2438,245,1101,2.214350590372389,0.45159967186218214,8.482403048643802
Colleen Vlogs,Let Me Clear This Up.,2025-04-01 19:49:28+00:00,918,71055,2755,246,2550,1.080392156862745,0.925589836660617,7.812258109914855
Colleen Vlogs,My Squirrel Is Pregnant!,2025-04-03 20:51:11+00:00,724,36137,2187,287,1297,1.6861989205859675,0.5930498399634202,10.435287932036417
Colleen Vlogs,We're Leaving!,2025-04-04 20:01:55+00:00,1008,61099,2704,184,2443,1.10683585755219,0.9034763313609467,8.725183718227795
Colleen Vlogs,Family Camping Trip is a Disaster...,2025-04-07 20:53:50+00:00,641,49469,2693,167,1806,1.491140642303433,0.6706275529149647,9.432169641593726
Colleen Vlogs,If I HAD To Rename My Kids... 🤔,2025-04-08 19:55:27+00:00,1351,54705,2583,668,1320,1.9568181818181818,0.5110336817653891,8.35572616762636
Colleen Vlogs,Realistic Day In The Life Vlog - Colleen Ballinger,2025-04-10 21:09:57+00:00,987,68889,3414,340,2146,1.5908667287977634,0.6285881663737551,8.564502315318846
Colleen Vlogs,Finding Old Footage Of the Twins! 🥹,2025-04-11 21:10:50+00:00,766,47871,2409,276,1116,2.1586021505376345,0.46326276463262767,7.940088989158363
Colleen Vlogs,I RUINED MY SISTERS BIRTHDAY,2025-04-14 21:58:40+00:00,954,40698,2589,352,1536,1.685546875,0.593279258400927,11.000540567104036
Colleen Vlogs,I do NOT agree with my comments on this,2025-04-15 20:44:52+00:00,1159,48518,2301,395,1143,2.0131233595800526,0.49674054758800523,7.912527309452162
Colleen Vlogs,"Getting sick, Taco Bell, and getting Bullied in Public .",2025-04-17 20:38:27+00:00,776,42545,2306,176,1178,1.9575551782682512,0.5108412836079792,8.602656011282171
Colleen Vlogs,Reacting To Sabrina Carpenters New Music,2025-04-18 23:13:01+00:00,903,31978,1745,117,1850,0.9432432432432433,1.0601719197707737,11.607980486584527
Colleen Vlogs,"Crying about my Mom, Feeling Frustrated, & Easter prep!",2025-04-21 23:17:08+00:00,931,58941,2933,396,1613,1.8183508989460633,0.5499488578247528,8.38465584228296
Colleen Vlogs,EASTER WITH COLLEEN BALLINGER!,2025-04-22 21:48:57+00:00,781,62351,2851,133,2053,1.3886994641987336,0.7200982111539811,8.078459046366538
Colleen Vlogs,My Husband Wants To Take Over The Vlog! 🙃,2025-04-24 20:05:47+00:00,664,47946,2528,144,1135,2.2273127753303963,0.4489715189873418,7.940182705543737
Colleen Vlogs,Revealing a Magical Plant in a Tour Of My BackYard!,2025-04-25 20:32:39+00:00,965,42862,2290,287,1373,1.6678805535324108,0.5995633187772926,9.21562222948066
Colleen Vlogs,Big Drama At My House This Weekend! 😫,2025-04-28 21:38:59+00:00,759,42594,2432,208,1377,1.766158315177923,0.5662006578947368,9.430905761374841
Colleen Vlogs,The Twins First Food! *Throwback*,2025-04-29 21:30:54+00:00,1070,40996,2148,351,1269,1.6926713947990544,0.590782122905028,9.191140599082837
Colleen Vlogs,You Guys Set Me Up!!!,2025-05-02 21:34:20+00:00,752,44266,2406,215,1797,1.33889816360601,0.7468827930174564,9.980571996566214
Colleen Vlogs,Facing My Trauma,2025-05-05 20:00:25+00:00,849,48781,2305,122,2916,0.7904663923182441,1.2650759219088936,10.953034993132572
Colleen Vlogs,TRYING THE VIRAL TIKTOK TIFFANY PLATE!,2025-05-06 20:32:44+00:00,881,55114,2659,215,1200,2.2158333333333333,0.45129748025573524,7.3919512283630295
Colleen Vlogs,My Thoughts on Homeschooling,2025-05-08 19:24:58+00:00,962,45914,2245,173,1312,1.7111280487804879,0.5844097995545657,8.123883782724224
Colleen Vlogs,Living With a Camel 3 Days!,2025-05-09 21:01:39+00:00,641,38255,2548,130,1329,1.9172310007524453,0.521585557299843,10.47444778460332
Colleen Vlogs,My 6 Year Old Caught a RattleSnake & Goats Eat My Clothes!,2025-05-12 20:28:48+00:00,1019,40614,2486,138,1419,1.751937984496124,0.5707964601769911,9.95469542522283
Colleen Vlogs,MY PREGNANT SQUIRREL HAD BABIES!,2025-05-13 22:41:27+00:00,887,42203,2263,250,1313,1.7235338918507235,0.5802032699955811,9.06570622941497
Colleen Vlogs,Transforming My House Into Harry Potter World!,2025-05-15 22:50:16+00:00,705,37694,2356,187,1239,1.9015334947538338,0.5258913412563667,10.033427070621318
Colleen Vlogs,OMG! I'M SO EXCITED!!!!!! I'm Surprising My Family!!!,2025-05-16 20:54:37+00:00,828,52034,2765,236,2451,1.1281109751121992,0.8864376130198915,10.477764538570934
Colleen Vlogs,TMI Health Problems & Harry Potter Party!,2025-05-19 23:05:00+00:00,802,41630,2301,149,1089,2.112947658402204,0.47327249022164275,8.501080951237089
Colleen Vlogs,My Secret Cabo Wedding 10 Years Ago!,2025-05-20 21:26:42+00:00,949,48162,2214,164,1492,1.4839142091152815,0.6738934056007226,8.035380590507039
Colleen Vlogs,WE GOT BABY CHICKS!,2025-05-22 20:33:21+00:00,871,38585,2270,111,1408,1.6122159090909092,0.6202643171806167,9.819878191006868
Colleen Vlogs,Help Me Name My Chicks & Prepping For Taylor Swift Party!,2025-05-23 22:21:47+00:00,866,37091,2044,360,1921,1.0640291514836022,0.9398238747553816,11.660510636003343
Colleen Vlogs,I Found an EPIC plant in my backyard! - Colleen & the Beanstalk Part 1,2025-05-26 23:14:26+00:00,47,18044,639,8,4,159.75,0.006259780907668232,3.6078474839281753
Colleen Vlogs,Is this Growing??? - Colleen & the Beanstalk PART 2,2025-05-26 23:16:31+00:00,45,12049,424,8,4,106.0,0.009433962264150943,3.618557556643705
Colleen Vlogs,She is GROWING GIRL! - Colleen & the Beanstalk PART 4,2025-05-26 23:17:26+00:00,52,15639,564,13,7,80.57142857142857,0.012411347517730497,3.734254108318946
Colleen Vlogs,OMG! IT'S HAPPENING!!! - Colleen & the Beanstalk PART 5,2025-05-26 23:18:05+00:00,70,41934,1611,49,8,201.375,0.004965859714463066,3.9776792101874374
Colleen Vlogs,FASCINATING update - Colleen & the Beanstalk PART 3,2025-05-26 23:20:13+00:00,51,27978,677,28,4,169.25,0.005908419497784343,2.5341339623990278
Colleen Vlogs,"Taylor Swift Karaoke, Family Time, and Feeling Old",2025-05-27 22:40:20+00:00,645,42140,2207,145,1371,1.6097738876732313,0.6212052560036249,8.83483626008543
Colleen Vlogs,"Chick Update, Touring with Twins & the TikTok Rumor",2025-05-29 20:36:48+00:00,1182,53177,2465,173,1563,1.5770953294945618,0.6340770791075051,7.9000319687082765
Colleen Vlogs,The Skunks Living At My House Almost Sprayed Me!,2025-05-30 20:44:52+00:00,846,31781,1971,160,832,2.3689903846153846,0.42212075088787415,9.323180516660898
Colleen Vlogs,Trying Weird Boba Flavors & Lots of Dead Bugs,2025-06-02 21:06:38+00:00,696,43353,2172,125,970,2.239175257731959,0.44659300184162065,7.5358106705418315
Colleen Vlogs,Most Awkward and Hilarious Fan interactions!,2025-06-03 21:11:58+00:00,1185,39662,2057,186,1952,1.0537909836065573,0.948954788526981,10.576874590287932
Colleen Vlogs,BECOMING A TRAD WIFE!,2025-06-05 21:30:35+00:00,892,50107,2260,168,2553,0.8852330591461026,1.129646017699115,9.940726844552657
Colleen Vlogs,SHAVING MY CAT! 😱,2025-06-06 21:29:32+00:00,905,37494,2071,144,1380,1.5007246376811594,0.6663447609850314,9.588200778791272
Colleen Vlogs,Using Miranda as A Rat Repellant,2025-06-09 21:42:59+00:00,824,33535,2024,198,825,2.453333333333333,0.4076086956521739,9.086029521395558
Colleen Vlogs,Thank You For Helping Me.,2025-06-10 20:57:31+00:00,908,40769,2219,164,2278,0.9741000877963125,1.0265885534024335,11.432706222865413
Colleen Vlogs,HE'S GRADUATING KINDERGARTEN!,2025-06-12 21:35:28+00:00,798,67774,2986,428,2506,1.1915403032721468,0.8392498325519089,8.734913093516687
Colleen Vlogs,"Recording Original Music, and Our Problematic Chick",2025-06-13 21:58:52+00:00,881,33708,2105,159,1008,2.0882936507936507,0.4788598574821853,9.70689450575531
Colleen Vlogs,REACTING TO MY CRINGIEST PERFORMANCES!,2025-06-16 20:27:04+00:00,914,30182,1830,174,1042,1.7562380038387715,0.5693989071038251,10.0921078788682
Colleen Vlogs,My Husband Reads You His Paychecks!,2025-06-17 21:03:00+00:00,1539,66628,2727,376,2155,1.265429234338747,0.7902456912357902,7.891577114726542
Colleen Vlogs,Eating My Biggest Twin Pregnancy Craving,2025-06-19 22:24:31+00:00,724,45722,2130,110,1036,2.055984555984556,0.4863849765258216,7.165040899348235
Colleen Vlogs,GETTING A MAKEOVER & MY COLOR ANALYSIS!,2025-06-20 20:28:26+00:00,672,37349,1967,437,1828,1.0760393873085339,0.929334011184545,11.330959329567056
Colleen Vlogs,RUNNING AWAY FROM HOME WITH MY BEST FRIEND!,2025-06-23 21:42:10+00:00,846,36577,2049,171,1034,1.9816247582205029,0.5046364080039043,8.896300954151517
Colleen Vlogs,MY CONTROVERSIAL HOT TAKE!,2025-06-24 20:08:09+00:00,1221,42251,2025,199,2239,0.9044216167932112,1.105679012345679,10.563063596127902
Colleen Vlogs,My 3 Year Old Is Obsessed With Tattoos,2025-06-26 21:24:42+00:00,745,40879,2236,162,1163,1.9226139294926914,0.5201252236135957,8.711074145649356
Colleen Vlogs,I'M BECOMING A GAMER!,2025-06-27 21:37:43+00:00,802,34576,1955,214,1696,1.1527122641509433,0.8675191815856778,11.178273947246645
Colleen Vlogs,MY MOM'S TRADER JOE'S EGGS HATCHED!,2025-06-30 22:48:56+00:00,836,31212,1892,171,690,2.7420289855072464,0.36469344608879495,8.820325515827246
Colleen Vlogs,MY VIEWERS GAVE ME A MAKEOVER!,2025-07-01 22:33:37+00:00,1063,37819,2110,293,1548,1.3630490956072352,0.7336492890995261,10.447129749596764
Colleen Vlogs,My Husband Reacts To Me Playing His Play Station,2025-07-03 20:07:25+00:00,695,35615,2147,260,970,2.2134020618556702,0.45179319981369354,9.481959848378493
Colleen Vlogs,MY FAVORITE CHILD!,2025-07-04 22:14:06+00:00,737,33180,1909,118,1641,1.1633150517976842,0.8596123624934521,11.054852320675106
Colleen Vlogs,4TH OF JULY DRAMA! MY HUSBAND IS IN BIG TROUBLE!,2025-07-07 20:41:55+00:00,772,39374,2179,144,868,2.51036866359447,0.398347865993575,8.104332808452277
Colleen Vlogs,Yikes! This Really Upset You Guys! Sorryyyy!,2025-07-08 22:20:17+00:00,994,40285,2029,282,1524,1.3313648293963254,0.7511089206505668,9.519672334615862
Colleen Vlogs,"My ""Doctor"" Gave Me a Weird Diagnosis",2025-07-10 22:24:00+00:00,769,50680,2485,231,2036,1.2205304518664046,0.8193158953722334,9.376479873717443
Colleen Vlogs,Gus,2025-07-14 18:32:08+00:00,992,181927,7219,1427,4885,1.4777891504605936,0.6766865216789029,7.4375985972395515
Colleen Vlogs,Hiding From My Kids on Vacation!,2025-07-15 20:58:40+00:00,754,36320,2281,175,1016,2.24507874015748,0.4454186760192898,9.559471365638766
Colleen Vlogs,How I Prep for Vacation with 3 Kiddos!,2025-07-17 20:33:02+00:00,793,38611,2095,142,942,2.223991507430998,0.4496420047732697,8.233404988215794
Colleen Vlogs,My Near Death Experience!,2025-07-18 20:47:49+00:00,1186,42965,2213,247,1584,1.3970959595959596,0.7157704473565296,9.412312347259396
Colleen Vlogs,I Bought Every TikTok Shop Product On My FYP! 👎,2025-07-21 22:45:26+00:00,770,39744,2101,148,589,3.567062818336163,0.2803426939552594,7.140700483091787
Colleen Vlogs,Let's Talk About My Wedding!,2025-07-22 20:47:04+00:00,851,62001,2560,155,1590,1.610062893081761,0.62109375,6.943436396187158
Colleen Vlogs,I Got Scammed!,2025-07-24 22:29:39+00:00,655,36079,2124,210,552,3.847826086956522,0.2598870056497175,7.999113057457246
Colleen Vlogs,I GOT THE BEST LABUBU!!!,2025-07-25 21:39:29+00:00,681,39936,2432,225,1339,1.8162808065720688,0.5505756578947368,10.006009615384617
Colleen Vlogs,Writing a Song For My Daughter,2025-07-28 21:03:43+00:00,830,44536,2643,317,1111,2.378937893789379,0.42035565645100265,9.140919705406862
Colleen Vlogs,Chopping Off My Hair Again...?,2025-07-29 20:28:41+00:00,951,41223,2165,625,1079,2.0064874884151993,0.4983833718244804,9.385537200106736
Colleen Vlogs,Chicken Coop Makeover & My Favorite Child!,2025-07-31 22:59:46+00:00,759,30878,1964,134,668,2.940119760479042,0.34012219959266804,8.957834056609885
Colleen Vlogs,I STRONGLY Disagree With My Sister,2025-08-01 21:46:03+00:00,739,38869,2074,137,1367,1.5171909290416972,0.659112825458052,9.205279271398801
Colleen Vlogs,I'M CRASHING OUT!,2025-08-04 21:07:34+00:00,613,43708,2285,282,1087,2.1021159153633855,0.47571115973741795,8.360025624599615
Colleen Vlogs,GIVING MY CHICKEN A MAKEOVER!,2025-08-05 21:07:40+00:00,927,31160,1808,165,642,2.8161993769470404,0.35508849557522126,8.39216944801027
Colleen Vlogs,I HAVE VERY EXCITING NEWS!,2025-08-07 21:03:13+00:00,831,50780,2741,347,1097,2.4986326344576115,0.40021889821233125,8.241433635289484
Colleen Vlogs,SOMETHING is LIVING IN THE WALLS OF OUR HOUSE!,2025-08-08 21:43:05+00:00,853,45706,2215,312,1593,1.3904582548650346,0.7191873589164786,9.01413381175338
Colleen Vlogs,OUR TRIP GOT CANCELLED!,2025-08-12 21:00:25+00:00,1052,37555,2142,163,734,2.9182561307901906,0.3426704014939309,8.092131540407403
Colleen Vlogs,An Emotion Surprise! // Vacation Day 1,2025-08-13 21:06:24+00:00,667,55256,2746,163,700,3.922857142857143,0.25491624180626365,6.531417402635007
Colleen Vlogs,IT'S HAPPENING TOMORROW!!! // Vacation Day 2,2025-08-14 21:48:22+00:00,772,34940,2117,198,861,2.4587688734030198,0.4067076051015588,9.089868345735546
Colleen Vlogs,Making My Son's Dreams Come True! // Vacation Day 3,2025-08-15 21:38:18+00:00,730,49267,2792,398,1183,2.360101437024514,0.4237106017191977,8.876123977510302
Colleen Vlogs,I Bought A Labubu in a BATHROOM!,2025-08-18 20:00:04+00:00,679,30635,2211,157,578,3.8252595155709344,0.26142017186793304,9.616451770850334
Colleen Vlogs,What's In My 3 Year Old's Backpack?,2025-08-19 20:44:06+00:00,1308,39494,2117,271,1673,1.265391512253437,0.7902692489371752,10.282574568288853
Colleen Vlogs,Trying To Bake With 3 Year Old Twins...,2025-08-21 21:58:39+00:00,741,51114,2254,123,714,3.156862745098039,0.3167701863354037,6.047266893610361
Colleen Vlogs,BACK TO SCHOOL SHOPPING & THE FIRST DAY OF SCHOOL!,2025-08-22 22:27:37+00:00,636,39222,2182,108,1188,1.8367003367003367,0.5444546287809349,8.867472336953751
Colleen Vlogs,Doing The Hamilton TikTok Trend With My Family!,2025-08-25 21:00:37+00:00,736,33578,1997,175,689,2.898403483309144,0.34501752628943416,8.520459824885341
Colleen Vlogs,My Therapy Didn't Work,2025-08-26 22:40:01+00:00,847,39208,2020,216,1435,1.4076655052264808,0.7103960396039604,9.362885125484596
Colleen Vlogs,In The Hospital Because Of My Chicken,2025-08-29 21:41:51+00:00,745,45593,2393,211,1665,1.4372372372372373,0.6957793564563309,9.363279450792884
Colleen Vlogs,I LEARNED MY LESSON!,2025-09-01 22:36:08+00:00,629,31723,2124,217,1043,2.036433365292426,0.4910546139359699,10.66733915455663
Colleen Vlogs,I Keep Upsetting People In The Comments,2025-09-02 22:30:13+00:00,1061,43517,2197,257,1650,1.3315151515151515,0.7510241238051889,9.43079715973068
Colleen Vlogs,Trying Dolly Parton's Food & Getting Pooped on 🥴,2025-09-04 20:17:29+00:00,622,35588,2079,167,887,2.3438556933483654,0.42664742664742666,8.803529279532427
Colleen Vlogs,New Pet Snake & My Garden Infestation,2025-09-05 22:38:33+00:00,704,31998,1925,292,386,4.987046632124352,0.20051948051948051,8.134883430214389
Colleen Vlogs,My Husband Is Driving Me Crazy!,2025-09-08 22:31:33+00:00,627,31161,2004,886,1034,1.9381044487427466,0.5159680638722555,12.592663906806587
Colleen Vlogs,I'm Losing My Memory!,2025-09-09 21:55:26+00:00,867,32202,1899,180,690,2.752173913043478,0.36334913112164297,8.59884479224893
Colleen Vlogs,DYING MY HAIR FAIL,2025-09-11 21:46:42+00:00,691,36837,2099,402,961,2.1841831425598337,0.4578370652691758,9.39815945923935
Colleen Vlogs,Trying On All My Pregnancy Clothes,2025-09-12 22:02:22+00:00,776,46263,2205,234,1294,1.704018547140649,0.5868480725623583,8.069083284698356
Colleen Vlogs,I Had Panic Attack at Taco Bell!,2025-09-16 00:09:22+00:00,646,35015,2064,207,782,2.639386189258312,0.37887596899224807,8.719120376981293
Colleen Vlogs,Feeling Pressure To Have Kids At A Young Age,2025-09-16 20:44:36+00:00,873,34662,2000,405,1278,1.5649452269170578,0.639,10.625468813109457
Colleen Vlogs,What I Eat In A Day!,2025-09-18 21:40:22+00:00,661,44718,2168,294,628,3.4522292993630574,0.2896678966789668,6.909969139943647
Colleen Vlogs,i give up.,2025-09-19 20:53:48+00:00,845,36968,1926,112,1990,0.9678391959798995,1.0332294911734163,10.895909976195629
Colleen Vlogs,Smashing Random Rocks Until I Find Crystals & Fossils!,2025-09-23 21:08:54+00:00,620,25715,1671,112,522,3.2011494252873565,0.3123877917414722,8.963639898891698
Colleen Vlogs,TOUR OF MY NEW HOME OFFICE!,2025-09-25 21:00:15+00:00,728,34305,1910,127,745,2.563758389261745,0.3900523560209424,8.109605013846378
Colleen Vlogs,Making My Husband Angry On His Birthday! 😬,2025-09-26 20:25:34+00:00,646,38726,2054,132,1044,1.9674329501915708,0.5082765335929893,8.340649692712907
Colleen Vlogs,Parenting Fail,2025-09-29 20:57:48+00:00,959,37748,2061,158,812,2.5381773399014778,0.3939835031538088,8.029564480237363
Colleen Vlogs,I guess I'm sad.,2025-09-30 21:29:58+00:00,790,45493,2385,477,1730,1.3786127167630058,0.7253668763102725,10.093860593937528
Colleen Vlogs,Someone Please Diagnose Me,2025-10-02 22:01:41+00:00,653,35767,1928,227,1165,1.6549356223175966,0.604253112033195,9.282299326194538
Colleen Vlogs,My Thoughts On The New Taylor Swift Album,2025-10-03 22:31:06+00:00,849,44671,1994,277,1823,1.0938014262205156,0.9142427281845537,9.164782521098699
Colleen Vlogs,Live Reaction To Taylor Swifts New Album,2025-10-04 21:27:15+00:00,2706,45924,1674,344,2708,0.6181683899556869,1.6176821983273597,10.290915425485585
Colleen Vlogs,"THE SECRET IS OUT! (also Pumpkin Patch, Minions, & Chickens Carving Pumpkins)",2025-10-06 23:28:25+00:00,829,47177,2358,282,594,3.9696969696969697,0.25190839694656486,6.855035292621404
Colleen Vlogs,MY SISTER IS ENGAGED!!!,2025-10-08 22:14:33+00:00,790,43159,2216,150,660,3.3575757575757574,0.29783393501805056,7.011283857364628
Colleen Vlogs,Crying About my Mom,2025-10-09 20:38:18+00:00,728,41120,2231,190,1051,2.1227402473834442,0.47108919766920665,8.443579766536965
Colleen Vlogs,Surprising My Husband With a Romantic Date! The Kids Crashed it!,2025-10-10 21:41:12+00:00,688,30990,1882,98,747,2.5194109772423023,0.3969181721572795,8.799612778315586
Colleen Vlogs,MY KIDS FIRST MOVIE!,2025-10-13 20:41:28+00:00,714,42305,2009,129,592,3.393581081081081,0.2946739671478347,6.453137926958988
Colleen Vlogs,Why We Stopped Podcasting. But we're coming back!,2025-10-14 21:00:27+00:00,742,30843,1817,169,451,4.028824833702883,0.24821133736929005,7.90130661738482
Colleen Vlogs,Spend The Night With Me!,2025-10-16 22:44:46+00:00,809,32044,1894,143,423,4.4775413711583925,0.22333685322069693,7.676944201722631
Colleen Vlogs,Wedding Dress Try-On With my Sister!,2025-10-17 21:00:59+00:00,627,36543,1889,117,767,2.4628422425032594,0.4060349391212282,7.58832060859809
Colleen Vlogs,Addressing The Rumors About Us,2025-10-20 21:31:45+00:00,759,54846,2506,156,1909,1.3127291775798848,0.7617717478052674,8.334244976844255
Colleen Vlogs,"Moving, Halloween Costumes, and Hot Cereal",2025-10-21 21:01:03+00:00,918,47956,2221,270,3229,0.6878290492412512,1.4538496172895092,11.927600300275252
Colleen Vlogs,PassionFruit Changed My Life,2025-10-23 22:40:06+00:00,693,29142,1865,181,579,3.221070811744387,0.31045576407506703,9.007617871113856
Colleen Vlogs,We Saw Blippi LIVE on Stage! My Prank Paid Off!,2025-10-24 21:27:54+00:00,750,33499,1971,133,624,3.1586538461538463,0.3165905631659056,8.143526672437982
Colleen Vlogs,This Has Been Keeping  Me Up At Night! 😩,2025-10-27 20:30:18+00:00,752,31072,1844,151,433,4.258660508083141,0.23481561822125813,7.8141091658084445
Colleen Vlogs,Should I Be Angry With My Parents?,2025-10-28 20:00:04+00:00,1194,40730,1971,198,753,2.6175298804780875,0.3820395738203957,7.174073164743433
Colleen Vlogs,Buying Every Halloween Costumes My Kids Want,2025-10-30 22:00:06+00:00,694,37352,2044,130,509,4.015717092337917,0.2490215264187867,7.183015635039623
Colleen Vlogs,I'M SO HAPPY! IT'S ALMOST TIME!,2025-10-31 22:37:23+00:00,720,32194,1824,127,1070,1.7046728971962617,0.5866228070175439,9.38373609989439
Colleen Vlogs,HALLOWEEN WITH COLLEEN! Trick Or Treating & Music Video!,2025-11-03 22:53:28+00:00,1093,43791,2459,309,748,3.287433155080214,0.30418869459129727,8.029047064465301
Colleen Vlogs,Meet My Son's New Pet!,2025-11-06 22:00:44+00:00,700,32332,2064,170,558,3.6989247311827955,0.2703488372093023,8.63540764567611
Colleen Vlogs,Gifts I Got My Twins For Their 4th BIRTHDAY!,2025-11-07 23:02:23+00:00,670,34294,2038,172,1098,1.8561020036429872,0.5387634936211972,9.646002216131102
Colleen Vlogs,The Twins' 4th Birthday With An Octopus!,2025-11-10 22:00:00+00:00,779,69189,3216,251,2257,1.4249003101462119,0.7018034825870647,8.272991371460781
Colleen Vlogs,My Miranda Costumes Got Eaten By RATS!,2025-11-11 21:30:08+00:00,666,30903,1880,182,1805,1.0415512465373962,0.9601063829787234,12.513348218619551
Colleen Vlogs,Recreating The Day We Met on Our Anniversary!,2025-11-13 20:00:24+00:00,626,31362,1858,313,3403,0.5459888333823097,1.8315392895586653,17.773101205280277
Colleen Vlogs,Do Rocks and Crystals Actually Have Powers?,2025-11-14 22:31:48+00:00,709,26528,1719,226,2768,0.6210260115606936,1.610238510762071,17.766133896260556
Colleen Vlogs,I've Been Wearing Moldy Lipstick! What Should I Do?,2025-11-17 23:00:50+00:00,682,29204,1847,224,2540,0.7271653543307086,1.3752030319436925,15.78893302287358
Colleen Vlogs,This Comment Was Upsetting,2025-11-18 22:30:06+00:00,1205,50139,2084,296,5330,0.39099437148217636,2.557581573896353,15.377251241548496
Colleen Vlogs,We Are In The Same Room As Sabrina Carpenter!,2025-11-24 22:00:59+00:00,850,25397,1648,105,489,3.3701431492842535,0.2967233009708738,8.827814308776627
Colleen Vlogs,Good News & Bad News - Answering your Questions,2025-11-25 22:19:21+00:00,1020,35631,1917,243,1973,0.9716168271667511,1.0292123109024518,11.599449917206925
Colleen Vlogs,The Update You've All Been Waiting For!,2025-11-27 21:23:43+00:00,747,41978,2050,180,2231,0.9188704616763783,1.0882926829268293,10.626995092667588
Colleen Vlogs,Panic Attack & Christmas Crafts!,2025-11-28 23:11:08+00:00,698,30740,1795,183,1275,1.407843137254902,0.7103064066852368,10.582303188028627
Colleen Vlogs,I Got a Massive Surprise On My Birthday,2025-12-01 20:27:03+00:00,654,31639,2094,150,959,2.183524504692388,0.4579751671442216,10.123581655551693
Colleen Vlogs,Big Debate with Family On Thanksgiving,2025-12-02 21:41:57+00:00,636,30363,1768,95,698,2.5329512893982806,0.3947963800904977,8.434607910944242
Colleen Vlogs,I Surprised My Family With A Magical Christmas Vacation!,2025-12-04 21:00:24+00:00,694,30513,1850,144,709,2.609308885754584,0.38324324324324327,8.858519319634254
Colleen Vlogs,Filming In A Hot Tub and Going On a Shipwreck!,2025-12-05 22:23:52+00:00,690,24529,1637,98,693,2.3621933621933624,0.42333536957849727,9.898487504586408
Colleen Vlogs,This Is A Bad Idea... BUT I'M DOING IT ANYWAY!,2025-12-06 22:48:58+00:00,827,30917,1992,363,839,2.374255065554231,0.4211847389558233,10.330885920367436
Colleen Vlogs,Collabing With My Family In Spain!,2025-12-07 23:40:26+00:00,809,29727,1930,194,636,3.0345911949685536,0.3295336787564767,9.284488848521546
Colleen Vlogs,"Flynn's SNAKE & ""IS IT CAKE?"" Birthday Party!",2025-12-08 21:32:40+00:00,777,41335,2165,163,537,4.031657355679702,0.24803695150115473,6.9311721301560425
Colleen Vlogs,"Chicken Drama, Elf On The Shelf Magic, & My Advent Calender!",2025-12-09 21:54:58+00:00,694,24543,1691,178,609,2.7766830870279144,0.3601419278533412,10.096565212076763
Colleen Vlogs,I Need Advice! and Getting Our Christmas Tree! 🌲,2025-12-10 21:19:12+00:00,733,25908,1852,191,849,2.181389870435807,0.4584233261339093,11.162575266327003
Colleen Vlogs,I Created a NEW Way To Solve A Rubik's Cube!,2025-12-11 21:00:23+00:00,923,26345,1714,173,866,1.9792147806004619,0.5052508751458576,10.44980072119947
Colleen Vlogs,Doing a Viral TikTok Trend with My Husband!,2025-12-12 21:31:53+00:00,850,34359,1859,134,912,2.0383771929824563,0.49058633674018287,8.454844436683256
Colleen Vlogs,We Have a Problem in Our House!,2025-12-13 23:30:30+00:00,636,28416,1779,102,465,3.825806451612903,0.26138279932546377,8.255912162162163
Colleen Vlogs,Advent Calendar Scam!,2025-12-14 20:37:05+00:00,956,29487,1772,118,413,4.290556900726393,0.23306997742663657,7.8102214535218915
Colleen Vlogs,Trying The Pants That Make your Butt Bigger!,2025-12-15 21:24:06+00:00,719,29257,1768,176,1064,1.6616541353383458,0.6018099547511312,10.281300201661141
Colleen Vlogs,TikTok Said Men Can't Do This... My Husband Proved Them Wrong,2025-12-16 20:59:24+00:00,631,25481,1652,113,703,2.3499288762446655,0.425544794188862,9.685648129979201
Colleen Vlogs,My Nephew Didn't Know I Worked At Disneyland!,2025-12-17 22:37:51+00:00,792,27943,1597,118,680,2.348529411764706,0.4257983719474014,8.571019575564542
Colleen Vlogs,This Vlog Took an Unexpected Turn...,2025-12-18 21:56:28+00:00,830,28593,1737,131,666,2.608108108108108,0.38341968911917096,8.862308956737664
Colleen Vlogs,The Parts Of My Life I Usually Don't Show You,2025-12-19 22:40:46+00:00,832,33895,1837,170,1850,0.9929729729729729,1.0070767555797495,11.379259477799085
Colleen Vlogs,I Can't Believe I Caught This On My Security Camera! 😮,2025-12-20 23:56:18+00:00,668,26148,1621,141,1672,0.9694976076555024,1.0314620604565083,13.132935597368824
Colleen Vlogs,$1000 Vlogging Camera vs. $10 Vlogging Camera!,2025-12-22 21:09:17+00:00,901,29012,1699,151,2200,0.7722727272727272,1.2948793407886992,13.959740796911625
Colleen Vlogs,EXCITING NEWS! But I Have to Take a Break...,2025-12-24 22:23:39+00:00,752,42357,1936,95,2689,0.7199702491632577,1.3889462809917354,11.143376537526265
Colleen Vlogs,"Christmas Eve, a Chicken Attack, and Original Songs by my 4 year old",2025-12-29 22:27:10+00:00,993,32279,2039,175,1662,1.226835138387485,0.815105443845022,12.007806933300289
Colleen Vlogs,My Sister Made Me Cry On Christmas!,2025-12-31 00:07:02+00:00,853,60963,3114,448,5611,0.5549812867581536,1.8018625561978163,15.046831684792414
Colleen Vlogs,I'm BAAAAACK!!!,2026-01-21 20:46:41+00:00,748,50745,3314,444,2973,1.1146989572822066,0.8971031985515993,13.264361020790224
Colleen Vlogs,Exploring New York and talking about Mental Health,2026-01-22 22:47:49+00:00,852,33638,2396,350,1101,2.1762034514078112,0.4595158597662771,11.436470658184197
Colleen Vlogs,MY NEW BUSINESS!,2026-01-23 22:00:50+00:00,653,32370,1931,113,2118,0.9117091595845137,1.0968410150181254,12.857584182885388
Colleen Vlogs,Staying Up All Night To Surprise My Daughter!,2026-01-27 21:32:14+00:00,757,27719,1737,195,687,2.5283842794759823,0.3955094991364421,9.44839279916303
Colleen Vlogs,I Fear I've Made a Huge Mistake...,2026-01-29 22:29:19+00:00,740,29126,1898,272,1049,1.8093422306959008,0.5526870389884089,11.051981047861018
Colleen Vlogs,I'M IN HELL!,2026-01-31 22:29:37+00:00,861,34310,2001,242,1491,1.3420523138832998,0.7451274362818591,10.883124453512096
Colleen Vlogs,I Can't believe I Forgot About This!,2026-02-02 21:53:25+00:00,758,26792,1640,176,1005,1.6318407960199004,0.6128048780487805,10.529262466407884
Colleen Vlogs,The Most Important Thing As a Mom & Crying Over Casserole,2026-02-03 22:30:58+00:00,882,27589,1760,223,1232,1.4285714285714286,0.7,11.653195113994707
Colleen Vlogs,DO NOT GET THIS!,2026-02-06 23:13:31+00:00,756,34788,1816,174,1602,1.1335830212234708,0.8821585903083701,10.325399563067725
Colleen Vlogs,UPDATED TOUR OF MY BACKYARD!,2026-02-09 22:15:57+00:00,731,28178,1704,192,1530,1.1137254901960785,0.897887323943662,12.158421463553125
Colleen Vlogs,"Health Issues, My C-Section Scar, & Re-Writing Haters Back Off",2026-02-12 23:22:25+00:00,715,32746,1676,135,1843,0.909386869234943,1.0996420047732698,11.15861479264643
Colleen Vlogs,Valentine's Day Surprise For My Kids!,2026-02-13 23:06:49+00:00,804,27951,1575,111,1033,1.5246853823814133,0.6558730158730158,9.727737826911381
Colleen Vlogs,We Thought We Finally Found Our House...And Then Lost It.,2026-02-16 22:14:09+00:00,702,31685,1745,393,596,2.9278523489932886,0.34154727793696277,8.628688653937195
Colleen Vlogs,We Found Out The Gender Of Our Chickens!,2026-02-17 22:58:58+00:00,870,25244,1563,151,728,2.146978021978022,0.4657709532949456,9.673585802566945
Colleen Vlogs,MAKING A GENDER REVEAL CAKE FOR MY CHICKEN!,2026-02-20 20:00:12+00:00,670,25039,1623,109,1494,1.0863453815261044,0.9205175600739371,12.88390111426175
Colleen Vlogs,I Got Addicted to Social Media So it's Time to DELETE IT!,2026-02-24 22:12:04+00:00,700,2817,441,71,23,19.17391304347826,0.05215419501133787,18.991835285765
