YouTuber_Name,Title,Date,Views,Likes,Comments,Dislikes,Like_to_Dislike_Ratio,Dislike_to_Like_Ratio,Engagement_Ratio
Ben Shapiro,Welcome To 2020! | Ep. 923,2020-01-02 20:10:15+00:00,104504,2481,410,147,16.877551020408163,0.0592503022974607,2.907065758248488
Ben Shapiro,"So Long, Soleimani! | Ep. 924",2020-01-03 18:53:01+00:00,211064,5888,1512,647,9.10046367851623,0.1098845108695652,3.8125876511389913
Ben Shapiro,Will We End Up In A War With Iran? | Ep. 925,2020-01-06 19:19:50+00:00,188482,5160,766,291,17.7319587628866,0.0563953488372093,3.298458208210864
Ben Shapiro,The Media’s Not-So-Secret Iran Agenda | Ep. 926,2020-01-07 17:55:23+00:00,156375,3509,665,215,16.32093023255814,0.06127101738387,2.806714628297362
Ben Shapiro,The War That Wasn’t | Ep. 927,2020-01-08 18:38:25+00:00,172846,4203,640,160,26.26875,0.0380680466333571,2.8944841072399705
Ben Shapiro,Iran Has Attacked American Troops -- Democrats Side With The Enemy,2020-01-08 21:50:09+00:00,108164,4754,676,225,21.128888888888888,0.0473285654185948,5.228172035057875
Ben Shapiro,The Revisionist History Begins | Ep. 928,2020-01-09 18:03:37+00:00,116106,3089,498,116,26.629310344827587,0.0375526060213661,3.189326994298314
Ben Shapiro,Nancy And The Giant Impeachment | Ep. 929,2020-01-10 18:50:19+00:00,133736,3275,513,122,26.84426229508197,0.0372519083969465,2.923670515044565
Ben Shapiro,Ben Shapiro: Judeo-Christian Values Made The West Great (MONTAGE),2020-01-11 14:00:08+00:00,59726,2819,495,254,11.098425196850394,0.0901028733593472,5.97394769447142
Ben Shapiro,When The Media Don’t Care About Iranians | Ep. 930,2020-01-13 18:17:14+00:00,132582,2915,396,102,28.57843137254902,0.0349914236706689,2.574255932177822
Ben Shapiro,The Bernie Moment | Ep. 931,2020-01-14 18:04:14+00:00,134432,2985,447,169,17.662721893491124,0.0566164154103852,2.678677695786717
Ben Shapiro,The Debate Night Of The Living Dead! | Ep. 932,2020-01-15 17:54:19+00:00,179940,4687,1200,142,33.00704225352113,0.0302965649669298,3.3505612982105144
Ben Shapiro,Impeachment Hits The Senate | Ep. 933,2020-01-16 18:35:25+00:00,149705,3490,629,170,20.529411764705884,0.0487106017191977,2.8649677699475635
Ben Shapiro,"So Somber, So Serious, So Stupid | Ep. 934",2020-01-17 18:17:34+00:00,142403,3361,557,95,35.37894736842105,0.0282653972032133,2.818058608315836
Ben Shapiro,"Ben Shapiro Q&A - Big Tech Censorship, Jordan Peterson, Radical Islam",2020-01-18 13:30:02+00:00,2970150,70000,4843,1720,40.69767441860465,0.0245714285714285,2.5777485985556283
Ben Shapiro,The Impeachment Trial Of The New Century | Ep. 935,2020-01-20 17:51:54+00:00,153105,3457,550,120,28.808333333333334,0.0347121781891813,2.695535743444042
Ben Shapiro,Hillary vs. Bernie: The Revenge | Ep. 936,2020-01-21 17:42:13+00:00,133976,3201,602,126,25.404761904761905,0.0393626991565135,2.932614796680002
Ben Shapiro,The Schiff Show Begins | Ep. 937,2020-01-22 18:30:20+00:00,151658,3503,501,128,27.3671875,0.036540108478447,2.7245512930409213
Ben Shapiro,HELP: My Co-Workers Are Intolerant Liberals - What Should I Do?,2020-01-23 01:10:35+00:00,190066,6866,805,117,58.68376068376068,0.0170404893678997,4.097524017972704
Ben Shapiro,"The Schiff Show, Day 2 | Ep. 938",2020-01-23 17:48:16+00:00,167954,4034,778,157,25.694267515923567,0.0389191869112543,2.95854817390476
Ben Shapiro,Hunting For Hunter | Ep. 939,2020-01-24 17:54:27+00:00,137855,3121,458,102,30.598039215686278,0.0326818327459147,2.670196946066519
Ben Shapiro,"Joe Rogan Has Been ""Cancelled"" by Angry Leftists",2020-01-24 23:23:45+00:00,2901897,90287,10205,13091,6.89687571614086,0.14499318838814,3.914094814529944
Ben Shapiro,The Worst Of Times | Ep. 940,2020-01-27 17:41:31+00:00,166038,3666,1005,275,13.33090909090909,0.075013638843426,2.978836170033366
Ben Shapiro,A Bolton Out Of The Blue | Ep. 941,2020-01-28 17:36:38+00:00,127209,2475,535,156,15.865384615384617,0.063030303030303,2.488817615105849
Ben Shapiro,BREAKING: Palestine Rejects Trump's Middle East Peace Proposal,2020-01-28 23:28:19+00:00,136257,4646,788,366,12.693989071038253,0.0787774429616874,4.256662043051
Ben Shapiro,The First Real Peace Plan | Ep. 942,2020-01-29 17:42:33+00:00,118128,3023,579,176,17.176136363636363,0.058220310949388,3.198225653528376
Ben Shapiro,"Caller Debates Ben Shapiro: ""Parents Should have the Right to Abort their Child""",2020-01-30 00:15:00+00:00,207990,7543,1192,206,36.61650485436893,0.0273100888240753,4.298764363671331
Ben Shapiro,Decision Day Approaches | Ep. 943,2020-01-30 17:52:37+00:00,120828,2506,484,95,26.37894736842105,0.0379090183559457,2.553216141953852
Ben Shapiro,The Myth of the Tiny Radical Muslim Minority (Ben Shapiro),2020-01-30 23:30:01+00:00,136906,9026,2171,1564,5.771099744245524,0.1732771992023044,9.320993966663258
Ben Shapiro,The End? | Ep. 944,2020-01-31 17:08:22+00:00,181089,3859,741,146,26.431506849315067,0.0378336356569059,2.620810761559233
Ben Shapiro,Caller Asks Shapiro: What Is The Conservative Solution To The Student Debt Crisis?,2020-02-01 00:30:01+00:00,1610876,34324,7045,1516,22.641160949868077,0.0441673464631161,2.662216086154366
Ben Shapiro,Caller Debates Ben Shapiro On When Life Begins,2020-02-03 01:30:01+00:00,188486,5547,975,146,37.99315068493151,0.0263205336217775,3.537663274725974
Ben Shapiro,Iowat The Hell Is Going On | Ep. 945,2020-02-03 17:53:17+00:00,146566,3148,615,120,26.23333333333333,0.0381194409148665,2.649318395808032
Ben Shapiro,I Watched A Bernie Sanders Rally From Beginning to End...This Is What I Learned,2020-02-03 22:00:00+00:00,551885,22964,3199,1889,12.156696664902064,0.0822591882947221,5.082943004430271
Ben Shapiro,Caller Asks Ben Shapiro: Is Conservatism Doomed?,2020-02-04 00:15:01+00:00,124107,4465,559,88,50.73863636363637,0.0197088465845464,4.119026324059078
Ben Shapiro,The Iowa S***show | Ep. 946,2020-02-04 18:13:46+00:00,149386,3780,648,120,31.5,0.0317460317460317,3.044461997777569
Ben Shapiro,Trump’s Victory Lap | Ep. 947,2020-02-05 17:59:22+00:00,248925,7640,971,197,38.78172588832487,0.0257853403141361,3.538415185296776
Ben Shapiro,Ben Shapiro SHREDS Democrats Over AWFUL Week,2020-02-05 21:11:20+00:00,393787,24848,1510,308,80.67532467532467,0.0123953638119768,6.771681137264562
Ben Shapiro,Acquitted And It Feels So Good | Ep. 948,2020-02-06 18:04:15+00:00,187552,4629,823,208,22.254807692307693,0.0449341110391013,3.0178297218904624
Ben Shapiro,Mr. Trump’s Wild Ride | Ep. 949,2020-02-07 18:32:28+00:00,140930,3105,544,130,23.884615384615383,0.0418679549114331,2.681473071737742
Ben Shapiro,Caller Challenges Ben Shapiro on his Policy to not Name Mass Shooters,2020-02-08 00:30:00+00:00,130939,3690,363,68,54.26470588235294,0.0184281842818428,3.1472670480147245
Ben Shapiro,Libertarian Asks Shapiro: What are your Thoughts on Rank Choice Voting?,2020-02-09 00:30:00+00:00,154760,5128,544,112,45.785714285714285,0.0218408736349454,3.737399844921168
Ben Shapiro,Caller Asks Shapiro: What can we do to Stop Socialism?,2020-02-09 14:30:04+00:00,164461,5885,1281,336,17.514880952380953,0.0570943075615972,4.561567788107819
Ben Shapiro,Joker's Wild | Ep. 950,2020-02-10 18:04:37+00:00,175579,4364,995,190,22.96842105263158,0.0435380384967919,3.160400731294745
Ben Shapiro,Caller Challenges Shapiro on the Negative Aspects of Capitalism,2020-02-11 01:15:01+00:00,445509,13021,1315,358,36.37150837988827,0.0274940480761846,3.2982498670060543
Ben Shapiro,Live Socialist Or Die | Ep. 951,2020-02-11 17:57:56+00:00,155592,3272,1078,201,16.27860696517413,0.0614303178484107,2.9249575813666517
Ben Shapiro,"Bern Baby Bern, New Hampshire Inferno | Ep. 952",2020-02-12 17:56:00+00:00,182518,4028,995,418,9.636363636363637,0.1037735849056603,2.9810758390953223
Ben Shapiro,The Bernie Sanders Administration | Ep. 953,2020-02-13 17:37:19+00:00,184042,3978,753,235,16.927659574468084,0.0590749120160884,2.6982971278295174
Ben Shapiro,"Donald, Barr The Door | Ep. 954",2020-02-14 19:33:29+00:00,130326,2512,581,156,16.102564102564102,0.0621019108280254,2.492979144606602
Ben Shapiro,"HGTV Features First-Ever ""Throuple"" (A Marriage w/3 People)",2020-02-15 01:06:42+00:00,117547,4373,788,183,23.896174863387976,0.0418477018065401,4.546266599743082
Ben Shapiro,The Bloomberg Files | Ep. 955,2020-02-18 17:45:22+00:00,167299,3772,637,173,21.80346820809249,0.0458642629904559,2.738808958810273
Ben Shapiro,Caller Asks Shapiro - Who Will Win: Bernie or Trump? (2020 Presidential Race),2020-02-19 00:30:00+00:00,211081,5360,1184,293,18.293515358361773,0.0546641791044776,3.239040936891525
Ben Shapiro,Pardon Me | Ep. 956,2020-02-19 18:05:42+00:00,144165,3071,639,166,18.5,0.054054054054054,2.6885859952138174
Ben Shapiro,Gay Conservative Challenges Shapiro on Gay Marriage,2020-02-20 00:21:24+00:00,2709175,72090,9118,5263,13.69751092532776,0.0730059647662643,3.1917834765196043
Ben Shapiro,FINALLY: The Bloodiest Democratic Debate Ever | Ep. 957,2020-02-20 17:51:22+00:00,306291,7865,1332,330,23.83333333333333,0.0419580419580419,3.1104407246703296
Ben Shapiro,Ben Shapiro Recaps Last Night's Democratic Debate DISASTER,2020-02-20 23:30:00+00:00,246234,8316,657,325,25.587692307692308,0.039081289081289,3.7760829130014537
Ben Shapiro,Ben Shapiro Clashes with a Bernie Sanders Supporter (Ariel Gold),2020-02-21 01:30:00+00:00,1495590,47561,17386,1442,32.98266296809986,0.0303189588107903,4.43898394613497
Ben Shapiro,From Russia With Love | Ep. 958,2020-02-21 17:30:00+00:00,169818,3856,607,194,19.87628865979381,0.050311203319502,2.7423476898797534
Ben Shapiro,How Democrats Plan to Undermine the Electoral College in 2020,2020-02-21 22:00:03+00:00,186228,4496,816,146,30.794520547945204,0.0324733096085409,2.930815989002728
Ben Shapiro,SHAPIRO: California is a Hellhole (and it's getting WORSE),2020-02-23 00:30:02+00:00,973334,36081,6441,932,38.71351931330472,0.0258307696571602,4.464448996952742
Ben Shapiro,"CALLER: Ben, you are WRONG about Vaccines",2020-02-24 01:30:02+00:00,1374351,29334,11853,2362,12.41913632514818,0.0805208972523351,3.1686956243346858
Ben Shapiro,They Married The Hooker In Vegas | Ep. 959,2020-02-24 18:45:01+00:00,164208,4036,768,197,20.48730964467005,0.048810703666997,3.0455276235019
Ben Shapiro,LIBERTARIAN CALLER: Objective Morality Does Not Exist,2020-02-25 00:30:01+00:00,161942,5194,882,200,25.97,0.0385059684251058,3.8754615850119176
Ben Shapiro,Never Met A Communist He Didn't Like | Ep. 960,2020-02-25 18:45:01+00:00,145685,3692,680,201,18.3681592039801,0.054442036836403,3.138964203589937
Ben Shapiro,Cenk Uygur Exposes himself as the Biggest Hypocrite Ever,2020-02-25 23:00:04+00:00,1504484,54913,4177,1586,34.62358133669609,0.0288820497878462,4.033010653486511
Ben Shapiro,The Final Debate! | Ep. 961,2020-02-26 19:00:06+00:00,187135,4517,747,197,22.92893401015228,0.0436130174894841,2.9182141234937347
Ben Shapiro,SHAPIRO: Joe Biden may still Win the Nomination; Up 18 Points in South Carolina,2020-02-26 22:45:01+00:00,103623,2764,517,78,35.43589743589744,0.0282199710564399,3.241558341294886
Ben Shapiro,Why Atheism / Secularism is on the Rise in the United States,2020-02-27 17:55:35+00:00,76017,2670,2263,396,6.742424242424242,0.148314606741573,7.010274017653946
Ben Shapiro,Putting the Panic in Pandemic | Ep. 962,2020-02-27 19:00:11+00:00,173932,4055,814,180,22.52777777777778,0.0443896424167694,2.902858588413863
Ben Shapiro,"Angry ""Bernie Bros"" Harrass a Joe Biden Supporter Online",2020-02-27 22:45:00+00:00,81664,3445,843,452,7.621681415929204,0.1312046444121916,5.804271159874609
Ben Shapiro,The Black Swan | Ep. 963,2020-02-28 19:00:01+00:00,141452,3271,542,135,24.22962962962963,0.0412717823295628,2.791052795294517
Ben Shapiro,Caller Asks Shapiro: Which Candidate Poses the Biggest Threat to Trump?,2020-02-28 22:30:01+00:00,161126,3925,706,169,23.22485207100592,0.0430573248407643,2.9790350408996686
Ben Shapiro,Charlie Kirk | The Ben Shapiro Show Sunday Special Ep. 84,2020-03-01 13:00:12+00:00,134492,4044,835,487,8.303901437371664,0.1204253214638971,3.989828391279779
Ben Shapiro,The Biden Comeback | Ep. 964,2020-03-02 18:15:00+00:00,183526,3748,615,144,26.02777777777778,0.0384204909284952,2.455782831860336
Ben Shapiro,A Canadian Challenges Shapiro on Socialized Medicine,2020-03-02 22:30:04+00:00,979648,33436,6829,864,38.69907407407408,0.0258404115324799,4.19834471156987
Ben Shapiro,The Great Anti-Bernie Consolidation | Ep. 965,2020-03-03 19:00:05+00:00,213678,4500,696,175,25.714285714285715,0.0388888888888888,2.513595222718296
Ben Shapiro,Republican Caller: Should I Vote in the Democratic Primary to Undermine Bernie?,2020-03-03 21:30:02+00:00,170107,4470,749,154,29.025974025974023,0.0344519015659955,3.1586001751838544
Ben Shapiro,"Nevertheless, She Desisted | The Ben Shapiro Show Ep. 966",2020-03-06 18:18:29+00:00,202225,4975,948,153,32.51633986928105,0.0307537688442211,3.004574112992953
Ben Shapiro,CALLER: Would There be any Upsides to a Joe Biden Presidency?,2020-03-06 21:30:00+00:00,790350,20459,2271,1164,17.576460481099655,0.0568942763575932,3.0232175618396915
Ben Shapiro,CALLER: Is Fascism Secretly a Left-Wing Ideology?,2020-03-08 00:30:01+00:00,199682,7957,1640,748,10.63770053475936,0.0940052783712454,5.180737372422152
Ben Shapiro,Alan Dershowitz | The Ben Shapiro Show Sunday Special Ep. 85,2020-03-08 13:00:14+00:00,95123,2821,398,103,27.388349514563107,0.0365118752215526,3.492320469287133
Ben Shapiro,Socialist Tells Ben Shapiro: Workers Should Own the Means of Production,2020-03-08 15:00:00+00:00,3780018,114689,19977,4108,27.918451801363197,0.035818605097263,3.67125235911575
Ben Shapiro,Coronapanic | Ep. 967,2020-03-09 17:00:05+00:00,183966,4146,889,218,19.01834862385321,0.0525808007718282,2.855418936107759
Ben Shapiro,"Ben Shapiro DEBUNKS White Privilege and ""Unconscious Bias"" Arguments",2020-03-09 21:15:00+00:00,1222551,35829,3979,1063,33.70555032925682,0.0296687041223589,3.343091617445816
Ben Shapiro,The Forces Of Chaos | Ep. 968,2020-03-10 17:00:02+00:00,148965,3105,532,131,23.70229007633588,0.0421900161030595,2.5294532272681503
Ben Shapiro,Ben Shapiro Describes the Pros and Cons of Being a Parent,2020-03-10 21:48:24+00:00,86732,3788,298,63,60.12698412698413,0.0166314677930306,4.783701517317715
Ben Shapiro,"So It’s Biden, Then | Ep. 969",2020-03-11 17:00:01+00:00,183651,4387,861,123,35.666666666666664,0.02803738317757,2.924568883371177
Ben Shapiro,Trump Gets Serious About Coronavirus | Ep. 970,2020-03-12 17:00:13+00:00,183020,4093,854,209,19.583732057416267,0.0510627901294893,2.8171784504425745
Ben Shapiro,The Coronavirus Chinese Coverup EXPOSED,2020-03-12 18:37:51+00:00,422328,13093,1915,426,30.73474178403756,0.0325364698693958,3.654505502831922
Ben Shapiro,"BREAKING: NBA, MLB Seasons Suspended/Delayed Indefinitely Due to Coronavirus",2020-03-12 20:18:21+00:00,91892,2135,488,60,35.583333333333336,0.0281030444964871,2.9197318591389894
Ben Shapiro,A Grinding Halt | Ep. 971,2020-03-13 17:00:30+00:00,211703,4736,998,187,25.32620320855615,0.0394847972972973,2.796842746678129
Ben Shapiro,"Ben Shapiro Q&A - Overturning Roe v Wade, Star Wars Prequels, Gun Rights",2020-03-14 21:45:00+00:00,130937,3988,646,95,41.97894736842105,0.0238214643931795,3.611660569586901
Ben Shapiro,Ezra Klein | The Ben Shapiro Show Sunday Special Ep. 86,2020-03-15 12:00:09+00:00,120273,3137,1308,208,15.08173076923077,0.0663053873127191,3.868698710433764
Ben Shapiro,The Weeks The Earth Stood Still | Ep. 972,2020-03-16 17:00:14+00:00,212843,4698,983,158,29.734177215189877,0.0336313324819071,2.743336637803452
Ben Shapiro,15 Days That Shook The World | Ep. 973,2020-03-17 17:00:10+00:00,191859,4080,992,141,28.93617021276596,0.0345588235294117,2.717099536638886
Ben Shapiro,The Chinese Virus | Ep. 974,2020-03-18 17:00:01+00:00,191272,4552,1104,310,14.683870967741935,0.0681019332161687,3.119118323643816
Ben Shapiro,Ben Shapiro Interviews a Doctor (Not His Wife) About Coronavirus and the Efficacy of Quarantining,2020-03-18 20:52:27+00:00,272545,7954,1110,268,29.67910447761194,0.0336937389992456,3.424021721183658
Ben Shapiro,Ben Shapiro vs Cenk Uygur Debate Highlights - Best Moments & Smackdowns,2020-03-19 00:07:36+00:00,1431873,43679,6371,1284,34.01791277258567,0.0293962773873028,3.585094488128486
Ben Shapiro,What The Hell Happens Now? | Ep. 975,2020-03-19 17:00:08+00:00,184035,4126,853,164,25.15853658536585,0.0397479398933591,2.794577118482897
Ben Shapiro,CRINGE: Pretentious Celebs Sing Songs to Fight the Coronavirus.,2020-03-19 23:53:21+00:00,643372,32044,7156,3169,10.111707163142947,0.0988952690051179,6.5854591123020585
Ben Shapiro,Lockdown Mayhem | Ep. 976,2020-03-20 17:55:47+00:00,194587,4824,1494,243,19.85185185185185,0.0503731343283582,3.3717565921669994
Ben Shapiro,CALLER: Are Mandatory Lockdowns Unconstitutional?,2020-03-21 17:00:00+00:00,218988,6019,998,177,34.005649717514125,0.0294068782189732,3.285111512959614
Ben Shapiro,Jason Blum | The Ben Shapiro Show Sunday Special Ep. 87,2020-03-22 12:00:14+00:00,53956,1881,336,71,26.492957746478872,0.037745879851143,4.240492252946845
Ben Shapiro,Congresswoman Tries to Call Ben Shapiro Racist...Regrets it Immediately.,2020-03-22 20:00:02+00:00,19637898,403179,39353,19541,20.63246507343534,0.0484673060848903,2.3529656789132933
Ben Shapiro,Desperate Times | Ep. 977,2020-03-23 17:00:13+00:00,219597,4750,960,187,25.40106951871658,0.0393684210526315,2.6853736617531205
Ben Shapiro,The Un-Askable Question | Ep. 978,2020-03-24 17:00:08+00:00,186265,4410,971,148,29.7972972972973,0.0335600907029478,2.9683515421576785
Ben Shapiro,Ben Shapiro Takes the Political Compass Quiz,2020-03-25 00:20:42+00:00,4382746,142458,19271,21691,6.567608685629985,0.1522624212048463,4.185047456548931
Ben Shapiro,The Season Of Miracles? | Ep. 979,2020-03-25 17:00:15+00:00,201856,4301,859,187,23.0,0.0434782608695652,2.648918040583386
Ben Shapiro,It’s Raining Cash | Ep. 980,2020-03-26 17:00:16+00:00,179612,3642,1091,191,19.06806282722513,0.0524437122460186,2.7414649355276928
Ben Shapiro,"Doctor on Coronavirus: ""We are Probably Still 3 or 4 Weeks Away From Its Peak""",2020-03-26 23:15:04+00:00,213015,5213,1003,176,29.619318181818183,0.0337617494724726,3.0007276482876795
Ben Shapiro,Doctor: Coronavirus Death Rate is Likely Much Different Than We First Thought,2020-03-27 14:00:00+00:00,265031,6682,1720,305,21.90819672131148,0.045645016462137,3.2852760620455723
Ben Shapiro,The Coming Storm | Ep. 981,2020-03-27 17:00:24+00:00,212434,4371,1149,204,21.426470588235293,0.0466712422786547,2.694483933833567
Ben Shapiro,Ben Shapiro Reacts to AOC's ABSOLUTELY INSANE Coronavirus Rant,2020-03-28 14:00:12+00:00,1335846,41167,7266,1924,21.396569646569645,0.0467364636723589,3.769671054897047
Ben Shapiro,Coronavirus with VP Mike Pence and Dr. Deborah Birx | The Ben Shapiro Show Sunday Special Ep. 88,2020-03-29 12:00:00+00:00,139450,5358,822,146,36.6986301369863,0.0272489734975737,4.536392972391538
Ben Shapiro,The Tide Rises | Ep. 982,2020-03-30 18:00:04+00:00,188094,4038,969,170,23.75294117647059,0.04210004952947,2.7523472306399994
Ben Shapiro,The Waiting Game | Ep. 983,2020-03-31 18:00:15+00:00,160653,3509,975,177,19.824858757062145,0.0504417212881162,2.901284134127592
Ben Shapiro,Models Of Doom | Ep. 984,2020-04-01 18:00:02+00:00,163168,3260,832,184,17.717391304347824,0.056441717791411,2.6206118846832718
Ben Shapiro,Hindsight Is 2020 | Ep. 985,2020-04-02 18:00:00+00:00,160276,3430,861,201,17.064676616915424,0.058600583090379,2.8026654021812374
Ben Shapiro,How Bad Will This Get? | Ep. 986,2020-04-03 18:15:00+00:00,184940,3845,1195,261,14.731800766283524,0.0678803641092327,2.866335027576511
Ben Shapiro,Ben Shapiro Gives Dating Advice to a Fan in His 20s; Recaps Meeting and Dating His Wife,2020-04-03 22:03:12+00:00,390141,15610,1369,258,60.50387596899225,0.016527866752082,4.418146259941919
Ben Shapiro,Ben Shapiro Tells Congress THE TRUTH About Leftist Insanity on College Campuses,2020-04-04 20:30:25+00:00,2083311,73220,7551,1338,54.723467862481314,0.0182736957115542,3.9412742504599647
Ben Shapiro,Coronavirus Pandemic: Doctor vs. Economist | The Ben Shapiro Show Sunday Special Ep. 89,2020-04-05 12:00:13+00:00,112684,2418,497,105,23.02857142857143,0.043424317617866,2.6800610556955733
Ben Shapiro,The Longest Week | Ep. 987,2020-04-06 18:00:07+00:00,132676,2676,634,127,21.070866141732285,0.0474588938714499,2.590521269860412
Ben Shapiro,Trouble With The Curve | Ep. 988,2020-04-07 18:00:02+00:00,171843,3853,776,140,27.52142857142857,0.0363353231248377,2.775207602288135
Ben Shapiro,NY Doctor Describes What It's Really Like In Hospitals #Coronavirus,2020-04-07 21:08:41+00:00,334886,9701,1334,249,38.95983935742972,0.0256674569631996,3.3695048464253508
Ben Shapiro,The Questions That Need Answers | Ep. 989,2020-04-08 19:12:21+00:00,176938,3387,690,174,19.46551724137931,0.0513728963684676,2.402536481705456
Ben Shapiro,Ben Shapiro and Glenn Beck Discuss Bernie Sanders Dropping Out!,2020-04-09 18:06:13+00:00,229188,6164,1131,377,16.350132625994696,0.0611615833874107,3.347470199137826
Ben Shapiro,Franklin Graham | The Ben Shapiro Show Sunday Special Ep. 90,2020-04-12 12:00:33+00:00,66534,2132,496,93,22.9247311827957,0.0436210131332082,4.08963838037695
Ben Shapiro,Another Week Of Waiting | Ep. 990,2020-04-13 18:00:10+00:00,138560,2921,732,143,20.426573426573427,0.0489558370421088,2.7396073903002307
Ben Shapiro,Full Court Press | Ep. 991,2020-04-14 18:00:06+00:00,184279,3897,777,220,17.713636363636365,0.0564536823197331,2.65575567481916
Ben Shapiro,Caller Asks Ben Shapiro: Are Mandatory Government Lockdowns CONSTITUTIONAL?,2020-04-16 00:47:58+00:00,194550,4748,600,123,38.60162601626016,0.0259056444818871,2.81213055769725
Ben Shapiro,Trump’s Big Reopening Plan | Ep. 992,2020-04-17 18:00:32+00:00,146384,3642,728,148,24.60810810810811,0.0406370126304228,3.0864028855612635
Ben Shapiro,Ben Shapiro and Steven Crowder Discuss the Plan to Reopen America!,2020-04-17 22:57:42+00:00,468264,15403,1250,507,30.380670611439843,0.0329156657793936,3.664599456716724
Ben Shapiro,"Ben Shapiro Q&A (Coronavirus Edition): 5G Conspiracy, Police State Concerns, National Debt Crisis",2020-04-18 14:30:01+00:00,140918,3571,811,186,19.1989247311828,0.052086250350042,3.2416014987439503
Ben Shapiro,Reopening the Country: Scott Gottlieb & Steve Forbes | The Ben Shapiro Show Sunday Special Ep 91,2020-04-19 12:00:40+00:00,56684,1291,384,58,22.25862068965517,0.0449264136328427,3.057300119963305
Ben Shapiro,Ben Shapiro Exposes the Media's Hypocrisy on Trump's Coronavirus Response,2020-04-19 21:00:01+00:00,176103,5462,584,148,36.9054054054054,0.0270963017209813,3.5172597854664605
Ben Shapiro,"Testing, Testing | Ep. 993",2020-04-20 18:00:02+00:00,112300,2537,491,107,23.710280373831772,0.0421757981868348,2.7916295636687445
Ben Shapiro,Dan Crenshaw Recaps His Viral Exchange with Bill Maher,2020-04-21 00:03:49+00:00,574079,19495,2027,439,44.40774487471526,0.0225185945114131,3.825431691457099
Ben Shapiro,How Reopening Became Political | Ep. 994,2020-04-21 18:00:08+00:00,136886,3603,704,122,29.5327868852459,0.0338606716625034,3.2355390617009774
Ben Shapiro,Caller Asks Shapiro: Are You Concerned by the Government Overreach We've Seen? #Coronavirus,2020-04-21 20:27:09+00:00,94485,2462,536,78,31.56410256410257,0.0316815597075548,3.2555432079166
Ben Shapiro,Ben Shapiro Performs 'Ave Maria' on Violin,2020-04-21 21:37:00+00:00,2282760,146071,18534,3471,42.08326130798041,0.0237624169068466,7.36284147260334
Ben Shapiro,What If Nothing Changes? | Ep. 995,2020-04-22 18:00:00+00:00,122511,2742,620,118,23.23728813559322,0.0430342815463165,2.840561255723976
Ben Shapiro,"Ted Cruz Slams ""Deranged Trump Hatred"" on The Ben Shapiro Show",2020-04-22 18:30:00+00:00,102423,3992,569,74,53.94594594594594,0.0185370741482965,4.525350751296096
Ben Shapiro,Who’s Standing With Workers? | Ep. 996,2020-04-23 18:00:07+00:00,138226,3575,754,151,23.67549668874172,0.0422377622377622,3.2410689739991025
Ben Shapiro,How Does the Coronavirus Death Rate Compare to the Flu? | Ben Interviews Dr. Vivek Murthy,2020-04-23 23:14:51+00:00,82945,2004,752,157,12.764331210191084,0.0783433133732535,3.511965760443667
Ben Shapiro,Sunlight Is The Best Disinfectant | Ep. 997,2020-04-24 18:00:11+00:00,159405,3607,1040,234,15.414529914529917,0.064873856390352,3.0620118565917003
Ben Shapiro,Secretary of State Mike Pompeo Talks China's Culpability in Coronavirus Pandemic,2020-04-24 21:51:29+00:00,41410,1791,243,47,38.1063829787234,0.0262423227247347,5.025356194156001
Ben Shapiro,CALLER: My European Friends Brag about the Wonders of Universal Healthcare -- Are They Right?,2020-04-25 17:30:04+00:00,195583,6086,1817,375,16.229333333333333,0.0616168255011501,4.232474192542297
Ben Shapiro,Ben Shapiro Meme Review -- PART 2!,2020-04-25 23:00:02+00:00,480331,30503,1300,528,57.770833333333336,0.0173097728092318,6.73098342601248
Ben Shapiro,Dave Rubin | The Ben Shapiro Show Sunday Special Ep. 92,2020-04-26 12:00:09+00:00,104024,3254,453,142,22.91549295774648,0.043638598647818,3.700107667461356
Ben Shapiro,Gov. Mike Dunleavy Discusses His Plan to Reopen Alaska!,2020-04-26 20:00:00+00:00,35921,1504,335,17,88.47058823529412,0.0113031914893617,5.166894017427132
Ben Shapiro,Ben Shapiro Addresses Lockdown Protests (and the Media Backlash Against Them),2020-04-26 23:00:06+00:00,184931,5209,636,192,27.13020833333333,0.0368592820119024,3.26446079889256
Ben Shapiro,That Which Can’t Last Won’t | Ep. 998,2020-04-27 18:00:06+00:00,171368,3918,876,153,25.607843137254903,0.0390505359877488,2.8867699920638623
Ben Shapiro,The Media Can’t Reade | Ep. 999,2020-04-28 18:00:30+00:00,136990,3222,866,171,18.84210526315789,0.053072625698324,3.108986057376451
Ben Shapiro,All Politics Is Local | Ep. 1000,2020-04-29 18:00:10+00:00,122654,3391,644,125,27.128,0.0368622825125331,3.3916545730265626
Ben Shapiro,Texas Gov. Greg Abbott Justifies Decision to Expire Stay-at-Home Order on The Ben Shapiro Show,2020-04-29 23:35:22+00:00,94349,3497,789,68,51.4264705882353,0.0194452387760937,4.614781290739701
Ben Shapiro,The Moving Lockdown Goalposts | Ep. 1001,2020-04-30 18:00:00+00:00,105399,2578,652,113,22.8141592920354,0.0438324282389449,3.17175684778793
Ben Shapiro,Dave Rubin and Ben Shapiro Discuss COVID-19 Lockdowns and Big Tech Censorship,2020-04-30 21:15:51+00:00,40007,1412,194,58,24.344827586206897,0.0410764872521246,4.159272127377709
Ben Shapiro,Biden Speaks! | Ep. 1002,2020-05-01 18:00:07+00:00,172517,4103,653,159,25.80503144654088,0.0387521325859127,2.848994591837326
Ben Shapiro,Jordan Peterson Debunks Leftist Gender Ideology in 8 Minutes,2020-05-02 15:00:16+00:00,1746045,74103,4926,2084,35.55806142034549,0.028123017961486,4.645527463496073
Ben Shapiro,"My New Book: ""How To Destroy America in 3 Easy Steps""",2020-05-02 18:00:09+00:00,38500,2449,469,70,34.98571428571429,0.0285830951408738,7.761038961038961
Ben Shapiro,Ben Shapiro Reviews Netflix's 'Tiger King!',2020-05-02 22:30:01+00:00,383906,13538,1607,340,39.81764705882353,0.0251144925395183,4.033539460180357
Ben Shapiro,Amity Shlaes | The Ben Shapiro Show Sunday Special Ep. 93,2020-05-03 12:00:08+00:00,68965,1859,440,78,23.83333333333333,0.0419580419580419,3.446675850068876
Ben Shapiro,Ben Shapiro Ranks Every Star Wars Movie!,2020-05-04 16:36:30+00:00,1810581,83650,16715,8433,9.91936440175501,0.1008129109384339,6.009010367390357
Ben Shapiro,Is The Law An Ass? | Ep. 1003,2020-05-04 18:00:00+00:00,118116,2977,553,136,21.889705882352946,0.0456835740678535,3.1037285380473434
Ben Shapiro,MUST-SEE: Michigan Lockdown Protester Calls In and Shares Her Story,2020-05-04 22:54:34+00:00,145932,5225,1174,136,38.419117647058826,0.0260287081339712,4.478113093769701
Ben Shapiro,The Rewriting Of America | Ep. 1004,2020-05-05 18:00:01+00:00,146358,3458,462,104,33.25,0.0300751879699248,2.7494226485740443
Ben Shapiro,"Doctor: ""There's No Evidence to Keep People Inside and Lockdown Parks and Beaches""",2020-05-05 23:02:15+00:00,92167,3872,723,161,24.049689440993788,0.0415805785123966,5.160198335629889
Ben Shapiro,The Experts Don’t Have The Answers | Ep. 1005,2020-05-06 18:00:06+00:00,114937,2975,580,113,26.327433628318584,0.0379831932773109,3.1913135021794545
Ben Shapiro,The Quiet Rebellion | Ep. 1006,2020-05-07 18:00:06+00:00,119416,2978,705,105,28.36190476190476,0.0352585627938213,3.17210424063777
Ben Shapiro,CALLER: The Government Caused Me to Lose my Job and Then Denied My Request for Unemployment,2020-05-07 21:14:48+00:00,91912,4188,726,61,68.65573770491804,0.0145654250238777,5.412786143267474
Ben Shapiro,Flynn Goes Free | Ep. 1007,2020-05-08 18:00:19+00:00,105467,2642,400,93,28.40860215053764,0.0352006056018168,2.9724937658224846
Ben Shapiro,Ben Shapiro Interviews Dallas Salon Owners' Lawyer,2020-05-09 00:16:59+00:00,84734,3196,508,66,48.42424242424242,0.0206508135168961,4.449217551396134
Ben Shapiro,Ross Douthat | The Ben Shapiro Show Sunday Special Ep. 94,2020-05-10 12:00:19+00:00,66033,1390,436,132,10.530303030303031,0.0949640287769784,2.965184074629352
Ben Shapiro,Obama Returns To Center Stage | Ep. 1008,2020-05-11 18:00:15+00:00,167423,4124,948,170,24.258823529411764,0.0412221144519883,3.130991560299361
Ben Shapiro,"Did Trump Melt Down, Or Are The Media Melting Down? | Ep. 1009",2020-05-12 18:00:13+00:00,125456,3366,682,135,24.933333333333334,0.0401069518716577,3.334236704501977
Ben Shapiro,Lockdown Infinity! | Ep. 1010,2020-05-13 18:00:09+00:00,135441,3523,625,127,27.74015748031496,0.0360488220266818,3.156355904046781
Ben Shapiro,Ben Shapiro Slams California for their INSANE Lockdown Policies,2020-05-13 21:38:34+00:00,84141,6148,729,158,38.91139240506329,0.0256994144437215,8.360965522159233
Ben Shapiro,Our Dying Institutions | Ep. 1011,2020-05-14 18:00:07+00:00,126578,3225,583,106,30.42452830188679,0.0328682170542635,3.0921645151606123
Ben Shapiro,The Great Reopening Begins | Ep. 1012,2020-05-15 18:00:15+00:00,146325,3851,828,158,24.373417721518987,0.0410283043365359,3.305655219545532
Ben Shapiro,Douglas Murray | The Ben Shapiro Show Sunday Special Ep. 95,2020-05-17 12:00:04+00:00,249957,6530,902,177,36.89265536723164,0.0271056661562021,3.044123589257352
Ben Shapiro,Coronavirus Can’t Kill Politics | Ep. 1013,2020-05-18 18:00:12+00:00,119829,2906,538,134,21.686567164179102,0.0461114934618031,2.9859216049537256
Ben Shapiro,Fighting About Dumb Crap | Ep. 1014,2020-05-19 18:00:11+00:00,130723,3314,545,114,29.07017543859649,0.0343995171997586,3.0392509351835564
Ben Shapiro,WHO’s On First | Ep. 1015,2020-05-20 18:00:05+00:00,107118,2606,433,99,26.32323232323232,0.0379892555640828,2.929479639276312
Ben Shapiro,What If The News Is Finally Good? | Ep. 1016,2020-05-21 18:00:12+00:00,112120,2769,485,100,27.69,0.0361141206211628,2.991437745272922
Ben Shapiro,Brian Kilmeade of Fox & Friends Joins to Discuss Texas Pride and Reopening America!,2020-05-21 23:57:49+00:00,24396,977,164,26,37.57692307692308,0.0266120777891504,4.783571077225775
Ben Shapiro,You Ain't Black If You Don't Vote Biden? | Ep. 1017,2020-05-22 18:00:15+00:00,234978,6239,1245,247,25.25910931174089,0.039589677832986,3.290095242958915
Ben Shapiro,Ben Shapiro Rewatches the Top Viral Moments of His Career!,2020-05-23 16:00:11+00:00,6136481,271626,22119,8095,33.554786905497224,0.0298020071716256,4.918779997852189
Ben Shapiro,Orson Scott Card | The Ben Shapiro Show Sunday Special Ep. 96,2020-05-24 12:00:28+00:00,78834,2648,604,135,19.61481481481481,0.0509818731117824,4.29636958672654
Ben Shapiro,Stepping On Your Own Bleep | Ep. 1018,2020-05-26 18:00:09+00:00,133923,3174,790,177,17.93220338983051,0.0557655954631379,3.0920752969990217
Ben Shapiro,The Man In The Cloth Mask | Ep. 1019,2020-05-27 18:00:01+00:00,120944,2930,708,169,17.337278106508876,0.057679180887372,3.147737796004763
Ben Shapiro,Not Every Terrible Thing Is A Racist Thing | Ep. 1020,2020-05-28 18:00:28+00:00,261293,8019,1985,595,13.477310924369748,0.0741987779024816,4.056365842177172
Ben Shapiro,MINNEAPOLIS BURNS - But Does It Need To?,2020-05-29 16:44:30+00:00,383278,20362,3478,1148,17.73693379790941,0.0563795304979864,6.519549778489766
Ben Shapiro,Rioters And Looters Are Evil | Ep. 1021,2020-06-01 18:00:13+00:00,280292,13679,3513,563,24.29662522202487,0.0411579793844579,6.334465485993178
Ben Shapiro,The End Of America? | Ep. 1022,2020-06-02 18:00:01+00:00,345204,11922,3148,582,20.484536082474225,0.0488173125314544,4.534130543099153
Ben Shapiro,"No, This Isn’t America’s Fault | Ep. 1023",2020-06-03 18:45:34+00:00,204785,7194,1565,376,19.132978723404257,0.0522657770364192,4.46077593573748
Ben Shapiro,The Religion Of Wokeness | Ep. 1024,2020-06-04 18:00:10+00:00,181134,6540,1547,215,30.41860465116279,0.032874617737003,4.583347135270021
Ben Shapiro,CONSERVATIVE CALLER: I am beginning to lose faith in President Trump -- Should I?,2020-06-05 16:52:20+00:00,183577,6009,961,420,14.307142857142855,0.0698951572641038,4.025558757360671
Ben Shapiro,The Woke Revolution Eats Its Own | Ep. 1025,2020-06-05 18:00:07+00:00,215207,6381,1107,226,28.234513274336283,0.0354176461369691,3.58445589595134
Ben Shapiro,Are Black Americans Being Hunted by the Police? Larry Elder Joins to Discuss,2020-06-05 23:10:15+00:00,416771,22869,2198,572,39.98076923076923,0.025012025012025,6.151819584376073
Ben Shapiro,Ben Shapiro Explains Why Conservatives Criticize the Black Lives Matter Movement,2020-06-06 20:28:06+00:00,1110310,40426,4771,1478,27.351826792963465,0.0365606292979765,4.20378092604768
Ben Shapiro,CALLER: How Do I Debunk the Leftist Arguments Going Around Right Now?,2020-06-07 20:00:17+00:00,229993,10420,1284,300,34.733333333333334,0.0287907869481765,5.2192892827173
Ben Shapiro,America’s About To Be Mugged By Reality | Ep.1026,2020-06-08 18:04:51+00:00,264642,9820,2295,279,35.19713261648746,0.0284114052953156,4.683308016112333
Ben Shapiro,"America Was Founded on FREEDOM, Not Slavery",2020-06-08 22:46:09+00:00,187662,10234,1084,405,25.269135802469137,0.0395739691225327,6.246869371529665
Ben Shapiro,The Democrats’ Sham Revolution | Ep. 1027,2020-06-09 17:43:04+00:00,136717,3953,686,134,29.5,0.0338983050847457,3.4911532581902764
Ben Shapiro,Doctor UNLOADS on NY Politicians for Encouraging Protests While Enacting COVID Restrictions,2020-06-09 23:54:59+00:00,70920,3341,423,48,69.60416666666667,0.0143669560011972,5.375070501974055
Ben Shapiro,Ben Shapiro DEBUNKS Viral 'Systemic Racism Explained' Video,2020-06-10 01:00:57+00:00,4642608,225958,27028,18557,12.176429379748882,0.0821258818010426,5.848932324245338
Ben Shapiro,Exposing the Left's HYPOCRISY on Protests and COVID-19,2020-06-10 17:14:46+00:00,98991,3491,461,151,23.119205298013245,0.0432540819249498,4.144821246375933
Ben Shapiro,Everything Is Cancelled | Ep. 1028,2020-06-10 17:45:00+00:00,218594,6128,954,211,29.04265402843602,0.0344321148825065,3.336322131440021
Ben Shapiro,“You Are Now Leaving The USA” | Ep. 1029,2020-06-11 17:45:00+00:00,347458,13264,3357,305,43.488524590163934,0.0229945717732207,4.871380138031071
Ben Shapiro,The Ribbon Bullies | Ep. 1030,2020-06-12 17:45:00+00:00,183982,6001,1058,145,41.38620689655173,0.0241626395600733,3.915600439173397
Ben Shapiro,Ben Shapiro Reacts to the New Country of CHAZ Located in Seattle,2020-06-12 20:49:58+00:00,1153805,55139,7336,1470,37.50952380952381,0.0266598958994541,5.542097668150165
Ben Shapiro,"God vs. Government | Ravi Zacharias, Michael Shermer, and William Lane Craig",2020-06-14 12:00:01+00:00,59773,2295,418,101,22.722772277227723,0.0440087145969498,4.707811219112308
Ben Shapiro,You’ll Miss The Cops When They’re Gone | Ep. 1031,2020-06-15 17:45:01+00:00,192777,6095,1582,202,30.173267326732677,0.0331419196062346,4.087105826939936
Ben Shapiro,CALLER: Has Trump Done Enough to Deal with CHAZ?,2020-06-15 19:51:57+00:00,229923,8095,1292,214,37.82710280373832,0.0264360716491661,4.17574579315684
Ben Shapiro,The Supreme Court Widens The Great Divide| Ep. 1032,2020-06-16 17:45:01+00:00,127858,3978,746,161,24.70807453416149,0.0404725992961287,3.820644777800372
Ben Shapiro,Does Systemic Racism Exist in the United States Today? Ben Shapiro and Dr. Walter Williams Discuss,2020-06-17 00:25:41+00:00,243689,9793,1257,369,26.539295392953928,0.0376799754926988,4.685890622884086
Ben Shapiro,The Great Media Beclowning | Ep. 1033,2020-06-17 17:45:01+00:00,157147,4851,747,129,37.604651162790695,0.0265924551638837,3.6443584669131455
Ben Shapiro,Bulls*** Charges and The Blue Flu | Ep. 1034,2020-06-18 17:45:01+00:00,194758,5766,1207,206,27.990291262135923,0.0357266736038848,3.686113022314873
Ben Shapiro,The Supreme Court Rewrites The Civil Rights Act to Include Transgenderism,2020-06-18 18:13:10+00:00,263195,8022,2390,921,8.710097719869706,0.1148092744951383,4.305932863466251
Ben Shapiro,The Soft Bigotry Of Low Expectations | Ep. 1035,2020-06-19 18:00:14+00:00,178182,4823,821,167,28.880239520958085,0.0346257516068836,3.261272182375325
Ben Shapiro,Tearing Down The Country | Ep. 1036,2020-06-22 18:00:24+00:00,199171,6066,1182,174,34.86206896551724,0.0286844708209693,3.726446119163934
Ben Shapiro,Stop Lecturing Your Parents | Ep. 1037,2020-06-23 18:00:08+00:00,137342,4323,838,159,27.18867924528302,0.0367800138792505,3.873541960944212
Ben Shapiro,Caller Asks Shapiro: Is Trump Going to Win in 2020?,2020-06-23 20:37:10+00:00,974859,24784,3810,1035,23.94589371980676,0.041760813428018,3.039311326048177
Ben Shapiro,Fake Noose | Ep. 1038,2020-06-24 18:00:08+00:00,169726,6386,1447,174,36.70114942528736,0.0272471030378953,4.717603667086952
Ben Shapiro,They Don’t Care About Fixing Anything | Ep. 1039,2020-06-25 18:00:05+00:00,196128,5558,840,169,32.887573964497044,0.0304066210867218,3.3483235438081254
Ben Shapiro,Everything Is Republicans’ Fault | Ep. 1040,2020-06-26 18:00:08+00:00,168034,4925,913,255,19.31372549019608,0.0517766497461928,3.626051870454789
Ben Shapiro,How the Supreme Court Transgender Ruling is Harming Women,2020-06-28 21:00:04+00:00,177147,7493,1013,348,21.5316091954023,0.0464433471239823,4.9981089151947256
Ben Shapiro,Covidiocy | Ep. 1041,2020-06-29 18:00:16+00:00,122139,3576,637,146,24.493150684931507,0.04082774049217,3.5688846314445013
Ben Shapiro,"ANTIFA Destroying Statues, Leftist School Districts, Diversity Training | Ben Shapiro Q&A",2020-06-29 19:37:52+00:00,157454,5065,609,138,36.70289855072464,0.0272458045409674,3.6912368056702274
Ben Shapiro,"7 Reasons Why ""White Fragility"" is the Worst Book Ever",2020-06-29 23:08:23+00:00,1268989,59098,8793,2076,28.467244701348747,0.0351280923212291,5.513601772749803
Ben Shapiro,Supreme Betrayal | Ep. 1042,2020-06-30 18:00:08+00:00,141433,3597,499,128,28.1015625,0.0355852098971365,2.986573147709516
Ben Shapiro,July 4 Is Cancelled | Ep. 1043,2020-07-01 18:00:00+00:00,199200,6085,1087,185,32.891891891891895,0.0304026294165981,3.693273092369478
Ben Shapiro,America Isn’t The Bad Guy | Ep. 1044,2020-07-02 18:00:01+00:00,161494,5104,889,188,27.148936170212767,0.036833855799373,3.827386775979293
Ben Shapiro,This is Why July 4th Should Matter to You,2020-07-03 21:00:01+00:00,236130,14086,1406,433,32.531177829099306,0.0307397415873917,6.744166349045018
Ben Shapiro,The Denial of Science and the Truth on Transgender Youth,2020-07-05 18:30:03+00:00,177936,9177,1634,500,18.354,0.0544840361774,6.356779965830412
Ben Shapiro,The Most Important Speech Of Trump’s Presidency | Ep. 1045,2020-07-06 18:00:12+00:00,232288,8581,1254,281,30.537366548042705,0.0327467661111758,4.354938696790192
Ben Shapiro,Capitalism Eats Wokeness | Ep. 1046,2020-07-07 18:00:07+00:00,142636,5052,777,133,37.98496240601504,0.0263262074425969,4.179870439440254
Ben Shapiro,Colin Kaepernick CASHES IN On Wokeness Once Again,2020-07-07 20:40:33+00:00,124102,6203,980,196,31.647959183673468,0.031597614057714,5.945915456640505
Ben Shapiro,Cancel Culture Comes For Us All | Ep. 1047,2020-07-08 18:00:06+00:00,237471,6672,1103,202,33.02970297029703,0.0302757793764988,3.359147011635105
Ben Shapiro,CALLER: Should Conservatives Boycott Leftist Companies?,2020-07-08 23:00:15+00:00,170422,6989,1244,135,51.77037037037037,0.0193160681070253,4.910164180680898
Ben Shapiro,Vox Tyrannide | Ep. 1048,2020-07-09 18:00:10+00:00,140105,4304,530,117,36.78632478632478,0.0271840148698884,3.533778237750259
Ben Shapiro,Political Lives Matter | Ep. 1049,2020-07-10 18:00:12+00:00,134915,4213,687,159,26.49685534591195,0.0377403275575599,3.7497683726790942
Ben Shapiro,"The War on Drugs, Fatherless Homes, Health Care Policy -- Ben Shapiro Q&A",2020-07-11 15:00:03+00:00,519700,16648,1459,306,54.40522875816993,0.0183805862566074,3.54300558014239
Ben Shapiro,Ben Shapiro Reacts to Ben Shapiro Meme Videos,2020-07-11 20:15:01+00:00,3972789,186251,9399,5943,31.339559145212856,0.031908553511122,5.074344497027152
Ben Shapiro,"The Intellectual Dark Web | Joe Rogan, Jordan Peterson, and More",2020-07-12 12:00:08+00:00,1230187,32300,2630,1194,27.05192629815745,0.0369659442724458,2.936464131063001
Ben Shapiro,The Closing Of The American Mind | Ep. 1050,2020-07-13 18:00:09+00:00,134375,4231,719,163,25.95705521472393,0.0385251713542897,3.805023255813954
Ben Shapiro,DEBUNKING the Media's Biased Reporting on COVID-19,2020-07-14 00:27:27+00:00,184737,7767,1010,471,16.49044585987261,0.0606411741985322,5.006035607376974
Ben Shapiro,The Shutdown of Common Sense | Ep. 1051,2020-07-14 18:00:00+00:00,125223,4100,561,163,25.153374233128837,0.0397560975609756,3.8523274478330656
Ben Shapiro,Bari The Hatchet | Ep. 1052,2020-07-15 18:00:04+00:00,115235,3584,495,124,28.90322580645161,0.0345982142857142,3.647329370416974
Ben Shapiro,Caller Asks Shapiro: Are Mask Mandates Constitutional?,2020-07-15 20:18:50+00:00,301289,8409,1913,456,18.44078947368421,0.0542276132714948,3.577296217253202
Ben Shapiro,The Unbearable Whiteness Of Being | Ep. 1053,2020-07-16 18:00:06+00:00,137237,4617,779,117,39.46153846153846,0.0253411306042884,4.017138235315549
Ben Shapiro,Discussing the 2020 Presidential Election w/Sen. Ted Cruz and @MichaelKnowles,2020-07-16 23:37:34+00:00,277782,12002,1435,265,45.29056603773585,0.0220796533911014,4.932645023795638
Ben Shapiro,What If There Are No Good Answers? | Ep. 1054,2020-07-17 18:00:16+00:00,143863,3828,653,137,27.94160583941606,0.0357889237199582,3.2099984012567515
Ben Shapiro,Discussing the 2020 Presidential Election w/VP Mike Pence,2020-07-17 23:39:04+00:00,142770,8208,938,228,36.0,0.0277777777777777,6.565805141136092
Ben Shapiro,SHAPIRO: 5 Reasons Why CNN Is Fake News,2020-07-18 13:00:23+00:00,1241472,69139,5491,1174,58.89182282793867,0.0169802860903397,6.105977420352613
Ben Shapiro,Why Did The US Get Slammed? | Ep. 1055,2020-07-20 18:00:08+00:00,137149,4312,791,131,32.916030534351144,0.0303803339517625,3.816287395460412
Ben Shapiro,How To Destroy America In Three Easy Steps | Ep. 1056,2020-07-21 18:00:02+00:00,121935,4232,595,151,28.026490066225165,0.0356805293005671,4.082502972895395
Ben Shapiro,A View From the Inside: John Bolton Reveals His True Feelings About President Trump,2020-07-22 00:57:55+00:00,66178,2353,638,268,8.779850746268657,0.1138971525711857,4.924597298195775
Ben Shapiro,Rooting For Chaos | Ep. 1057,2020-07-22 18:00:14+00:00,98015,3318,537,108,30.72222222222222,0.0325497287522604,4.04325868489517
Ben Shapiro,CALLER: A Radical Leftist Threatened to Kill Me at a Pro-Police Rally,2020-07-23 00:16:01+00:00,104842,6012,718,118,50.94915254237288,0.0196274118429807,6.531733465595849
Ben Shapiro,CAPITALISM vs SOCIALISM: Which Is More Moral?,2020-07-23 17:13:43+00:00,98654,4083,1035,182,22.43406593406593,0.0445750673524369,5.372311310235774
Ben Shapiro,Very Tremendous Law And Order | Ep. 1058,2020-07-23 18:00:05+00:00,112373,3882,645,132,29.40909090909091,0.0340030911901081,4.146013722157458
Ben Shapiro,Major League Wokeness | Ep. 1059,2020-07-24 18:00:02+00:00,119487,3745,848,113,33.14159292035398,0.030173564753004,3.938503770284633
Ben Shapiro,CALLER: Do You Believe In Aliens?,2020-07-24 18:38:07+00:00,299837,12549,1256,237,52.9493670886076,0.0188859670093234,4.683211211424874
Ben Shapiro,The Truth About America: Where Do We Go From Here?,2020-07-26 12:00:10+00:00,129004,4879,509,154,31.681818181818183,0.0315638450502152,4.295990821990016
Ben Shapiro,Blackmail Through Riots | Ep. 1060,2020-07-27 18:00:11+00:00,129718,4747,838,148,32.07432432432432,0.0311775858436907,4.419587104334017
Ben Shapiro,The Hundred Days’ War | Ep. 1061,2020-07-28 18:00:04+00:00,113444,3187,519,109,29.238532110091743,0.0342014433636648,3.362892704770636
Ben Shapiro,LA's Homelessness Crisis & How The Left Weaponizes Cancel Culture to Suppress Free Speech,2020-07-28 18:33:13+00:00,129973,5564,491,89,62.51685393258427,0.0159956865564342,4.727135635862833
Ben Shapiro,How to Stay Positive Amid a Depressing News Cycle w/Ben Shapiro and Greg Gutfeld,2020-07-29 00:54:04+00:00,94085,4426,405,57,77.64912280701755,0.0128784455490284,5.195302120423022
Ben Shapiro,Democrats Walk Into A Barr | Ep. 1062,2020-07-29 21:23:08+00:00,256410,9733,1561,206,47.24757281553398,0.021165108394123,4.4850044850044855
Ben Shapiro,Another Terrible Day | Ep. 1063,2020-07-30 18:00:03+00:00,127845,3691,735,171,21.584795321637426,0.0463289081549715,3.595760491219836
Ben Shapiro,Honoring The Dead | Ep. 1064,2020-07-31 18:00:08+00:00,146441,4439,870,204,21.75980392156863,0.0459562964631673,3.764656073094284
Ben Shapiro,Are We Now In A Covid Panic? | Ep. 1065,2020-08-03 18:00:18+00:00,142052,4691,988,190,24.68947368421053,0.0405030910253677,4.13158561653479
Ben Shapiro,The Unspoken Cost Of Extended COVID Shutdowns | Ben Shapiro Radio Call-In,2020-08-03 22:32:33+00:00,103310,4171,559,108,38.62037037037037,0.0258930712059458,4.682992933888298
Ben Shapiro,The Train At The End Of The Tunnel | Ep. 1066,2020-08-04 18:00:04+00:00,94661,3119,503,127,24.55905511811024,0.0407181789034947,3.960448336696211
Ben Shapiro,Head of NASA Joins Ben Shapiro to Discuss SpaceX and the Future of American Space Travel,2020-08-04 23:24:33+00:00,152078,8648,1029,230,37.6,0.026595744680851,6.514420231723195
Ben Shapiro,What If We Can’t Accept Good News? | Ep. 1067,2020-08-05 18:00:04+00:00,116305,3777,593,107,35.299065420560744,0.0283293619274556,3.849361592364903
Ben Shapiro,An Honest Conversation on Gender with Dr. Debra Soh,2020-08-06 00:30:22+00:00,768796,29990,3333,810,37.02469135802469,0.0270090030010003,4.439799374606528
Ben Shapiro,Is Joe Biden Mentally There? | Ep. 1068,2020-08-06 20:00:00+00:00,195813,6564,1418,227,28.91629955947137,0.0345825716026812,4.1922650692242085
Ben Shapiro,The Swedish Chef vs. Chewbacca | Ep. 1069,2020-08-07 18:00:04+00:00,115109,3790,679,122,31.0655737704918,0.0321899736147757,3.98839360953531
Ben Shapiro,BEN SHAPIRO: 8 Tips on How to Debate,2020-08-08 16:00:08+00:00,527560,33979,1586,454,74.84361233480176,0.0133611936784484,6.8274698612480105
Ben Shapiro,No One's Laughing: Cancel Culture Is Killing Comedy,2020-08-09 12:00:30+00:00,303595,11888,1606,265,44.86037735849057,0.0222913862718707,4.532024572209688
Ben Shapiro,Escape From Chicago | Ep. 1070,2020-08-10 18:00:01+00:00,336482,9497,1940,792,11.991161616161616,0.0833947562388122,3.634369743403808
Ben Shapiro,How to Debunk the Left's Claims on Income Inequality and Systemic Racism,2020-08-11 00:14:30+00:00,459315,18167,1840,894,20.32102908277405,0.0492101062365828,4.550471898370399
Ben Shapiro,Seattle's Best | Ep. 1071,2020-08-11 18:00:03+00:00,151826,4535,739,140,32.392857142857146,0.0308710033076074,3.5659241500138315
Ben Shapiro,BREAKING: Joe Biden Selects Kamala Harris for VP,2020-08-12 00:30:11+00:00,832865,27962,4993,1131,24.723253757736515,0.0404477505185609,4.0926200524694885
Ben Shapiro,"Biden’s No Good, Very Bad VP Pick | The Ben Shapiro Show Ep. 1072",2020-08-12 18:00:08+00:00,362523,9725,1853,444,21.903153153153152,0.0456555269922879,3.316203385716217
Ben Shapiro,SHAPIRO: Kamala Harris is as radical as they come. Here's why.,2020-08-12 20:25:04+00:00,170125,12435,1238,970,12.81958762886598,0.0780056292722155,8.607200587803087
Ben Shapiro,A Kamala Through The Eye Of A Needle | Ep. 1073,2020-08-13 18:00:02+00:00,208412,6600,1242,267,24.719101123595507,0.0404545454545454,3.890850814732357
Ben Shapiro,Trump’s Nobel Peace Prize Moment | Ep. 1074,2020-08-14 18:00:10+00:00,223304,7695,978,347,22.17579250720461,0.0450942170240415,4.039336509869953
Ben Shapiro,Steven Crowder Discusses Being Remonetized On YouTube!,2020-08-14 23:38:37+00:00,452203,25387,1337,321,79.08722741433021,0.0126442667506991,5.98072104784798
Ben Shapiro,VP Pence: Joe Biden has been overtaken by the radical left,2020-08-15 16:00:03+00:00,139744,7708,970,267,28.868913857677903,0.0346393357550596,6.400990382413556
Ben Shapiro,Ben Shapiro Takes The 16 Personalities Test!,2020-08-17 02:10:16+00:00,1904763,97993,8271,3240,30.244753086419752,0.0330635861745226,5.748956694349901
Ben Shapiro,Going Postal | Ep. 1075,2020-08-17 20:39:27+00:00,160414,5176,771,170,30.44705882352941,0.0328438948995363,3.8132581944219335
Ben Shapiro,The Anybody-But-Trump Convention | Ep. 1076,2020-08-18 18:00:00+00:00,167166,5634,1159,182,30.95604395604396,0.0323038693645722,4.172499192419512
Ben Shapiro,Michelle Obama Says Trump Throws Kids In Cages,2020-08-18 22:55:56+00:00,243731,19481,2356,443,43.97516930022574,0.0227401057440583,9.141225367310684
Ben Shapiro,"Ben Shapiro Reacts to ""WAP"" by Cardi B!",2020-08-19 00:38:27+00:00,3594963,141929,32123,40224,3.5284655926809867,0.2834093102889473,5.960450775154015
Ben Shapiro,Democratic Convention Night Of The Living Dead | Ep. 1077,2020-08-19 18:00:06+00:00,149496,5389,732,191,28.214659685863875,0.0354425681944702,4.222186546797238
Ben Shapiro,DNC Night #3: Obama’s Revenge | Ep. 1078,2020-08-20 18:00:03+00:00,161388,5683,1504,289,19.66435986159169,0.0508534224881224,4.632314670235705
Ben Shapiro,The DNC’s Final Night: He’s Alive! | Ep. 1079,2020-08-21 18:00:04+00:00,181951,5585,1235,233,23.969957081545065,0.0417188898836168,3.87631834944573
Ben Shapiro,The Attack On Capitalism: Exploring Socialism’s Shortcomings,2020-08-23 12:00:02+00:00,195517,7165,1395,291,24.621993127147768,0.0406140963014654,4.526972079154242
Ben Shapiro,As The Cities Burn | Ep. 1080,2020-08-24 18:00:05+00:00,198143,7055,1710,242,29.15289256198347,0.0343019135364989,4.545706888459345
Ben Shapiro,Now It’s Trump’s Turn | Ep. 1081,2020-08-25 18:00:03+00:00,245175,8570,1126,271,31.623616236162363,0.0316219369894982,4.065259508514327
Ben Shapiro,"Reacting to New DC Movie Trailers! (The Batman, Wonder Woman 1984, The Suicide Squad)",2020-08-26 00:58:10+00:00,1076338,48521,4279,2260,21.469469026548676,0.0465777704499082,5.115493460232752
Ben Shapiro,"Here, The Mob Rules | Ep. 1082",2020-08-26 18:00:08+00:00,180792,6514,1174,206,31.62135922330097,0.0316241940435984,4.36634364352405
Ben Shapiro,Can America Survive This? | Ep. 1083,2020-08-27 18:00:05+00:00,258678,8857,1856,302,29.327814569536425,0.0340973241503895,4.258189718491716
Ben Shapiro,Trump Makes His Case | Ep. 1084,2020-08-28 18:00:00+00:00,288672,9437,1593,375,25.165333333333333,0.0397372046201123,3.950850792595056
Ben Shapiro,Blaming Trump For Antifa And BLM | Ep. 1085,2020-08-31 18:01:33+00:00,209439,8095,1262,235,34.4468085106383,0.0290302655960469,4.579853799913101
Ben Shapiro,TRUMP vs BIDEN: How the Riots Will Impact the Outcome of the Election,2020-09-01 17:27:07+00:00,106398,5951,647,89,66.86516853932584,0.0149554696689632,6.284892573168668
Ben Shapiro,Biden’s Anti-Violence Malarkey | Ep. 1086,2020-09-01 18:00:00+00:00,162706,5597,706,164,34.1280487804878,0.0293014114704305,3.974653669809349
Ben Shapiro,Trump Supporter Killed in Portland; ANTIFA Celebrates in the Streets,2020-09-01 18:58:10+00:00,294613,12423,2159,425,29.23058823529412,0.0342107381469854,5.093801020321574
Ben Shapiro,The Elites vs. The People | Ep. 1087,2020-09-02 18:00:01+00:00,179877,6340,961,152,41.71052631578947,0.02397476340694,4.143386869916665
Ben Shapiro,Peeing On The Peons | Ep. 1088,2020-09-03 18:00:01+00:00,204728,6671,1084,186,35.865591397849464,0.0278818767800929,3.878805048649916
Ben Shapiro,The Problem With Politics | Ep. 1089,2020-09-04 18:00:22+00:00,166748,5133,702,161,31.88198757763975,0.0313656730956555,3.595845227528966
Ben Shapiro,An Honest Conversation on Police Brutality with Former Cop Brandon Tatum,2020-09-04 23:44:25+00:00,389839,24035,1696,398,60.38944723618091,0.0165591845225712,6.702510523575117
Ben Shapiro,Candace Owens | The Ben Shapiro Show Sunday Special Ep. 97,2020-09-06 12:00:09+00:00,443609,18582,2950,586,31.7098976109215,0.0315358949521041,4.985922287419777
Ben Shapiro,Everything Is On Fire | Ep. 1090,2020-09-08 18:00:05+00:00,216252,6836,1236,174,39.28735632183908,0.0254534815681685,3.8131439246804657
Ben Shapiro,Candace Owens on Cardi B's 'WAP' Song and Kanye West's Political Influence,2020-09-08 19:05:45+00:00,1217776,67812,5553,2285,29.677024070021883,0.0336961009850763,6.212144105319862
Ben Shapiro,All The Things Must Be Made Woke | Ep. 1091,2020-09-09 18:00:07+00:00,136858,4662,593,130,35.86153846153846,0.0278850278850278,3.934735273056745
Ben Shapiro,The Woodward Tapes | Ep. 1092,2020-09-10 18:00:11+00:00,204887,5259,1400,369,14.252032520325203,0.0701654306902452,3.43018346698424
Ben Shapiro,Candace Owens Recounts Her Heated Twitter Exchange w/Cardi B,2020-09-11 00:27:07+00:00,946744,46083,4657,1037,44.43876567020251,0.0225028752468372,5.468954648775171
Ben Shapiro,The Strategy Is Failure | Ep. 1093,2020-09-11 18:00:03+00:00,196020,6692,1128,204,32.80392156862745,0.0304841601912731,4.093459851035608
Ben Shapiro,Dan Bongino | The Ben Shapiro Show Sunday Special Ep. 98,2020-09-13 12:00:13+00:00,328104,13686,1228,287,47.68641114982579,0.0209703346485459,4.632982225148123
Ben Shapiro,The Results Of Calling America ‘Systemically Racist’ | Ep. 1094,2020-09-14 18:00:11+00:00,239509,10919,1699,406,26.89408866995074,0.0371828922062459,5.437791481739726
Ben Shapiro,"Liar, Liar, Pants On Wildfire | Ep. 1095",2020-09-15 17:00:23+00:00,220921,8654,1894,1373,6.302986161689731,0.1586549572452045,5.396046550576903
Ben Shapiro,Peace Is Breaking Out All Over | Ep. 1096,2020-09-16 17:00:05+00:00,255583,11639,2207,563,20.67317939609236,0.0483718532519975,5.637698907986838
Ben Shapiro,Why I'm Leaving California.,2020-09-16 20:03:43+00:00,3493048,178148,31127,4849,36.73912146834399,0.0272189415542133,6.130004511818905
Ben Shapiro,The Lies Of The Fact-Checkers | Ep. 1097,2020-09-17 17:00:04+00:00,180081,6987,1061,408,17.125,0.0583941605839416,4.695664728649886
Ben Shapiro,Teaching American Kids That America Doesn’t Suck | Ep. 1098,2020-09-18 17:05:12+00:00,202040,7963,1522,356,22.367977528089888,0.0447067688057264,4.870817659869333
Ben Shapiro,4 Reasons Lockdowns Should End TODAY,2020-09-19 16:00:12+00:00,744035,45355,4961,1973,22.987835783071464,0.0435012677764303,7.027760790823012
Ben Shapiro,Matthew Yglesias | The Ben Shapiro Show Sunday Special Ep. 99,2020-09-20 12:00:00+00:00,139669,3613,1188,269,13.431226765799256,0.074453362856352,3.630010954470928
Ben Shapiro,Supreme Court Apocalypse | Ep. 1099,2020-09-21 17:00:06+00:00,285417,10853,1815,918,11.822440087145967,0.0845849073988758,4.760052834974792
Ben Shapiro,Republicans Roll Forward | Ep. 1100,2020-09-22 17:00:00+00:00,230145,7497,833,205,36.57073170731707,0.02734427104175,3.708531577918269
Ben Shapiro,The Golden Calf Of Politics | Ep. 1101,2020-09-23 17:00:07+00:00,196239,7060,1143,481,14.677754677754676,0.0681303116147308,4.425216190461631
Ben Shapiro,Jim Caviezel on Christian Persecution in the Middle East and Being a Christian in Hollywood,2020-09-24 01:12:58+00:00,517483,24054,2911,324,74.24074074074075,0.0134696931903217,5.2734099477664
Ben Shapiro,Another City Burns | Ep. 1102,2020-09-24 17:00:07+00:00,249420,9101,1772,382,23.82460732984293,0.0419734095154378,4.512468927912757
Ben Shapiro,Giving Dating and Relationship Advice to Fans!,2020-09-24 23:35:23+00:00,630075,32216,3066,589,54.69609507640068,0.018282840824435,5.693131770027378
Ben Shapiro,The Plot To Destroy America | Ep. 1103,2020-09-25 17:00:20+00:00,273308,9960,1461,745,13.369127516778525,0.0747991967871486,4.451388177440836
Ben Shapiro,Protesters Go Full Mad Max in Downtown LA,2020-09-25 21:56:19+00:00,789915,33835,5354,631,53.621236133122025,0.0186493276193291,5.041048720431945
Ben Shapiro,THIS Is How Democrats Are Threatening The U.S. Constitution,2020-09-26 20:41:06+00:00,330758,18578,2323,2168,8.569188191881919,0.1166971686941543,6.974585648722026
Ben Shapiro,Sarah Sanders | The Ben Shapiro Show Sunday Special Ep. 100,2020-09-27 12:00:04+00:00,302690,10458,1347,281,37.21708185053381,0.026869382291069,3.992863986256566
Ben Shapiro,Are You Ready To Fumble? | Ep. 1104,2020-09-29 17:00:12+00:00,455499,14560,1909,647,22.50386398763524,0.0444368131868131,3.757637228621797
Ben Shapiro,The NYT Puts Out A Late Hit On Trump’s Taxes,2020-09-29 22:34:45+00:00,62814,3230,411,147,21.972789115646258,0.0455108359133126,6.030502754163085
Ben Shapiro,The Big Debate: LOUD NOISES | Ep. 1105,2020-09-30 17:00:10+00:00,957602,30708,5969,2059,14.914035939776593,0.0670509313533932,4.045104333533138
Ben Shapiro,The Media and Biden Push HUGE Lie From Debate,2020-09-30 20:11:02+00:00,450940,39900,2589,1402,28.459343794579173,0.0351378446115288,9.733223932230452
Ben Shapiro,Chris Wallace's AWFUL Moderating During the Debate,2020-09-30 20:20:07+00:00,752180,39841,4790,2961,13.455251604187774,0.0743204236841444,6.327208912760243
Ben Shapiro,The Radioactive Debate Fallout | Ep. 1106,2020-10-01 17:15:01+00:00,285755,9733,1968,332,29.31626506024097,0.0341107572177129,4.210949939633602
Ben Shapiro,Megyn Kelly: “People are terrified to say that they like Donald Trump right now”,2020-10-01 20:00:03+00:00,782429,37362,6249,1134,32.94708994708995,0.030351694234784,5.718729750558837
Ben Shapiro,James Comey Pushes WILD Conspiracy Theories in Congressional Hearing,2020-10-01 20:55:10+00:00,77293,4753,408,61,77.91803278688525,0.0128339995792131,6.756109867646488
Ben Shapiro,Media Push Narrative That Trump Is Soft on White Supremacy,2020-10-01 22:07:09+00:00,146164,6852,1284,472,14.516949152542374,0.0688849970811441,5.8892750608905065
Ben Shapiro,Trump Has Covid | Ep. 1107,2020-10-02 17:00:10+00:00,593209,16659,4122,1239,13.4455205811138,0.0743742121375832,3.71201380963539
Ben Shapiro,President Trump And First Lady Melania Test Positive For Covid,2020-10-02 19:30:00+00:00,319842,13365,1956,759,17.608695652173914,0.0567901234567901,5.027482319395201
Ben Shapiro,Don Lemon Pushes LIE That Trump Called Covid-19 A Hoax,2020-10-02 20:00:09+00:00,254448,12434,1614,395,31.47848101265823,0.0317677336335853,5.676208891404137
Ben Shapiro,5 Reasons No One Should Live In California,2020-10-03 15:00:25+00:00,3533491,145278,24931,6857,21.18681639200817,0.0471991629840719,5.011078279242823
Ben Shapiro,Jon Voight | The Ben Shapiro Show Sunday Special Ep. 101,2020-10-04 12:00:09+00:00,650588,26919,3150,562,47.89857651245551,0.0208774471562836,4.708202426112993
Ben Shapiro,Jon Voight Discusses The Influence Of The Hollywood Left,2020-10-04 16:00:03+00:00,368715,17853,1411,256,69.73828125,0.0143393267237999,5.294061809256472
Ben Shapiro,Jon Voight Gives Gives His Thoughts on My Speech Events,2020-10-04 19:00:04+00:00,267381,18034,847,171,105.46198830409357,0.0094820893867139,7.125412800460766
Ben Shapiro,The Covid Botchery | Ep. 1108,2020-10-05 17:00:12+00:00,511883,11901,2770,1196,9.950668896321073,0.1004957566591042,3.099731774643815
Ben Shapiro,Trump Waves to Supporters in Drive-By Greeting Near Hospital,2020-10-05 21:49:47+00:00,102198,5961,947,350,17.03142857142857,0.0587149807079349,7.1019002328812695
Ben Shapiro,Trump Returns To The White House | Ep. 1109,2020-10-06 17:00:13+00:00,500736,14044,4057,1537,9.137280416395576,0.1094417544859014,3.921827070552148
Ben Shapiro,Remember Who Becomes President If Trump Loses | Ep. 1110,2020-10-07 17:00:11+00:00,684554,18503,4553,4216,4.3887571157495255,0.2278549424417662,3.983907770606848
Ben Shapiro,YIKES: 'Former Staff' Allegedly HIJACK Katie Hill's Twitter Account After Hollywood Film Announced,2020-10-07 22:13:46+00:00,118911,7385,364,60,123.08333333333331,0.0081245768449559,6.567096399828443
Ben Shapiro,FLASHBACK: Kamala Harris' WORST Moments on the Campaign Trail,2020-10-07 22:22:02+00:00,532537,34878,1889,520,67.07307692307693,0.0149091117609954,7.00176701337184
Ben Shapiro,Pence Wrecks Harris | Ep. 1111,2020-10-08 17:09:48+00:00,1074222,34687,6648,1915,18.113315926892952,0.0552080029982414,4.0261696371885884
Ben Shapiro,Breaking Down the Media's INSANE Response to the VP Debate,2020-10-08 23:01:05+00:00,381171,25423,2019,401,63.39900249376559,0.0157731188294064,7.3045955752142735
Ben Shapiro,Mike Pence DISMANTLES Kamala Harris in VP Debate,2020-10-08 23:32:35+00:00,1215785,59451,6073,2955,20.11878172588833,0.0497047989100267,5.632492587093935
Ben Shapiro,Biden Is The Mystery Meat | Ep. 1112,2020-10-09 17:00:09+00:00,408380,15208,2412,1162,13.087779690189327,0.0764071541294055,4.599147852490328
Ben Shapiro,UNACCEPTABLE: Joe Biden Refuses to Answer Questions on Court-Packing,2020-10-09 23:31:00+00:00,282469,18161,1601,393,46.21119592875318,0.0216397775452893,7.135296262598728
Ben Shapiro,Jeremy Boreing | The Ben Shapiro Show Sunday Special Ep. 102,2020-10-11 12:00:05+00:00,330649,8855,833,243,36.440329218107,0.027442123094297,3.0034870814670542
Ben Shapiro,How The Daily Wire Got Its Start,2020-10-11 17:00:09+00:00,80408,3466,206,73,47.47945205479452,0.0210617426428159,4.657496766490897
Ben Shapiro,Democrats Declare Anything They Don’t Like Court-Packing | Ep. 1113,2020-10-12 17:00:26+00:00,399412,12904,1700,599,21.542570951585976,0.0464197148171109,3.806345327631618
Ben Shapiro,"UNREAL: Biden and the Media Team Up to Redefine ""Court-Packing""",2020-10-12 21:43:21+00:00,250230,10889,1035,242,44.99586776859504,0.0222242630177243,4.861927027135036
Ben Shapiro,It’s Easy As ACB | Ep. 1114,2020-10-13 17:00:11+00:00,389580,13232,2273,510,25.945098039215686,0.0385429262394195,4.110837311977001
Ben Shapiro,EXPOSED: Experiencing Hollywood's Leftist Bias,2020-10-13 22:27:33+00:00,64387,3329,153,47,70.82978723404256,0.014118353860018,5.480920061503099
Ben Shapiro,LOL: Biden Says He's Running for Senate; FORGETS Mitt Romney's Name,2020-10-13 22:38:45+00:00,413410,26845,1850,611,43.93617021276596,0.0227602905569007,7.088846423647227
Ben Shapiro,Democrats MELT DOWN As ACB's Nomination Cruises Through,2020-10-13 22:48:22+00:00,192613,9218,843,116,79.46551724137932,0.0125840746365806,5.283651674601403
Ben Shapiro,ACB Wrecks The Democrats | Ep. 1115,2020-10-14 17:00:10+00:00,612283,21971,2465,448,49.04241071428572,0.0203905147694688,4.064133742076785
Ben Shapiro,ACB DEVASTATES Ill-Prepared Democrats During Senate Hearings,2020-10-14 20:09:56+00:00,849238,55753,2922,661,84.3464447806354,0.0118558642584255,6.986969495006111
Ben Shapiro,LOL: Nancy Pelosi Has Complete MELTDOWN On CNN,2020-10-14 22:40:55+00:00,898369,53549,5286,710,75.42112676056338,0.013258884386263,6.62812274243657
Ben Shapiro,Facebook and Twitter Just Ushered In The Most Dangerous Political Moment In Memory | Ep. 1116,2020-10-15 17:00:09+00:00,895983,34729,4580,959,36.21376433785193,0.0276138097843301,4.494281699541174
Ben Shapiro,Dueling Town Halls | Ep. 1117,2020-10-16 17:00:12+00:00,559790,17285,2870,738,23.42140921409214,0.042695979172693,3.732292466817914
Ben Shapiro,LOL: Woke Celebrities Sign Petition in 'Protest' of Trump’s Town Hall,2020-10-16 21:21:18+00:00,246889,13350,1359,161,82.9192546583851,0.0120599250936329,6.02294958463115
Ben Shapiro,"Joe Biden Town Hall Recap: Court-Packing, Transgenderism, Police Reform",2020-10-16 21:47:20+00:00,256111,13838,1551,312,44.3525641025641,0.0225466107819049,6.130544959021674
Ben Shapiro,Savannah Guthrie -- Town Hall Host or Trump's Debate Opponent?,2020-10-16 22:30:01+00:00,322985,15302,1588,628,24.36624203821656,0.0410403868775323,5.423781290152793
Ben Shapiro,"Reacting to Demi Lovato's New Song, 'Commander in Chief'",2020-10-17 00:53:19+00:00,1277413,67694,11360,4475,15.127150837988829,0.0661063018879073,6.538918893106614
Ben Shapiro,Recapping Amy Coney Barrett’s Supreme Court Confirmation Hearing,2020-10-17 14:00:24+00:00,657196,28981,2070,570,50.843859649122805,0.0196680583830785,4.811502200256848
Ben Shapiro,Megyn Kelly | The Ben Shapiro Show Sunday Special Ep. 103,2020-10-18 12:00:09+00:00,490042,15789,2832,663,23.81447963800905,0.0419912597377921,3.935172903547042
Ben Shapiro,Megyn Kelly on Media Bias and Objective News,2020-10-18 15:00:30+00:00,88340,8071,388,88,91.7159090909091,0.0109032338000247,9.675118858954042
Ben Shapiro,Why To Vote For Trump | Ep. 1118,2020-10-19 17:00:11+00:00,612679,22537,2702,874,25.78604118993135,0.0387806717841771,4.262101361398057
Ben Shapiro,I didn’t vote for Trump in 2016. I am in 2020 — here's why.,2020-10-19 18:00:05+00:00,2146028,141254,17652,10032,14.080342902711324,0.0710209976354652,7.872124688028302
Ben Shapiro,Trump Supporters ATTACKED For Being Trump Supporters,2020-10-19 23:38:43+00:00,374491,22767,2579,436,52.21788990825688,0.0191505248825053,6.884544621900125
Ben Shapiro,The Media Pleasure Themselves | Ep. 1119,2020-10-20 17:00:10+00:00,462666,14199,2039,353,40.22379603399433,0.0248609056975843,3.5859561757293603
Ben Shapiro,Commission On Presidential Debates Announces Changes For Upcoming Debate,2020-10-20 22:14:06+00:00,171125,12093,727,158,76.5379746835443,0.0130654097411725,7.583929875821768
Ben Shapiro,John Roberts Sides With Liberals: SCOTUS Allows PA To Accept Ballots Three Days Late,2020-10-20 22:51:14+00:00,257133,8824,1323,229,38.532751091703055,0.0259519492293744,4.035265796299969
Ben Shapiro,The Cult Of Trump Hatred | Ep. 1120,2020-10-21 17:00:10+00:00,538478,17933,3857,1716,10.4504662004662,0.0956895109574527,4.365266547565546
Ben Shapiro,Robert Downey Jr. Stands Up For Chris Pratt,2020-10-21 21:57:39+00:00,1385809,118316,4293,2554,46.3257635082224,0.0215862605226681,9.031764117565984
Ben Shapiro,The Hunter Biden Bombshell Drops | Ep. 1121,2020-10-22 17:00:11+00:00,1012495,30710,4686,1023,30.019550342130987,0.0333116248778899,3.596956034350787
Ben Shapiro,Sen. Ted Cruz: Democrats Are “Deadly Serious” About Packing the Supreme Court,2020-10-22 17:53:19+00:00,158583,7404,826,148,50.02702702702703,0.0199891950297136,5.283037904441208
Ben Shapiro,Obama Hits The Campaign Trail For Joe Biden,2020-10-23 00:26:49+00:00,292648,21981,2307,758,28.99868073878628,0.0344843273736408,8.558404636286596
Ben Shapiro,The Final Debate: Trump’s Big Comeback | Ep. 1122,2020-10-23 17:00:11+00:00,983836,29004,4687,1363,21.279530447542182,0.0469935181354295,3.5629922060180763
Ben Shapiro,Senate Democrats Boycott ACB Committee Vote,2020-10-23 18:17:47+00:00,550213,29882,1724,389,76.81748071979435,0.0130178702898065,5.815020728336117
Ben Shapiro,Trump Shows Up To Play — Final Debate Breakdown,2020-10-23 23:50:20+00:00,869391,36360,4815,2238,16.246648793565683,0.0615511551155115,4.993495446812768
Ben Shapiro,The 5 Most Important Moments From Last Night’s Debate,2020-10-24 00:22:51+00:00,788774,41985,3494,1448,28.995165745856355,0.0344885078004049,5.949359385578125
Ben Shapiro,I Have A Secret Talent...2 Truths and 1 Lie (w/@MichaelKnowles),2020-10-24 20:00:02+00:00,789644,42517,2712,350,121.47714285714284,0.0082320013171202,5.772094766755652
Ben Shapiro,Jared Kushner | The Ben Shapiro Show Sunday Special Ep. 104,2020-10-25 12:00:08+00:00,497409,19122,3009,916,20.875545851528383,0.0479029390231147,4.633410332342197
Ben Shapiro,Jared Kushner on Criminal Justice Reform in the Trump Administration,2020-10-25 22:34:39+00:00,54099,3713,209,53,70.05660377358491,0.0142741718287099,7.347640436976654
Ben Shapiro,What Is It Like Working for President Trump?,2020-10-25 22:43:19+00:00,299794,20169,1200,425,47.45647058823529,0.021071942089345,7.269658498835867
Ben Shapiro,Using Covid To Take Down Trump | Ep. 1123,2020-10-26 17:00:13+00:00,564884,16940,3559,1218,13.908045977011492,0.0719008264462809,3.844506128691908
Ben Shapiro,California Governor Gavin Newsom Rolls Out INSANE Thanksgiving Restrictions,2020-10-26 20:58:59+00:00,489224,21696,3473,445,48.75505617977528,0.0205106932153392,5.235638480532435
Ben Shapiro,YIKES: Joe Biden Says He's Running Against ‘Four More Years Of George’,2020-10-26 21:17:52+00:00,743817,31642,2601,683,46.32796486090776,0.021585234814487,4.695509782648152
Ben Shapiro,Grin And Barrett | Ep. 1124,2020-10-27 17:00:11+00:00,473947,15281,1828,598,25.55351170568562,0.0391335645572933,3.7360717548586657
Ben Shapiro,Amy Coney Barrett Joins the U.S. Supreme Court; Democrats Completely Lose It,2020-10-27 19:30:53+00:00,525709,38926,1580,429,90.73659673659674,0.0110209114730514,7.786627202501764
Ben Shapiro,Riots ERUPT In Philadelphia After Police Shoot Man Armed With Knife,2020-10-28 00:38:29+00:00,451548,28910,3010,497,58.16901408450704,0.0171912832929782,7.179081736603861
Ben Shapiro,The Case Against Joe Biden | Ep. 1125,2020-10-28 17:00:12+00:00,811073,26094,3197,1026,25.432748538011698,0.039319383766383,3.737887958297218
Ben Shapiro,LOL: The Lincoln Project Releases The Funniest Ad I Have Ever Seen,2020-10-28 22:25:33+00:00,915379,46648,5502,2857,16.32761638081904,0.0612459269422054,6.0092049304168
Ben Shapiro,McConnell Releases Ad Slamming Dems As BRUTAL Riots Hit Philadelphia,2020-10-28 22:30:10+00:00,221864,14906,996,144,103.51388888888889,0.0096605393801153,7.232358562001948
Ben Shapiro,Twitter’s Repulsive Censorship | Ep. 1126,2020-10-29 17:00:11+00:00,612061,19156,2742,578,33.141868512110726,0.0301733138442263,3.6721830013675114
Ben Shapiro,Media Push FALSE Narrative as Violence Continues in Philadelphia,2020-10-30 00:06:22+00:00,227880,12133,1239,147,82.5374149659864,0.0121157174647655,5.932508337721608
Ben Shapiro,Recapping President Trump's First-Term Accomplishments,2020-10-30 00:30:14+00:00,670164,37596,3493,1107,33.96205962059621,0.0294446217682732,6.2963692469306025
Ben Shapiro,Four Days To Glory | Ep. 1127,2020-10-30 17:00:13+00:00,459422,14876,2310,849,17.521790341578328,0.0570717934928744,3.925584756498383
Ben Shapiro,Don Lemon: ‘I Had To Get Rid Of’ Trump Supporters In My Life,2020-10-31 00:30:11+00:00,872149,34937,6297,942,37.08811040339703,0.0269628187881043,4.835870934897592
Ben Shapiro,Why NO ONE Should Vote For Joe Biden,2020-10-31 20:30:00+00:00,1305355,69339,7062,3505,19.782881597717548,0.0505487532268997,6.121399925690713
Ben Shapiro,Shelby Steele | The Ben Shapiro Show Sunday Special Ep. 105,2020-11-01 13:00:06+00:00,156942,6300,747,95,66.3157894736842,0.015079365079365,4.550725745816926
Ben Shapiro,How the Great Society Failed America,2020-11-01 15:00:06+00:00,129190,8741,591,120,72.84166666666667,0.0137284063608282,7.316355755089403
Ben Shapiro,The Real Fragility of Woke White People,2020-11-01 18:00:18+00:00,381042,18665,1967,268,69.6455223880597,0.0143584248593624,5.484959663239223
Ben Shapiro,Tomorrow’s The Election | Ep. 1128,2020-11-02 18:00:10+00:00,794682,23107,4368,743,31.099596231493944,0.0321547582983511,3.550854303985745
Ben Shapiro,One More Day: Assessing The Final State Of The 2020 Race,2020-11-02 23:37:01+00:00,778238,22907,3712,764,29.98298429319372,0.0333522504038066,3.518589428940761
Ben Shapiro,Pollster Who Correctly Predicted 2016 Discusses the 2020 Election,2020-11-03 01:29:26+00:00,1135506,38615,6322,949,40.69020021074816,0.0245759419914541,4.041017836981927
Ben Shapiro,Election Day 2020 Is HERE | Ep. 1129,2020-11-03 18:00:10+00:00,768774,23298,3896,606,38.445544554455445,0.0260108163790883,3.616147268247886
Ben Shapiro,"So, Who Won? | Ep. 1130",2020-11-04 18:00:11+00:00,1774330,44864,9312,1514,29.632760898282694,0.0337464336661911,3.1386495184097662
Ben Shapiro,2020 Election Update: Who is Favored to Win?,2020-11-04 21:22:57+00:00,916501,31147,6311,1225,25.42612244897959,0.0393296304620027,4.220726436741477
Ben Shapiro,The Chaos Continues | 2020 Presidential Election Updates,2020-11-05 00:00:12+00:00,1551749,40999,7726,1792,22.87890625,0.0437083831312958,3.2554878398503884
Ben Shapiro,INSANE: Media Claims Cubans Are No Longer Latino,2020-11-05 00:47:04+00:00,251318,17031,1542,205,83.0780487804878,0.0120368739357641,7.4718086249293725
Ben Shapiro,Reacting to Joe Biden's Post-Election Day Speech,2020-11-05 01:09:54+00:00,595448,20339,3858,1819,11.18141836173722,0.0894340921382565,4.369147263908856
Ben Shapiro,It’s Not Over Yet | Ep. 1131,2020-11-05 18:00:11+00:00,1305455,36475,7159,1325,27.52830188679245,0.0363262508567512,3.4439333412488367
Ben Shapiro,The Battle For Arizona Remains Close Despite Fox News' Early Call,2020-11-05 18:59:08+00:00,390422,13560,1941,443,30.609480812641085,0.032669616519174,4.08378626204466
Ben Shapiro,"Here Are the Latest Election Updates From Pennsylvania, Georgia, and Arizona",2020-11-06 00:33:16+00:00,1429561,44284,9955,1506,29.40504648074369,0.0340077680426339,3.899448851780372
Ben Shapiro,Twitter Censors @MattWalsh After Trump Agrees With Message; Conservatives Sound Off,2020-11-06 00:40:45+00:00,694290,29803,4572,793,37.58259773013872,0.0266080595913163,5.065318526840369
Ben Shapiro,Ep. 1132 - The Coming Democratic Collapse,2020-11-06 18:00:10+00:00,958523,31831,7885,1340,23.7544776119403,0.0420973265056077,4.283256635469362
Ben Shapiro,2020 Presidential Election Remains Too Close To Call,2020-11-06 20:21:21+00:00,199787,6560,1983,494,13.279352226720649,0.0753048780487804,4.523317332959602
Ben Shapiro,ELECTION 2020: Trump Campaign Scores Another Win In Pennsylvania Court,2020-11-06 21:34:09+00:00,1493603,42695,8059,1838,23.22905331882481,0.0430495374165593,3.521149863785758
Ben Shapiro,"Trump Campaign Files Suit Against Nevada For Alleged Nonresident, Dead Vote",2020-11-06 22:08:00+00:00,382268,13844,2347,561,24.67736185383244,0.040522970239815,4.382265844904622
Ben Shapiro,The Blue Wave That Wasn't | Presidential Election 2020 Updates,2020-11-07 00:00:13+00:00,1239226,34436,9499,2756,12.494920174165458,0.0800325241026832,3.7677550341906967
Ben Shapiro,Victor Davis Hanson | The Ben Shapiro Show Sunday Special Ep. 106,2020-11-08 13:00:22+00:00,819527,25914,6759,1044,24.82183908045977,0.0402871034961796,4.1142024606876895
Ben Shapiro,The Future of the Republican Party,2020-11-09 17:57:16+00:00,315421,14335,1445,366,39.16666666666666,0.025531914893617,5.118872871495557
Ben Shapiro,The Fight is Just Beginning | Ep. 1133,2020-11-09 18:00:11+00:00,1009937,37387,7748,1443,25.90921690921691,0.0385963035279642,4.611970845706217
Ben Shapiro,Media Networks Declare Joe Biden the Winner of the 2020 Election,2020-11-09 21:42:47+00:00,382341,16270,3025,1039,15.659287776708371,0.063859864781807,5.318289171184885
Ben Shapiro,Biden Calls For Unity As Other Democrats Call For REVENGE,2020-11-09 21:58:29+00:00,172559,8317,1703,373,22.29758713136729,0.0448479018876998,6.022867540957006
Ben Shapiro,"Joe Biden Delivers TONE-DEAF ""Unity"" Speech",2020-11-09 23:00:01+00:00,434215,16699,4275,1493,11.184862692565304,0.0894065512904964,5.17416487224071
Ben Shapiro,The Election Is Only Over When It’s Over | Ep. 1134,2020-11-10 18:00:11+00:00,635879,21236,3740,856,24.80841121495327,0.0403089093991335,4.06240809965418
Ben Shapiro,This Poll Exposes the Democrats' Hypocrisy on Accepting Election Results,2020-11-10 20:46:45+00:00,663603,29501,4517,987,29.88956433637285,0.0334564930002372,5.274991222161443
Ben Shapiro,Whoopi Goldberg To GOP: ‘Suck It Up’ And Accept Election Results ‘Like We Sucked It Up’ In 2016,2020-11-10 21:01:34+00:00,537883,24952,4389,941,26.516471838469712,0.0377124078230202,5.629848870479267
Ben Shapiro,The Hysterical Media Are The Problem | Ep. 1135,2020-11-11 18:00:11+00:00,533953,21011,3609,528,39.79356060606061,0.0251296939698253,4.709777826887385
Ben Shapiro,Fox News CUTS OFF Kayleigh McEnany Press Conference,2020-11-11 18:52:06+00:00,478402,26902,3582,1050,25.62095238095238,0.0390305553490446,6.591527627392862
Ben Shapiro,The Democrats' Calls For Unity Aren't Fooling Anyone,2020-11-12 00:58:50+00:00,242686,21217,2305,474,44.76160337552743,0.022340575953245,9.887673784231476
Ben Shapiro,Who Really Rigged the Election? | Ep. 1136,2020-11-12 18:00:13+00:00,760909,25173,4661,1154,21.81369150779896,0.0458427680451277,4.072497499701015
Ben Shapiro,INSANE: Democrat Jim Clyburn Compares Trump To Hitler,2020-11-13 00:51:56+00:00,130675,9295,1536,252,36.88492063492063,0.0271113501882732,8.48134685287928
Ben Shapiro,The Wonderfully Self-Flattering World Of Barack Obama | Ep. 1137,2020-11-13 18:00:11+00:00,465493,15344,2710,536,28.62686567164179,0.0349322210636079,3.993615371230072
Ben Shapiro,Barack Obama Releases a 768 Page Memoir,2020-11-14 01:55:21+00:00,398596,17361,2615,776,22.37242268041237,0.0446978860664708,5.206274021816576
Ben Shapiro,The Most Ridiculous Children's Book Ever Written,2020-11-14 23:41:10+00:00,893341,52125,7189,619,84.20840064620356,0.0118752997601918,6.708860334407578
Ben Shapiro,Tim Pool | The Ben Shapiro Show Sunday Special Ep. 107,2020-11-15 13:00:06+00:00,1023172,53669,7818,1310,40.96870229007634,0.0244088766326929,6.137482261047018
Ben Shapiro,"So, When Does All The Unity And Healing Break Out? | Ep. 1138",2020-11-16 18:00:11+00:00,397099,14496,2186,430,33.711627906976744,0.0296633554083885,4.309252856340611
Ben Shapiro,A Close Look at Far-Left Extremist Groups w/Tim Pool,2020-11-16 22:39:39+00:00,217999,17928,1410,258,69.48837209302326,0.0143908969210174,8.98903205978009
Ben Shapiro,UNREAL: Far-Left Extremists Attack Trump Supporters in Washington D.C.,2020-11-16 23:41:00+00:00,368305,20583,2764,533,38.61726078799249,0.0258951561968614,6.483756669065041
Ben Shapiro,The Attack on Masculinity | Ep. 1139,2020-11-17 18:00:11+00:00,517462,17623,4044,1961,8.986741458439571,0.1112750383022186,4.566132392330259
Ben Shapiro,Here’s Why Candace Owens And I Trended On Twitter Yesterday,2020-11-18 00:17:39+00:00,1224782,62738,16226,8655,7.248757943385327,0.1379546686218878,7.153844520902496
Ben Shapiro,The Election Confusion Continues | Ep. 1140,2020-11-18 18:00:10+00:00,311119,10079,2122,548,18.39233576642336,0.0543704732612362,4.097788948923081
Ben Shapiro,Facebook and Twitter Get GRILLED by Congress (Again),2020-11-18 23:59:54+00:00,286970,19658,1713,272,72.2720588235294,0.0138366059619493,7.541903334843364
Ben Shapiro,The Great Reset | Ep. 1141,2020-11-19 18:00:10+00:00,530384,15274,2487,621,24.595813204508858,0.0406573261751996,3.4657908232525867
Ben Shapiro,New York Times Reports On Study That Finds Masks Do Not Protect Wearers,2020-11-20 00:16:43+00:00,264478,12627,2129,474,26.639240506329116,0.0375386077453076,5.758512995409826
Ben Shapiro,UNREAL: Andrew Cuomo LOSES IT After a Reporter Asks About New York's Incoherent COVID Policy,2020-11-20 00:29:55+00:00,253920,13156,847,189,69.60846560846561,0.0143660687138948,5.589161940768746
Ben Shapiro,The Kraken | Ep. 1142,2020-11-20 18:00:11+00:00,614041,15576,4354,1513,10.29477858559154,0.0971366204417052,3.4921120902350165
Ben Shapiro,UNHINGED Journalists Yell at VP Pence After Press Conference,2020-11-21 00:47:04+00:00,456987,30621,3145,578,52.97750865051904,0.0188759348159759,7.515312251770838
Ben Shapiro,Abigail Shrier | The Ben Shapiro Show Sunday Special Ep. 108,2020-11-22 13:00:01+00:00,283680,11084,1657,198,55.97979797979798,0.0178635871526524,4.561125211505923
Ben Shapiro,Will The Kraken Be Released? | Ep. 1143,2020-11-23 18:00:13+00:00,588768,12853,3149,1393,9.226848528356069,0.1083793666848206,2.9544744279580413
Ben Shapiro,The Influence of Politics within Gender Science w/Abigail Shrier,2020-11-23 18:31:30+00:00,45385,3114,408,89,34.98876404494382,0.0285806037251123,7.956373251074143
Ben Shapiro,Abigail Shrier Responds to the Push to Censor Her Book,2020-11-23 18:42:11+00:00,124259,6714,721,80,83.925,0.011915400655347,6.047851664668153
Ben Shapiro,The Media INSIST They Are Credible After Destroying Their Own Credibility,2020-11-23 23:07:24+00:00,166451,8799,896,189,46.55555555555556,0.0214797136038186,5.938083880541421
Ben Shapiro,The Swamp Is Back: Biden Forms His Team | Ep. 1144,2020-11-24 18:00:12+00:00,404070,11427,2325,536,21.31902985074627,0.046906449636825,3.536020986462741
Ben Shapiro,INSANE: Cuomo Says a Police Officer is a Dictator if They Don't Enforce His Covid Rules,2020-11-24 22:34:22+00:00,206955,11350,1362,173,65.60693641618496,0.0152422907488986,6.225991157498006
Ben Shapiro,The Media Can’t Wait To Kiss Biden’s Ass | Ep. 1145,2020-11-25 18:00:11+00:00,382908,11810,2278,355,33.267605633802816,0.0300592718035563,3.7719243264700655
Ben Shapiro,The Establishment Media's Attack On Social Media Platforms,2020-11-25 22:16:04+00:00,159088,10784,809,152,70.94736842105263,0.0140949554896142,7.382706426631801
Ben Shapiro,HYPOCRITES: Every Democrat Politician Who Has Violated THEIR OWN COVID Lockdown Rules,2020-11-26 02:03:57+00:00,271828,19080,2419,278,68.63309352517986,0.0145702306079664,8.011315979222156
Ben Shapiro,Ben Shapiro DESTROYS a Thanksgiving Turkey With Facts and Logic,2020-11-27 14:00:10+00:00,1128004,71292,7939,1912,37.28661087866109,0.0268192784604163,7.193502859918937
Ben Shapiro,Joe Biden's Disconnect From Reality | Ep. 1146,2020-11-30 18:00:11+00:00,435064,12887,1779,473,27.24524312896406,0.0367036548459688,3.479717926557932
Ben Shapiro,Biden Announces All-Female WH Press Team; Media Eats It Up,2020-12-01 00:07:23+00:00,161111,7809,1451,215,36.32093023255814,0.0275323344858496,5.881038538647268
Ben Shapiro,When Ladies Play Football | Ep. 1147,2020-12-01 18:00:10+00:00,287999,8387,1310,284,29.531690140845072,0.0338619291761058,3.465637033461922
Ben Shapiro,The World Rejoices After a Woman Plays in a College Football Game,2020-12-01 20:35:48+00:00,596592,27169,5150,833,32.61584633853541,0.0306599433177518,5.5568965054844845
Ben Shapiro,Why Americans Have Election Trust Issues | Ep. 1148,2020-12-02 18:00:12+00:00,237187,7179,1827,525,13.674285714285714,0.073129962390305,4.018348391775266
Ben Shapiro,Actress Ellen Page Declares She is a Man Named Elliot,2020-12-03 00:46:13+00:00,2990521,158637,50764,45593,3.479415699778474,0.2874045777466795,8.526741661402811
Ben Shapiro,Freedom For Me But Not For Thee  | Ep. 1149,2020-12-03 19:00:15+00:00,221739,7718,1287,243,31.761316872427983,0.0314848406322881,4.170669120001444
Ben Shapiro,HYPOCRISY: Dems IGNORE Their Own Covid Rules While Calling For More Lockdowns,2020-12-04 00:56:16+00:00,54128,3980,517,57,69.82456140350877,0.014321608040201,8.41339048182087
Ben Shapiro,James O'Keefe's Takeaways From Listening to CNN's Editorial Meetings for 2 Months,2020-12-04 01:35:50+00:00,923041,48408,2513,484,100.01652892561984,0.0099983473805982,5.569091730486512
Ben Shapiro,Biden Ain’t All There | Ep. 1150,2020-12-04 18:00:06+00:00,564121,16594,3134,720,23.04722222222222,0.0433891768108955,3.624754263712927
Ben Shapiro,AOC Releases a Set of Expensive T-Shirts to Decry Capitalism,2020-12-04 23:06:48+00:00,232371,12306,2287,354,34.76271186440678,0.0287664553876157,6.432386141127767
Ben Shapiro,Why Hollywood Elites Rejected ‘Hillbilly Elegy’,2020-12-05 15:00:00+00:00,1386607,52288,6855,1015,51.515270935960594,0.0194117197062423,4.338503988512967
Ben Shapiro,J.D. Vance | The Ben Shapiro Show Sunday Special Ep. 109,2020-12-06 13:00:32+00:00,426634,11556,1902,226,51.13274336283186,0.0195569401176877,3.2074330690943524
Ben Shapiro,It’s All About Georgia | Ep. 1151,2020-12-07 18:00:09+00:00,328783,9318,1919,532,17.515037593984964,0.0570937969521356,3.579564636857745
Ben Shapiro,INSANE: Oregon Teacher LOSES IT At Anti-Lockdown Rally,2020-12-07 23:18:12+00:00,939249,41342,7741,830,49.80963855421687,0.0200764355860867,5.314139275101704
Ben Shapiro,They’re Sneering At You | Ep. 1152,2020-12-08 18:00:11+00:00,331377,10109,1918,354,28.55649717514124,0.0350183005242852,3.736227921672295
Ben Shapiro,Hollywood Sneers at Non-Leftists,2020-12-08 23:10:23+00:00,610589,26664,2515,661,40.33888048411498,0.0247899789978997,4.887084438140877
Ben Shapiro,The Spy Who Shagged Swalwell | Ep. 1153,2020-12-09 18:00:10+00:00,321276,9888,1494,306,32.31372549019608,0.0309466019417475,3.6379935009151008
Ben Shapiro,BOMBSHELL: Alleged Chinese Spy Got So Close to Eric Swalwell That the FBI Had to Intervene,2020-12-09 22:58:15+00:00,227342,16085,1171,124,129.71774193548387,0.0077090456947466,7.644869843671649
Ben Shapiro,The Feds Investigate Hunter Biden | Ep. 1154,2020-12-10 18:00:10+00:00,327862,11448,1623,268,42.71641791044776,0.0234102026554856,4.068480031232653
Ben Shapiro,Shocking Viral Video Alleges Voter Fraud in Georgia,2020-12-10 19:47:34+00:00,910509,32294,6122,860,37.55116279069768,0.0266303338081377,4.313631166742997
Ben Shapiro,UNREAL: Media Puts Off Hunter Biden Investigation Until After The Election,2020-12-10 22:42:12+00:00,183592,10461,1272,104,100.58653846153848,0.0099416881751266,6.447448690574753
Ben Shapiro,Is Secession Upon Us? | Ep. 1155,2020-12-11 18:00:11+00:00,772782,20180,6749,1190,16.95798319327731,0.0589692765113974,3.638671708191961
Ben Shapiro,100+ House Republicans Back Texas’ 2020 Election Lawsuit,2020-12-11 23:12:50+00:00,256502,8890,2727,853,10.422039859320046,0.0959505061867266,4.861560533641064
Ben Shapiro,Joe Biden and Kamala Harris Win Time Person of the Year,2020-12-12 02:37:24+00:00,297506,11461,3356,483,23.728778467908903,0.0421429194660151,5.142753423460367
Ben Shapiro,Reacting to My Podcast Reviews!,2020-12-12 22:38:56+00:00,1331111,75937,7308,967,78.52843846949328,0.01273424022545,6.326444601539616
Ben Shapiro,"No, Jill Biden Isn’t A Real Doctor | Ep. 1156",2020-12-14 18:00:09+00:00,292981,9994,2787,705,14.175886524822696,0.0705423253952371,4.603028865353044
Ben Shapiro,COVID-19 Vaccine Distribution Begins in the United States,2020-12-14 23:34:09+00:00,67366,3313,1153,275,12.047272727272729,0.0830063386658617,7.0376747914378175
Ben Shapiro,Viral Video Shows Many Voters Were Completely Unaware Of Biden’s Racist Remarks,2020-12-15 00:04:10+00:00,587115,22371,2199,288,77.67708333333333,0.0128738098431004,4.23392350731969
Ben Shapiro,The Media’s Next Big Lie | Ep. 1157,2020-12-15 18:00:09+00:00,359175,10751,2005,425,25.29647058823529,0.0395312063994047,3.669798844574372
Ben Shapiro,THROWBACK: Media Slammed Trump After Saying Vaccine Would Be Out by End of Year,2020-12-15 23:08:56+00:00,97453,6513,921,118,55.19491525423729,0.0181176109319821,7.749376622577037
Ben Shapiro,Biden Wants Unity With You Republican ‘F***ers’ | Ep. 1158,2020-12-16 18:00:14+00:00,428931,13552,2680,368,36.82608695652174,0.0271546635182998,3.870086330901707
Ben Shapiro,INSANE: California High School DUMPS Abraham Lincoln As Its Namesake,2020-12-16 22:06:22+00:00,368125,22039,3658,230,95.82173913043478,0.010436045192613,7.042988115449915
Ben Shapiro,Kamala Harris Explains What Hanukkah Is; Ben Shapiro Reacts,2020-12-17 00:08:16+00:00,3952779,145991,22435,3001,48.64745084971676,0.0205560616750347,4.336872868430033
Ben Shapiro,Do You Speak Woke? | Ep. 1159,2020-12-17 18:00:12+00:00,261309,8035,1294,220,36.52272727272727,0.0273802115743621,3.654294341182279
Ben Shapiro,UNREAL: Cartoon Network Tells Children There Are Multiple Genders,2020-12-17 23:04:18+00:00,370078,19560,6980,3983,4.910871202611097,0.2036298568507157,8.247720750760651
Ben Shapiro,We Are Under Attack | Ep. 1160,2020-12-18 18:00:08+00:00,490781,14077,2947,503,27.986083499005964,0.0357320451800809,3.571246645652541
Ben Shapiro,Barack Obama Attacks the Electoral College and the Senate on Comedy Central,2020-12-18 22:28:46+00:00,503757,20767,4516,912,22.77083333333333,0.0439158279963403,5.199927742939552
Ben Shapiro,"REACTION: ""My Name Is Tony and I'm a Human Pup""",2020-12-19 18:20:46+00:00,1555453,90445,15572,1359,66.55261221486387,0.0150257062303057,6.903197975123645
Ben Shapiro,Your Public Health Experts Were About To Get People Killed | Ep. 1161,2020-12-21 18:00:09+00:00,421730,12006,2325,380,31.594736842105263,0.0316508412460436,3.488250776563204
Ben Shapiro,LOL: AOC Gets Rejected By Her Own Party,2020-12-21 22:56:10+00:00,742152,34817,2330,709,49.10719322990127,0.0203636154751988,5.100841876057735
Ben Shapiro,A Covid Bill Crap Sandwich | Ep. 1162,2020-12-22 18:00:09+00:00,387659,11110,2228,563,19.733570159857905,0.0506750675067506,3.5858834697504767
Ben Shapiro,MASSIVE COVID Relief Bill Includes an Insane Amount of Wasteful Spending,2020-12-23 00:12:10+00:00,345346,13087,1953,332,39.41867469879518,0.0253686864827691,4.451188083834763
Ben Shapiro,Covid Relief Chaos | Ep. 1163,2020-12-23 18:00:09+00:00,298272,7328,3150,2010,3.645771144278607,0.2742903930131004,4.186782534062869
Ben Shapiro,"Goodbye, 2020 | Ep. 1164",2020-12-24 18:00:09+00:00,267811,8116,1231,271,29.948339483394832,0.0333908329226219,3.591338667941198
Ben Shapiro,U.S. Presidents Tier Ranking!,2020-12-24 19:28:56+00:00,4166794,140720,33648,28964,4.858444966164894,0.2058271745309835,4.879818872735249
Ben Shapiro,The Battle Of 2021: How To Fight Back,2020-12-24 21:00:07+00:00,520504,28441,3870,601,47.32279534109817,0.0211314651383566,6.323102223998278
Ben Shapiro,CRITICS vs FANS: The Top Movies Critics Loved but Audiences Hated (and Vice Versa),2020-12-25 00:30:01+00:00,898673,37826,5114,1182,32.001692047377325,0.031248347697351,4.909683500005007
Ben Shapiro,How the Media and Big Tech Rigged the 2020 Election for Joe Biden,2020-12-30 18:00:14+00:00,394408,30590,3676,1044,29.300766283524904,0.0341288002615233,8.952658161092067
Ben Shapiro,Why EVERY Republican Should Leave California,2020-12-31 22:47:16+00:00,689869,32954,5592,739,44.59269282814614,0.0224251987619105,5.694559401857454
Ben Shapiro,Election Showdown Week Begins | Ep. 1165,2021-01-04 18:00:09+00:00,375677,11723,3004,907,12.92502756339581,0.0773692740766015,4.161553675098555
Ben Shapiro,LOL: Congress Opens Prayer with 'Amen And Awomen',2021-01-04 23:39:20+00:00,2156222,194880,24119,1995,97.6842105263158,0.0102370689655172,10.249130191603648
Ben Shapiro,It’s All Down To Georgia  | Ep. 1166,2021-01-05 18:00:09+00:00,321458,10420,1902,477,21.844863731656183,0.0457773512476007,3.981546578402155
Ben Shapiro,‘FWEEDOM’: Kamala Harris Story About Demanding Civil Rights As Toddler Lifted From MLK Interview,2021-01-05 23:26:35+00:00,373331,21095,2373,311,67.82958199356914,0.0147428300545152,6.369414808842555
Ben Shapiro,So... How F#%&$D Are We? | Ep. 1167,2021-01-06 18:00:10+00:00,1096565,28090,11289,2688,10.45014880952381,0.095692417230331,3.8362522969454615
Ben Shapiro,"Will Court Packing, Tax Hikes, and Amnesty Legislation Pass In 2021?",2021-01-07 17:41:32+00:00,168389,6589,1768,266,24.770676691729324,0.0403703141599635,5.1208808176306055
Ben Shapiro,The Worst Day In Modern American Political History | Ep. 1168,2021-01-07 18:00:08+00:00,1421225,40769,22745,11614,3.510332357499569,0.2848733106036449,5.286143995496842
Ben Shapiro,Prepare For The Left’s Revenge | Ep. 1169,2021-01-08 18:00:09+00:00,851659,26530,10853,3026,8.767349636483807,0.1140595552205051,4.744739385129495
Ben Shapiro,Facebook Indefinitely Bans President Trump,2021-01-08 22:13:29+00:00,730793,48701,9903,2564,18.99414976599064,0.0526477895731093,8.370085646687913
Ben Shapiro,Welcome To The Purge | Ep. 1170,2021-01-11 18:00:09+00:00,796034,32404,8185,1572,20.61323155216285,0.0485125293173682,5.29638181283714
Ben Shapiro,INSANE: Big Tech Platforms BAN Trump; Deplatform Parler,2021-01-11 22:45:35+00:00,158868,10610,2497,499,21.2625250501002,0.0470311027332705,8.564342724777802
Ben Shapiro,Parler DEPLATFORMED By Big Tech – What Comes Next?,2021-01-11 23:45:00+00:00,299588,19275,4160,384,50.1953125,0.0199221789883268,7.950585470713113
Ben Shapiro,"Parler Exec on Being Deplatformed: “I don’t think we were treated fairly at all""",2021-01-12 00:34:55+00:00,405138,20100,4228,365,55.06849315068493,0.0181592039800995,6.094960235771515
Ben Shapiro,Ep. 1171 - Democrats Want Unity…With Strings Attached,2021-01-12 18:00:09+00:00,368100,11183,3332,940,11.896808510638298,0.0840561566663685,4.198587340396632
Ben Shapiro,UNREAL: ANTIFA Demands Andy Ngo's Book Be REMOVED From Portland Bookstore,2021-01-12 22:38:58+00:00,376442,21215,3562,238,89.13865546218487,0.0112184774923403,6.64511398834349
Ben Shapiro,REACTION: Here’s What Unity REALLY Means To Leftists,2021-01-13 17:05:29+00:00,1157393,58097,7392,778,74.67480719794345,0.0133913971461521,5.72554007152281
Ben Shapiro,It’s Impeachment Day…Again! | Ep. 1172,2021-01-13 18:00:10+00:00,373663,10361,2784,779,13.300385109114249,0.0751857928771354,3.7263523549294417
Ben Shapiro,Dems Push for Trump to Be Removed From Office (Again),2021-01-13 23:05:03+00:00,221143,8948,2266,746,11.994638069705092,0.0833705856057219,5.408265240138734
Ben Shapiro,Impeachment 2: Impeach Harder | Ep. 1173,2021-01-14 18:00:10+00:00,390863,12747,2753,544,23.43198529411765,0.0426767082450772,4.104763049968915
Ben Shapiro,"Don Lemon: Everyone Who Voted For Trump Sided With ‘The Klan,’ ‘Nazis,’ Rioters",2021-01-14 22:00:28+00:00,772953,47246,8586,881,53.627695800227016,0.0186470812343902,7.337186090227996
Ben Shapiro,They’re Coming For You | Ep. 1174,2021-01-15 18:00:11+00:00,352278,13968,3424,448,31.178571428571427,0.0320733104238258,5.06418226514287
Ben Shapiro,My Thoughts on the INSANE Reaction to My Politico Playbook Piece,2021-01-15 23:39:44+00:00,547741,37099,3619,452,82.07743362831859,0.0121836168090784,7.516326146846776
Ben Shapiro,Why The Daily Wire Is Getting Into The Entertainment Business,2021-01-17 03:41:06+00:00,405485,28733,3995,725,39.63172413793104,0.0252323112797132,8.25012022639555
Ben Shapiro,Dallas Sonnier | The Ben Shapiro Show Sunday Special Ep. 110,2021-01-17 13:00:02+00:00,94421,3728,542,76,49.05263157894737,0.0203862660944206,4.602789633662003
Ben Shapiro,What a Rotten Tomatoes Score ACTUALLY Says About a Movie,2021-01-17 16:00:21+00:00,315867,14039,1995,445,31.54831460674157,0.0316974143457511,5.217069209509066
Ben Shapiro,The Crusade Against Freedom Of Thought | Ep. 1175,2021-01-18 18:00:11+00:00,345240,12567,1867,372,33.78225806451613,0.0296013368345667,4.288610821457537
Ben Shapiro,Media And Dems Push To Quash Dissenting Viewpoints,2021-01-18 22:00:47+00:00,179365,10682,1235,213,50.15023474178404,0.0199400861261935,6.762746355197502
Ben Shapiro,Joe Biden Isn’t Healing Anything | Ep. 1176,2021-01-19 18:00:10+00:00,463264,15625,4558,1336,11.695359281437126,0.085504,4.645083580852387
Ben Shapiro,Leftists LOSE IT After Republicans Quote MLK Jr.,2021-01-19 20:56:57+00:00,1067973,47041,7005,714,65.88375350140056,0.0151782487617185,5.127470451032002
Ben Shapiro,"Trump’s Last Day, And Biden’s First | Ep. 1177",2021-01-20 18:00:11+00:00,507148,16747,4250,917,18.262813522355508,0.0547560757150534,4.321026603673879
Ben Shapiro,Media FAWNS Over Incoming Biden Presidency,2021-01-20 22:37:49+00:00,233265,18690,3144,361,51.772853185595565,0.0193151417870519,9.51492937217328
Ben Shapiro,Ben Shapiro Reacts to Joe Biden's Inaugural Address,2021-01-21 00:50:44+00:00,1378191,48515,10998,3375,14.374814814814815,0.0695661135731217,4.5630830559770015
Ben Shapiro,Biden Wants Unity…Or Obedience | Ep. 1178,2021-01-21 18:00:11+00:00,437708,15105,3503,583,25.90909090909091,0.0385964912280701,4.384429802516746
Ben Shapiro,LOL: Media and Celebrities PRAISE Biden's Inaugural Speech,2021-01-21 22:34:38+00:00,405078,22295,4194,617,36.13452188006483,0.0276743664498766,6.691550763062916
Ben Shapiro,"Biden’s Lies Have Begun, But The Media Are On Vacation | Ep. 1179",2021-01-22 18:00:11+00:00,696164,25407,4939,822,30.90875912408759,0.0323532884638091,4.4771059692831
Ben Shapiro,POLL: Trust in Media PLUMMETS Following 2020 Election,2021-01-22 23:37:40+00:00,248844,16073,1565,217,74.06912442396313,0.0135009021340135,7.175178023179181
Ben Shapiro,"Biden is President, Now What?",2021-01-23 19:59:39+00:00,841860,43655,7264,2058,21.21234207968902,0.0471423662810674,6.292851543011903
Ben Shapiro,Turning Biden Into The Normcore President | Ep. 1180,2021-01-25 18:00:10+00:00,401225,13332,2022,402,33.16417910447761,0.0301530153015301,3.926973643217646
Ben Shapiro,"LOL: Media Praises Biden As ""Boring""",2021-01-25 22:07:00+00:00,236267,13645,1412,232,58.814655172413794,0.0170025650421399,6.471068748492172
Ben Shapiro,Does Biden Actually Have A Covid Strategy? | Ep. 1181,2021-01-26 18:00:11+00:00,282374,8442,1869,299,28.234113712374583,0.0354181473584458,3.7574280918214855
Ben Shapiro,Politico Staffers Continue to LOSE IT Over My Politico Playbook Piece,2021-01-26 22:50:21+00:00,365470,27293,1850,232,117.64224137931036,0.0085003480745978,8.03759542506909
Ben Shapiro,INSANE: Teachers Unions Across America RESIST School Reopenings,2021-01-26 23:08:16+00:00,227401,11662,2185,323,36.10526315789474,0.0276967930029154,6.231283063838769
Ben Shapiro,Joe Biden Calls Joe Biden A Dictator | Ep. 1182,2021-01-27 18:00:11+00:00,454970,16837,2314,436,38.61697247706422,0.0258953495278256,4.305119018836408
Ben Shapiro,Megyn Kelly Predicts the Future of the Mainstream Media's Ratings Without Trump as President,2021-01-27 20:53:52+00:00,837727,35390,4437,848,41.73349056603774,0.0239615710652726,4.855400386999583
Ben Shapiro,Chicago's Teachers Union Creates Dance Video To Promote Lockdowns,2021-01-28 15:12:57+00:00,244137,13598,2903,210,64.75238095238095,0.0154434475658185,6.844927233479563
Ben Shapiro,The Downside Of Downside Risk | Ep. 1183,2021-01-28 18:00:11+00:00,337740,9078,3489,3686,2.462832338578405,0.4060365719321436,4.812281636762006
Ben Shapiro,INSANE: Abe Lincoln Scrubbed For Not Proving BLM Support,2021-01-28 21:39:54+00:00,485816,24859,3885,341,72.90029325513197,0.0137173659439237,5.986834521711923
Ben Shapiro,Ben Shapiro Breaks Down the Funniest Wall Street Prank Ever,2021-01-29 01:42:26+00:00,2256197,93075,9959,3970,23.444584382871536,0.0426537738383024,4.742670963572773
Ben Shapiro,Robinhood Becomes The Sheriff Of Nottingham | Ep. 1184,2021-01-29 18:00:11+00:00,349242,11807,1840,348,33.92816091954023,0.0294740408232404,4.007249987114951
Ben Shapiro,Nursing Home Deaths in New York Revealed to Be MASSIVELY Undercounted,2021-01-29 23:15:03+00:00,228177,12678,1243,126,100.61904761904762,0.0099384761003312,6.15618576806602
Ben Shapiro,Shapiro Reacts to AOC Accusing Ted Cruz of Attempted Murder,2021-01-29 23:49:51+00:00,877404,42961,7170,1233,34.8426601784266,0.0287004492446637,5.854087740653108
Ben Shapiro,Popular Hollywood Movies That Are Accidentally Conservative,2021-01-30 18:27:43+00:00,540542,31857,5400,1510,21.09735099337748,0.0473993156919986,7.171875635935783
Ben Shapiro,CNN Wants Fox News Destroyed | Ep. 1185,2021-02-01 18:00:09+00:00,310089,11212,1695,303,37.00330033003301,0.0270246164823403,4.260067271009291
Ben Shapiro,THIS Is How INSANELY RADICAL The Biden Administration Is,2021-02-01 22:27:16+00:00,425563,24524,3262,537,45.66852886405959,0.0218969173054966,6.655418821655077
Ben Shapiro,The Lincoln Project Condemns Cofounder After NYT Reports He Allegedly Sexually Harassed 14-Year-Old,2021-02-02 00:00:21+00:00,124768,6288,791,146,43.06849315068493,0.0232188295165394,5.79074762759682
Ben Shapiro,Is Religion Making a Comeback in America? (Father Mike Schmitz Interview),2021-02-02 01:02:20+00:00,449213,25439,3652,464,54.82543103448276,0.0182397106804512,6.57928421483795
Ben Shapiro,Democrats Unleash Their Impeachment Strategy: Feelings | Ep. 1186,2021-02-02 18:00:12+00:00,260722,7810,1700,526,14.847908745247148,0.0673495518565941,3.849310760119975
Ben Shapiro,"Here's THE TRUTH About ""Captain Unity"" Biden",2021-02-02 23:00:11+00:00,329519,17468,2090,391,44.67519181585678,0.0223837874971376,6.053975643286123
Ben Shapiro,AOC Says Cruz and Hawley Used ‘Tactics of Abusers’ and Want to ‘Do It Again’,2021-02-02 23:18:14+00:00,205698,8590,2065,274,31.35036496350365,0.0318975552968568,5.313128956042354
Ben Shapiro,Trump Lays Out His Impeachment Defense | Ep. 1187,2021-02-03 18:00:08+00:00,265618,8369,1454,330,25.36060606060606,0.0394312343171227,3.822406614009593
Ben Shapiro,Shapiro RIPS The LEFT For Comparing Capitol Riot To 9/11,2021-02-03 22:47:37+00:00,168166,9102,1533,268,33.96268656716418,0.029444078224566,6.483474661941177
Ben Shapiro,Shapiro Reacts To Trump's Impeachment Defense,2021-02-03 23:26:49+00:00,572121,21002,3692,741,28.342780026990557,0.0352823540615179,4.445737877127391
Ben Shapiro,The Fact-Checkers Are Full of S#!t | Ep. 1188,2021-02-04 18:00:12+00:00,547354,20047,3458,646,31.03250773993808,0.0322242729585474,4.412318170690266
Ben Shapiro,Shapiro LEVELS The DISHONEST AOC Riot Claim Fact-Checkers,2021-02-04 23:57:26+00:00,627120,27995,4286,702,39.87891737891738,0.0250759064118592,5.259439979589233
Ben Shapiro,The Democrats Break All The Rules | Ep. 1189,2021-02-05 18:00:11+00:00,325187,10211,1834,506,20.179841897233203,0.0495544021153657,3.859625384778604
Ben Shapiro,INSANE: Press Sec Says Masking And Social Distancing Essential AFTER Vaccination,2021-02-05 23:51:49+00:00,569427,30611,6854,815,37.55950920245399,0.0266244160595864,6.722547402915563
Ben Shapiro,You Are Being Manipulated | Ep. 1190,2021-02-08 18:00:14+00:00,416914,14833,2524,436,34.02064220183486,0.0293939189644711,4.267786641849399
Ben Shapiro,The Two Latest INSANE Examples Of People Getting CANCELED,2021-02-09 01:42:40+00:00,547504,21537,3037,249,86.49397590361446,0.011561498815991,4.533848154534031
Ben Shapiro,CRAZY: Leftist's DISGUSTING REACTION To Trump Supporters' Kindness,2021-02-09 02:03:02+00:00,846417,50168,6456,598,83.89297658862876,0.0119199489714559,6.760497485282077
Ben Shapiro,The Senate Impeachment Trial Begins | Ep. 1191,2021-02-09 18:00:14+00:00,232702,7262,1147,294,24.700680272108844,0.0404847149545579,3.739976450567679
Ben Shapiro,Shapiro Reacts To Start Of Trump's Trial,2021-02-09 22:18:48+00:00,166648,5951,1027,324,18.367283950617285,0.0544446311544278,4.381690749363928
Ben Shapiro,"Trump Trial: Shapiro RIPS Dems' ""Coup"" Claims & ""Democracy Threatened"" LIES",2021-02-09 22:34:44+00:00,92013,4747,784,197,24.096446700507613,0.041499894670318,6.225207307663048
Ben Shapiro,Reacting to 2021 Super Bowl Commercials!,2021-02-10 04:00:56+00:00,3509459,115645,12235,3212,36.00404732254047,0.0277746551947771,3.735390554498571
Ben Shapiro,"Trump’s Senate Impeachment Trial, Day 2 | Ep. 1192",2021-02-10 18:00:17+00:00,231015,6825,1339,243,28.08641975308642,0.0356043956043956,3.639157630456897
Ben Shapiro,Trump ‘Furious And Beyond Angry’ Over How His Impeachment Defense Team Performed: Report,2021-02-10 23:24:28+00:00,285533,10860,1586,336,32.32142857142857,0.030939226519337,4.4765403648615045
Ben Shapiro,THIS Is What Trump's Trial Is Really About,2021-02-10 23:30:10+00:00,289695,16913,1999,325,52.04,0.0192159877017678,6.64043217867067
Ben Shapiro,We Are All Gina Carano | Ep. 1193,2021-02-11 18:00:14+00:00,361439,16934,2748,376,45.0372340425532,0.0222038502421164,5.549484145319127
Ben Shapiro,Shapiro Reacts to Gina Carano Getting Canceled by Hollywood,2021-02-11 22:19:59+00:00,1938234,135952,15329,4268,31.853795688847235,0.0313934329763445,8.025295191395879
Ben Shapiro,Cancel Mob Targets Country Star Morgan Wallen and Tucker Carlson,2021-02-11 22:50:21+00:00,351032,13042,1732,350,37.26285714285714,0.0268363747891427,4.308439116661729
Ben Shapiro,"LOL: “Chestfeeding” Term Now Being Used To Be More ""Gender-Inclusive""",2021-02-12 00:13:22+00:00,560316,25675,7887,297,86.44781144781145,0.0115676728334956,6.042840111651283
Ben Shapiro,Daily Wire And Gina Carano Team Up To Fight The Death Star | Ep. 1194,2021-02-12 18:00:16+00:00,600195,36728,4848,532,69.0375939849624,0.0144848616859072,7.015719891035413
Ben Shapiro,Gina Carano To Star In Upcoming Film For @DailyWirePlus,2021-02-12 20:04:03+00:00,2694050,40459,5680,2311,17.50713976633492,0.0571195531278578,1.7984076019376034
Ben Shapiro,Ben Shapiro Writes Valentine's Day Cards!,2021-02-13 22:25:53+00:00,264404,22114,1616,250,88.456,0.0113050556208736,9.069454319904388
Ben Shapiro,How The Democrats Blew Impeachment II | Ep. 1195,2021-02-15 18:00:13+00:00,314169,11423,1682,306,37.330065359477125,0.0267880591788496,4.2687216116166775
Ben Shapiro,Shapiro Reacts To Trump's 2nd Impeachment Acquittal,2021-02-15 23:02:10+00:00,349082,15550,2496,456,34.10087719298246,0.0293247588424437,5.30018734853129
Ben Shapiro,The Magical Misdirection Of The Media | Ep. 1196,2021-02-16 18:00:14+00:00,279325,10401,1404,191,54.45549738219896,0.0183636188827997,4.294638861541215
Ben Shapiro,"School Sends Parents INSANE ""White Identities"" Chart",2021-02-16 22:20:48+00:00,2111317,138416,17923,2557,54.13218615565116,0.0184732978846376,7.525918656459451
Ben Shapiro,BUSTED: Cuomo's Narrative IMPLODES As Celebs Praise Him,2021-02-16 22:49:53+00:00,487116,22907,3376,195,117.47179487179488,0.0085126817130134,5.4356662478752495
Ben Shapiro,The Wind Turbines Are Frozen | Ep. 1197,2021-02-17 18:00:12+00:00,342664,11467,2164,460,24.928260869565214,0.0401151129327635,4.112191534564472
Ben Shapiro,Ben Shapiro Reflects on the Life and Legacy of Rush Limbaugh,2021-02-18 00:28:23+00:00,345719,18854,4158,660,28.566666666666663,0.0350058343057176,6.847179356645136
Ben Shapiro,RIP Rush Limbaugh | Ep. 1198,2021-02-18 18:00:14+00:00,205085,8045,1335,242,33.243801652892564,0.0300807955251709,4.691713192091084
Ben Shapiro,Shapiro Reacts To Biden's DISASTROUS Town Hall,2021-02-18 20:07:38+00:00,1185593,58348,7401,1127,51.77284826974268,0.0193151436210324,5.640721562964694
Ben Shapiro,The Left's SHAMEFUL Response To Rush Limbaugh's Passing,2021-02-18 22:50:09+00:00,201254,9798,2537,408,24.014705882352946,0.0416411512553582,6.33179961640514
Ben Shapiro,"INSANE: ""Systemic Racism"" Blamed For Glue Hair Fiasco",2021-02-19 00:13:21+00:00,1135856,50742,9304,735,69.03673469387755,0.0144850419770604,5.351118451634714
Ben Shapiro,Ted Cruz And The Politics Of Hypocrisy | Ep. 1199,2021-02-19 18:00:14+00:00,334770,11195,2942,422,26.528436018957347,0.0376953997320232,4.348955999641545
Ben Shapiro,Media Zeroes In On Cruz's Visit To Cancun; Ignore Cuomo Nursing Home Scandal,2021-02-19 21:53:34+00:00,109116,5177,1382,347,14.919308357348704,0.0670272358508788,6.329044319806444
Ben Shapiro,THIS Is The Biggest Problem In America Today,2021-02-19 22:05:45+00:00,243034,11856,1510,202,58.693069306930695,0.0170377867746288,5.582757968020935
Ben Shapiro,"Biden's GARBAGE COVID Agenda, His TEAM OF LIARS, And The ASININE CDC",2021-02-20 16:00:09+00:00,373984,20047,3054,400,50.1175,0.019953110191051,6.28395867202875
Ben Shapiro,California CHAOS: Gavin Newsom RECALL Effort Explained,2021-02-20 19:32:30+00:00,610467,25847,3452,514,50.28599221789883,0.0198862537238364,4.883638263820977
Ben Shapiro,Gina Carano | The Ben Shapiro Show Sunday Special Ep. 111,2021-02-21 13:00:12+00:00,3303925,202146,43136,6495,31.123325635103924,0.0321302424979964,7.620542233858214
Ben Shapiro,How @DailyWirePlus Plans To Fight Back Against Cancel Culture,2021-02-21 23:41:43+00:00,199111,15795,1498,225,70.2,0.0142450142450142,8.798107588229682
Ben Shapiro,Fauci Should Be Fired | Ep. 1200,2021-02-22 18:00:15+00:00,391227,15493,4298,751,20.62982689747004,0.0484735041631704,5.250660102702523
Ben Shapiro,"PATHETIC: Media ""PRAISE"" Biden Who Snoozes While Texas Freezes",2021-02-22 23:47:29+00:00,454116,22224,3021,341,65.17302052785924,0.0153437724982001,5.634243233006544
Ben Shapiro,Ben Shapiro Reacts to INSANE Woke Training Course,2021-02-23 00:16:00+00:00,1295730,67924,12143,683,99.44948755490483,0.0100553559861021,6.23200821158729
Ben Shapiro,The Authoritarian Left Is On The March | Ep. 1201,2021-02-23 18:00:13+00:00,284655,10759,1703,264,40.75378787878788,0.024537596430895,4.470675027665068
Ben Shapiro,The Authoritarian Left Is OUT OF CONTROL,2021-02-23 22:30:38+00:00,320766,15958,2068,262,60.908396946564885,0.0164180975059531,5.70135238772189
Ben Shapiro,"HYPOCRISY: Joe Biden Rails Against “The Politics Of Misinformation""",2021-02-23 23:26:08+00:00,135225,11553,1179,148,78.0608108108108,0.0128105254046567,9.52486596413385
Ben Shapiro,Looking For Systemic Racism In All The Wrong Places | Ep. 1202,2021-02-24 18:15:12+00:00,277568,10240,1433,219,46.75799086757991,0.02138671875,4.284355545307816
Ben Shapiro,Shapiro SLAMS 'The Bachelor' Over Cancel Culture INSANITY,2021-02-24 23:20:21+00:00,536396,20580,3363,726,28.34710743801653,0.0352769679300291,4.599027584098316
Ben Shapiro,Shapiro Debunks Prude Case Racism Allegations And Reveals STUNNING Poll Stat,2021-02-24 23:42:51+00:00,220273,11328,1455,163,69.49693251533742,0.0143891242937853,5.877252318713596
Ben Shapiro,The Cancel Culture War Is Here | Ep. 1203,2021-02-25 18:00:12+00:00,303605,12293,2067,207,59.38647342995169,0.0168388513788334,4.798010572948403
Ben Shapiro,Janitor Placed On Leave Over FALSE Racism Allegations,2021-02-25 22:45:13+00:00,172893,9141,1123,74,123.52702702702705,0.0080953943769828,5.979420797834499
Ben Shapiro,Woman Accuses Andrew Cuomo Of Repeated Sexual Harassment,2021-02-25 23:17:49+00:00,309574,17530,1697,179,97.93296089385476,0.0102110667427267,6.268614289313702
Ben Shapiro,Facts Don’t Care About Your Pronouns | Ep. 1204,2021-02-26 18:00:13+00:00,517468,20109,3597,472,42.60381355932204,0.0234720771793724,4.672366213949462
Ben Shapiro,The Authoritarian Threat Posed by the Equality Act,2021-02-26 22:34:59+00:00,322394,18213,2970,637,28.59183673469388,0.0349750178443968,6.768116031936078
Ben Shapiro,The End For Cuomo? | Ep. 1205,2021-03-01 18:00:14+00:00,377835,14950,1922,385,38.83116883116883,0.025752508361204,4.567337594452605
Ben Shapiro,Shapiro Reacts To Superman Going WOKE,2021-03-01 23:00:20+00:00,341272,14847,2827,259,57.32432432432432,0.0174446016030174,5.254752807145034
Ben Shapiro,"Shapiro RIPS the Left's Nazi Stage Theory, Amazon's BOOK BANS, And School INSANITY",2021-03-01 23:18:55+00:00,436417,29209,2893,262,111.48473282442748,0.0089698380636105,7.415843104187051
Ben Shapiro,Ben Shapiro and Rep. Ro Khanna Clash Over the $15 Minimum Wage Debate,2021-03-02 00:38:42+00:00,798859,32022,9706,854,37.49648711943794,0.0266691649490974,5.330352415132082
Ben Shapiro,Why They're Cancelling Dr. Seuss | Ep. 1206,2021-03-02 18:00:12+00:00,435609,13847,3737,2348,5.897359454855196,0.169567415324619,4.57566303726507
Ben Shapiro,"WOKECABULARY: Former CIA Director ""Embarrassed To Be A WHITE MALE""",2021-03-02 22:21:59+00:00,128080,6256,910,69,90.66666666666669,0.0110294117647058,5.648813241723922
Ben Shapiro,Dr. Seuss Has Been 'Cancelled' By Angry Leftists,2021-03-02 22:34:21+00:00,679473,29495,6528,905,32.591160220994475,0.0306831666384132,5.434800205453344
Ben Shapiro,The Book Burners Are Here | Ep. 1207,2021-03-03 18:00:13+00:00,231065,9350,1797,210,44.523809523809526,0.0224598930481283,4.915067188886244
Ben Shapiro,"Michelle Obama Caught Celebrating ""Racist"" Dr. Seuss",2021-03-03 22:56:19+00:00,209246,13471,2078,134,100.52985074626864,0.0099472941875139,7.495005878248569
Ben Shapiro,Gov. Ron DeSantis Contrasts Florida's COVID Response to New York's,2021-03-04 01:19:44+00:00,266892,14110,2324,166,85.0,0.0117647058823529,6.219744316052935
Ben Shapiro,Why The Left Is So Enraged At Reopening | Ep. 1208,2021-03-04 18:00:12+00:00,568321,23577,6759,2827,8.339936328263176,0.1199049921533698,5.835258595054556
Ben Shapiro,"This Radical Activist Just Called The COVID Vaccine A ""Vial Of Death""",2021-03-04 22:09:48+00:00,682432,19840,9827,2463,8.055217214778725,0.1241431451612903,4.708161399230986
Ben Shapiro,Freedom Is For Neanderthals | Ep. 1209,2021-03-05 18:00:16+00:00,390414,13885,3582,3379,4.109203906481207,0.2433561397191213,5.339460162801539
Ben Shapiro,BITCOIN: The Future of Finance or Fool’s Gold?,2021-03-06 22:37:58+00:00,1769460,63307,16363,2530,25.022529644268776,0.0399639850253526,4.645485063239632
Ben Shapiro,Princess Woke vs. The Monarchy | Ep. 1210,2021-03-08 18:00:14+00:00,619395,19558,4688,1125,17.384888888888888,0.0575212189385417,4.096093768919672
Ben Shapiro,"Seuss, Speedy, Le Pew: Why The Left CANCELS Harmless Content",2021-03-08 22:59:25+00:00,377624,19245,4186,364,52.87087912087912,0.0189140036373083,6.30124144651823
Ben Shapiro,Shapiro Reacts To Meghan & Harry's Whine-Fest,2021-03-08 23:37:37+00:00,2778220,105596,25985,8418,12.54407222618199,0.079718928747301,5.0391617654469405
Ben Shapiro,Biden Is The Most Transformational Inanimate Object In History | Ep. 1211,2021-03-09 18:00:17+00:00,348433,12828,3109,4102,3.1272549975621646,0.3197692547552229,5.751177414309208
Ben Shapiro,THIS Is Why The Latest Stimulus Bill Is A DISASTER,2021-03-09 22:49:16+00:00,381932,14475,2122,480,30.15625,0.033160621761658,4.471214771215819
Ben Shapiro,Biden's 'Kids In Cages' Controversy And RADICAL Voter Bill,2021-03-09 23:07:07+00:00,146450,9358,877,163,57.41104294478528,0.0174182517631972,7.100034141345168
Ben Shapiro,The Woke Are American Royalty | Ep. 1212,2021-03-10 18:00:16+00:00,323831,12688,2331,350,36.25142857142857,0.0275851197982345,4.745994052453286
Ben Shapiro,WOKE INSANITY: THIS Is Why Piers vs Meghan Matters,2021-03-10 23:56:59+00:00,1450385,54424,9325,1784,30.506726457399104,0.0327796560341026,4.518317550167715
Ben Shapiro,President Houseplant’s Big Blowout Bonanza | Ep. 1213,2021-03-11 18:00:14+00:00,319972,10633,1990,479,22.19832985386221,0.0450484341201918,4.094733289162802
Ben Shapiro,Shapiro RIPS Don Lemon's 'WOKE SUPREMACY' Rant,2021-03-11 23:53:39+00:00,712615,43716,4668,536,81.55970149253731,0.0122609570866501,6.8648569002897775
Ben Shapiro,"Biden Takes A Very Slow, Dishonest Victory Lap | Ep. 1214",2021-03-12 18:00:15+00:00,618251,18312,5044,6797,2.694129763130793,0.371177370030581,4.877145366525893
Ben Shapiro,Exposing the NBA’s Double Standard on Anti-Semitic Rhetoric,2021-03-12 23:35:29+00:00,344885,15360,2744,523,29.36902485659656,0.0340494791666666,5.400930745030952
Ben Shapiro,The Military Goes Woke | Ep. 1215,2021-03-15 17:00:14+00:00,327826,13380,2527,442,30.27149321266968,0.0330343796711509,4.987096813553531
Ben Shapiro,Leftists OUTRAGED Over Bill Burr Jokes at 2021 Grammys,2021-03-15 21:58:08+00:00,2791393,97129,11075,3159,30.74675530231086,0.032523757065346,3.9895134794706446
Ben Shapiro,"Candace Owens on the Meghan Markle Fiasco, 2021 Grammys Cringe, and Bill Maher's Cancel Culture Rant",2021-03-15 22:23:10+00:00,1284835,52850,6586,1302,40.59139784946237,0.0246357615894039,4.727299614347367
Ben Shapiro,The WaPo’s Massive Trump Retraction | Ep. 1216,2021-03-16 17:00:13+00:00,332677,14354,1547,320,44.85625,0.0222934373693743,4.875900648376653
Ben Shapiro,ELECTION BOMBSHELL: WaPo's FAKE Trump Quotes,2021-03-16 21:41:22+00:00,275722,16230,1598,215,75.48837209302326,0.0132470733210104,6.543910170389015
Ben Shapiro,"Candace Owens Ends Cardi B, And It’s Hilarious | Ep. 1217",2021-03-17 17:00:15+00:00,1434857,60586,10803,4999,12.119623924784957,0.0825108110784669,5.323736093561937
Ben Shapiro,Shapiro REACTS To Candace Owens Vs Cardi B,2021-03-17 23:14:50+00:00,1045617,61063,6534,1428,42.76120448179272,0.0233856836382097,6.601365509550821
Ben Shapiro,The Racist Left Only Cares About Anti-Asian Hate When They Can Blame “Whiteness” | Ep. 1218,2021-03-18 17:00:14+00:00,627188,21383,8530,16034,1.3336035923662215,0.7498480101014825,7.325873581764958
Ben Shapiro,The Industries CRUSHED By Covid,2021-03-18 21:52:45+00:00,169321,7089,866,172,41.21511627906977,0.0242629425871067,4.799759037567696
Ben Shapiro,"Shapiro SLAMS ""Whiteness Is A Pandemic"" Article",2021-03-18 22:56:58+00:00,382907,18636,2921,208,89.59615384615384,0.0111611933891393,5.68414784791085
Ben Shapiro,The Cancellations Will Continue Until Morale Improves | Ep. 1219,2021-03-19 17:00:16+00:00,328005,10323,1445,257,40.16731517509728,0.024895863605541,3.666102650874224
Ben Shapiro,INSANE: Teen Vogue Editor FORCED OUT Over Offensive Tweets She Made As A Teenager,2021-03-19 23:02:36+00:00,190464,8470,1410,128,66.171875,0.015112160566706,5.25453629032258
Ben Shapiro,Candace Owens Has A New Talk Show… And It’s Available Now On Daily Wire,2021-03-20 13:00:30+00:00,243298,12229,989,321,38.09657320872274,0.0262490800556055,5.564780639380513
Ben Shapiro,Biden Falls Down The Stairs | Ep. 1220,2021-03-22 17:00:31+00:00,670272,18511,3861,6011,3.079520878389619,0.3247258386905083,4.234549556001146
Ben Shapiro,LOL: When The Cancellers Get CANCELLED,2021-03-22 21:47:43+00:00,1186923,47420,4445,542,87.49077490774907,0.0114297764656263,4.415366455953755
Ben Shapiro,"""If You Don't Back Gun Control, It's Because You Don't Care"" | Ep. 1221",2021-03-23 17:00:16+00:00,230268,9541,2369,213,44.79342723004695,0.0223247039094434,5.264735004429621
Ben Shapiro,Ten Killed In Tragic Colorado Mass Shooting,2021-03-23 21:56:38+00:00,406724,14492,2658,454,31.920704845814974,0.0313276290367099,4.328242247814242
Ben Shapiro,The MOST INSANE Aspects Of Biden's BORDER CRISIS,2021-03-23 22:08:25+00:00,195466,12433,1529,124,100.26612903225806,0.0099734577334513,7.206368370969887
Ben Shapiro,The Left’s Lies About “Whiteness” And Gun Control | Ep. 1222,2021-03-24 17:00:15+00:00,226756,9384,1785,724,12.96132596685083,0.0771526001705029,5.244844678861861
Ben Shapiro,Biden Considering Gun Control EXECUTIVE ACTION,2021-03-24 21:04:18+00:00,313869,17492,3642,281,62.2491103202847,0.0160644866224559,6.822910195017666
Ben Shapiro,"""Whiteness"" Is The ""God Of The Gaps"" For The Left",2021-03-24 22:18:53+00:00,121374,9311,1065,113,82.39823008849558,0.0121361830093437,8.641883764232867
Ben Shapiro,Ben Shapiro Reviews Zack Snyder's Justice League!,2021-03-25 15:04:39+00:00,1423927,75092,9373,3355,22.382116244411325,0.0446785276727214,6.167450999945924
Ben Shapiro,Ben Shapiro DISMANTLES Obama's Gun Control Arguments,2021-03-25 15:37:28+00:00,336886,17584,2709,414,42.47342995169082,0.0235441310282074,6.146589647536556
Ben Shapiro,"Biden’s Addled, Radical, Lying Press Conference  | Ep. 1223",2021-03-26 17:00:15+00:00,435710,16892,2886,401,42.12468827930174,0.0237390480700923,4.631291455325791
Ben Shapiro,Ben Shapiro DESTROYS Megan Rapinoe and the gender pay gap,2021-03-26 22:10:32+00:00,2815774,109427,13553,2911,37.59086224665064,0.0266022096923062,4.470919896270084
Ben Shapiro,YIKES: Biden Looks AWFUL In Latest Press Conference,2021-03-27 00:00:22+00:00,617842,52745,6295,486,108.52880658436214,0.0092141435207128,9.63450202478951
Ben Shapiro,Ayaan Hirsi Ali | The Ben Shapiro Show Sunday Special Ep. 112,2021-03-28 10:00:21+00:00,230065,10623,1851,445,23.87191011235955,0.0418902381624776,5.615369569469498
Ben Shapiro,"Candace Owens and Ben Shapiro Get Personal About Life, Career, and Family",2021-03-29 17:00:20+00:00,823443,54911,4270,703,78.10953058321479,0.0128025350111999,7.2723916530956
Ben Shapiro,Why You’ve Heard Of George Floyd But Not Mohammed Anwar | Ep. 1224,2021-03-30 17:00:15+00:00,380932,17815,2786,1187,15.008424599831509,0.066629245018243,5.719656001596086
Ben Shapiro,HORRIFYING: Uber Driver Killed and the Media's Response,2021-03-30 20:48:17+00:00,1517748,87571,9835,1491,58.73306505700872,0.0170261844674606,6.516035600112799
Ben Shapiro,Shapiro Breaks Down The Start Of Chauvin Trial,2021-03-30 22:27:30+00:00,354307,16053,4157,654,24.545871559633028,0.0407400485890487,5.888678462463344
Ben Shapiro,Biden’s Lying Like A Rug | Ep. 1225,2021-03-31 17:00:13+00:00,348631,16960,2683,1826,9.288061336254108,0.1076650943396226,6.158086917112936
Ben Shapiro,INSANE: Celeb Implies Derek Chauvin Should Be Convicted Without A Trial,2021-03-31 22:07:36+00:00,468500,18351,3330,346,53.03757225433526,0.0188545583346956,4.701600853788687
Ben Shapiro,Shapiro EXPOSES The Left's LIES About Georgia's Voting,2021-03-31 22:24:01+00:00,185507,12024,1884,364,33.03296703296704,0.0302727877578176,7.693510217943259
Ben Shapiro,The Fools Are In Charge | Ep. 1226,2021-04-01 17:00:12+00:00,312835,12486,1762,284,43.96478873239437,0.0227454749319237,4.645260280978791
Ben Shapiro,LOL: Joe Ruins Sports And Jill Ruins Spanish,2021-04-01 22:52:31+00:00,271438,16261,2173,186,87.4247311827957,0.0114384109218375,6.859761713540477
Ben Shapiro,LOL: AOC Embarrasses Herself On Instagram Live,2021-04-01 23:30:06+00:00,1698360,93858,12983,1756,53.4498861047836,0.0187091137676063,6.394227372288561
Ben Shapiro,Woka-Cola Tastes Like Garbage | Ep. 1227,2021-04-02 17:00:15+00:00,372642,17328,3115,380,45.6,0.0219298245614035,5.587936947526044
Ben Shapiro,Ben Shapiro Answers Popular Internet Questions About Him!,2021-04-03 18:19:25+00:00,1183786,60207,4814,960,62.715625,0.0159449897852409,5.573727008090989
Ben Shapiro,"The Propagandist, Lying, Activist Establishment Media Must Be Torn Down | Ep. 1228",2021-04-05 17:00:14+00:00,313789,16185,2011,442,36.61764705882353,0.0273092369477911,5.939660090060518
Ben Shapiro,MLB CAVES To WOKE MOB Over LIES About Georgia Voting Law,2021-04-05 22:13:52+00:00,81023,5394,1025,88,61.29545454545455,0.0163144234334445,8.031052910901842
Ben Shapiro,Why the Media Stopped Reporting on Latest Capitol Attack,2021-04-05 22:37:48+00:00,453680,33228,1905,230,144.4695652173913,0.0069218731190562,7.794701110915183
Ben Shapiro,Biden’s New World Order | Ep. 1229,2021-04-06 17:00:12+00:00,414239,18252,3146,2447,7.458929301185124,0.1340674994521148,5.756338731988056
Ben Shapiro,THIS Is What Backlash Against The LEFT'S INSANITY Could Look Like,2021-04-06 23:33:15+00:00,804723,42910,4515,451,95.1441241685144,0.0105103705429969,5.949376369259982
Ben Shapiro,The Blowback Is Coming | Ep. 1230,2021-04-07 17:00:16+00:00,500196,22479,3327,839,26.79261025029797,0.0373237243649628,5.326911850554582
Ben Shapiro,The MOST BIZARRE Corporate WOKENESS So Far,2021-04-07 22:46:02+00:00,450920,25147,3783,245,102.6408163265306,0.0097427128484511,6.470105561962211
Ben Shapiro,Backfire: A VERY Bad Day For Prosecutors In Chauvin Trial,2021-04-07 22:56:56+00:00,1398745,59049,8018,1781,33.15496911847277,0.0301613913868143,4.922126620649225
Ben Shapiro,Marvel Goes FULL WOKE: Supervillain Red Skull Espouses 'Ten Rules For Life' in New Comic,2021-04-07 23:32:39+00:00,1158895,72725,7576,1418,51.287023977433,0.0194981093159161,7.051458501417299
Ben Shapiro,The Prosecution Against Derek Chauvin Is Collapsing | Ep. 1231,2021-04-08 17:00:14+00:00,388302,19545,3948,1043,18.7392138063279,0.0533640317216679,6.318793104336315
Ben Shapiro,DEVASTATING EVIDENCE The Media WON'T Show You In George Floyd Case,2021-04-09 02:19:12+00:00,507131,36782,4223,797,46.15056461731493,0.0216682072752977,8.242840607259268
Ben Shapiro,Reasonable Doubt: Floyd's Drug Use And Dealer Trip Up Prosecutors,2021-04-09 02:28:37+00:00,627666,27952,4522,582,48.02749140893471,0.0208214081282198,5.2664952379131575
Ben Shapiro,Gun-Grabber Joe | Ep. 1232,2021-04-09 17:00:12+00:00,328260,13095,3479,1219,10.742411812961445,0.0930889652539137,5.420398464631695
Ben Shapiro,Will Derek Chauvin Be Convicted? — NYC Trial Attorney Provides Her Analysis,2021-04-09 22:00:25+00:00,511192,25689,4155,435,59.0551724137931,0.0169333177624664,5.923214760794378
Ben Shapiro,Ben Shapiro and Piers Morgan Revisit Their Viral Gun Control Debate,2021-04-10 12:00:20+00:00,1932239,92545,13985,2154,42.964252553389045,0.023275163434005,5.624770020685847
Ben Shapiro,Biden UNLEASHES Executive Action On Gun Control,2021-04-10 15:50:35+00:00,282533,18633,3668,434,42.93317972350231,0.0232920088015885,8.046847624879218
Ben Shapiro,NFTs: How Internet Users Have Made Millions Selling Tweets & Memes,2021-04-10 16:00:39+00:00,218555,10010,1055,138,72.53623188405797,0.0137862137862137,5.125940838690489
Ben Shapiro,Tim Pool Explains How He Became A Disaffected Liberal,2021-04-11 16:30:06+00:00,484214,29984,3008,342,87.67251461988305,0.011406083244397,6.884146265907224
Ben Shapiro,Dave Ramsey: Student Debt Should Be Avoided At All Costs,2021-04-11 17:01:20+00:00,282831,14481,1516,226,64.07522123893806,0.015606656998826,5.735934179775201
Ben Shapiro,"They’re Not The “Resistance,” They’re The Powerful | Ep. 1233",2021-04-12 17:00:13+00:00,284245,9516,1616,223,42.67264573991032,0.0234342160571668,3.994793224155218
Ben Shapiro,A Truly DANGEROUS Trend That Will RIP America Apart,2021-04-13 03:25:16+00:00,280096,15459,2393,193,80.09844559585493,0.012484636781163,6.442434022620816
Ben Shapiro,Riot Time In Minneapolis | Ep. 1234,2021-04-13 17:00:15+00:00,415859,14267,3953,1342,10.631147540983608,0.0940632228218966,4.70399823016936
Ben Shapiro,Shapiro Weighs In On Daunte Wright Shooting,2021-04-13 23:36:28+00:00,698223,32534,8506,935,34.79572192513369,0.0287391651810413,6.0116896750751545
Ben Shapiro,Abolish The Police?! | Ep. 1235,2021-04-14 17:00:13+00:00,247889,9019,1729,447,20.176733780760625,0.049562035702406,4.516134237501462
Ben Shapiro,Dems Go FULL Anti-Police As CRIME RISES,2021-04-14 23:12:44+00:00,314308,13072,3045,294,44.46258503401361,0.0224908200734394,5.221311579724347
Ben Shapiro,Derek Chauvin Trial: Shapiro Breaks Down The Latest Evidence,2021-04-14 23:29:34+00:00,523260,17534,3608,493,35.5659229208925,0.028116801642523,4.134655811642396
Ben Shapiro,"CNN Director: We Worked To Oust Trump, Use ‘Fear’ To Pass Climate Agenda",2021-04-15 14:30:58+00:00,288238,22750,2070,78,291.6666666666667,0.0034285714285714,8.638000541219409
Ben Shapiro,Team Biden Thinks America Sucks | Ep. 1236,2021-04-15 15:00:16+00:00,309757,10972,2254,1038,10.570327552986512,0.0946044476850164,4.604899969976466
Ben Shapiro,Coke WAKES UP As Ben & Jerry's MELTS DOWN,2021-04-15 22:00:46+00:00,875801,45386,5272,520,87.28076923076924,0.0114572775745824,5.843564919428044
Ben Shapiro,Shapiro WRECKS Biden's IMMORAL Framing Of America,2021-04-16 00:00:08+00:00,200729,14458,1605,171,84.54970760233918,0.0118273620141098,8.087520986006009
Ben Shapiro,Another Anti-Trump Media Story Implodes | Ep. 1237,2021-04-16 17:00:11+00:00,368248,16051,2046,514,31.22762645914397,0.032022926920441,5.053931046468684
Ben Shapiro,Clay Travis: NBA Stars Signed Shoe Deals With Chinese Companies Using SLAVE LABOR,2021-04-17 00:43:12+00:00,203801,10135,1307,140,72.39285714285714,0.0138135175135668,5.682994685992709
Ben Shapiro,Ben Shapiro Reviews Godzilla vs. Kong!,2021-04-17 18:11:18+00:00,427700,23474,4133,1056,22.229166666666668,0.0449859418931583,6.701660042085574
Ben Shapiro,"Ben Shapiro Q&A: Systemic Racism Debate, Socialism vs Capitalism, Artificial Intelligence",2021-04-18 17:52:53+00:00,883996,28510,1785,495,57.5959595959596,0.0173623290073658,3.483047434603777
Ben Shapiro,INSANE: Twitter BANS Project Veritas' O'Keefe After EXPOSING CNN,2021-04-19 14:53:47+00:00,203061,21000,1621,106,198.11320754716985,0.005047619047619,11.19220332806398
Ben Shapiro,The Most Dangerous Insurrectionists Aren’t Trump Fans | Ep. 1238,2021-04-19 17:00:12+00:00,538104,21297,4759,4818,4.4202988792029885,0.2262290463445555,5.737552592063987
Ben Shapiro,They WANT America To BURN,2021-04-19 22:36:37+00:00,145834,12752,1576,95,134.23157894736843,0.0074498117942283,9.890011931374028
Ben Shapiro,Leftists: Saying 'Anglo-Saxon' is Now Racist,2021-04-19 22:48:45+00:00,316210,17467,2583,202,86.47029702970298,0.0115646647964733,6.404604534960943
Ben Shapiro,Raging Waters | Ep. 1239,2021-04-20 17:00:15+00:00,492559,12770,2030,907,14.079382579933847,0.071025841816758,3.1888565633761643
Ben Shapiro,BREAKING: Derek Chauvin Found Guilty On All Charges,2021-04-20 22:42:24+00:00,1530036,56640,18340,4058,13.957614588467225,0.0716454802259887,5.165760805628103
Ben Shapiro,The Jury Got It Wrong | Ep. 1240,2021-04-21 17:00:12+00:00,575342,23318,9682,7457,3.126994770014752,0.3197958658547045,7.0318175971856745
Ben Shapiro,A Deep Dive Into The Derek Chauvin Guilty Verdict,2021-04-21 22:06:50+00:00,397989,17129,3877,647,26.474497681607417,0.0377721991943487,5.440602629720922
Ben Shapiro,The REAL Reason Derek Chauvin Was Convicted Of Murder,2021-04-21 22:17:41+00:00,304063,21567,3304,698,30.898280802292263,0.0323642602123614,8.409112585220827
Ben Shapiro,Why The Chauvin Guilty Verdict Will Not Satisfy The Left,2021-04-22 00:00:00+00:00,143413,9347,1578,261,35.81226053639847,0.0279233978816732,7.799850780612637
Ben Shapiro,LeBron’s Cop-Hating America | Ep. 1241,2021-04-22 17:00:15+00:00,359883,15378,2982,316,48.66455696202532,0.0205488359994797,5.189464353692728
Ben Shapiro,Shapiro SLAMS LeBron Over INSANE Tweet,2021-04-22 21:36:20+00:00,1019552,59196,8318,1132,52.29328621908128,0.0191229137103858,6.7329572204262265
Ben Shapiro,Shapiro RIPS The Left's Reaction To Ma'Khia Bryant Shooting,2021-04-22 22:45:01+00:00,726278,53863,5664,478,112.68410041841004,0.0088743664482112,8.261987833859761
Ben Shapiro,Trashing The Cops Gets Black Americans Killed | Ep. 1242,2021-04-23 17:00:12+00:00,408887,17482,3768,272,64.2720588235294,0.015558860542272,5.263556924040138
Ben Shapiro,New Footage The Media Won't Show You From The Ma’Khia Bryant Shooting,2021-04-23 21:57:38+00:00,569615,37436,4844,246,152.1788617886179,0.0065712148733839,7.465744406309525
Ben Shapiro,Ben Shapiro and Candace Owens Interview Each Other!,2021-04-24 21:29:45+00:00,343369,22614,2080,333,67.90990990990991,0.0147253913504908,7.288660304220823
Ben Shapiro,Dave Portnoy | The Ben Shapiro Show Sunday Special Ep. 113,2021-04-25 12:00:24+00:00,898348,21569,1707,1111,19.414041404140413,0.0515091102971857,2.714649556741931
Ben Shapiro,Dave Portnoy: Trump Broke So Many People's Brains,2021-04-25 19:33:15+00:00,1067924,36328,2298,1302,27.901689708141323,0.0358401233208544,3.738842839003525
Ben Shapiro,"Dave Portnoy, Barstool's El Presidente, Talks Cancel Culture and How To Stay True To Who You Are",2021-04-25 21:00:01+00:00,104992,3901,403,81,48.160493827160494,0.0207639066905921,4.1765086863761045
Ben Shapiro,Is Joe Biden In Trouble? | Ep. 1243,2021-04-26 17:00:13+00:00,752331,21997,3863,1947,11.29789419619928,0.0885120698277037,3.6961124824046863
Ben Shapiro,THIS Is Why Biden And The Dems Are In TROUBLE,2021-04-26 22:47:51+00:00,839697,49243,5231,744,66.18682795698925,0.015108746420811,6.575943465321419
Ben Shapiro,"Shapiro WRECKS The Oscars: ""Hollywood Hates Its Audience""",2021-04-26 23:30:02+00:00,705282,37845,4180,518,73.05984555984556,0.0136874091689787,6.032055263001182
Ben Shapiro,Blue States Take A Hit | Ep. 1244,2021-04-27 17:00:14+00:00,337001,14823,2102,360,41.175,0.0242865816636308,5.129064898917214
Ben Shapiro,The WORST Academy Awards Of All Time (2021 Oscars),2021-04-27 21:25:11+00:00,1061202,52193,7007,1341,38.92095451155854,0.0256931006073611,5.704945900968901
Ben Shapiro,MASS EXODUS: Red States Gain Seats As People Flee Democrat-Run Areas,2021-04-27 22:31:16+00:00,300598,20309,2719,143,142.020979020979,0.007041213255207,7.708301452438141
Ben Shapiro,Shapiro Reacts To Disgusting Race-Baiting Tweet,2021-04-27 23:30:06+00:00,662358,42656,5945,436,97.8348623853211,0.0102213053263315,7.403398162323094
Ben Shapiro,Why Biden Is GOING FOR BROKE,2021-04-29 01:40:51+00:00,488307,22489,2795,428,52.544392523364486,0.0190315265240784,5.265539916486964
Ben Shapiro,Biden’s Coma-Inducing Radicalism | Ep. 1246,2021-04-29 17:00:14+00:00,358547,13750,2224,812,16.93349753694581,0.0590545454545454,4.681673532340251
Ben Shapiro,The MOST INSANE Part Of Biden's Speech,2021-04-29 22:30:06+00:00,352407,28565,3207,382,74.77748691099477,0.0133730089270085,9.12410933948531
Ben Shapiro,Why Leftists Unleashed FULL RACIST RAGE Against Senator Tim Scott,2021-04-29 23:30:03+00:00,445173,35065,3548,283,123.90459363957598,0.0080707257949522,8.737277417992557
Ben Shapiro,Uncle Tim And The Very Racist Left | Ep. 1247,2021-04-30 17:00:14+00:00,286038,11915,1551,1571,7.584341183959261,0.13185060847671,5.256993825995147
Ben Shapiro,Leftists LOSE IT After Senator Scott Says America Is Not A Racist Country,2021-04-30 20:33:00+00:00,327901,20986,1963,200,104.93,0.0095301629657867,7.059752791238819
Ben Shapiro,Here's What @DailyWirePlus Uncovered About Biden's Border Crisis,2021-04-30 21:22:57+00:00,115255,7714,465,56,137.75,0.0072595281306715,7.145026246149842
Ben Shapiro,Joe Rogan’s Thoughts On The Rise Of The Intellectual Dark Web,2021-05-01 15:00:13+00:00,1598628,61701,4419,1011,61.02967359050445,0.0163854718724169,4.199288389794249
Ben Shapiro,Andrew Yang Makes the Case for Universal Basic Income,2021-05-01 18:00:15+00:00,831067,33127,8492,854,38.7903981264637,0.0257795755727956,5.110658948075185
Ben Shapiro,Larry Elder Explains How He Became A Conservative,2021-05-01 20:00:09+00:00,1447895,119976,6263,1403,85.51389878831077,0.0116940054677602,8.815694508234367
Ben Shapiro,Jordan Peterson | The Ben Shapiro Show Sunday Special Ep. 114,2021-05-02 12:00:25+00:00,1193678,47744,6632,1017,46.945919370698135,0.0213011058981233,4.640531198530927
Ben Shapiro,Jordan Peterson On The Emptiness Of Hook-Up Culture,2021-05-02 16:00:31+00:00,1342749,68524,6044,1148,59.68989547038328,0.0167532543342478,5.638879641690293
Ben Shapiro,Jordan Peterson Reacts To Red Skull Comic,2021-05-02 19:00:07+00:00,512599,24506,2056,415,59.05060240963856,0.016934628254305,5.262788261389508
Ben Shapiro,The Establishment Media Are Driving Us Toward Civil War | Ep. 1248,2021-05-03 17:00:14+00:00,601500,24267,8284,5983,4.055991977268929,0.246548811142704,6.406317539484621
Ben Shapiro,NYT Columnist Makes An INSANE Claim About Racism In America,2021-05-03 22:51:59+00:00,196875,12037,1407,122,98.6639344262295,0.0101354158012793,6.890666666666667
Ben Shapiro,Left vs Right: Who's More Likely To Push Fake News?,2021-05-03 23:30:01+00:00,113239,7524,1072,179,42.03351955307262,0.0237905369484316,7.749097042538349
Ben Shapiro,The Biggest Story In The Country Nobody Will Report | Ep. 1249,2021-05-04 17:00:14+00:00,420553,19909,2699,927,21.47680690399137,0.046561856446833,5.596203094497008
Ben Shapiro,Teacher's DISGUSTING Cop Meltdown & A Case For Chauvin Mistrial,2021-05-04 22:43:21+00:00,510872,25902,3551,439,59.00227790432802,0.0169484981854683,5.851172113562693
Ben Shapiro,Facebook Upholds BOGUS Trump Ban,2021-05-05 16:56:23+00:00,84986,6210,855,129,48.13953488372093,0.0207729468599033,8.464923634480973
Ben Shapiro,Facebook's Anti-Free Speech Rulers Maintain Their Trump Ban | Ep. 1250,2021-05-05 17:00:14+00:00,223687,8245,1484,342,24.108187134502923,0.0414796846573681,4.502273265768686
Ben Shapiro,Liz Cheney Is Not Forwarding The Republican Agenda,2021-05-05 21:05:13+00:00,91488,4443,1370,404,10.997524752475249,0.0909295521044339,6.795426722630291
Ben Shapiro,How Conservatives Can Fight Back Against Big Tech Censorship (w/Sen. Josh Hawley),2021-05-05 23:00:08+00:00,75475,5705,757,147,38.80952380952381,0.0257668711656441,8.756541901291818
Ben Shapiro,Inflation Is On The Horizon | Biden's INSANE Spending Problem,2021-05-06 01:00:08+00:00,193855,11708,1614,201,58.24875621890547,0.0171677485480013,6.97583245209048
Ben Shapiro,Who Will They Ban Next? | Ep. 1251,2021-05-06 17:00:15+00:00,263120,10092,1573,284,35.53521126760563,0.0281411018628616,4.541273943447856
Ben Shapiro,The Left's Push For Big Tech Authoritarianism,2021-05-06 22:30:02+00:00,65343,5266,866,116,45.39655172413793,0.0220281048233953,9.56185054252177
Ben Shapiro,The Democrat Agenda To EXPAND Government,2021-05-07 00:00:01+00:00,122051,8040,1125,143,56.22377622377623,0.0177860696517412,7.626320144857478
Ben Shapiro,Happy Birthing Person’s Day! | Ep. 1252,2021-05-07 17:00:15+00:00,334406,10570,2831,2444,4.324877250409165,0.2312204351939451,4.738252304085453
Ben Shapiro,SHAPIRO REACTS: New Yorkers SHOCKED to Learn THE TRUTH About Tax Rates in America,2021-05-07 20:45:00+00:00,3993038,159767,20319,4190,38.13054892601432,0.0262256911627557,4.614932289650136
Ben Shapiro,"INSANE: Dems Redefine Mothers As ""Birthing People""",2021-05-08 00:02:51+00:00,356628,22741,5185,217,104.79723502304148,0.0095422364891605,7.891416265688616
Ben Shapiro,Ben Shapiro Reviews Biden’s First 100 Days As President,2021-05-08 17:00:05+00:00,361921,23281,2135,713,32.65217391304348,0.0306258322237017,7.21953133418619
Ben Shapiro,Dave Ramsey Reveals How to Overcome a Victim Mentality,2021-05-09 17:00:26+00:00,103531,6301,488,87,72.42528735632185,0.0138073321694969,6.6414890226115855
Ben Shapiro,Jordan Peterson on Wealth Inequality and Taking Personal Responsibility,2021-05-09 20:00:01+00:00,335088,15117,1486,281,53.79715302491103,0.0185883442481973,5.038676407391491
Ben Shapiro,How To Fight Back Against Cancel Culture,2021-05-09 23:00:12+00:00,639860,29589,3129,457,64.74617067833698,0.0154449288586974,5.184727909230144
Ben Shapiro,Biden Is Already Wrecking The Economy | Ep. 1253,2021-05-10 17:00:13+00:00,324333,13564,2593,1967,6.895780376207423,0.1450162194043055,5.58808385209029
Ben Shapiro,Shapiro On Biden's HUGE Jobs FAIL,2021-05-10 22:34:09+00:00,192377,12065,1425,134,90.03731343283582,0.0111065064235391,7.081927673266556
Ben Shapiro,3 SHOCKING Examples Of The Left Fomenting Racial Polarization,2021-05-10 23:30:06+00:00,151219,9933,967,115,86.37391304347825,0.0115775697171046,7.28413757530469
Ben Shapiro,Ignorant Media Suggest Both Sides to Blame for Recent VIOLENCE in Jerusalem,2021-05-11 00:30:03+00:00,581221,26743,7858,8498,3.1469757590021183,0.3177653965523688,7.4152516856755
Ben Shapiro,The Left Nods At Jew-Hatred | Ep. 1254,2021-05-11 17:00:15+00:00,364884,16390,3112,1268,12.925867507886435,0.0773642464917632,5.692219993203319
Ben Shapiro,CRAP SHOW: Biden's Gas SHORTAGE And Other Disasters,2021-05-11 22:51:00+00:00,438685,25912,3557,346,74.89017341040463,0.0133528866934238,6.796448476697403
Ben Shapiro,Here's How BAD Biden's Middle East Plan Is,2021-05-12 00:00:03+00:00,327831,23541,2155,544,43.27389705882353,0.0231086190051399,8.004124076124588
Ben Shapiro,Joe Biden Is Jimmy Carter: The Revenge | Ep. 1255,2021-05-12 17:00:14+00:00,411802,16683,3147,2314,7.209593777009507,0.1387040700113888,5.377341537923566
Ben Shapiro,Why Rockets Are Raining Down On Innocent Israelis,2021-05-12 22:11:31+00:00,830371,50072,13364,12808,3.909431605246721,0.2557916600095862,9.18191988882078
Ben Shapiro,INSANE INFLATION: Biden MISSING After Setting Everything ON FIRE,2021-05-13 14:19:59+00:00,207730,17305,1673,148,116.92567567567568,0.0085524414908985,9.20714388870168
Ben Shapiro,Bidinflation | Ep. 1256,2021-05-13 17:00:14+00:00,414869,15178,2913,3881,3.9108477196598814,0.2556990380814336,5.296129621639602
Ben Shapiro,Why Cheney Was OUSTED From GOP Leadership,2021-05-13 22:47:54+00:00,199302,13044,1533,580,22.489655172413794,0.0444648880711438,7.605041595167133
Ben Shapiro,DISGUSTING: Leftists COVER For Terrorist Group Hamas,2021-05-14 00:00:11+00:00,512413,37998,9381,6799,5.588763053390204,0.1789304700247381,10.573111923389922
Ben Shapiro,Your Idiot Rulers Finally Say The Masks Can Come Off | Ep. 1257,2021-05-14 17:00:14+00:00,461172,20966,4013,676,31.014792899408285,0.0322426786225317,5.563000355615692
Ben Shapiro,DEBUNKED: Transgender Ideology,2021-05-15 17:00:10+00:00,1118959,106048,19015,5702,18.59838653104174,0.0537681050090525,11.686308434893505
Ben Shapiro,CDC FINALLY Announces Vaccinated People Can Take Off Masks,2021-05-15 21:00:21+00:00,127476,8739,1639,231,37.83116883116883,0.0264332303467215,8.322350873889988
Ben Shapiro,Biden Struggles To Read The Teleprompter As Inflation SKYROCKETS,2021-05-16 00:00:03+00:00,918222,46622,4809,570,81.79298245614035,0.012225987731114,5.663227411236062
Ben Shapiro,Liberal Student Challenges Shapiro on Systemic Racism Debate,2021-05-16 17:00:08+00:00,559947,31792,1940,381,83.44356955380577,0.0119841469552088,6.092183724531072
Ben Shapiro,Student Asks Shapiro: Should I Date A Leftist?,2021-05-16 20:00:12+00:00,636114,32572,2472,968,33.64876033057851,0.0297187768635637,5.661249398692688
Ben Shapiro,SCHIFF: Money Printing Is Destroying the Value of the Dollar,2021-05-17 23:10:21+00:00,341793,18379,2454,300,61.263333333333335,0.0163229773110615,6.182982097351321
Ben Shapiro,The Masks Are All Coming Off | Ep. 1258,2021-05-19 17:00:14+00:00,417982,22752,2741,424,53.66037735849056,0.0186357243319268,6.200506241895584
Ben Shapiro,Shapiro On Andrew Brown Jr. Body-Cam Vid & Dem Mayor's Racist Protocol,2021-05-20 00:10:31+00:00,261503,14940,1610,178,83.93258426966293,0.0119143239625167,6.396867339954035
Ben Shapiro,What The Media Won't Tell You About The Strike On AP Office Building,2021-05-20 01:00:03+00:00,257915,19609,2297,1616,12.134282178217822,0.0824111377428731,9.12005893414497
Ben Shapiro,The Democrats Need January 6 | Ep. 1259,2021-05-20 17:00:13+00:00,343778,12933,3420,2168,5.965405904059041,0.1676331864223304,5.38748843730547
Ben Shapiro,Shapiro On Critical Race Theory INSANITY & HUGE Cryptocurrency Development,2021-05-20 23:06:57+00:00,290847,13470,1384,223,60.403587443946186,0.0165553080920564,5.183825172685295
Ben Shapiro,Shapiro RIPS Pelosi And Dems Over Capitol Riot Commission,2021-05-21 00:15:00+00:00,121035,8380,1580,245,34.204081632653065,0.029236276849642,8.43144544966332
Ben Shapiro,"Chris Cuomo Is Smaht, Not Like Everyone Says, Like Dumb | Ep. 1260",2021-05-21 17:00:11+00:00,464666,14542,2199,1326,10.96681749622926,0.0911841562371063,3.8881691365410855
Ben Shapiro,BUSTED: Chris Cuomo ADVISED Brother During Sexual Harassment Scandals,2021-05-21 21:39:11+00:00,128922,8049,611,110,73.17272727272727,0.0136662939495589,6.8025627899039725
Ben Shapiro,Shapiro Reacts To Brutal Videos Showing Latest Anti-Semitic Attacks In America,2021-05-21 23:00:12+00:00,426959,29144,5203,1259,23.14853057982526,0.0431992863024979,8.339442428898325
Ben Shapiro,Ben Shapiro Rewatches the Top Viral Moments of His Career — Volume 2!,2021-05-22 16:00:13+00:00,5172254,168934,7800,2204,76.64882032667876,0.0130465152071223,3.459574877799892
Ben Shapiro,IDF Spokesman Explains How The Iron Dome Actually Works,2021-05-22 19:00:09+00:00,265404,21464,2305,644,33.32919254658385,0.0300037271710771,9.198429563985473
Ben Shapiro,David Horowitz | The Ben Shapiro Show Sunday Special Ep. 115,2021-05-23 12:00:03+00:00,286307,11789,1906,524,22.498091603053435,0.0444482144371872,4.966347312500218
Ben Shapiro,How Cultural Marxism Births a One-Party System,2021-05-23 15:00:17+00:00,71973,4826,576,118,40.898305084745765,0.0244508910070451,7.669542745196114
Ben Shapiro,How the Right Can Fight Back VS How the Left Fights Back,2021-05-23 19:00:02+00:00,85019,6114,796,162,37.74074074074074,0.0264965652600588,8.318140650913325
Ben Shapiro,Jew-Hatred Is So Hot Right Now | Ep. 1261,2021-05-24 17:00:11+00:00,374764,20371,4823,1082,18.827171903881705,0.0531147219085955,7.011345806961181
Ben Shapiro,INSANE: Iran-Backed Hamas ADMITS To Attacking Civilians,2021-05-25 02:12:26+00:00,112046,8771,1288,460,19.067391304347822,0.0524455592292783,9.388108455455797
Ben Shapiro,China Is Winning Because We're Surrendering | Ep. 1262,2021-05-25 17:00:10+00:00,299448,13928,2051,359,38.7966573816156,0.0257754164273406,5.456039111966017
Ben Shapiro,Shapiro REACTS To Shocking Anti-Semitic Protestor Chant,2021-05-25 22:48:13+00:00,167078,12385,2207,402,30.808457711442784,0.0324586192975373,8.974251547181556
Ben Shapiro,PATHETIC: Shapiro Reacts To John Cena's APOLOGY To CHINA,2021-05-25 23:30:00+00:00,704199,38539,5475,1646,23.413730255164037,0.0427099820960585,6.483962629881611
Ben Shapiro,Shapiro EXPOSES Connection Between BLM & 2021 CRIME SPIKE,2021-05-26 00:45:00+00:00,134112,10064,1020,150,67.09333333333333,0.0149046104928457,8.376580768313053
Ben Shapiro,Ben Shapiro Explains Why He Wears A Yarmulke,2021-05-26 13:00:04+00:00,432388,33980,7027,1297,26.198920585967617,0.0381695114773396,9.783805285993136
Ben Shapiro,"One Year Since George Floyd’s Death, BLM Has Made Everything Worse | Ep. 1263",2021-05-26 17:00:16+00:00,260402,12731,1884,397,32.068010075566754,0.0311837247663184,5.764932681008594
Ben Shapiro,Ben Shapiro DESTROYS Seth Rogen's Cancel Culture Comments,2021-05-26 21:53:48+00:00,978523,49618,4654,1403,35.36564504632929,0.0282760288604941,5.68969763613119
Ben Shapiro,Rise Of BLM Associated With HUGE Crime Spike,2021-05-26 23:30:02+00:00,135006,10650,1396,191,55.75916230366492,0.0179342723004694,9.064041598151192
Ben Shapiro,Joe Biden Will Spend All Your Money Before He Goes | Ep. 1264,2021-05-27 17:00:11+00:00,248201,11076,1496,279,39.69892473118279,0.0251895991332611,5.177658430062731
Ben Shapiro,Shapiro BLASTS Dems For MASSIVE Border Crisis HYPOCRISY,2021-05-27 18:45:21+00:00,62649,4715,423,74,63.71621621621622,0.0156945917285259,8.319366629954189
Ben Shapiro,"""FANTASYLAND BULLCRAP"": Shapiro WRECKS Biden's DISASTROUS Plan",2021-05-27 22:57:00+00:00,93370,6446,653,109,59.13761467889909,0.0169097114489605,7.71982435471779
Ben Shapiro,The SHOCKING Woke-ification Of America's Military,2021-05-28 00:00:01+00:00,128761,8410,1279,155,54.25806451612903,0.0184304399524375,7.645172062969377
Ben Shapiro,"Play Stupid Games, Win Stupid Prizes | Ep. 1265",2021-05-28 17:00:11+00:00,248178,10130,1210,210,48.23809523809524,0.0207305034550839,4.653917752580809
Ben Shapiro,The REAL REASON Dems Are PUSHING The Jan. 6th Commission,2021-05-29 00:17:35+00:00,246712,13952,2668,356,39.19101123595506,0.0255160550458715,6.88089756477188
Ben Shapiro,Ben Shapiro Exposes the HUGE PROBLEM Caused by Feminism,2021-05-30 13:00:30+00:00,2142509,68986,4093,1404,49.135327635327634,0.0203519554692256,3.476438138649593
Ben Shapiro,"""This Is MADNESS"" — Chicago ENDING Police Foot Pursuits",2021-05-30 16:03:59+00:00,556547,32638,6005,333,98.012012012012,0.0102028310558244,7.003182121186531
Ben Shapiro,Ben Shapiro Explains Basic Biology to a College Student,2021-05-30 17:00:20+00:00,5137433,126254,13253,2337,54.023962344886606,0.0185103046240119,2.76098977835818
Ben Shapiro,Ben Shapiro DUNKS on ESPN’s Far-Left Bias,2021-05-30 21:00:05+00:00,581111,15287,1291,424,36.05424528301887,0.0277359848237064,2.9257749380066804
Ben Shapiro,What Real Bravery Looks Like,2021-05-31 14:40:52+00:00,144378,13397,1218,146,91.76027397260276,0.01089796223035,10.22385682029118
Ben Shapiro,Shapiro Answers: How Can You Be Pro-Life AND Pro-Gun?,2021-05-31 19:00:16+00:00,507682,26290,3836,537,48.95716945996276,0.0204260174971472,6.03980444451448
Ben Shapiro,Has Wokeness RUINED Sports? (w/Clay Travis),2021-05-31 22:00:18+00:00,146168,8555,1142,105,81.47619047619048,0.0122735242548217,6.7059821575173775
Ben Shapiro,When Demand For Racism Outstrips Supply | Ep. 1266,2021-06-01 17:00:11+00:00,324514,13998,1906,298,46.97315436241611,0.0212887555365052,4.992696771171659
Ben Shapiro,SHAPIRO: How The Left Is OPENING The Door For Trump's Return,2021-06-01 21:57:15+00:00,579065,45560,4538,405,112.49382716049382,0.0088893766461808,8.721473409720842
Ben Shapiro,Shapiro LEVELS Biden's Memorial Day Speech,2021-06-01 23:00:28+00:00,203498,13396,1418,230,58.243478260869566,0.0171693042699313,7.392701648173447
Ben Shapiro,Shapiro Reacts to INSANE Sex Ed Video Shown to FIRST GRADERS,2021-06-02 00:00:01+00:00,1019553,46695,6630,1092,42.760989010989015,0.0233858014776742,5.337339010330997
Ben Shapiro,Shapiro RIPS Biden And The Left For INSANE Racism Claims,2021-06-02 23:36:10+00:00,205953,13322,2468,177,75.26553672316385,0.0132862933493469,7.752739702747714
Ben Shapiro,The Fauci Emails | Ep. 1267,2021-06-03 16:59:33+00:00,199636,7449,904,507,14.692307692307692,0.0680628272251308,4.438077300687251
Ben Shapiro,We Didn’t Start The Fire | Ep. 1268,2021-06-03 17:00:11+00:00,266312,11664,1395,273,42.72527472527472,0.0234053497942386,5.006158190393223
Ben Shapiro,What Fauci's EXPOSED Emails REVEAL,2021-06-03 22:39:03+00:00,323368,22372,1606,299,74.82274247491638,0.0133649204362596,7.507545582741644
Ben Shapiro,Shapiro SLAMS the Left for Cheering HORRID Pro-Abortion Speech,2021-06-03 23:01:08+00:00,205462,12933,3682,544,23.77389705882353,0.0420629397664888,8.351422647496861
Ben Shapiro,LeBron Goes Viral For Leaving Game Early After Loss,2021-06-04 00:30:01+00:00,837602,40950,6074,1029,39.795918367346935,0.0251282051282051,5.736972929864064
Ben Shapiro,BOOM: Shapiro SETTLES Culture War ORIGINS Debate,2021-06-04 12:00:32+00:00,74070,5326,601,74,71.97297297297297,0.0138941043935411,8.101795598757931
Ben Shapiro,Escape From New York | Ep. 1269,2021-06-04 17:00:12+00:00,334270,13933,1867,740,18.82837837837838,0.0531113184525945,4.948095850659646
Ben Shapiro,INSANE: AOC Blames TRUMP For Her Grandmother’s Living Conditions,2021-06-04 22:17:03+00:00,277624,20604,2132,204,101.0,0.0099009900990099,8.262974382618218
Ben Shapiro,BOMBSHELL: The IMPLOSION Of The Wuhan Lab Leak COVER-UP,2021-06-04 23:30:30+00:00,629902,32973,3596,428,77.03971962616822,0.0129803172292481,5.873453330835591
Ben Shapiro,Here’s THE TRUTH About the Israeli-Palestinian Conflict (A Comprehensive History),2021-06-05 19:00:08+00:00,6235521,211672,40550,12693,16.676278263609863,0.0599654181941872,4.248482203812641
Ben Shapiro,Shapiro Reveals The 3 Keys To Escaping Generational Poverty,2021-06-06 13:00:08+00:00,272781,10863,1439,205,52.99024390243903,0.018871398324588,4.584996755639139
Ben Shapiro,Shapiro Explains Why Communism Is EVIL,2021-06-06 17:00:32+00:00,400743,26184,3560,512,51.140625,0.019553926061717,7.549975919729103
Ben Shapiro,Ben Shapiro Explains the Beauty of the Free Market,2021-06-06 21:00:12+00:00,158191,8853,685,84,105.39285714285714,0.0094883090477804,6.082520497373428
Ben Shapiro,Is The Biden Administration Already Over? | Ep. 1270,2021-06-07 17:00:09+00:00,335015,17486,1852,272,64.28676470588235,0.0155553013839643,5.853469247645628
Ben Shapiro,AOC's Family REJECTS $100K In Charity From Conservatives,2021-06-07 21:17:41+00:00,535157,38472,4073,315,122.13333333333334,0.0081877729257641,8.008864688306423
Ben Shapiro,"""We Don't Trust You"": Shapiro BLASTS Biden, Fauci, And Facebook",2021-06-07 23:00:10+00:00,205842,15550,1132,149,104.36241610738254,0.0095819935691318,8.176659768171705
Ben Shapiro,"For Biden, Being Transgender Is The New Storming The Beaches of Normandy | Ep. 1271",2021-06-08 17:00:11+00:00,321590,14089,3262,1834,7.682115594329335,0.1301724749804812,5.965670574333779
Ben Shapiro,WOKE INSANITY: Shapiro RIPS NatGeo's RACE CARD & Obama's BLAME GAME,2021-06-08 22:39:53+00:00,205114,14119,1635,122,115.72950819672133,0.0086408385863021,7.740086000955566
Ben Shapiro,"SHAPIRO: No, The Pride Flag Shouldn't Be Flown At U.S. Bases",2021-06-08 23:30:09+00:00,294853,21392,4225,724,29.54696132596685,0.0338444278234854,8.933604202772228
Ben Shapiro,WATCH: Kamala MELTS DOWN After Being Confronted Over Border Crisis,2021-06-09 01:00:03+00:00,870122,54793,5205,435,125.96091954022988,0.007938970306426,6.945347893743636
Ben Shapiro,Hunter Biden Said The N-Word | Ep. 1272,2021-06-09 17:00:10+00:00,303959,13582,1998,920,14.763043478260869,0.0677367103519363,5.428363693787649
Ben Shapiro,The Dems' VERY SERIOUS Kamala PROBLEM,2021-06-09 22:44:29+00:00,988756,47661,6122,549,86.81420765027322,0.0115188518914836,5.494985618292076
Ben Shapiro,"Guess Who's Cancelled: Hunter For Alleged N-Word Use Or Chris Harrison For ""Showing Grace?""",2021-06-10 00:00:01+00:00,227518,10827,1183,125,86.616,0.0115452110464579,5.333643931469158
Ben Shapiro,Your Experts Are Self-Serving Idiots | Ep. 1273,2021-06-10 17:00:09+00:00,247404,11303,1627,766,14.755874673629243,0.0677696186853047,5.535884625955927
Ben Shapiro,WATCH: Nickelodeon Pushes Trans Propaganda On Young Children,2021-06-10 23:11:49+00:00,994929,58450,12540,3085,18.946515397082656,0.0527801539777587,7.445254887534689
Ben Shapiro,FAKE NEWS: These Two HUGE Media Lies Against Trump Just CRUMBLED,2021-06-11 00:30:06+00:00,721799,47515,3325,451,105.35476718403548,0.0094917394506997,7.105994882231757
Ben Shapiro,No One Is Too Radical For The Democratic Party | Ep. 1274,2021-06-11 17:00:09+00:00,249290,9426,1315,659,14.30349013657056,0.0699130065775514,4.572987283886237
Ben Shapiro,INSANE: Ilhan Omar Compares the U.S. to Terrorist Groups,2021-06-11 23:07:16+00:00,176155,14460,2750,313,46.198083067092654,0.0216459197786998,9.947489426925152
Ben Shapiro,"""Angry At The Wrong People"" — Shapiro On Corporations Buying Up Houses",2021-06-12 01:00:00+00:00,221298,10653,1892,923,11.541711809317444,0.0866422603961325,6.085911305117985
Ben Shapiro,WOKABULARY: How Well Does Ben Shapiro Know Woke Terms?!,2021-06-12 19:00:06+00:00,1209016,65702,4667,1052,62.45437262357415,0.016011689141883,5.907365990193679
Ben Shapiro,Jordan Peterson: Why Men and Women are Different,2021-06-12 22:00:10+00:00,805877,51090,2819,663,77.05882352941177,0.0129770992366412,6.771753009454297
Ben Shapiro,How To Survive College as a Conservative,2021-06-13 13:00:19+00:00,177639,9901,719,205,48.29756097560976,0.0207049792950207,6.093819487837694
Ben Shapiro,Student CHALLENGES Ben Shapiro on Transgenderism,2021-06-13 17:00:15+00:00,313509,14953,1317,161,92.87577639751552,0.0107670701531465,5.240997866089969
Ben Shapiro,Progressive Asks Shapiro About the Rise of Biased News Sources,2021-06-13 21:00:29+00:00,260755,10683,868,128,83.4609375,0.0119816530937002,4.478916991045234
Ben Shapiro,The Great Truth I’ve Learned From Megan Thee Stallion | Ep. 1275,2021-06-14 17:00:11+00:00,301508,14239,2602,281,50.67259786476868,0.0197345319193763,5.678787959191796
Ben Shapiro,CRINGE: Shapiro On Biden's INSANE Antics At G7,2021-06-14 22:12:23+00:00,500644,30464,4776,403,75.59305210918114,0.0132287289915966,7.11943017393597
Ben Shapiro,"Ben Shapiro Reviews ""Thot Sh*t"" By Megan Thee Stallion",2021-06-15 00:00:04+00:00,545166,39655,7427,3794,10.452029520295204,0.0956751985878199,9.332203402266463
Ben Shapiro,How to Respond When You’re Falsely Labeled a Racist,2021-06-15 14:54:39+00:00,1759035,66173,3929,678,97.60029498525074,0.0102458706723285,4.023797138772111
Ben Shapiro,Joe And Vladimir: A Love Story | Ep. 1276,2021-06-15 17:00:09+00:00,230404,8285,1506,1546,5.358990944372574,0.1866022933011466,4.920487491536605
Ben Shapiro,Jon Stewart SOUNDS OFF on Wuhan Lab Leak Theory and He's NOT WRONG! Shapiro Reacts.,2021-06-15 22:33:25+00:00,668807,47989,2834,729,65.82853223593965,0.0151909812665402,7.708053294896734
Ben Shapiro,The WOKE Come For Tom Hanks And Lin-Manuel Miranda,2021-06-16 00:00:11+00:00,422405,20491,2363,223,91.88789237668162,0.0108828266068029,5.463240255205312
Ben Shapiro,WATCH: Biden's Obvious Mental Decline On FULL Display,2021-06-16 01:30:01+00:00,354813,24398,2736,310,78.70322580645161,0.0127059595048774,7.734778601685958
Ben Shapiro,Shoplifting From Walgreens To Fight Systemic Racism | Ep. 1277,2021-06-16 17:00:12+00:00,265469,10371,1509,269,38.553903345724905,0.0259377109246938,4.576428886235305
Ben Shapiro,"Shapiro REACTS To Viral SHOPLIFTING Video (San Francisco, CA)",2021-06-16 21:47:27+00:00,704340,28918,4482,373,77.52815013404826,0.0128985407012933,4.794985376380725
Ben Shapiro,Biden Domestic Terror Plan Will Include ‘Anti-Radicalization’ Training For Retiring Military,2021-06-16 22:44:11+00:00,122381,9003,1453,108,83.36111111111111,0.011996001332889,8.632058898031557
Ben Shapiro,Old Joe Meets The Bond Villain | Ep. 1278,2021-06-17 17:00:11+00:00,248296,9836,1401,435,22.611494252873563,0.0442252948352989,4.700840931791088
Ben Shapiro,WATCH: Biden Yells At CNN Reporter Who Questioned Him & CNN's SHOCKING Response,2021-06-17 21:57:23+00:00,479076,26283,2020,264,99.5568181818182,0.0100445154662709,5.962936987033372
Ben Shapiro,Leftists Suddenly Outraged Over Juneteenth Federal Holiday,2021-06-17 23:30:05+00:00,887591,41979,4631,612,68.59313725490196,0.0145787179303937,5.320243220131795
Ben Shapiro,Supreme Disappointment | Ep. 1279,2021-06-18 17:00:12+00:00,267166,10263,1483,349,29.406876790830943,0.0340056513689954,4.5271479155281735
Ben Shapiro,REACTION: Asking Vaccinated People Why They’re Wearing A Mask Outside,2021-06-18 20:32:39+00:00,1005456,48332,9257,1462,33.05882352941177,0.0302491103202846,5.873056603173088
Ben Shapiro,Shapiro WRECKS Navy Admiral and Chicago Mayor Over Critical Race Theory,2021-06-18 22:30:00+00:00,107064,7087,988,102,69.48039215686275,0.0143925497389586,7.637487857729956
Ben Shapiro,"""BAD Chief Justice"": Shapiro RIPS Roberts Over LGBT Ruling",2021-06-19 00:00:10+00:00,321984,18060,2157,440,41.04545454545455,0.0243632336655592,6.415536175710594
Ben Shapiro,INFLATION: How Money-Printing & President Biden Impact Your Wallet,2021-06-19 16:38:20+00:00,428538,23172,2932,401,57.785536159600994,0.0173053685482478,6.184982428629433
Ben Shapiro,Are The Police Systemically Racist?,2021-06-20 13:00:14+00:00,132700,9134,812,132,69.1969696969697,0.0144514998905189,7.59457422758101
Ben Shapiro,Is Britain Better or Worse for Conservatives than the U.S.?,2021-06-20 17:00:33+00:00,187402,10449,1830,135,77.4,0.0129198966408268,6.624262281085581
Ben Shapiro,Dave Portnoy on the GameStop Stock Debacle,2021-06-20 21:00:11+00:00,137692,4686,760,165,28.4,0.0352112676056338,4.075037039188914
Ben Shapiro,How To Defeat Critical Race Theory | Ep. 1280,2021-06-21 17:00:12+00:00,347593,15647,2869,427,36.6440281030445,0.0272895762766025,5.449764523451277
Ben Shapiro,"Shapiro DISMANTLES WaPo's ""Understanding Your Whiteness"" Video",2021-06-21 22:29:27+00:00,225806,16674,3759,107,155.83177570093457,0.0064171764423653,9.096303906893528
Ben Shapiro,The PUSHBACK Goes VIRAL: Parents Have Had ENOUGH With CRT,2021-06-22 00:30:02+00:00,371638,25704,2407,197,130.4771573604061,0.0076641767818238,7.617089748626352
Ben Shapiro,It’s Good To Be A Racist Democrat | Ep. 1281,2021-06-22 17:00:11+00:00,281970,11514,1577,280,41.121428571428574,0.0243182212958137,4.741993829130759
Ben Shapiro,Shapiro REACTS To Olympics' First Trans Athlete,2021-06-22 22:14:48+00:00,1154810,45260,10088,1080,41.907407407407405,0.0238621299160406,4.886344939860237
Ben Shapiro,You Don’t Have To Solve Problems If Everything Is Racist | Ep. 1282,2021-06-23 17:00:10+00:00,225116,8895,990,416,21.38221153846154,0.0467678471051152,4.5758631105741046
Ben Shapiro,"The ""For The People Act"" Is NOT A ""Voting Rights"" Bill",2021-06-23 22:15:27+00:00,121795,8888,702,113,78.65486725663717,0.0127137713771377,7.966665298247054
Ben Shapiro,The Washington Post's INSANE Infrastructure Racism Claim,2021-06-24 00:00:03+00:00,119360,6808,995,84,81.04761904761905,0.0123384253819036,6.607741286863271
Ben Shapiro,Old Joe Isn’t Afraid To Nuke All You Gun Nuts | Ep. 1283,2021-06-24 17:00:09+00:00,298534,14752,3170,451,32.709534368070955,0.030572125813449,6.1544078731400775
Ben Shapiro,‘Hands Up Don’t Nuke’: Biden RIPPED Over INSANE Gun Remarks,2021-06-25 01:01:46+00:00,282104,22383,2673,195,114.78461538461538,0.0087119689049725,8.95095425800414
Ben Shapiro,Cops & Crime: The Left Is Living in a Twitter Echo Chamber,2021-06-25 02:30:06+00:00,100199,7515,882,84,89.46428571428571,0.0111776447105788,8.464156328905478
Ben Shapiro,The Republican Dolts’ Caucus | Ep. 1284,2021-06-25 17:00:10+00:00,213831,7673,1207,281,27.306049822064058,0.0366219210217646,4.28422445763243
Ben Shapiro,Romney Plays The Role Of Useful Idiot For The Left...Yet Again,2021-06-25 22:00:14+00:00,91602,4703,685,88,53.44318181818182,0.0187114607697214,5.978035414073928
Ben Shapiro,"Addled Biden Creeps Out America, While Kamala (Literally) Waits In The Wings",2021-06-25 23:00:30+00:00,747448,40405,5157,444,91.00225225225223,0.0109887390174483,6.155077008701609
Ben Shapiro,This Is THE WORST Movie Trailer I Have EVER Seen,2021-06-26 00:00:26+00:00,739326,39820,8726,601,66.25623960066555,0.0150929181315921,6.647541138821033
Ben Shapiro,Russell Brand | The Ben Shapiro Show Sunday Special Ep. 116,2021-06-27 12:00:05+00:00,1066931,42321,7527,824,51.36043689320388,0.0194702393610737,4.749323058379595
Ben Shapiro,Russell Brand On The Emptiness Of Celebrity Lifestyle And The Need To Pursue Meaning,2021-06-27 16:00:25+00:00,178216,10431,1198,137,76.13868613138686,0.0131339277154635,6.602100821475064
Ben Shapiro,The Threat Posed By Centralized Power,2021-06-27 19:00:01+00:00,85993,5525,650,85,65.0,0.0153846153846153,7.27966229809403
Ben Shapiro,Democrats Are Set For A Bruising In 2022 | Ep. 1285,2021-06-28 17:00:10+00:00,291825,12728,1854,383,33.23237597911227,0.0300911376492771,5.128073331619977
Ben Shapiro,British Influencer Now Identifies as a Non-Binary Korean,2021-06-28 23:00:38+00:00,1296067,74861,16748,1744,42.92488532110092,0.0232965095309974,7.202791213725835
Ben Shapiro,Poll Reveals Democrat Policies Are EXTREMELY UNPOPULAR,2021-06-29 01:00:04+00:00,181621,13189,1270,141,93.5390070921986,0.0106907271210857,8.038717989659785
Ben Shapiro,Joe Biden LIES About 'Bipartisan' Infrastructure Bill,2021-06-29 13:00:01+00:00,69794,4336,324,72,60.22222222222222,0.0166051660516605,6.779952431441099
Ben Shapiro,The Cold Civil War | Ep. 1286,2021-06-29 17:00:11+00:00,242044,10598,1673,286,37.05594405594405,0.0269862238158143,5.187899720711937
Ben Shapiro,REACTION: Katy Perry & Orlando Bloom's CRAZY Voter Suppression Ad,2021-06-29 21:18:46+00:00,276321,16817,1793,188,89.45212765957447,0.0111791639412499,6.802957429945606
Ben Shapiro,Shapiro LEVELS NFL Over 'Football Is Gay' Ad,2021-06-29 22:16:10+00:00,412059,22235,4118,726,30.6267217630854,0.0326512255453114,6.571631732349008
Ben Shapiro,American Olympic Athlete PROTESTS U.S. National Anthem,2021-06-30 00:00:08+00:00,687056,32233,7319,677,47.61152141802068,0.0210033195793131,5.8552723504343165
Ben Shapiro,"For The Sexual Left, Confusion Is The Point | Ep. 1287",2021-06-30 17:00:12+00:00,221411,8753,2285,1317,6.646165527714503,0.1504626985033702,5.580120228895583
Ben Shapiro,Shapiro CRUSHES The Left's Pronoun IDIOCY,2021-06-30 22:12:04+00:00,273680,18862,3419,225,83.83111111111111,0.0119287456261266,8.223472668810288
Ben Shapiro,CHAOS: Explaining NYC's Election DISASTER,2021-07-01 00:00:08+00:00,237162,17271,1267,134,128.88805970149255,0.0077586706039024,7.873099400409847
Ben Shapiro,Kink For The Kiddies | Ep. 1288,2021-07-01 17:00:12+00:00,313692,12780,2160,322,39.68944099378882,0.0251956181533646,4.8652818688394985
Ben Shapiro,Shapiro REACTS To Cosby Going FREE,2021-07-01 22:40:52+00:00,887731,29335,4462,667,43.98050974512744,0.0227373444690642,3.8822571251876976
Ben Shapiro,Surfside Ground Zero: Florida State Fire Marshal Discusses Tower Collapse,2021-07-02 00:30:02+00:00,69286,4084,393,48,85.08333333333333,0.0117531831537708,6.530900903501428
Ben Shapiro,"INSANE: The Left Pushes To Expose Kids To ""Kink""",2021-07-02 14:57:20+00:00,103479,6760,1138,106,63.77358490566038,0.015680473372781,7.734902733888036
Ben Shapiro,Not Everything Is Rrrrrrrracist | Ep. 1289,2021-07-02 17:00:10+00:00,278566,8107,1440,490,16.544897959183672,0.0604415936844702,3.6030958552012806
Ben Shapiro,LOL: Biden Admin Brags About Saving Americans 16 Cents,2021-07-02 23:05:25+00:00,227175,11381,1422,135,84.3037037037037,0.011861875054916,5.695168922636734
Ben Shapiro,Shapiro Weighs in on the #FreeBritney Movement,2021-07-03 00:30:02+00:00,468953,17310,5623,6065,2.854080791426216,0.3503755054881571,6.183562105370901
Ben Shapiro,REACTION: Netflix's 'Sexy Beasts' Trailer,2021-07-03 18:35:13+00:00,513439,25043,3496,459,54.5599128540305,0.0183284750229605,5.647798472652058
Ben Shapiro,The Prelude to Independence,2021-07-04 12:30:08+00:00,185697,13646,1779,143,95.42657342657344,0.0104792613219991,8.383549545765414
Ben Shapiro,Shapiro Explains Why the U.S. Is the Greatest Country in the World,2021-07-04 19:00:04+00:00,299125,12962,5610,801,16.18227215980025,0.0617960191328498,6.476556623485165
Ben Shapiro,THROWBACK: Leftists Try To SHUT DOWN Ben Shapiro Speech,2021-07-05 14:00:10+00:00,168197,12713,1456,55,231.14545454545456,0.0043262801856367,8.456750120394538
Ben Shapiro,Student Challenges Shapiro on the Cause of Rising Divorce Rates,2021-07-05 17:00:22+00:00,123678,5458,605,77,70.88311688311688,0.014107731769879,4.964504600656543
Ben Shapiro,Ben Shapiro EXPOSES Democrats: They Are Using You,2021-07-05 21:00:13+00:00,204041,11730,634,121,96.94214876033058,0.0103154305200341,6.118868266671894
Ben Shapiro,"Yes, They Hate The Country | Ep. 1290",2021-07-06 17:00:11+00:00,306642,13293,2675,631,21.06656101426308,0.0474685924922891,5.413152797072808
Ben Shapiro,LOL: UNC HUMILIATED by 1619 Project Author,2021-07-06 23:10:28+00:00,196237,13393,970,80,167.4125,0.0059732696184574,7.359977985802882
Ben Shapiro,"Andrew Cuomo's Daughter Comes Out As ""Demisexual""",2021-07-07 00:45:03+00:00,965715,45500,8160,886,51.354401805869074,0.0194725274725274,5.648250260169926
Ben Shapiro,LOL: IKEA Now Selling LGBT-Themed Couches,2021-07-07 13:00:03+00:00,170097,11008,1854,284,38.76056338028169,0.0257994186046511,7.728531367396251
Ben Shapiro,How To Create An Emergency To Grab Power | Ep. 1291,2021-07-07 17:00:09+00:00,266066,10655,1499,255,41.78431372549019,0.023932426091037,4.663880390579781
Ben Shapiro,"BEWARE Of the Left's ""EMERGENCY""",2021-07-07 23:43:45+00:00,89313,6783,603,126,53.833333333333336,0.0185758513931888,8.410869638238553
Ben Shapiro,Shapiro LEVELS Air Force Academy Prof Teaching CRT To Cadets,2021-07-08 01:00:01+00:00,90478,5914,830,105,56.32380952380952,0.0177544808927967,7.569795972501603
Ben Shapiro,The Bureaucracy-Media Leak Machine | Ep. 1292,2021-07-08 17:00:12+00:00,252328,9769,1066,396,24.66919191919192,0.0405363906234005,4.450952728195047
Ben Shapiro,BAD MOVE: The Left Has Ceded Patriotism to the Right,2021-07-08 23:01:38+00:00,249684,18535,1974,187,99.11764705882354,0.0100890207715133,8.288877140705853
Ben Shapiro,"Shapiro REACTS to Gay Men's Choir ""We're Coming For Your Children"" Viral Video",2021-07-08 23:19:18+00:00,757465,44687,8264,969,46.116615067079465,0.0216841587038736,7.1184807218815385
Ben Shapiro,Your Yoga Pants Can Never Be Woke Enough | Ep. 1293,2021-07-09 17:00:10+00:00,274094,9596,1391,350,27.417142857142856,0.0364735306377657,4.1361722620706765
Ben Shapiro,Toyota Halts Donations to 2020 Election Objectors,2021-07-09 22:16:55+00:00,95884,5339,1102,138,38.68840579710145,0.025847536991946,6.861415877518668
Ben Shapiro,Ivy League Grads Want YOU to Pay Off Their Student Debt,2021-07-09 23:40:08+00:00,219608,10184,2036,223,45.66816143497758,0.0218970934799685,5.666004881425084
Ben Shapiro,UNHINGED Leftist Interrupts My Speech Over and Over Again,2021-07-11 16:30:02+00:00,674335,29965,3691,465,64.44086021505376,0.0155181044551977,5.0599479487198495
Ben Shapiro,Foreigners Who Love The American Flag vs. Americans Who Hate It | Ep. 1294,2021-07-12 17:00:10+00:00,291323,13686,2191,570,24.010526315789477,0.0416483998246383,5.645623586191272
Ben Shapiro,Cuban Protestors Carry American Flag While American Leftists HATE IT,2021-07-12 22:11:07+00:00,127205,14413,1551,113,127.54867256637168,0.0078401443141608,12.638654140953578
Ben Shapiro,OOPS: Biden's POOR Mental Performance GETS NOTICED,2021-07-12 23:15:30+00:00,466895,35096,2891,234,149.98290598290598,0.0066674264873489,8.186208890649931
Ben Shapiro,"To The Left, Conservative Authoritarians, Not Communist Dictators, Are The Problem | Ep. 1295",2021-07-13 17:00:10+00:00,371003,14064,3024,1731,8.124783362218372,0.123080204778157,5.0724657213014455
Ben Shapiro,Shapiro RIPS Dems for Claiming Cuba Revolt Is About COVID,2021-07-13 22:43:31+00:00,144411,10925,1168,97,112.62886597938144,0.0088787185354691,8.441185228272085
Ben Shapiro,Transgender Parent Tries To Breastfeed Child in BIZARRE Viral Video,2021-07-13 23:08:51+00:00,2864284,140862,34664,2170,64.91336405529954,0.0154051483011741,6.203854087094716
Ben Shapiro,Biden Declares Half The Country The Enemy | Ep. 1296,2021-07-14 17:00:11+00:00,393945,20690,4075,328,63.079268292682926,0.0158530691155147,6.369670893144982
Ben Shapiro,Shapiro DEMOLISHES Texas Democrats Who FLED Vote,2021-07-14 23:07:48+00:00,278551,19965,2587,173,115.40462427745663,0.0086651640370648,8.158290582335011
Ben Shapiro,"Biden Admin Wants the U.N. to Investigate U.S. “Systemic Racism""",2021-07-15 00:15:03+00:00,104685,8347,1283,92,90.72826086956522,0.0110219240445669,9.286908344079858
Ben Shapiro,Reminder: BLM Is A Communist Garbage Organization | Ep. 1297,2021-07-15 17:00:10+00:00,283216,13508,2438,2562,5.272443403590945,0.1896653834764584,6.534941528727191
Ben Shapiro,BLM's Cuba Response PROVES It's a Garbage Organization,2021-07-15 23:31:21+00:00,184706,15400,1528,153,100.65359477124184,0.0099350649350649,9.247669269000465
Ben Shapiro,The PURE HYPOCRISY Of Biden Admin TURNING AWAY Cuban Refugees,2021-07-16 00:30:01+00:00,102430,8430,1054,86,98.02325581395348,0.0102016607354685,9.342965927950797
Ben Shapiro,"“You’re All Nazis, So We’re Going To Be Authoritarians” | Ep. 1298",2021-07-16 17:00:10+00:00,253564,11916,2054,173,68.878612716763,0.014518294729775,5.577684529349592
Ben Shapiro,INSANE: U.S. General Compares Trump & His Supporters To Nazis,2021-07-16 22:30:58+00:00,99707,7292,1432,129,56.52713178294574,0.0176906198573779,8.8790155154603
Ben Shapiro,THIS should scare the hell out of everyone...,2021-07-17 00:43:01+00:00,404381,35316,5050,268,131.77611940298507,0.0075886283837354,10.048444412571312
Ben Shapiro,LOL: Ben Shapiro Reacts to INSANE Woke TikToks,2021-07-17 15:00:33+00:00,4960151,227036,31127,6951,32.66235074090059,0.0306162899275885,5.3448776055406375
Ben Shapiro,Is Texas DOOMED to Be a Blue State?,2021-07-17 19:00:00+00:00,508389,22781,4038,332,68.61746987951807,0.0145735481322154,5.340595488887447
Ben Shapiro,My Thoughts on the BLM Movement [MONTAGE],2021-07-18 13:00:08+00:00,573755,36146,3476,520,69.51153846153846,0.014386100813368,6.996366044740351
Ben Shapiro,Neil deGrasse Tyson's Thoughts on Transgenderism,2021-07-18 16:30:03+00:00,6384445,148692,86254,10841,13.715708882944378,0.072909100691362,3.849778641683028
Ben Shapiro,The Left Targets Social Media -- And The Daily Wire -- For Destruction | Ep. 1299,2021-07-19 17:00:10+00:00,241337,11371,1639,233,48.802575107296136,0.0204907220121361,5.487347567923692
Ben Shapiro,Taxpayer-funded NPR targets the Daily Wire for destruction,2021-07-19 20:30:12+00:00,380521,37003,3874,281,131.6832740213523,0.0075939788665783,10.816223020542887
Ben Shapiro,WARNING: They’re coming for YOUR social media account...,2021-07-19 22:56:41+00:00,120613,10887,1296,97,112.23711340206184,0.0089097088270414,10.181323737905531
Ben Shapiro,The Endless Covid Power Grab | Ep. 1300,2021-07-20 17:00:10+00:00,247644,10279,1901,348,29.53735632183908,0.033855433407919,5.058874836458788
Ben Shapiro,Inflation under the Biden admin is even worse than you thought...,2021-07-20 22:31:20+00:00,167692,11083,1157,100,110.83,0.0090228277542181,7.358729098585502
Ben Shapiro,Biden criticizes Facebook for not censoring enough,2021-07-20 23:30:01+00:00,76216,5908,954,78,75.74358974358974,0.0132024373730534,9.105699590637135
Ben Shapiro,This is how the Left uses every crisis as an opportunity to gain more power,2021-07-21 14:00:10+00:00,44145,3380,300,71,47.6056338028169,0.0210059171597633,8.496998527579567
Ben Shapiro,The New Private Space Race Is Awesome | Ep. 1301,2021-07-21 17:00:09+00:00,257292,9090,1952,1064,8.543233082706767,0.117051705170517,4.705159896149123
Ben Shapiro,"Shapiro CRUSHES Leftists WHINING About ""Billionaires Going To Space""",2021-07-21 22:21:58+00:00,208810,12838,2140,565,22.72212389380531,0.0440099704003738,7.443609022556391
Ben Shapiro,EXPLOSIVE: Rand Paul & Fauci CLASH in Tense COVID Debate,2021-07-21 22:41:06+00:00,448183,23591,3466,309,76.3462783171521,0.0130982154211351,6.105987955812693
Ben Shapiro,Sports Illustrated Puts Transgender Woman (Biological Man) On Cover,2021-07-22 14:00:02+00:00,449641,20663,6516,1062,19.45668549905838,0.0513962154575811,6.280788451231094
Ben Shapiro,They’re Going To Tell You To Mask Again. No. | Ep. 1302,2021-07-22 17:00:11+00:00,335494,13679,4402,2050,6.6726829268292684,0.1498647561956283,6.000405372376258
Ben Shapiro,Rand Paul vs. Dr. Fauci EXPLOSIVE Debate: Who Won?,2021-07-22 22:11:10+00:00,221363,13639,2022,193,70.66839378238342,0.0141505975511401,7.161991841454986
Ben Shapiro,Joe Biden Embraces The Radicals | Ep. 1303,2021-07-23 17:00:11+00:00,241847,10151,1713,447,22.70917225950783,0.0440350704364102,5.090408398698351
Ben Shapiro,US Women’s Soccer Team Loses BADLY After Kneeling For BLM At Olympic Opener,2021-07-23 22:19:47+00:00,1153453,58125,10569,2730,21.291208791208792,0.0469677419354838,6.192189885500319
Ben Shapiro,Cleveland Indians GO WOKE & Change Their Name,2021-07-24 00:00:00+00:00,313040,15950,5939,508,31.39763779527559,0.0318495297805642,7.154676718630207
Ben Shapiro,Ben Shapiro Responds to the NPR HIT PIECE,2021-07-24 14:56:32+00:00,203072,16945,1080,130,130.34615384615384,0.0076718796105045,8.940178852820674
Ben Shapiro,The ORIGINS of COVID-19: Here's What The Media Won't Tell You,2021-07-24 21:00:08+00:00,215488,13097,2108,279,46.9426523297491,0.021302588379018,7.185550935550936
Ben Shapiro,Communism in Cuba: A Brief History,2021-07-25 14:00:15+00:00,292368,18396,2638,437,42.09610983981693,0.023755164166123,7.3438269578066
Ben Shapiro,Joe Rogan's Thoughts on the Growing Political Divide,2021-07-25 18:00:05+00:00,969141,41321,4359,791,52.23893805309734,0.0191428087413179,4.795071099045443
Ben Shapiro,Why A Leftist Just Yelled At Tucker Carlson In Front Of His Child | Ep. 1304,2021-07-26 17:00:10+00:00,337036,17150,3143,311,55.144694533762056,0.018134110787172,6.11329353540868
Ben Shapiro,SHAPIRO REACTS: Tucker Carlson HARASSED By Crazy Leftist,2021-07-26 22:05:55+00:00,1001196,43668,8587,793,55.06683480453973,0.0181597508473023,5.298463038206306
Ben Shapiro,Democrats Have Gone COMPLETELY Off The Rails,2021-07-27 00:00:10+00:00,183833,10886,1232,151,72.09271523178808,0.0138710270071651,6.673992155924127
Ben Shapiro,You Will Be Made To Obey | Ep. 1305,2021-07-27 17:00:10+00:00,289175,12188,2350,507,24.039447731755423,0.0415982934033475,5.2027319097432345
Ben Shapiro,WATCH: Joe Biden FRUSTRATED By Tough COVID Question,2021-07-27 22:33:14+00:00,229199,13821,1876,239,57.82845188284519,0.0172925258664351,6.952909916709933
Ben Shapiro,This INSANE Story Shows Where Our Society Is Headed...,2021-07-28 00:30:09+00:00,132853,9275,1286,128,72.4609375,0.0138005390835579,8.045734759470994
Ben Shapiro,Ben Shapiro Book Signing Live Q&A | The Authoritarian Moment,2021-07-28 00:42:09+00:00,93512,4466,331,155,28.81290322580645,0.0347066726377071,5.295577038241081
Ben Shapiro,F*** The CDC | Ep. 1306,2021-07-28 17:00:10+00:00,299526,18016,4159,388,46.43298969072165,0.0215364120781527,7.532901985136515
Ben Shapiro,Joe Biden's Approval Ratings Begin to PLUMMET,2021-07-28 20:44:37+00:00,233148,12490,1783,196,63.724489795918366,0.0156925540432345,6.205929280971743
Ben Shapiro,SHAPIRO REACTS: Simone Biles DROPS OUT of the Olympics,2021-07-28 22:28:36+00:00,920517,36700,12236,3676,9.98367791077258,0.1001634877384196,5.715483798778295
Ben Shapiro,House Democrats Break Down In Tears During Jan. 6 Hearing,2021-07-29 00:30:00+00:00,118874,7411,2143,271,27.346863468634687,0.0365672648765348,8.26505375439541
Ben Shapiro,The Covid Misinformation Is Coming From Inside The White House | Ep. 1307,2021-07-29 17:00:10+00:00,275666,13806,2720,268,51.514925373134325,0.0194118499203244,6.092154999165657
Ben Shapiro,WATCH: Nancy Pelosi Calls McCarthy a MORON,2021-07-29 22:17:43+00:00,79657,6013,965,113,53.21238938053097,0.0187926159986695,8.901916969004606
Ben Shapiro,Biden IN TROUBLE: Blowback Coming,2021-07-30 00:00:09+00:00,460637,26286,2605,245,107.28979591836736,0.0093205508635775,6.325154080110804
Ben Shapiro,Biden's Insane New Mask Mandates | Ep. 1308,2021-07-30 17:00:10+00:00,240890,10968,2269,355,30.895774647887325,0.0323668854850474,5.642409398480634
Ben Shapiro,WATCH: Biden & Fox News Reporter CLASH Over Mask Debate,2021-07-30 23:06:50+00:00,229256,12620,1922,223,56.59192825112108,0.0176703645007923,6.440398506473113
Ben Shapiro,Are the Democrats Screwed in 2022?,2021-07-31 00:45:14+00:00,123633,8102,936,97,83.52577319587628,0.0119723525055541,7.388803960107738
Ben Shapiro,Ben Shapiro SHREDS Don Lemon Over January 6th Double Standard,2021-07-31 14:00:16+00:00,314851,16806,1658,272,61.78676470588236,0.0161846959419255,5.950751307761449
Ben Shapiro,Dr. Phil’s ONE-STEP Process to Living a Better Life,2021-07-31 19:00:01+00:00,181902,10313,1002,257,40.1284046692607,0.0249200038785998,6.36166727138789
Ben Shapiro,The 'Experts' Want To Scare The Hell Out Of You. Don't Be Frightened. | Ep. 1309,2021-08-02 17:00:10+00:00,307294,14410,2688,338,42.63313609467456,0.0234559333795975,5.674045051318933
Ben Shapiro,Shapiro Reacts to Fauci Pushing MASKS For Vaccinated People,2021-08-02 23:09:52+00:00,212129,14363,2155,273,52.61172161172161,0.0190071712037875,7.915466532157319
Ben Shapiro,BUSTED: DC Mayor CAUGHT Breaking Her Own COVID Rules,2021-08-03 00:30:03+00:00,116075,8024,901,71,113.01408450704226,0.0088484546360917,7.750161533491277
Ben Shapiro,"We’re Adults, Dammit, So Leave Us Alone | Ep. 1310",2021-08-03 17:00:09+00:00,235859,11027,1715,220,50.12272727272728,0.0199510292917384,5.49565630313026
Ben Shapiro,Father Fights to Keep 11-Year-Old Son From Receiving Transgender Therapy,2021-08-03 22:27:21+00:00,473049,30144,5025,443,68.0451467268623,0.0146961252653927,7.528184183879471
Ben Shapiro,Shapiro REACTS To DISTURBING Story That's Going UNNOTICED,2021-08-04 00:00:13+00:00,497776,28331,2482,222,127.61711711711712,0.007835939430306,6.234732088328887
Ben Shapiro,Andrew Cuomo Is Here To Grab Ass And Kill The Elderly...And He's All Out Of Elderly | Ep. 1311,2021-08-04 17:00:10+00:00,240880,11210,1900,171,65.55555555555556,0.0152542372881355,5.513533709730986
Ben Shapiro,Shapiro Breaks Down Cuomo Sexual Harassment Allegations,2021-08-04 22:51:15+00:00,196637,9483,1146,109,87.0,0.0114942528735632,5.460823751379445
Ben Shapiro,The SLIPPERY SLOPE of Vaccine Passports,2021-08-05 00:30:03+00:00,129998,8730,1523,155,56.32258064516129,0.0177548682703321,8.006277019646456
Ben Shapiro,"Biden Burns The Constitution, But YOLO! | Ep. 1312",2021-08-05 17:00:11+00:00,298342,14041,2164,237,59.24472573839663,0.0168791396624172,5.511124816485778
Ben Shapiro,LOL: Politico Staffers Pursue Unionization in Response to My Article,2021-08-05 23:29:29+00:00,171075,13878,619,84,165.21428571428572,0.0060527453523562,8.523162355691948
Ben Shapiro,The Left Will Eat The Left Over THIS,2021-08-06 01:00:21+00:00,524582,26610,1982,214,124.34579439252336,0.0080420894400601,5.491229207254538
Ben Shapiro,Biden Blames Florida For COVID Surge — Ron DeSantis Hits Back,2021-08-06 15:44:33+00:00,455700,34937,3623,437,79.94736842105263,0.0125082290980908,8.557603686635945
Ben Shapiro,Democrats Bang Themselves In The Face With A Hammer Just Because Republicans Said Not To | Ep. 1313,2021-08-06 17:00:10+00:00,293139,13274,1780,210,63.20952380952381,0.0158204007834865,5.207086058149888
Ben Shapiro,The Problem With 'Vaccine Passports',2021-08-06 22:36:42+00:00,244584,11668,1416,337,34.62314540059347,0.0288824134384641,5.487276354953717
Ben Shapiro,LOL: Democrats With Private Security Push To Defund The Police,2021-08-07 00:00:00+00:00,116527,6617,989,120,55.141666666666666,0.0181351065437509,6.630223038437444
Ben Shapiro,Barack’s Very Covid Birthday Party | Ep. 1314,2021-08-09 17:00:11+00:00,244458,11154,1857,224,49.79464285714285,0.0200824816209431,5.414017949913687
Ben Shapiro,Recapping My Latest Appearance on ‘Real Time with Bill Maher',2021-08-09 23:53:11+00:00,968682,59969,5781,1179,50.86429177268872,0.0196601577481698,6.909284987230072
Ben Shapiro,Watch the INSANE Hypocrisy of Obama’s Maskless Birthday Bash,2021-08-10 01:00:02+00:00,157127,13297,1375,155,85.78709677419354,0.0116567646837632,9.43631584641723
Ben Shapiro,Of Phantom N-Words And Racist Rocks | Ep. 1315,2021-08-10 17:00:09+00:00,230705,8882,1551,219,40.55707762557078,0.0246566088718757,4.617151773910405
Ben Shapiro,PURE CRINGE: Shapiro Reacts To BIZARRE White House Vaccine Promo,2021-08-10 21:54:31+00:00,986573,48390,8462,720,67.20833333333333,0.0148791072535647,5.835553983334229
Ben Shapiro,Students Triggered Over ‘Racist’ Rock on College Campus,2021-08-10 23:45:00+00:00,399593,18222,3760,214,85.14953271028037,0.0117440456590934,5.554651858265785
Ben Shapiro,Goodbye To The Love Gov | Ep. 1316,2021-08-11 17:00:14+00:00,231543,9447,1576,246,38.40243902439025,0.0260400127024452,4.866914568784201
Ben Shapiro,Hunter Biden Is Dumb As A Rock And Twice As Dirty | Ep. 1317,2021-08-12 17:00:09+00:00,272927,14145,1876,208,68.0048076923077,0.0147048427006009,5.946278675250158
Ben Shapiro,"YIKES: This ""Love Gov"" Cuomo Montage Is BRUTAL",2021-08-12 23:06:05+00:00,261173,15673,1553,99,158.31313131313132,0.0063165954188732,6.63353409425936
Ben Shapiro,Hunter Biden Lost ANOTHER LAPTOP — Here’s What’s On It,2021-08-13 00:30:01+00:00,519901,28265,2954,188,150.34574468085106,0.0066513355740314,6.040957797734569
Ben Shapiro,Joe Biden Just Surrendered To The Taliban | Ep. 1318,2021-08-13 17:00:11+00:00,373307,16023,3397,537,29.837988826815643,0.0335143231604568,5.3460020840755735
Ben Shapiro,Shapiro Reacts To Biden's Afghanistan Troop Withdrawal,2021-08-14 00:17:33+00:00,194008,11417,1730,371,30.77358490566038,0.032495401594114,6.967753907055379
Ben Shapiro,PATHETIC: We Are BEGGING The Taliban Not To Burn Down Our Embassy,2021-08-14 14:33:14+00:00,382154,20353,3450,439,46.3621867881549,0.0215693018228271,6.34351596476813
Ben Shapiro,Ben Shapiro vs. MSNBC Analyst on Critical Race Theory,2021-08-14 15:00:01+00:00,197806,7763,1426,136,57.08088235294117,0.0175190003864485,4.714214937868417
Ben Shapiro,MSNBC Analyst Gets the Numbers Wrong in Debate With Ben Shapiro,2021-08-14 20:00:05+00:00,856968,25305,3076,412,61.41990291262136,0.0162813673187117,3.359868746557631
Ben Shapiro,Ben Shapiro’s Advice to New Teacher Dealing With Critical Race Theory Nonsense,2021-08-15 15:00:16+00:00,223252,9318,942,102,91.3529411764706,0.0109465550547327,4.641391790443087
Ben Shapiro,How Ben Shapiro Would Solve the Border Crisis,2021-08-15 18:00:13+00:00,257375,13167,994,147,89.57142857142857,0.011164274322169,5.559203496843128
Ben Shapiro,William Lane Craig Debunks the Top Atheist Arguments,2021-08-15 22:30:06+00:00,180760,8245,7719,1906,4.325813221406087,0.2311704063068526,9.88603673379066
Ben Shapiro,Biden’s Saigon | Ep. 1319,2021-08-16 17:00:12+00:00,329844,14950,2729,302,49.50331125827815,0.020200668896321,5.451364887643856
Ben Shapiro,Ben Shapiro Breaks Down What's Happening In Afghanistan,2021-08-16 18:43:34+00:00,741112,41168,7335,963,42.74974039460021,0.0233919549164399,6.674564708168266
Ben Shapiro,THIS Is Why Afghanistan Fell So Quickly,2021-08-16 20:42:14+00:00,988602,41108,5927,1040,39.52692307692308,0.0252992118322467,4.86292764934726
Ben Shapiro,"Biden’s Dishonest, Cowardly Afghanistan Surrender Proves He Is Unfit For His Office | Ep. 1320",2021-08-17 17:00:10+00:00,416744,20059,4072,1081,18.555966697502317,0.0538910214866144,6.049757165070163
Ben Shapiro,Counting Down the Biggest Lies From Biden’s Afghanistan Speech,2021-08-17 22:59:48+00:00,126270,11230,1327,125,89.84,0.0111308993766696,10.043557456244557
Ben Shapiro,Shapiro Reacts to Biden’s Disastrous Afghanistan Speech,2021-08-18 00:30:09+00:00,381128,21941,3197,435,50.43908045977012,0.0198258967230299,6.709819273315001
Ben Shapiro,What Does the Afghanistan Withdrawal Mean for America?,2021-08-18 02:30:00+00:00,385183,16080,2720,562,28.612099644128115,0.0349502487562189,5.026701593787887
Ben Shapiro,Forget The Taliban — You’re The Real Threat | Ep. 1321,2021-08-18 17:00:09+00:00,393306,18710,3902,337,55.519287833827896,0.0180117584179583,5.8348970013170405
Ben Shapiro,Shapiro RIPS Colbert For Comparing Trump Voters to the Taliban,2021-08-18 21:39:05+00:00,555961,31959,5173,577,55.38821490467937,0.0180543821771644,6.782670007428579
Ben Shapiro,WATCH: Dreadful Videos Emerge Showing Biden's Afghanistan Disaster,2021-08-18 23:30:05+00:00,931784,49720,10317,1033,48.13165537270087,0.020776347546259,6.554094081890223
Ben Shapiro,President Empathy Doesn’t Actually Give A Damn | Ep. 1322,2021-08-19 17:00:10+00:00,315592,14089,3105,219,64.33333333333333,0.0155440414507772,5.517566985221426
Ben Shapiro,WATCH: Biden's SHOCKING Interview Answer Will Make You Cringe,2021-08-19 22:40:25+00:00,391803,23640,3105,191,123.7696335078534,0.0080795262267343,6.874883551172401
Ben Shapiro,The U.S. is About to Make the Taliban Very Rich. Here's How.,2021-08-19 23:30:02+00:00,180635,13263,1931,147,90.22448979591836,0.0110834652793485,8.492817006670911
Ben Shapiro,Comparing Biden & Trump’s Foreign Policy,2021-08-20 01:00:06+00:00,118837,6365,701,118,53.940677966101696,0.0185388845247446,6.045255265615928
Ben Shapiro,What Did Biden Know And When Did He Know It? | Ep. 1323,2021-08-20 17:00:08+00:00,418002,16536,2716,496,33.33870967741935,0.0299951620706337,4.724379309189908
Ben Shapiro,THIS Is What Led to Biden's HORRIBLE Decision to Surrender Afghanistan,2021-08-20 22:10:03+00:00,182757,12126,1150,98,123.73469387755102,0.008081807685964,7.317913951312398
Ben Shapiro,The President of the United States is Now Running Cover for the Taliban,2021-08-20 23:00:00+00:00,164620,10164,1301,117,86.87179487179488,0.0115112160566706,7.035597132790669
Ben Shapiro,In the Graveyard of Empires: America's War in Afghanistan Explained,2021-08-21 17:00:05+00:00,285622,16928,1715,353,47.95467422096317,0.0208530245746691,6.650748191665907
Ben Shapiro,Jon Voight’s Advice to Conservatives Wanting to Go Big in Hollywood,2021-08-22 14:00:12+00:00,113299,7778,745,94,82.74468085106383,0.0120853689894574,7.605539325148501
Ben Shapiro,"Steven Crowder on the Origins of ""Change My Mind""",2021-08-22 18:00:14+00:00,281172,13561,680,152,89.21710526315789,0.0112086129341493,5.118930761242229
Ben Shapiro,The Future of Conservative Media,2021-08-22 20:30:01+00:00,191329,11462,1093,168,68.22619047619048,0.0146571279008898,6.649802173219952
Ben Shapiro,Joe Biden Is Not Competent In Any Sense | Ep. 1324,2021-08-23 17:00:09+00:00,463213,20522,3767,373,55.01876675603217,0.0181756164116557,5.324116551133064
Ben Shapiro,"WATCH: Schumer, Colbert Dance As Thousands of Americans Trapped In Afghanistan",2021-08-23 22:36:29+00:00,314945,13488,2349,214,63.02803738317757,0.0158659549228944,5.096445411103526
Ben Shapiro,Biden's CRINGE Response About Trusting the Taliban,2021-08-24 00:30:01+00:00,235482,19053,2526,163,116.88957055214723,0.0085550831889991,9.232977467492208
Ben Shapiro,"The Biden Doctrine: Tyranny Abroad, Tyranny At Home | Ep. 1325",2021-08-24 17:00:11+00:00,316011,13735,2604,518,26.51544401544401,0.0377138696760101,5.334307982949961
Ben Shapiro,Australia's COVID Lockdown Rules Are Completely INSANE,2021-08-24 22:20:26+00:00,770333,36762,10045,1632,22.52573529411765,0.0443936673739187,6.288059839056616
Ben Shapiro,Taliban's DEADLINE Approaching as Americans Are STILL STRANDED,2021-08-24 23:45:01+00:00,139072,9303,1018,64,145.359375,0.0068795012361603,7.467355039116429
Ben Shapiro,Ben Shapiro REACTS to Spider-Man: No Way Home Trailer,2021-08-24 23:55:50+00:00,1006398,36982,5754,8702,4.2498276258331416,0.2353036612406035,5.111099187399021
Ben Shapiro,Biden's Approval Ratings DROP Due to Afghanistan Disaster,2021-08-25 01:30:03+00:00,168071,12512,1197,92,136.0,0.0073529411764705,8.211410653830821
Ben Shapiro,The Taliban Owns Joe Biden | Ep. 1326,2021-08-25 17:00:09+00:00,279069,14113,2261,235,60.05531914893617,0.016651314390987,5.951574700163759
Ben Shapiro,INSANE: Biden Pulls Out Troops Before Evacuating U.S. Citizens,2021-08-25 23:03:57+00:00,114166,8465,1062,68,124.48529411764706,0.0080330773774365,8.404428638999352
Ben Shapiro,WATCH: Biden Administration Hoping You Forget About Afghanistan,2021-08-26 00:30:04+00:00,209043,11286,1401,80,141.075,0.0070884281410597,6.107355902852523
Ben Shapiro,Shapiro REACTS to TikToker Explaining Gender,2021-08-26 02:00:00+00:00,1929743,93112,16688,2347,39.672773753728166,0.0252062032820689,5.811499251454728
Ben Shapiro,"Biden to Americans Stuck in Afghanistan: So Long, Suckers! | Ep. 1327",2021-08-26 17:00:11+00:00,287210,12785,2299,226,56.57079646017699,0.0176769651935862,5.330594338637233
Ben Shapiro,BREAKING NEWS: U.S. Soldiers Killed in Afghanistan,2021-08-26 21:05:00+00:00,650998,24639,3654,466,52.87339055793991,0.0189131052396607,4.417678702545937
Ben Shapiro,WATCH: Nancy Pelosi's PATHETIC Afghanistan Briefing,2021-08-26 23:05:52+00:00,554063,29619,2997,238,124.44957983193277,0.0080353826935413,5.92965059930008
Ben Shapiro,Retired Air Force General Breaks Down The Kabul Bombings,2021-08-27 02:16:10+00:00,157496,10171,1122,86,118.26744186046513,0.0084554124471536,7.224945395438614
Ben Shapiro,"Biden Is A F***ing Disgrace, And Must Resign | Ep. 1328",2021-08-27 17:00:11+00:00,446832,25460,4424,427,59.62529274004684,0.0167714061272584,6.7835338561248975
Ben Shapiro,Ben Shapiro Breaks Down Biden's PATHETIC Afghanistan Speech,2021-08-27 17:36:21+00:00,1167983,66253,10709,1682,39.38941736028537,0.0253875296213001,6.733317180130189
Ben Shapiro,WATCH: Brutal Timeline Leading Up to Biden's Catastrophe,2021-08-27 21:20:39+00:00,358444,24081,3221,318,75.72641509433963,0.01320543166812,7.705527223220364
Ben Shapiro,The Americans Who Get Left Behind | Ep. 1329,2021-08-30 17:00:11+00:00,379572,17864,2557,240,74.43333333333334,0.0134348410210479,5.443236065884733
Ben Shapiro,INSANE: Shocking Chart Reveals GIANT ARSENAL We Gave The Taliban,2021-08-30 21:26:27+00:00,417144,21066,3455,236,89.26271186440678,0.0112028861672837,5.934881000326026
Ben Shapiro,Biden SHAMEFULLY Checks Watch During Transfer of Fallen Troops,2021-08-30 23:30:06+00:00,242150,16459,1875,294,55.98299319727891,0.0178625675921987,7.6927524261821185
Ben Shapiro,"Biden’s Sickening, Cowardly, Pathetic Betrayal | Ep. 1330",2021-08-31 17:00:11+00:00,381891,18320,2992,349,52.49283667621776,0.0190502183406113,5.672037309075103
Ben Shapiro,WATCH: HORRIBLE Videos Emerge From Afghanistan Amid Biden's Disaster,2021-08-31 21:33:48+00:00,547884,34969,4748,381,91.78215223097114,0.0108953644656695,7.318702499069146
Ben Shapiro,Government Finally Admits to STRANDING Americans in Afghanistan,2021-08-31 23:30:02+00:00,202842,15064,1955,125,120.512,0.0082979288369622,8.451898522002347
Ben Shapiro,"For Joe Biden, The Cruelty Is The Point | Ep. 1331",2021-09-01 17:00:12+00:00,324463,14014,2314,247,56.73684210526316,0.0176252319109461,5.108440715890564
Ben Shapiro,Breaking Down Biden's Latest EMBARRASSING Afghanistan Speech,2021-09-01 22:33:59+00:00,246585,14873,2034,183,81.27322404371584,0.0123041753513077,6.930672993085548
Ben Shapiro,Students and 3-Year-Old LEFT BEHIND in Afghanistan,2021-09-02 00:30:01+00:00,110756,7628,797,100,76.28,0.0131095962244362,7.697099931380692
Ben Shapiro,The Holy Sacrament Of Abortion | Ep. 1332,2021-09-02 17:00:09+00:00,267024,9316,1769,298,31.261744966442954,0.0319879776728209,4.262912696986039
Ben Shapiro,LEAKED: Biden's SHOCKING Phone Call With Afghanistan President,2021-09-02 22:05:22+00:00,668435,33491,3054,303,110.53135313531354,0.009047206712251,5.512577887154324
Ben Shapiro,Shapiro Breaks Down MAJOR WIN Against Abortion,2021-09-02 23:30:06+00:00,362324,17479,4829,1056,16.552083333333332,0.0604153555695405,6.448372175180225
Ben Shapiro,Joe Biden’s Presidency is Collapsing | Ep. 1333,2021-09-03 17:00:11+00:00,512449,20222,3127,421,48.0332541567696,0.0208189100979131,4.638510368836704
Ben Shapiro,Biden Goes From SENILE to UNFORGIVABLE,2021-09-03 22:02:58+00:00,427864,27334,2634,231,118.32900432900432,0.0084510133899173,7.058083877119832
Ben Shapiro,Biden’s Economy Just Got A LOT Worse...,2021-09-03 23:30:04+00:00,228500,15946,1548,164,97.23170731707316,0.010284710899285,7.727789934354486
Ben Shapiro,Shapiro ENDS Leftist’s Arguments Against Texas Abortion Law,2021-09-04 01:00:02+00:00,531147,28633,5134,795,36.01635220125786,0.0277651660671253,6.507049837427303
Ben Shapiro,LOL: Ben Shapiro REACTS to More INSANE Woke TikToks,2021-09-04 15:00:17+00:00,4088688,183841,19042,2934,62.658827539195634,0.0159594432145168,5.033815248314374
Ben Shapiro,Condoleezza Rice | The Ben Shapiro Show Sunday Special Ep. 117,2021-09-05 12:00:16+00:00,259658,10315,1780,490,21.051020408163264,0.0475036354823073,4.846759968882145
Ben Shapiro,Larry Elder Breaks Down the California Recall,2021-09-07 17:00:21+00:00,395954,24710,3111,308,80.22727272727273,0.0124645892351274,7.104108052955646
Ben Shapiro,Blake Masters REVEALS the Future in Arizona,2021-09-08 17:00:47+00:00,117714,6142,828,121,50.7603305785124,0.0197004233148811,6.023922388161136
Ben Shapiro,The Decline And Fall Of The United States | Ep. 1334,2021-09-09 17:00:12+00:00,303072,13503,2572,246,54.89024390243903,0.018218173739169,5.385188997993876
Ben Shapiro,Google Teaches Employees That Listening to Ben Shapiro Leads to ‘Genocide',2021-09-09 22:49:21+00:00,524336,30994,4008,283,109.51943462897526,0.0091307995095825,6.729463550090019
Ben Shapiro,Shapiro Reacts to Removal of Robert E. Lee Statue,2021-09-10 00:30:17+00:00,250229,13406,4163,546,24.553113553113555,0.0407280322243771,7.239368738235775
Ben Shapiro,We Are NOT Complying With Biden's New COVID Mandate,2021-09-10 14:48:32+00:00,984745,52380,6913,1028,50.95330739299611,0.0196258113783887,6.125545191902472
Ben Shapiro,The Covid Tyrant | Ep. 1335,2021-09-10 17:00:11+00:00,373017,19335,4078,303,63.81188118811881,0.0156710628394103,6.357887174043006
Ben Shapiro,Shapiro Breaks Down Biden's AUTHORITARIAN Vax Mandate Speech,2021-09-10 21:09:44+00:00,410881,31532,5141,738,42.72628726287263,0.023404795128758,9.105069350979967
Ben Shapiro,WATCH: Biden BLAMES Republican Governors for COVID Deaths,2021-09-10 23:00:08+00:00,190038,11233,2056,243,46.22633744855967,0.0216326893973114,7.120681126932508
Ben Shapiro,9/11 20 Years Later — Where Are We Now?,2021-09-11 14:00:31+00:00,130504,7934,1185,207,38.328502415458935,0.0260902445172674,7.146141114448599
Ben Shapiro,George W. Bush’s Delusional 9/11 Call For Unity | Ep. 1336,2021-09-13 17:00:09+00:00,275161,12043,2317,363,33.176308539944905,0.0301419911982064,5.350685598613176
Ben Shapiro,Shapiro Breaks Down George W. Bush's 9/11 Memorial Speech,2021-09-13 22:20:16+00:00,163805,8142,1288,301,27.04983388704319,0.0369688037337263,5.940600103781936
Ben Shapiro,The Left Calls For Unity — But Actions Speak Louder Than Words,2021-09-14 00:00:01+00:00,144909,9349,1494,128,73.0390625,0.0136913038827682,7.57095832556984
Ben Shapiro,AOC: Let Them Eat Cake | Ep. 1337,2021-09-14 17:00:10+00:00,462599,20733,3321,369,56.1869918699187,0.0177977137896107,5.279518546300359
Ben Shapiro,"Shapiro Reacts to AOC's Hypocritical ""Tax the Rich"" Designer Dress",2021-09-14 22:36:25+00:00,387557,19279,2808,392,49.18112244897959,0.0203330048239016,5.800179070433511
Ben Shapiro,WATCH: Fauci Endorses VAX MANDATE for Air Travel,2021-09-15 00:00:11+00:00,100085,6647,1489,100,66.47,0.0150443809237249,8.229005345456363
Ben Shapiro,The Actual Deep State Coup | Ep. 1338,2021-09-15 17:00:09+00:00,272812,12907,2162,187,69.02139037433155,0.0144882621833113,5.592129378473087
Ben Shapiro,Gavin Newsom Survives Recall. Here's What That Means for California.,2021-09-15 22:31:37+00:00,238765,17821,4553,310,57.487096774193546,0.0173952079007912,9.500554938956714
Ben Shapiro,Biden Admin Makes SHOCKING Admission...,2021-09-16 00:00:14+00:00,190671,14209,1226,83,171.19277108433735,0.0058413681469491,8.13862622003346
Ben Shapiro,SHOCKING: Did General Mark Milley Commit Treason??,2021-09-16 01:30:08+00:00,150617,9977,1411,120,83.14166666666667,0.0120276636263405,7.640571781405818
Ben Shapiro,"Mike Pence on Covid, Afghanistan, and American Freedom",2021-09-16 17:00:04+00:00,175995,9457,1446,503,18.801192842942346,0.0531881146240879,6.480865933691297
Ben Shapiro,Shapiro REACTS: New Yorkers Think CHILDREN Can Choose Their Own Gender,2021-09-16 23:22:52+00:00,1196351,47536,6745,699,68.00572246065808,0.0147046449007068,4.595641245754799
Ben Shapiro,Biden To Floridians: Drop Dead | Ep. 1339,2021-09-17 17:00:11+00:00,303331,15607,2528,262,59.56870229007634,0.0167873390145447,6.06499170872743
Ben Shapiro,The Left FREAKS OUT Over Nicki Minaj’s Vaccine Hesitancy,2021-09-17 22:08:19+00:00,200182,12288,1972,698,17.60458452722063,0.0568033854166666,7.472200297729066
Ben Shapiro,OUTRAGEOUS: Biden Cuts LIFE-SAVING COVID Treatment From Florida,2021-09-17 23:30:01+00:00,232788,16072,2631,175,91.84,0.0108885017421602,8.109524545938793
Ben Shapiro,The Border Is Wide Open | Ep. 1340,2021-09-20 17:00:08+00:00,248056,10302,1594,168,61.32142857142857,0.0163075131042516,4.863417937884994
Ben Shapiro,SHOCKING FOOTAGE: Texas Border Crisis EXPLODING,2021-09-20 22:40:56+00:00,342053,16477,2768,229,71.95196506550218,0.0138981610730108,5.6932697564412535
Ben Shapiro,Shapiro EXPOSES AOC and The Left’s INSANE COVID Hypocrisy,2021-09-21 00:00:00+00:00,232728,16844,1828,183,92.04371584699452,0.01086440275469,8.101732494585955
Ben Shapiro,Ben Shapiro And George Will Discuss The Woke Future Of America,2021-09-21 17:00:12+00:00,179212,6748,1005,327,20.636085626911317,0.0484588026081802,4.508626654465102
Ben Shapiro,Ben Shapiro Reflects on His Decision to Leave California,2021-09-22 17:00:11+00:00,499553,31912,4355,315,101.3079365079365,0.0098708949611431,7.322946714362641
Ben Shapiro,"Open Borders, Closed Country | Ep. 1341",2021-09-23 17:00:09+00:00,206528,8324,1523,144,57.80555555555556,0.0172993753003363,4.837600712736288
Ben Shapiro,The Economy Might Be in Jeopardy. Here’s Why.,2021-09-23 22:24:21+00:00,220598,10501,1330,143,73.43356643356644,0.0136177506904104,5.427973055059429
Ben Shapiro,Shapiro DEBUNKS Border Patrol “Whips” Myth,2021-09-24 00:00:20+00:00,130790,9673,1288,138,70.09420289855072,0.0142665150418691,8.486122792262405
Ben Shapiro,Biden Shoots The Horses | Ep. 1342,2021-09-24 17:00:10+00:00,250537,11182,1525,150,74.54666666666667,0.0134144160257556,5.131776943126165
Ben Shapiro,WATCH: AOC CRIES After House Passes Bill to Fund Israel's Iron Dome,2021-09-24 21:46:15+00:00,271615,20509,1938,371,55.28032345013477,0.0180896191915744,8.400861513539384
Ben Shapiro,Shapiro Reacts to Gabby Petito Case,2021-09-24 23:00:02+00:00,734668,30654,3452,498,61.55421686746988,0.0162458406733215,4.710154791007639
Ben Shapiro,Much Needed GOOD News About COVID,2021-09-25 00:30:08+00:00,424922,26504,1848,285,92.99649122807016,0.010753093872623,6.739354516828971
Ben Shapiro,Bret Weinstein and Heather Heying | The Ben Shapiro Show Sunday Special Ep. 118,2021-09-26 12:00:14+00:00,252493,10743,1424,228,47.11842105263158,0.0212231220329516,4.909046983480731
Ben Shapiro,Last Chance For Biden? | Ep. 1343,2021-09-27 17:00:09+00:00,339724,14087,1561,248,56.80241935483871,0.0176048839355434,4.6790924397452045
Ben Shapiro,“Fact-Checkers” IGNORE Lies About Border Patrol Agents,2021-09-27 21:48:34+00:00,90769,6657,901,95,70.07368421052631,0.0142706925041309,8.431292621930394
Ben Shapiro,Shapiro Breaks Down Biden’s “Zero Dollar” Build Back Better Agenda,2021-09-27 23:30:03+00:00,229409,12479,1233,141,88.50354609929079,0.0112989822902476,6.038559951876343
Ben Shapiro,Bret Weinstein Revisits His Viral Encounter With Student Protestors,2021-09-28 23:00:16+00:00,91597,6581,486,47,140.0212765957447,0.0071417717672086,7.766629911459982
Ben Shapiro,Climate Change PANIC! Shapiro and Lomborg Discuss the FALSE Media Narrative Around Global Warming,2021-09-29 17:00:34+00:00,147347,7018,1396,284,24.711267605633804,0.0404673696209746,5.903072339443626
Ben Shapiro,The Democratic Progressive vs. Moderate War Is On | Ep. 1344,2021-09-30 17:00:10+00:00,229794,9070,944,146,62.12328767123287,0.0160970231532524,4.42135129724884
Ben Shapiro,Ben Shapiro REACTS to Colbert's CRINGE Vaccine Song,2021-09-30 21:56:04+00:00,363978,20632,3184,315,65.4984126984127,0.0152675455602946,6.6297963063701655
Ben Shapiro,TOTAL CRAPSHOW: Military Leaders Testify On DISASTROUS Afghanistan Withdrawal,2021-09-30 23:30:01+00:00,135828,8457,773,108,78.30555555555556,0.0127704859879389,6.874871160585447
Ben Shapiro,"They’re Gonna Spend, Spend, Spend Until Daddy Takes The T-Bird Away | Ep. 1345",2021-10-01 17:00:11+00:00,242165,9373,1289,149,62.90604026845637,0.0158967246345887,4.464311523135053
Ben Shapiro,Joe Manchin Is Getting TRASHED by His Own Party,2021-10-01 22:22:55+00:00,100367,6986,796,73,95.6986301369863,0.01044947036931,7.826277561349847
Ben Shapiro,Shapiro Breaks Down the Debt Ceiling Crisis,2021-10-02 00:00:01+00:00,179377,8353,737,123,67.91056910569105,0.0147252484137435,5.136109980655268
Ben Shapiro,Is A New Civil War Coming? | Ep. 1346,2021-10-04 17:00:11+00:00,408376,18990,3211,378,50.23809523809524,0.0199052132701421,5.5289732991165
Ben Shapiro,WATCH: Sen. Kyrsten Sinema HARRASSED In Bathroom by Far-Left Activists,2021-10-04 22:42:45+00:00,173667,9750,1109,145,67.24137931034483,0.0148717948717948,6.336264229819137
Ben Shapiro,Shapiro Explains His Theory on Why America Is SO Divided,2021-10-05 00:30:10+00:00,198869,9806,1544,175,56.03428571428572,0.0178462166020803,5.795272264656633
Ben Shapiro,Biden Doesn’t Give Two Damns About Norms | Ep. 1347,2021-10-05 17:00:10+00:00,182594,7950,985,126,63.095238095238095,0.0158490566037735,4.962375543555648
Ben Shapiro,THIS Is Why Democrats Are Targeting Facebook,2021-10-05 22:36:11+00:00,307720,18377,2171,247,74.40080971659918,0.0134407139358981,6.757766800987911
Ben Shapiro,Biden’s PATHETIC Response to Krysten Sinema Being HARASSED in the Bathroom,2021-10-05 23:30:05+00:00,79112,4262,504,85,50.14117647058824,0.0199436884091975,6.131813125695216
Ben Shapiro,Ben Shapiro vs. Ana Kasparian FULL DEBATE,2021-10-06 14:55:34+00:00,3544460,116396,31277,2280,51.050877192982455,0.0195883020035052,4.23063033579163
Ben Shapiro,Shapiro Challenges Ana Kasparian's Call to Ban Private Schools,2021-10-06 16:15:34+00:00,188933,10899,1629,102,106.8529411764706,0.0093586567575006,6.684909465260172
Ben Shapiro,Capitalism vs. Socialism Debate | Ben Shapiro vs. Ana Kasparian,2021-10-06 16:46:26+00:00,1800706,47746,12230,987,48.37487335359676,0.0206718887446068,3.385505462857346
Ben Shapiro,The Leftist Quest To Seize Control Of Facebook | Ep. 1348,2021-10-06 17:00:11+00:00,190617,7533,1004,127,59.31496062992126,0.0168591530598699,4.545239931380727
Ben Shapiro,Ana Kasparian: Critical race theory is not taught in elementary schools. Shapiro responds.,2021-10-06 17:32:37+00:00,278029,10838,1821,154,70.37662337662337,0.0142092637017899,4.608512061691406
Ben Shapiro,The #1 Problem With Socialism | Ben Shapiro vs. Ana Kasparian,2021-10-06 22:09:57+00:00,418721,14732,3536,224,65.76785714285714,0.0152049959272332,4.416305845658565
Ben Shapiro,Did McConnell Just Cave To Biden? | Ep. 1349,2021-10-07 17:00:12+00:00,212660,8584,1118,170,50.49411764705882,0.0198042870456663,4.642151791592213
Ben Shapiro,INSANE: Viral Video Shows Trans Activist HARASSING Sonic Employee,2021-10-07 22:53:30+00:00,977503,41787,5290,608,68.72861842105263,0.0145499796587455,4.878245897966553
Ben Shapiro,HYPOCRISY: Socialist Twitch Streamer Buys $2.7 MILLION House,2021-10-08 00:30:03+00:00,397506,26558,8957,6345,4.185657998423956,0.2389110625800135,10.53065865672468
Ben Shapiro,"Shapiro REACTS to Dave Chappelle & Sage Steele Getting ""CANCELLED""",2021-10-08 01:30:02+00:00,2092452,84145,8333,3297,25.521686381558997,0.0391823637768138,4.577165927820567
Ben Shapiro,Authoritarian Biden Is Murdering The Economy | Ep. 1350,2021-10-08 17:00:11+00:00,255883,11136,1653,234,47.58974358974359,0.0210129310344827,5.089435406025411
Ben Shapiro,"INSANE: NYC ENDS School's ""Gifted & Talented"" Programs",2021-10-08 21:51:17+00:00,147432,7781,1516,110,70.73636363636363,0.0141370003855545,6.380568668945684
Ben Shapiro,LOL: Ben Shapiro REACTS to EVEN MORE Insane Woke TikToks,2021-10-09 14:39:30+00:00,4053481,206624,17159,3781,54.64797672573393,0.0182989391358215,5.614038896444809
Ben Shapiro,"Yes, Happy Columbus Day | Ep. 1351",2021-10-11 17:00:12+00:00,236890,9514,1512,268,35.5,0.028169014084507,4.767613660348685
Ben Shapiro,Unemployment Is SKYROCKETING Because of COVID Panic,2021-10-11 21:44:01+00:00,192113,9951,1585,131,75.9618320610687,0.0131645060797909,6.072988293348186
Ben Shapiro,THIS Is Why Columbus Day Matters,2021-10-11 23:30:03+00:00,159910,9432,1921,720,13.1,0.0763358778625954,7.549871802889125
Ben Shapiro,The Sickest Story You’ve Heard In Recent Memory | Ep. 1352,2021-10-12 17:00:10+00:00,395811,18353,3106,238,77.11344537815125,0.0129679071541437,5.481656649259368
Ben Shapiro,The Biden Who Stole Christmas | Ep. 1353,2021-10-13 17:00:11+00:00,237289,10198,1595,203,50.23645320197044,0.0199058638948813,5.055438726616067
Ben Shapiro,"INSANE: Demi Lovato Thinks ""Alien"" Is An Offensive Term To Extraterrestrials",2021-10-13 22:35:33+00:00,242145,15610,2684,191,81.72774869109948,0.0122357463164638,7.633855747589255
Ben Shapiro,Loudoun County School Board BLASTED Over Bombshell Daily Wire Exposé,2021-10-13 22:41:38+00:00,335007,29100,3213,158,184.1772151898734,0.0054295532646048,9.692633288259648
Ben Shapiro,Biden Is Full Of Ship | Ep. 1354,2021-10-14 17:00:09+00:00,220752,9495,1195,126,75.35714285714286,0.0132701421800947,4.899615858519968
Ben Shapiro,Shapiro Reacts to Joe Rogan Confronting CNN's Medical Expert on COVID,2021-10-14 22:10:56+00:00,1251017,75896,6101,1236,61.40453074433657,0.0162854432381153,6.653226934566037
Ben Shapiro,Shapiro Breaks Down Biden's Supply Chain CRISIS,2021-10-14 23:30:00+00:00,253527,12826,1294,178,72.0561797752809,0.0138780601902385,5.639636015098984
Ben Shapiro,The Loudoun County Sex Assault Cover-Up | Ep. 1355,2021-10-15 17:00:09+00:00,289449,13790,1751,162,85.12345679012346,0.0117476432197244,5.425135343359279
Ben Shapiro,Shapiro Breaks Down the Alleged COVER-UP in Loudoun County,2021-10-15 23:14:12+00:00,152041,9667,823,63,153.44444444444446,0.0065170166545981,6.940890943890135
Ben Shapiro,LOL: Shapiro DISMANTLES Biden's Claim That He's DEFEATING COVID,2021-10-16 00:30:05+00:00,194006,13740,1699,145,94.75862068965516,0.0105531295487627,8.032741255425089
Ben Shapiro,"Adam Carolla on Dave Chappelle's Latest Special, Norm Macdonald, and Woke ""Comedy""",2021-10-16 20:40:11+00:00,415022,14428,1440,412,35.019417475728154,0.0285555863598558,3.922683616772123
Ben Shapiro,Bari Weiss | The Ben Shapiro Show Sunday Special Ep. 119,2021-10-17 12:00:27+00:00,348751,11905,2065,567,20.99647266313933,0.0476270474590508,4.168303460061764
Ben Shapiro,Send The Entire Biden Administration On Paternity Leave | Ep. 1356,2021-10-18 17:00:10+00:00,267882,10975,1366,171,64.18128654970761,0.0155808656036446,4.670713224479435
Ben Shapiro,Pete Buttigieg Disappears For TWO MONTHS During Supply Chain CRISIS,2021-10-18 22:11:39+00:00,101142,6552,1039,100,65.52,0.0152625152625152,7.604160487235767
Ben Shapiro,China Fires Hypersonic Rocket While Americans Throw Out “The American Way”,2021-10-18 23:30:02+00:00,421791,19732,2936,343,57.52769679300292,0.0173829312791404,5.455545518989262
Ben Shapiro,The Consequences Of Covid Authoritarianism | Ep. 1357,2021-10-19 17:00:11+00:00,252435,12138,1752,202,60.08910891089109,0.0166419508980062,5.582427159466794
Ben Shapiro,Police Officers Are QUITTING Because of Vaccine Mandates,2021-10-19 22:28:29+00:00,182680,14137,2226,188,75.19680851063829,0.013298436726321,9.060105101817385
Ben Shapiro,INSANE: NYC to Remove HISTORIC Thomas Jefferson Statue From City Hall,2021-10-20 00:00:08+00:00,97702,7202,1385,87,82.7816091954023,0.0120799777839489,8.878016826677039
Ben Shapiro,DISGUSTING: Media Uses Colin Powell's Death To FEARMONGER,2021-10-20 01:30:11+00:00,73860,4115,679,85,48.41176470588236,0.0206561360874848,6.6057405903059845
Ben Shapiro,How To Defeat The Authoritarian Left | Ep. 1358,2021-10-20 17:00:09+00:00,215056,10506,1419,153,68.66666666666667,0.0145631067961165,5.616211591399449
Ben Shapiro,Ben Shapiro Reviews “Squid Game”,2021-10-20 22:27:34+00:00,1530276,52344,10474,9305,5.625362708221386,0.1777663151459575,4.713071367518016
Ben Shapiro,These Businesses Are RESISTING Vaccine Mandates,2021-10-20 23:30:03+00:00,302118,16327,1395,164,99.5548780487805,0.0100447112145525,5.920203364248406
Ben Shapiro,The Left Tries to CANCEL “Handmaid’s Tale” Author for INSANE Reason,2021-10-21 00:30:03+00:00,258855,13140,1847,192,68.4375,0.0146118721461187,5.863900639354078
Ben Shapiro,Dave Chapelle Is Funny. Get Over It. | Ep. 1359,2021-10-21 17:00:09+00:00,324476,14839,2226,228,65.08333333333333,0.0153649167733674,5.329515896399117
Ben Shapiro,Ben Shapiro Reacts to PATHETIC Dave Chappelle Netflix Protest,2021-10-21 21:35:50+00:00,639611,29623,3424,470,63.02765957446808,0.0158660500286939,5.240216318981381
Ben Shapiro,LOL: Ben Shapiro Reacts to EMPTY WNBA Parade,2021-10-21 23:30:02+00:00,2206409,70664,9248,1058,66.79017013232514,0.014972263104268,3.6697638561119
Ben Shapiro,Joe Biden Has Fallen And He Can't Get Up | Ep. 1360,2021-10-22 17:00:11+00:00,293423,13940,1743,223,62.51121076233184,0.0159971305595408,5.420842946871922
Ben Shapiro,Shapiro REACTS To Biden's EMBARRASSING Town Hall,2021-10-22 22:19:32+00:00,756552,59735,8100,608,98.24835526315788,0.0101782874361764,9.046701350336791
Ben Shapiro,UNREAL: NIH ADMITS American Tax Dollars Funded Gain-Of-Function Research in Wuhan,2021-10-22 23:30:05+00:00,305796,23777,3298,163,145.87116564417178,0.0068553644278083,8.907245353111225
Ben Shapiro,Ben Shapiro Reviews “No Time To Die”,2021-10-23 15:59:46+00:00,668209,23751,4226,1477,16.080568720379148,0.0621868552903035,4.407902317987336
Ben Shapiro,The Wokes Rebel Against Reality | Ep. 1361,2021-10-25 17:00:10+00:00,243414,11405,1273,145,78.65517241379311,0.0127137220517316,5.267979656059224
Ben Shapiro,LEAKED: University's Mandatory WOKE Training,2021-10-25 22:32:54+00:00,308691,16968,1894,134,126.6268656716418,0.0078972182932578,6.153726542076057
Ben Shapiro,Ben Shapiro LIVE Speech at the University of Central Florida,2021-10-26 00:09:26+00:00,371144,20923,1447,282,74.19503546099291,0.013477990727907,6.103291444830039
Ben Shapiro,Fauci Allegedly Green-Lit Experimental Drug Testing on PUPPIES,2021-10-26 01:00:04+00:00,104133,8667,1326,64,135.421875,0.0073843313718703,9.657841414345118
Ben Shapiro,Welcoming Ex-ESPN Sportscaster Allison Williams to the Daily Wire,2021-10-26 02:00:08+00:00,93083,6326,465,69,91.68115942028986,0.0109073664242807,7.369766767293706
Ben Shapiro,Chappelle’s “F*** You” Moment | Ep. 1362,2021-10-26 17:00:12+00:00,331578,16358,1093,191,85.64397905759162,0.0116762440396136,5.320618376369964
Ben Shapiro,Why I Refuse to Compromise on the Trans Issue,2021-10-26 20:28:59+00:00,202601,13963,866,193,72.34715025906736,0.0138222445033302,7.414573471996682
Ben Shapiro,Is There Any Hope for Public Schools in America?,2021-10-26 21:30:00+00:00,239405,9337,874,116,80.49137931034483,0.012423690692942,4.313610826841545
Ben Shapiro,SCHOOL FIGHT: The Left Wants Control Of Your Kids' MINDS,2021-10-26 22:21:56+00:00,116345,7277,886,79,92.11392405063292,0.0108561220283083,7.0841033134212905
Ben Shapiro,WATCH: Dave Chappelle REFUSES to Be Cancelled,2021-10-27 00:00:21+00:00,3114477,109035,5187,1666,65.44717887154862,0.0152794974090888,3.72094576392762
Ben Shapiro,Debunking the 4 Pillars of Critical Race Theory,2021-10-27 15:45:02+00:00,147245,7415,586,114,65.04385964912281,0.0153742414025623,5.511222791945397
Ben Shapiro,Biden’s Most Pathetic Hail Mary | Ep. 1363,2021-10-27 17:00:09+00:00,249184,11671,1377,149,78.32885906040268,0.0127666866592408,5.2960864260947735
Ben Shapiro,Is the Tide Turning on the Abortion Issue?,2021-10-27 21:00:23+00:00,44609,2096,566,55,38.10909090909091,0.0262404580152671,6.090699186262862
Ben Shapiro,Ben Shapiro Reviews “Dune”,2021-10-27 21:57:48+00:00,1447167,54109,7152,6746,8.020901274829528,0.124674268605962,4.699319428925619
Ben Shapiro,LOL: Biden Can't Stop Talking About Trump,2021-10-27 23:30:01+00:00,138316,9055,871,72,125.76388888888889,0.0079514080618442,7.228375603690101
Ben Shapiro,Shapiro Breaks Down Biden's Campaign Speech for McAuliffe,2021-10-28 00:30:01+00:00,128997,8888,949,103,86.29126213592232,0.0115886588658865,7.705605556718373
Ben Shapiro,Merrick Garland Is A Legal Hack | Ep. 1364,2021-10-28 17:00:09+00:00,222883,9642,1387,154,62.61038961038961,0.0159717900850445,5.017430669903043
Ben Shapiro,Merrick Garland EXPOSED During Senate Hearing | Shapiro Reacts,2021-10-28 22:12:36+00:00,157781,11029,766,82,134.5,0.0074349442379182,7.527522325248287
Ben Shapiro,"LOL: Passports Now Display ""X"" as a Gender Option",2021-10-28 23:30:04+00:00,84432,4661,1403,226,20.62389380530973,0.0484874490452692,7.449782073147622
Ben Shapiro,Biden Is Making Illegal Immigrants Rich And Americans Dependant | Ep. 1365,2021-10-29 17:00:11+00:00,287461,11817,1809,219,53.95890410958904,0.0185326224930185,4.816305516226549
Ben Shapiro,Here's Everything You Need To Know About The Virginia Gubernatorial Election,2021-10-29 22:23:39+00:00,194244,15893,1072,92,172.75,0.0057887120115774,8.781223615658657
Ben Shapiro,"Biden STRUGGLES to Convince Americans to Support His ""Build Back Better"" Agenda",2021-10-30 00:00:21+00:00,126946,7796,895,103,75.68932038834951,0.013211903540277,6.927354938320231
Ben Shapiro,"INSANE: Biden Considers Paying Illegal Aliens Separated At Border $450,000",2021-10-30 01:30:01+00:00,167510,9177,2087,126,72.83333333333333,0.0137299771167048,6.799594054086324
Ben Shapiro,"Let’s Go, Brandon! | Ep. 1366",2021-11-01 17:00:08+00:00,481028,22356,3050,311,71.88424437299035,0.0139112542494185,5.346258429862711
Ben Shapiro,INSANE: Colin Kaepernick Compares the NFL Draft To Slavery,2021-11-01 22:47:33+00:00,547261,27331,5397,977,27.97441146366428,0.035746954008269,6.158852905651965
Ben Shapiro,"Shapiro REACTS to ""Let's Go Brandon"" Tweets After Alleged Southwest Incident",2021-11-02 00:00:06+00:00,246026,15265,1412,135,113.07407407407408,0.0088437602358336,6.833424109646948
Ben Shapiro,Zero Hour For Democrats In Virginia | Ep. 1367,2021-11-02 17:00:09+00:00,234288,11489,1409,129,89.06201550387597,0.0112281312559839,5.5602506317011535
Ben Shapiro,Shapiro Reacts to Biden FALLING ASLEEP At Conference,2021-11-02 22:42:33+00:00,321162,18928,1732,235,80.54468085106383,0.0124154691462383,6.506062361051431
Ben Shapiro,"Shapiro Reacts to Greta Thunberg’s Articulate Rant: ""No More Blah, Blah, Blah!""",2021-11-03 00:30:02+00:00,1099339,65436,8709,1817,36.01320858558063,0.0277675897059722,6.909788518373314
Ben Shapiro,Bloodbath For The Democrats | Ep. 1368,2021-11-03 17:00:11+00:00,333468,18454,1995,170,108.55294117647058,0.0092120949387666,6.183201986397496
Ben Shapiro,Shapiro REACTS To STUNNING Virginia Election Results,2021-11-03 22:20:59+00:00,327135,22176,1725,126,176.0,0.0056818181818181,7.344674217066349
Ben Shapiro,LOL: Mainstream Media MELTS DOWN After Republicans Win Virginia,2021-11-04 00:00:25+00:00,592652,47848,3800,242,197.7190082644628,0.0050576826617622,8.755559755134549
Ben Shapiro,BREAKING: The Daily Wire Challenges Biden’s Vaccine Mandate | Here’s What Comes Next,2021-11-04 15:59:08+00:00,258021,28464,3773,221,128.7963800904977,0.0077641933670601,12.579596234415028
Ben Shapiro,"We're Fighting The Tyrannical Biden Vaccine Mandate, And We Need Your Help | Ep. 1369",2021-11-04 17:00:11+00:00,299794,24305,3075,307,79.16938110749186,0.0126311458547623,9.235341601232848
Ben Shapiro,THIS Is Why More States Are Trending Red,2021-11-04 22:01:04+00:00,214581,15945,1209,135,118.11111111111111,0.0084666039510818,8.057097319893188
Ben Shapiro,Kyle Rittenhouse Shouldn’t Even Be On Trial | Ep. 1370,2021-11-05 17:00:11+00:00,374751,18014,3157,330,54.58787878787879,0.0183190851559897,5.737409640000961
Ben Shapiro,Ben Shapiro Breaks Down the Kyle Rittenhouse Trial,2021-11-05 22:00:11+00:00,570308,35870,3435,647,55.44049459041731,0.0180373571229439,7.005337466772341
Ben Shapiro,INSANE: Truth Finally Comes Out About “Russiagate”,2021-11-06 00:00:06+00:00,276845,20305,1881,127,159.88188976377953,0.0062546170893868,8.05974462244216
Ben Shapiro,Biden's Stinking It Up... But So Are Republicans. | Ep. 1371,2021-11-08 18:00:11+00:00,285958,13100,1653,202,64.85148514851485,0.0154198473282442,5.229788989991537
Ben Shapiro,Shapiro Reacts to Big Bird Telling Your Kids to Get Vaccinated,2021-11-08 23:35:52+00:00,226679,13071,1601,249,52.493975903614455,0.0190498049116364,6.582435955690647
Ben Shapiro,DISGRACE: Republicans Just BAILED OUT Biden,2021-11-09 01:00:12+00:00,165656,9813,1516,148,66.30405405405405,0.0150820340364822,6.92821268170184
Ben Shapiro,Shapiro Reacts to AWFUL SNL Abortion Skit,2021-11-09 02:30:13+00:00,721503,32848,5462,1116,29.433691756272403,0.0339746712128592,5.464426343341608
Ben Shapiro,"Biden: Ignore The Law, Obey Me | Ep. 1372",2021-11-09 18:00:10+00:00,251052,10666,1206,173,61.653179190751445,0.0162197637352334,4.797810812102672
Ben Shapiro,Man Shot by Kyle Rittenhouse ADMITS He Pulled His Gun on Kyle FIRST,2021-11-09 23:06:30+00:00,401583,28950,2535,210,137.85714285714286,0.0072538860103626,7.892515370421557
Ben Shapiro,THIS Is How We Fix America's Universities,2021-11-10 00:30:05+00:00,83190,5208,526,101,51.56435643564357,0.0193932411674347,7.014064190407502
Ben Shapiro,Shapiro Breaks Down Biden's Attempts to Force Americans to Vaccinate,2021-11-10 02:30:22+00:00,124642,9386,1061,113,83.06194690265487,0.012039207330066,8.47226456571621
Ben Shapiro,The Panem Elites vs. Actual Humans | Ep. 1373,2021-11-10 18:00:10+00:00,226450,9299,997,129,72.08527131782945,0.013872459404237,4.603665268271142
Ben Shapiro,INSANE: Biden Nominee Wants to BANKRUPT Oil Companies to Stop Climate Change,2021-11-10 23:35:12+00:00,85442,6666,1149,68,98.02941176470588,0.0102010201020102,9.226141710165962
Ben Shapiro,Democrats Are Losing Moderates. Here’s Why.,2021-11-11 01:30:05+00:00,131204,7422,782,95,78.12631578947368,0.0127997844246833,6.325264473644096
Ben Shapiro,The Rittenhouse Trial And The Collapse Of American Institutional Trust | Ep. 1374,2021-11-11 18:00:10+00:00,334151,17162,3028,204,84.12745098039215,0.0118867264887542,6.103228779803143
Ben Shapiro,WEAK: Prosecutor Tries to Link CALL OF DUTY to Kyle Rittenhouse Shootings,2021-11-11 23:16:09+00:00,267687,18070,1771,128,141.171875,0.0070835639180962,7.459831818504448
Ben Shapiro,Shapiro Reacts to Kyle Rittenhouse’s Testimony and the Left’s VILE Response,2021-11-12 01:00:03+00:00,606722,43852,6707,442,99.21266968325791,0.0100793578400072,8.405991541430836
Ben Shapiro,WATCH: Mainstream Media MELTS DOWN in Response to Kyle Rittenhouse Trial,2021-11-12 02:30:01+00:00,380875,28567,2543,226,126.40265486725664,0.0079112262400672,8.227371184771908
Ben Shapiro,The Rittenhouse Debacle Continues | Ep. 1375,2021-11-12 18:00:09+00:00,315603,14207,2045,197,72.11675126903553,0.0138664038854086,5.211927643273353
Ben Shapiro,Shapiro Breaks Down Dave Portnoy Hit Piece,2021-11-12 23:24:32+00:00,251957,9961,698,156,63.8525641025641,0.0156610782049995,4.292399099846402
Ben Shapiro,The Left NEEDS Kyle Rittenhouse to Be Convicted. Here's Why.,2021-11-13 01:00:11+00:00,417201,22079,2845,333,66.30330330330331,0.0150822048100004,6.053916457534857
Ben Shapiro,Ben Shapiro REACTS to MORE Insane Woke TikToks | Volume 4,2021-11-13 18:00:04+00:00,4091470,190773,16615,1918,99.4645464025026,0.0100538336137713,5.115667474037449
Ben Shapiro,Eric Schmidt | The Ben Shapiro Show Sunday Special Ep. 120,2021-11-14 13:00:32+00:00,177179,6399,1706,383,16.70757180156658,0.0598531020471948,4.790635459055531
Ben Shapiro,What If Biden Stabs Kamala Harris In The Back First? | Ep. 1376,2021-11-15 18:00:09+00:00,359682,15649,1741,196,79.84183673469387,0.0125247619656208,4.8893188983602185
Ben Shapiro,Before the Verdict: NYC Trial Attorney Misty Marris Breaks Down Rittenhouse Case,2021-11-16 00:16:30+00:00,203933,11668,994,96,121.54166666666669,0.0082276311278711,6.255976227486479
Ben Shapiro,LOL: Elon Musk Slams Bernie on Twitter,2021-11-16 00:47:20+00:00,277229,16164,913,272,59.4264705882353,0.0168275179411036,6.258003311341886
Ben Shapiro,Ben Shapiro & Leftist Clash Over Transgenderism,2021-11-16 01:16:54+00:00,716971,50858,10543,506,100.5098814229249,0.0099492705179126,8.634519387813453
Ben Shapiro,Ben Shapiro LIVE Speech at Florida State University,2021-11-16 01:26:22+00:00,307496,18417,1396,166,110.94578313253012,0.0090134115219634,6.4973202903452405
Ben Shapiro,YIKES: THIS Is How DESPERATE Dems Are To Get Rid Of Kamala,2021-11-16 01:30:06+00:00,622923,32141,3493,283,113.57243816254416,0.0088049531750723,5.765881176325164
Ben Shapiro,The Kyle Rittenhouse Case Reaches Its Conclusion | Ep. 1377,2021-11-16 18:00:09+00:00,428387,19135,2425,248,77.15725806451613,0.0129605435066631,5.090724041579226
Ben Shapiro,Guilty or Not Guilty? — Kyle Rittenhouse Case Concludes,2021-11-16 22:53:40+00:00,303128,15706,1663,188,83.54255319148936,0.0119699477906532,5.791942677680716
Ben Shapiro,Lead Prosecutor Embarrasses Himself (Again) During Closing Arguments | Kyle Rittenhouse Trial Recap,2021-11-16 23:30:05+00:00,848248,40245,4671,540,74.52777777777777,0.0134178158777487,5.3588101592930375
Ben Shapiro,The Democratic War On Parents | Ep. 1378,2021-11-17 18:00:11+00:00,209667,8641,919,118,73.22881355932203,0.0136558268718898,4.6158909127330485
Ben Shapiro,FBI Counterterrorism Unit Tracking ‘Threats’ Against School Officials,2021-11-17 23:51:12+00:00,45521,3418,328,28,122.07142857142856,0.008191925102399,8.290679027262144
Ben Shapiro,UNREAL: Democrats Are DOUBLING DOWN on CRT in Schools,2021-11-18 00:16:06+00:00,165175,12565,1182,86,146.1046511627907,0.0068444090728213,8.374754048736188
Ben Shapiro,J.K. Rowling Will NOT Be Interviewed For 20th Anniversary Harry Potter Special — Here's Why,2021-11-18 01:00:03+00:00,281215,18395,1619,173,106.32947976878611,0.0094047295460723,7.178493323613605
Ben Shapiro,The Biden Vaxx Mandate Is On Life Support | Ep. 1379,2021-11-18 18:00:10+00:00,255568,11999,1547,152,78.9407894736842,0.0126677223101925,5.3598259563012585
Ben Shapiro,"Ben Shapiro Q&A: Transgenderism Debate, Kyle Rittenhouse, CRT in Schools",2021-11-18 19:16:44+00:00,7848380,166823,23788,6332,26.346020214782055,0.037956396899708,2.5093458777480198
Ben Shapiro,Rittenhouse Case: The Prosecution's MAJOR Evidence Problem Explained,2021-11-18 22:56:44+00:00,236637,15390,1100,108,142.5,0.0070175438596491,7.014118671213715
Ben Shapiro,MUST WATCH: Rep. Lauren Boebert SLAMS Eric Swalwell & Ilhan Omar,2021-11-18 23:56:47+00:00,335162,27764,1598,212,130.96226415094338,0.0076357873505258,8.823792673393761
Ben Shapiro,AOC For President | Ep. 1380,2021-11-19 18:00:10+00:00,259866,10722,1168,151,71.00662251655629,0.0140831934340608,4.6335419023650655
Ben Shapiro,BREAKING: Ben Shapiro Reacts to Kyle Rittenhouse NOT GUILTY Verdict,2021-11-19 19:24:33+00:00,940869,55066,6328,754,73.03183023872678,0.0136926597174299,6.605382896024844
Ben Shapiro,BREAKING: Rittenhouse Acquitted! Ben Shapiro's Full Analysis,2021-11-19 22:07:49+00:00,677726,48197,6283,544,88.59742647058823,0.0112870095649106,8.118915313858404
Ben Shapiro,Media MELTS DOWN Over Rittenhouse NOT GUILTY Verdict,2021-11-20 00:44:54+00:00,711133,60589,6440,408,148.50245098039215,0.006733895591609,9.48303622529119
Ben Shapiro,Ron DeSantis | The Ben Shapiro Show Sunday Special Ep. 121,2021-11-21 13:00:10+00:00,851571,57351,7303,550,104.27454545454546,0.0095900681766664,7.656907057661663
Ben Shapiro,Left-Wing Prosecutors Get Americans Killed | Ep. 1381,2021-11-22 18:00:08+00:00,301455,14087,1719,187,75.33155080213903,0.0132746503868815,5.305269443200478
Ben Shapiro,Is Banning CRT an Attack on Free Speech?,2021-11-22 18:13:39+00:00,94807,5903,740,51,115.74509803921568,0.0086396747416567,7.060660077842354
Ben Shapiro,Leftist Challenges Ben Shapiro on Capitalism,2021-11-22 18:45:01+00:00,426727,17693,2565,216,81.91203703703704,0.012208217939298,4.7979152947903465
Ben Shapiro,Shapiro Breaks Down Waukesha Parade Tragedy,2021-11-23 00:08:31+00:00,325299,17276,2368,184,93.8913043478261,0.0106506135679555,6.095315386767251
Ben Shapiro,INSANE: Celebrities’ GROSS Reactions to the Rittenhouse Verdict,2021-11-23 01:45:01+00:00,569066,41659,4639,312,133.52243589743588,0.0074893780455603,8.190614093971526
Ben Shapiro,Shapiro REACTS: New Yorkers Think Obesity Stems From Racism,2021-11-23 02:15:01+00:00,886579,42883,3533,343,125.02332361516036,0.0079985075671011,5.2740928896353285
Ben Shapiro,A Society Without Men Is A Dying Society | Ep. 1382,2021-11-23 18:00:10+00:00,280501,11958,1816,253,47.26482213438735,0.0211573841779561,5.000695184687399
Ben Shapiro,New Disturbing Details About Suspect in Waukesha Parade Tragedy,2021-11-23 23:35:21+00:00,524315,33795,3840,307,110.0814332247557,0.0090841840508951,7.236489514890858
Ben Shapiro,Governor Ron DeSantis Is Battling Leftist Narratives. Here's How.,2021-11-24 01:00:08+00:00,96394,7733,571,65,118.96923076923076,0.0084055347213241,8.6820756478619
Ben Shapiro,THIS Is the Scariest Trend in America Right Now,2021-11-24 02:30:07+00:00,551389,32368,3520,451,71.76940133037694,0.0139335145823035,6.590447034670623
Ben Shapiro,"The Looters Are Here, And We Know Who To Blame | Ep. 1383",2021-11-24 18:00:10+00:00,399101,16982,2093,246,69.03252032520325,0.0144859262748792,4.841130440665395
Ben Shapiro,Shapiro Reacts to Looters RANSACKING California Stores,2021-11-25 00:00:10+00:00,439509,27268,3347,214,127.42056074766356,0.0078480269913451,7.01441836230885
Ben Shapiro,"Dave Ramsey on Building Wealth, Cryptocurrency, and Charity",2021-11-25 13:00:11+00:00,849550,30746,2460,664,46.30421686746988,0.0215963052104338,3.9868165499382022
Ben Shapiro,Ben Shapiro Reviews the Biggest 2021 Movie Trailers,2021-11-26 13:00:12+00:00,248375,12558,1428,382,32.87434554973822,0.030418856505813,5.784801207851032
Ben Shapiro,Join the fight,2021-11-26 22:51:09+00:00,504727,30253,1561,891,33.953984287317624,0.0294516246322678,6.479740533001009
Ben Shapiro,The Omicron Crisis | Ep. 1384,2021-11-29 18:00:09+00:00,390294,16892,2521,361,46.79224376731302,0.0213710632251953,5.066437096137784
Ben Shapiro,Why We Need You to Join the Fight,2021-11-29 20:00:38+00:00,37733,2382,164,109,21.853211009174316,0.0457598656591099,7.036281239233562
Ben Shapiro,Help Us in the Fight to Win Back the Country,2021-11-29 20:30:01+00:00,34613,2124,157,70,30.34285714285714,0.0329566854990583,6.792245688036287
Ben Shapiro,LOL: Fauci Claims He Represents All of Science,2021-11-30 00:15:21+00:00,153868,12366,1627,95,130.16842105263157,0.0076823548439268,9.155899862219565
Ben Shapiro,Here Is What We Can Expect With the Omicron Variant,2021-11-30 01:30:22+00:00,324357,22191,2617,295,75.22372881355932,0.0132936776170519,7.739311930989619
Ben Shapiro,Ben Shapiro LIVE Q&A,2021-11-30 03:01:22+00:00,241113,15029,944,159,94.52201257861635,0.0105795462106593,6.690638829096731
Ben Shapiro,Which Cuomo Brother Is Dumber? | Ep. 1385,2021-11-30 18:00:08+00:00,265020,11344,1113,140,81.02857142857142,0.0123413258110014,4.75322617160969
Ben Shapiro,This Is Why I Don’t Take Politicians Seriously,2021-11-30 23:17:18+00:00,251820,15985,1661,276,57.91666666666666,0.0172661870503597,7.116988324994043
Ben Shapiro,New Book Details SHADY Biden Family Dealings,2021-12-01 01:00:21+00:00,87959,6859,543,45,152.42222222222222,0.0065607231374835,8.466444593503791
Ben Shapiro,The End Of The Cuomo Show | Ep. 1386,2021-12-01 18:00:09+00:00,283809,12790,1467,173,73.9306358381503,0.0135261923377638,5.084405357123981
Ben Shapiro,Shapiro REACTS to Chris Cuomo Getting SUSPENDED,2021-12-01 23:19:51+00:00,177883,9888,656,72,137.33333333333334,0.0072815533980582,5.96796770911217
Ben Shapiro,The Search for the Origin of COVID-19,2021-12-02 01:00:02+00:00,91434,5817,527,49,118.71428571428572,0.0084235860409145,6.991928604239122
Ben Shapiro,Are We About to See Another Government Shutdown?,2021-12-02 02:30:08+00:00,135025,8080,583,59,136.94915254237287,0.0073019801980198,6.459544528790964
Ben Shapiro,Is Roe About To Go? | Ep. 1387,2021-12-02 18:00:08+00:00,302051,10538,1644,274,38.45985401459854,0.026001138736003,4.123806906780643
Ben Shapiro,Ben Shapiro Breaks Down the Supreme Court Abortion Case,2021-12-03 00:25:01+00:00,169922,8490,1691,178,47.69662921348315,0.0209658421672555,6.096326549828745
Ben Shapiro,Fauci and Biden's INSANE Response to the Omicron Variant,2021-12-03 02:00:28+00:00,236029,14813,1965,160,92.58125,0.0108013231620873,7.176236818357067
Ben Shapiro,The Abortion Fanatics Prepare For The Apocalypse | Ep. 1388,2021-12-03 18:00:11+00:00,272488,11264,2568,246,45.78861788617886,0.0218394886363636,5.166466046211209
Ben Shapiro,"BREAKING: Daily Wire Releases Trailer for Upcoming Film ""SHUT IN""",2021-12-03 19:30:01+00:00,67710,4237,454,128,33.1015625,0.0302100542836912,7.117117117117116
Ben Shapiro,LOL: Democrats Celebrate Gas Prices Dropping by TWO CENTS,2021-12-03 23:30:03+00:00,219426,12030,1191,82,146.70731707317074,0.0068162926018287,6.062636150684058
Ben Shapiro,LUNACY: Leftist Justifies ABORTION by Citing the “Trauma” of ADOPTION,2021-12-04 01:00:05+00:00,134400,8194,1736,151,54.264900662251655,0.0184281181352208,7.500744047619047
Ben Shapiro,LOL: Ben Shapiro REACTS to INSANE Woke TikToks | Volume 5,2021-12-04 19:00:12+00:00,6178633,254833,26893,5206,48.94986553976182,0.0204290653094379,4.643939848830639
Ben Shapiro,The White Nationalist Coup That Isn’t | Ep. 1389,2021-12-06 18:00:10+00:00,260577,10549,1228,234,45.08119658119658,0.0221821973646791,4.609386093170157
Ben Shapiro,Media DROOLS Over Irrelevant White Nationalist March,2021-12-06 23:14:08+00:00,126367,7755,1118,146,53.11643835616438,0.0188265635074145,7.137148147855058
Ben Shapiro,"INSANE: Dictionary Changes ""Anti-Vaxxer"" Definition",2021-12-07 00:30:03+00:00,212100,14676,1489,148,99.16216216216216,0.0100844916871082,7.691183404054691
Ben Shapiro,New York City’s Forever Pandemic | Ep. 1390,2021-12-07 18:00:11+00:00,233231,9953,1380,153,65.05228758169935,0.015372249572993,4.924731275002037
Ben Shapiro,"Shapiro REACTS to COVID Christmas Song by Megan Thee Stallion, Ariana Grande, & Jimmy Fallon",2021-12-07 23:18:01+00:00,441287,22549,2825,841,26.812128418549342,0.0372965541709166,5.9405783537697685
Ben Shapiro,LOL: Jussie Smollett Trial SPIRALS Into Absurdity,2021-12-08 01:00:10+00:00,358146,21717,1970,129,168.34883720930233,0.0059400469678132,6.649802036041168
Ben Shapiro,Is Biden About to Botch ANOTHER American Withdrawal?,2021-12-08 02:30:06+00:00,115545,6264,849,108,58.0,0.0172413793103448,6.249513176684409
Ben Shapiro,Is America’s Future Dying? | Ep. 1391,2021-12-08 18:00:09+00:00,256851,10760,1432,198,54.343434343434346,0.0184014869888475,4.823808355817186
Ben Shapiro,These SHOCKING Poll Numbers Don’t Look Good for Biden,2021-12-08 23:23:18+00:00,180459,11087,1050,79,140.34177215189874,0.0071254622530892,6.769404684720628
Ben Shapiro,You Will NOT Be Remembered for Your Gender Identity,2021-12-09 01:30:11+00:00,239379,12955,1625,255,50.80392156862745,0.0196835198764955,6.197285476169589
Ben Shapiro,"California, Land Of Evil | Ep. 1392",2021-12-09 18:00:08+00:00,255399,10543,1798,209,50.44497607655502,0.0198235796262923,4.9138798507433465
Ben Shapiro,INSANE: California Plans to Become ABORTION SANCTUARY,2021-12-10 00:00:04+00:00,116425,7275,1454,158,46.04430379746835,0.0217182130584192,7.633240283444278
Ben Shapiro,GUILTY: Jussie Smollett’s Attacker Convicted | Ep. 1393,2021-12-10 18:00:11+00:00,427096,18843,3170,251,75.07171314741036,0.013320596507987,5.212879539962912
Ben Shapiro,Ben Shapiro Reacts to GUILTY VERDICT in Jussie Smollett Trial,2021-12-11 00:30:06+00:00,316768,20051,1732,142,141.20422535211267,0.0070819410503216,6.921469340337408
Ben Shapiro,Shapiro EXPOSES Leftists That Defended Jussie Smollett,2021-12-11 02:00:03+00:00,787170,28589,3694,494,57.87246963562753,0.0172793731854909,4.163903604049951
Ben Shapiro,"Origins of the Daily Wire, Trump’s 2024 Plans, and Country Music | Ben Shapiro & John Rich",2021-12-11 15:00:08+00:00,263190,15915,1474,147,108.26530612244898,0.0092365692742695,6.662867130210115
Ben Shapiro,Ben Shapiro’s MUST WATCH Christmas Movies,2021-12-11 19:00:11+00:00,365560,18098,2851,277,65.33574007220217,0.0153055586252624,5.8064339643287015
Ben Shapiro,When Will The Biden Inflation Bubble Burst? | Ep. 1394,2021-12-13 18:00:10+00:00,270471,10768,1141,161,66.88198757763975,0.0149517087667161,4.462585637646919
Ben Shapiro,THIS Is How Biden’s Poor Economy Is Impacting Average Americans,2021-12-13 23:31:40+00:00,72733,4950,390,46,107.6086956521739,0.0092929292929292,7.405166843111105
Ben Shapiro,New York City’s New School COVID Policies Are INSANE,2021-12-14 01:00:02+00:00,137796,8258,1042,72,114.69444444444444,0.0087188181157665,6.801358530000871
Ben Shapiro,Shapiro Reacts to Biden's CRINGE Appearance on Jimmy Fallon,2021-12-14 02:30:15+00:00,793719,27989,2258,594,47.11952861952862,0.0212226231733895,3.885632068780009
Ben Shapiro,Abortion Is an Attack on Women. Here’s Why.,2021-12-14 03:30:01+00:00,214412,12972,2325,705,18.4,0.0543478260869565,7.463201686472772
Ben Shapiro,How The West’s Covid Policy Betrayed The Young | Ep. 1395,2021-12-14 18:00:10+00:00,194176,7803,748,117,66.6923076923077,0.0149942329873125,4.463991430454845
Ben Shapiro,Biden Is Trying to Make His Build Back Better Act LOOK Cheaper. Here’s How.,2021-12-14 23:48:24+00:00,84677,5104,407,43,118.69767441860463,0.0084247648902821,6.559042006684224
Ben Shapiro,Leftists MELT DOWN After Elon Musk Condemns Vaccine Mandates,2021-12-15 01:30:21+00:00,489635,33760,2535,263,128.36501901140684,0.0077902843601895,7.466378016277431
Ben Shapiro,"For Democrats, It’s January 6 Or Bust | Ep. 1396",2021-12-15 18:00:11+00:00,224206,8817,1969,623,14.152487961476725,0.0706589542928433,5.088623854847773
Ben Shapiro,INSANE: ESPN Pushes Bubba Wallace Noose Hoax AGAIN,2021-12-15 23:30:03+00:00,178903,9993,1885,116,86.14655172413794,0.0116081256879815,6.70419165693141
Ben Shapiro,LOL: Biden Is Blaming Rising Prices on “CORPORATE GREED”,2021-12-16 01:30:05+00:00,106970,7465,1098,81,92.1604938271605,0.0108506363027461,8.080770309432552
Ben Shapiro,Team Biden's Attack On Bitcoin | Ep. 1397,2021-12-16 18:00:08+00:00,224449,9035,983,140,64.53571428571429,0.0154952960708356,4.5257497248818215
Ben Shapiro,Ben Shapiro and Jordan Peterson Like You’ve Never Seen Them Before,2021-12-16 22:47:55+00:00,731427,18338,812,168,109.1547619047619,0.0091613043952448,2.641138486820968
Ben Shapiro,Ben Shapiro's Thoughts on Cryptocurrency,2021-12-17 00:30:07+00:00,282645,15997,2275,303,52.79537953795379,0.0189410514471463,6.571848077977675
Ben Shapiro,THIS Is Why Congress Is So Corrupt,2021-12-17 02:00:01+00:00,177890,13249,1224,89,148.86516853932585,0.0067174881123103,8.185957614256
Ben Shapiro,Ben Shapiro + @JordanBPeterson | Behind the Scenes,2021-12-17 16:00:13+00:00,545402,11047,717,269,41.06691449814127,0.0243505023988413,2.2062625366243616
Ben Shapiro,The Omicron Panic Tsunami Hits | Ep. 1398,2021-12-17 18:00:10+00:00,268484,12175,1545,155,78.54838709677419,0.0127310061601642,5.167905722501154
Ben Shapiro,Ben Shapiro REACTS to Kim Kardashian's SHOCKING Interview,2021-12-17 23:10:28+00:00,1055086,43842,3273,746,58.76943699731903,0.0170156470963915,4.536217900720889
Ben Shapiro,Ben Shapiro Reveals Brand New Show,2021-12-18 00:30:01+00:00,170683,11236,709,109,103.08256880733946,0.0097009611961552,7.062214748979101
Ben Shapiro,Jordan Peterson's Thoughts on Transgenderism,2021-12-18 02:30:01+00:00,3457982,132045,10649,3734,35.36288162828066,0.0282782384793062,4.2344928342599815
Ben Shapiro,Jordan Peterson on the Consequences of Free Speech,2021-12-18 15:00:00+00:00,344076,17253,1114,143,120.65034965034964,0.0082884136092273,5.379625431590695
Ben Shapiro,Jordan Peterson Gives the Best Relationship Advice You’ll Ever Hear,2021-12-18 19:00:03+00:00,1907125,69804,3690,1369,50.9890430971512,0.0196120566156667,3.92543750409648
Ben Shapiro,Joe Manchin Ends Joe Biden’s Presidency | Ep. 1399,2021-12-20 18:00:10+00:00,520802,21306,2927,364,58.53296703296704,0.0170843893738852,4.72290813015311
Ben Shapiro,Even DEMOCRATS Are Rejecting Biden’s Build Back Better Plan,2021-12-20 23:47:39+00:00,132213,7831,578,67,116.88059701492536,0.0085557400076618,6.410867312594072
Ben Shapiro,The Democratic Party Is Self-Destructive. Here’s Why.,2021-12-21 01:00:10+00:00,148064,8666,765,88,98.47727272727272,0.0101546272790214,6.428976658742165
Ben Shapiro,Infinity Days To Stop The Spread | Ep. 1400,2021-12-21 18:00:09+00:00,313967,14243,2067,234,60.86752136752137,0.0164291230780032,5.269343593434979
Ben Shapiro,LOL: Demi Lovato Sings to Ghost to Help It Overcome Trauma,2021-12-21 23:24:09+00:00,435129,22088,3819,456,48.43859649122807,0.0206446939514668,6.058663063137598
Ben Shapiro,Will Joe Manchin Leave the Democratic Party?,2021-12-22 01:00:04+00:00,130553,7800,628,66,118.1818181818182,0.0084615384615384,6.50616990800671
Ben Shapiro,The Penis Mightier Than The Sword | Ep. 1401,2021-12-22 23:30:31+00:00,165076,6791,1026,129,52.64341085271318,0.0189957296421734,4.813540429862609
Ben Shapiro,New York Magazine Features Transgender Man on Cover,2021-12-23 01:30:02+00:00,409610,23701,4612,747,31.728246318607763,0.0315176574828066,7.094553355630966
Ben Shapiro,Biden Hints He’ll Drop Out Before 2024 | Ep. 1402,2021-12-23 18:00:10+00:00,373825,14612,1900,247,59.1578947368421,0.0169039145907473,4.483113756436835
Ben Shapiro,Ben Shapiro Breaks Down the Top Mainstream Media Fails of 2021,2021-12-23 22:59:54+00:00,868306,64374,4291,578,111.37370242214531,0.0089787802528971,7.974492863115076
Ben Shapiro,INSANE: 100 BILLION Dollars Stolen From COVID Relief Programs,2021-12-24 00:30:04+00:00,185743,10474,1082,152,68.90789473684211,0.0145121252625548,6.303333100036071
Ben Shapiro,Leftists Wanted to HOLD VACCINE Until After Trump's Presidency,2021-12-24 02:00:02+00:00,246584,13537,1387,209,64.77033492822966,0.0154391667282263,6.137056743341011
Ben Shapiro,"Happy New Year, Everyone Is Still Stupid | Ep. 1403",2022-01-03 18:00:09+00:00,436760,18866,2287,307,61.4527687296417,0.0162726598113007,4.91345361296822
Ben Shapiro,LOL: AOC's HYPOCRISY on Full Display in Florida,2022-01-04 00:06:19+00:00,258556,20525,2009,390,52.62820512820513,0.0190012180267965,8.866164389919398
Ben Shapiro,The Exploitation Of January 6 | Ep. 1404,2022-01-04 18:00:10+00:00,213111,8565,1352,253,33.85375494071146,0.0295388207822533,4.772160986528147
Ben Shapiro,Comedian Patton Oswalt Apologizes For Posting Picture With Dave Chappelle,2022-01-04 23:15:45+00:00,424092,19499,2411,248,78.625,0.012718600953895,5.224809711100422
Ben Shapiro,New York Times Op-Ed Makes ABSURD Claim — Shapiro Reacts,2022-01-04 23:32:07+00:00,99458,5088,477,61,83.40983606557377,0.0119889937106918,5.656659092280158
Ben Shapiro,You Aren’t The Only Person In The World | Ep. 1405,2022-01-05 18:00:11+00:00,350631,13745,1256,228,60.28508771929825,0.016587850127319,4.343312485205245
Ben Shapiro,INSANE: Jail Time Will No Longer Be Given for THESE Crimes in NYC...,2022-01-05 23:01:20+00:00,178686,11286,1377,100,112.86,0.0088605351763246,7.142697245447321
Ben Shapiro,California Mandates GENDER-NEUTRAL Toy Sections,2022-01-06 00:30:08+00:00,122859,8224,1323,126,65.26984126984127,0.0153210116731517,7.873253078732531
Ben Shapiro,Ben Shapiro Reviews the 'Yellowstone' Season 4 Finale!,2022-01-06 01:51:39+00:00,235824,7669,1495,312,24.580128205128204,0.0406832703090363,4.018250898975507
Ben Shapiro,The Democrats' January 6th Push To Ruin Democracy | Ep. 1406,2022-01-06 18:00:09+00:00,234880,10363,2605,398,26.037688442211056,0.0384058670269227,5.690565395095367
Ben Shapiro,Democrats MELT DOWN Over January 6th Anniversary — Kamala Compares Jan 6th to 9/11,2022-01-06 23:27:12+00:00,187983,11800,2081,316,37.34177215189873,0.0267796610169491,7.552278663496168
Ben Shapiro,It’s The Democrats’ January 6 Spectacular!!! | Ep. 1407,2022-01-07 18:00:11+00:00,265389,10353,1761,220,47.05909090909091,0.0212498792620496,4.647517417828169
Ben Shapiro,Biden Explains Why He Didn't Use Trump's Name During Jan. 6th Speech,2022-01-07 23:18:02+00:00,210185,13635,1527,168,81.16071428571429,0.0123212321232123,7.2935747079953375
Ben Shapiro,Shapiro RIPS Biden's Jan. 6th Speech,2022-01-08 00:30:08+00:00,147191,11310,1103,158,71.58227848101266,0.0139699381078691,8.540603705389596
Ben Shapiro,Ben Shapiro REACTS to Insane Woke TikToks | Volume 6,2022-01-08 18:33:20+00:00,3289515,142698,10256,2216,64.39440433212997,0.0155292996397987,4.717108753114061
Ben Shapiro,Justice Sotomayor Proves That She Is Not Wise | Ep. 1408,2022-01-10 18:00:10+00:00,301308,14835,1864,169,87.7810650887574,0.0113919784293899,5.598258260650232
Ben Shapiro,Democrats to Allow NON-CITIZENS to Vote in NYC,2022-01-10 23:29:11+00:00,89174,5646,1009,75,75.28,0.0132837407013815,7.547042860026465
Ben Shapiro,Shapiro Breaks Down CDC Director's SHOCKING Covid Admission,2022-01-11 01:00:04+00:00,237809,16949,1624,91,186.25274725274724,0.0053690483214348,7.848315244587042
Ben Shapiro,Why I’m Glad I Fled California | Ep. 1409,2022-01-11 18:00:11+00:00,251025,10505,1536,175,60.02857142857143,0.0166587339362208,4.866447564983568
Ben Shapiro,Shapiro REACTS to Anti-Vax Barbie Skit,2022-01-11 23:21:02+00:00,716946,30947,4329,841,36.79785969084424,0.0271754935858079,5.037617895908478
Ben Shapiro,LOL: Democrats Say Voter ID Laws Are “Undermining Our Democracy”,2022-01-12 01:00:06+00:00,113964,8304,1419,68,122.11764705882354,0.0081888246628131,8.59130953634481
Ben Shapiro,Hillary For President AGAIN?! | Ep. 1410,2022-01-12 18:00:10+00:00,349636,13760,2294,252,54.6031746031746,0.018313953488372,4.663707398551637
Ben Shapiro,Will Hillary Clinton Run Again in 2024?,2022-01-12 23:41:57+00:00,234225,13395,1731,116,115.47413793103448,0.0086599477416946,6.507418080905112
Ben Shapiro,Shapiro Breaks Down the Left's HYPOCRISY on Voter Fraud,2022-01-13 01:30:06+00:00,96862,6470,826,104,62.21153846153846,0.0160741885625966,7.639734880551713
Ben Shapiro,Joe Biden Is A Garbage President And 7 In 10 Americans Know It | Ep. 1411,2022-01-13 18:06:59+00:00,286052,14274,2155,201,71.01492537313433,0.0140815468684321,5.8136282913596125
Ben Shapiro,BREAKING NEWS: Supreme Court BLOCKS Biden’s Vaccine Mandate,2022-01-13 21:10:55+00:00,103106,11356,806,55,206.47272727272727,0.0048432546671363,11.848970961922682
Ben Shapiro,BREAKING NEWS: Biden Vaccine Mandate BLOCKED by Supreme Court,2022-01-13 21:33:23+00:00,376432,19746,1836,145,136.1793103448276,0.0073432593943077,5.771825987163684
Ben Shapiro,Inflation Hits FASTEST RATE Since 1982,2022-01-14 01:00:05+00:00,88607,4364,430,49,89.06122448979592,0.0112282309807516,5.465708126897424
Ben Shapiro,WATCH: Republicans RIP Biden's INSANE Speech on Voter Suppression,2022-01-14 02:30:09+00:00,173080,13940,1037,89,156.62921348314606,0.0063845050215208,8.704645250751097
Ben Shapiro,Ben Shapiro Reviews “Spider-Man: No Way Home”,2022-01-14 17:15:06+00:00,1058732,55764,3656,2328,23.95360824742268,0.0417473638906821,5.83225972200708
Ben Shapiro,WINNING: Supreme Court Kills Biden’s Tyrannical Vaxx Mandate | Ep. 1412,2022-01-14 18:00:10+00:00,242464,11036,1182,151,73.08609271523179,0.0136824936571221,5.101375874356606
Ben Shapiro,Shapiro Breaks Down The Supreme Court's Ruling Against Biden's Mandate,2022-01-14 23:28:50+00:00,92469,5818,494,51,114.07843137254902,0.0087658989343416,6.881225059209033
Ben Shapiro,LOL: Kamala Harris Embarrasses Herself on National TV,2022-01-15 01:00:09+00:00,835394,44435,4776,514,86.44941634241245,0.011567458084843,5.952281199050987
Ben Shapiro,The FBI Can’t Understand Jew-Hatred | Ep. 1413,2022-01-17 18:00:09+00:00,270335,12691,2055,261,48.62452107279694,0.0205657552596328,5.551260473116688
Ben Shapiro,Los Angeles Has Hit A New Low...,2022-01-17 23:08:55+00:00,538621,25591,3224,220,116.32272727272728,0.0085967723027626,5.390617892729767
Ben Shapiro,Islamic Extremist Takes Hostages at Synagogue,2022-01-18 00:30:12+00:00,170314,10741,1598,155,69.29677419354839,0.0144306861558514,7.335861996077833
Ben Shapiro,China Hijacks The American Elite | Ep. 1414,2022-01-18 18:00:08+00:00,226728,10202,1091,149,68.46979865771812,0.0146049794158008,5.046575632475919
Ben Shapiro,LOL: AOC Gives Ridiculous COVID Message,2022-01-19 00:24:44+00:00,730725,38948,4502,420,92.73333333333332,0.01078360891445,6.003626535290294
Ben Shapiro,Billionaire NBA Executive SLAMMED After INSANE Interview,2022-01-19 02:00:16+00:00,541091,20774,3198,501,41.46506986027944,0.0241166843169346,4.522899105695715
Ben Shapiro,Shapiro Breaks Down New AWFUL Poll Numbers for Democrats,2022-01-19 03:30:17+00:00,107952,5855,473,39,150.12820512820514,0.0066609735269,5.897991700014821
Ben Shapiro,Year One: Biden Already The Worst President Ever | Ep. 1415,2022-01-19 18:00:08+00:00,309803,14506,1887,200,72.53,0.0137873983179374,5.355984286788701
Ben Shapiro,Ben Shapiro Recaps Biden’s DISASTROUS First Year as President,2022-01-19 23:40:42+00:00,194045,11094,1141,116,95.63793103448276,0.0104561023976924,6.365018423561546
Ben Shapiro,LOL: How Joe Biden Is Destroying His Own Party,2022-01-20 00:30:03+00:00,109197,7388,565,50,147.76,0.0067677314564158,7.328955923697538
Ben Shapiro,Biden Craps The Bed | Ep. 1416,2022-01-20 19:50:46+00:00,251959,11631,1537,149,78.06040268456375,0.0128105923824262,5.285383733067682
Ben Shapiro,Shapiro Breaks Down Biden's PAINFUL Press Conference,2022-01-21 00:00:30+00:00,237238,18261,1556,92,198.4891304347826,0.0050380592519577,8.391994537131488
Ben Shapiro,WATCH: Biden's DISASTROUS Message to Russia,2022-01-21 01:30:05+00:00,138908,8238,1136,128,64.359375,0.0155377518815246,6.8404987473723615
Ben Shapiro,The Great Parental Revolt | Ep. 1417,2022-01-21 18:00:10+00:00,275727,11863,1449,161,73.6832298136646,0.0135716092050914,4.8863549815578455
Ben Shapiro,Starbucks Cancels Vaccine Mandate After Supreme Court Ruling,2022-01-22 00:45:28+00:00,92873,6252,642,52,120.23076923076924,0.0083173384516954,7.479030504021621
Ben Shapiro,THIS Is What George Orwell Got Wrong,2022-01-22 02:00:15+00:00,872069,35731,3652,515,69.38058252427184,0.0144132545968486,4.575096695330301
Ben Shapiro,James O’Keefe Reveals the Secrets of Undercover Journalism,2022-01-22 03:00:00+00:00,77865,4142,215,51,81.2156862745098,0.0123128923225494,5.661080074487896
Ben Shapiro,Shapiro REACTS to Hillary Clinton's MasterClass,2022-01-22 15:00:18+00:00,601225,30655,3177,349,87.83667621776505,0.0113847659435654,5.685225996922949
Ben Shapiro,The Rain In Ukraine Falls Mainly Because Of Joe's Brain | Ep. 1418,2022-01-24 18:00:08+00:00,306543,12367,1392,255,48.49803921568628,0.0206193903129295,4.571626166638938
Ben Shapiro,THIS Is How BAD It's Looking for Biden,2022-01-24 23:24:16+00:00,265440,15731,1225,109,144.32110091743118,0.0069289937066937,6.428948161543098
Ben Shapiro,Bari Weiss Is Right About the Dems' Awful COVID Policies. Here’s Why.,2022-01-25 01:00:01+00:00,187387,10663,904,93,114.65591397849462,0.0087217481009096,6.222416709803775
Ben Shapiro,Biden’s The Stupid SOB | Ep. 1419,2022-01-25 18:00:08+00:00,315379,13646,1365,209,65.29186602870813,0.015315843470614,4.825939583802346
Ben Shapiro,"Shapiro Reacts to Biden Calling Reporter ""Stupid Son of a B****""",2022-01-25 23:20:22+00:00,306945,18234,1248,163,111.86503067484662,0.0089393440824832,6.400169411458078
Ben Shapiro,This Is the Only Kind of Diversity the Left Cares About,2022-01-26 01:30:00+00:00,131639,7660,823,83,92.28915662650604,0.0108355091383812,6.507190118429948
Ben Shapiro,The Rolling Disaster Continues | Ep. 1420,2022-01-26 18:00:10+00:00,298083,11401,1028,180,63.33888888888889,0.0157880887641434,4.230029891003513
Ben Shapiro,"""Real Housewives"" Member FIRED For Anti-BLM Posts",2022-01-27 00:09:44+00:00,166423,10091,992,106,95.19811320754717,0.0105044098701813,6.72322936132626
Ben Shapiro,The Border Crisis Grows While Biden Eats Ice Cream,2022-01-27 01:45:00+00:00,114246,7120,970,85,83.76470588235294,0.011938202247191,7.155611575022321
Ben Shapiro,Justice Breyer Gets Out While The Getting’s Good | Ep. 1421,2022-01-27 18:00:11+00:00,262020,10125,1102,145,69.82758620689656,0.0143209876543209,4.340126707884894
Ben Shapiro,Biden Promises to Appoint the First Black Women to the Supreme Court,2022-01-28 00:21:14+00:00,99332,5056,769,71,71.21126760563381,0.0140427215189873,5.935650142954938
Ben Shapiro,Justice Breyer Retired. Here’s What the Democrats Will Do Next.,2022-01-28 02:45:05+00:00,142724,8127,797,126,64.5,0.0155038759689922,6.340909727866372
Ben Shapiro,The Biden Economy Hits The Skids | Ep. 1422,2022-01-28 18:00:10+00:00,252232,9579,840,147,65.16326530612245,0.0153460695270905,4.189000602619811
Ben Shapiro,The Media's INSANE Spin on Biden's Affirmative Action Pick for Supreme Court Justice,2022-01-28 23:55:28+00:00,129065,7743,906,85,91.09411764705882,0.0109776572387963,6.76713284004184
Ben Shapiro,Ben Shapiro Explains Politics to Kids!,2022-01-29 17:45:16+00:00,616103,38229,6514,4215,9.069750889679716,0.1102566114729655,7.946398572965883
Ben Shapiro,Harmeet K. Dhillon | The Ben Shapiro Show Sunday Special Ep. 122,2022-01-30 13:00:24+00:00,155964,5989,519,140,42.77857142857143,0.0233761896810819,4.262522120489344
Ben Shapiro,The Quest To Deplatform Joe Rogan | Ep. 1423,2022-01-31 18:00:10+00:00,471013,19007,2500,280,67.88214285714285,0.0147314147419371,4.625562351782222
Ben Shapiro,The REAL Reason Joe Rogan Is Being Targeted,2022-02-01 00:00:04+00:00,945068,50699,5402,1227,41.319478402607984,0.0242016607822639,6.066018529883564
Ben Shapiro,Here's How Democrats Use MASSIVE Amounts of Money During Elections,2022-02-01 01:30:05+00:00,78284,5466,305,45,121.46666666666668,0.0082327113062568,7.429359767002197
Ben Shapiro,The Daily Wire's Role in Defeating Biden's Vax Mandate | w/Harmeet K. Dhillon,2022-02-01 16:11:48+00:00,38292,1997,103,17,117.47058823529412,0.0085127691537305,5.528569936279118
Ben Shapiro,Whoopi Goldberg Says Everyone Is Racist Except Hitler | Ep. 1424,2022-02-01 18:00:12+00:00,440624,20761,4020,324,64.07716049382717,0.0156061846731853,5.697601583209267
Ben Shapiro,Shapiro Reacts to Whoopi Goldberg's INSANE Holocaust Remarks,2022-02-01 23:31:32+00:00,1336271,71608,12147,1218,58.791461412151065,0.0170092727069601,6.358964611220329
Ben Shapiro,Whoopi Goldberg Suspended From “The View” | Ep. 1425,2022-02-02 18:00:11+00:00,383330,16809,2694,259,64.8996138996139,0.0154084121601523,5.155349176949365
Ben Shapiro,Whoopi Goldberg Suspension Reveals Egregious Double Standard,2022-02-02 23:30:11+00:00,382020,16642,3480,491,33.89409368635438,0.0295036654248287,5.395790796293388
Ben Shapiro,NFL’s “Diversity” Policy GOES WRONG,2022-02-03 01:00:06+00:00,273250,11118,1591,222,50.08108108108108,0.0199676200755531,4.732296431838975
Ben Shapiro,Why Do People Trust Rogan Over CNN? Here’s Why. | Ep. 1426,2022-02-03 18:00:11+00:00,408778,17935,1841,240,74.72916666666667,0.0133816559799275,4.896545313103935
Ben Shapiro,Are We Finally Seeing the Downfall of CNN?,2022-02-03 23:30:01+00:00,230967,12836,1315,102,125.84313725490196,0.0079464007478965,6.171011443193184
Ben Shapiro,Whoopi Goldberg Reportedly LIVID About Her Suspension,2022-02-04 01:00:00+00:00,1432722,62736,10140,981,63.95107033639144,0.0156369548584544,5.155012626315503
Ben Shapiro,Biden Tries To Pivot | Ep. 1427,2022-02-04 18:00:09+00:00,295490,12187,963,172,70.8546511627907,0.014113399524083,4.508443602152357
Ben Shapiro,Shapiro Outlines the Left's Cancel Culture HYPOCRISY,2022-02-04 23:07:58+00:00,101725,5356,412,63,85.01587301587301,0.0117625093353248,5.73212091422954
Ben Shapiro,Biden Is Changing His COVID Strategy – But It’s Way Too Late,2022-02-05 00:30:05+00:00,294630,17469,1636,140,124.77857142857142,0.0080141965767931,6.531921392933509
Ben Shapiro,They Don’t Care About Rogan’s Sins. They Care About Destroying Him. | Ep. 1428,2022-02-07 18:00:11+00:00,430628,18030,2724,313,57.6038338658147,0.0173599556295063,4.892157500208997
Ben Shapiro,The Left Blames Joe Rogan for COVID Deaths,2022-02-08 00:41:45+00:00,125207,8316,874,65,127.93846153846154,0.0078162578162578,7.391759246687485
Ben Shapiro,The Left’s Quest to Destroy Joe Rogan,2022-02-08 02:30:02+00:00,261097,14065,1849,225,62.51111111111111,0.0159971560611446,6.181227666346223
Ben Shapiro,Blue States Reverse Themselves On Mask Mandates | Ep. 1429,2022-02-08 18:00:10+00:00,248373,10871,1213,155,70.13548387096775,0.0142581179284334,4.927669271619701
Ben Shapiro,Tesla Faces RIDICULOUS Allegations About “Racial Discrimination”,2022-02-08 23:00:50+00:00,230929,11038,1284,140,78.84285714285714,0.012683457148034,5.396463848195766
Ben Shapiro,Democrats Are Changing Their Stance on COVID – Here’s Why.,2022-02-09 00:30:03+00:00,259198,17204,1633,142,121.15492957746478,0.0082538944431527,7.322201560197223
Ben Shapiro,Canadians To Trudeau: Truck You | Ep. 1430,2022-02-09 18:00:11+00:00,310485,17797,2462,224,79.45089285714286,0.0125863909647693,6.597098088474483
Ben Shapiro,Shapiro Breaks Down the Canadian Trucker Protest,2022-02-09 23:16:21+00:00,359858,20442,2297,278,73.53237410071942,0.0135994521084042,6.396134030645421
Ben Shapiro,Everything You Need to Know About Our New Movie SHUT IN,2022-02-10 00:30:13+00:00,166503,7637,713,150,50.91333333333333,0.0196412203744926,5.105013122886675
Ben Shapiro,"Shapiro Reacts to ""Everything's Gonna Be All White"" Trailer",2022-02-10 03:00:08+00:00,1378879,69882,10205,1232,56.7224025974026,0.0176297186686128,5.897471786864547
Ben Shapiro,How the Daily Wire Is Taking on Woke Hollywood | w/@MegynKelly​,2022-02-10 17:49:49+00:00,246233,8403,523,139,60.45323741007194,0.0165417112935856,3.6814724265228462
Ben Shapiro,"Yes, They’d Like To Indoctrinate Your Kids | Ep. 1431",2022-02-10 18:00:10+00:00,239441,10190,1312,181,56.29834254143646,0.0177625122669283,4.879281326088682
Ben Shapiro,The Coming Biden Recession |  Ep. 1432,2022-02-11 18:00:11+00:00,278793,10698,1244,150,71.32,0.0140213123948401,4.337268152356766
Ben Shapiro,THIS Is Why the Daily Wire Is Making Movies,2022-02-11 23:30:00+00:00,64962,4029,451,49,82.22448979591837,0.0121618267560188,6.971768110587728
Ben Shapiro,Biden EMBARRASSES Himself Talking About Foreign Policy,2022-02-12 01:00:12+00:00,236155,16016,1224,117,136.88888888888889,0.0073051948051948,7.349833795600347
Ben Shapiro,Ben Shapiro REACTS to INSANE Woke TikToks | Volume 7,2022-02-12 15:00:00+00:00,6718884,228778,27690,4454,51.36461607543781,0.0194686552028604,3.883412781051139
Ben Shapiro,Super Bowl Sunday: Where Liberal White People Make Lots Of Money Off Wokeness |  Ep. 1433,2022-02-14 18:00:11+00:00,334746,13337,2285,411,32.45012165450122,0.0308165254554997,4.789601668130463
Ben Shapiro,"Dear Democrats, PLEASE Keep Pushing THIS Message",2022-02-15 00:02:14+00:00,106570,8499,482,55,154.52727272727273,0.0064713495705377,8.478934033968285
Ben Shapiro,Shapiro EXPOSES Celebrity Hypocrisy at the Super Bowl,2022-02-15 01:30:01+00:00,323347,18042,2156,600,30.07,0.033255736614566,6.43209926178378
Ben Shapiro,Ben Shapiro REACTS to 2022 Super Bowl Commercials,2022-02-15 02:30:01+00:00,1126482,38985,3765,984,39.61890243902439,0.0252404771065794,3.882352314550965
Ben Shapiro,Justin Trudeau Declares Tyranny In Canada |  Ep. 1434,2022-02-15 18:00:11+00:00,404163,20762,3653,259,80.16216216216216,0.0124747134187457,6.104962601722573
Ben Shapiro,Shapiro Breaks Down the Russia vs. Ukraine Conflict,2022-02-16 00:00:08+00:00,500532,18455,2128,763,24.187418086500656,0.0413438092657816,4.264662399207244
Ben Shapiro,INSANE: Canada Is Attempting Something UNPRECEDENTED,2022-02-16 02:00:04+00:00,514322,32344,6122,292,110.76712328767124,0.0090279495424189,7.535746089025941
Ben Shapiro,"The Left Is Losing The Culture War, So They’re Cracking Down On Everyone Else |  Ep. 1435",2022-02-16 18:00:10+00:00,333725,14367,1690,230,62.46521739130435,0.0160089093060485,4.880365570454716
Ben Shapiro,This Is a HUGE Win for San Francisco Schools,2022-02-17 00:00:25+00:00,146523,9337,625,54,172.90740740740742,0.0057834422191282,6.835786873050648
Ben Shapiro,Will the Government Start De-Banking Americans?,2022-02-17 01:30:05+00:00,126852,7395,1103,76,97.30263157894736,0.0102772143340094,6.759057799640527
Ben Shapiro,The Democrats Are Cruising For A 2022 Bruising |  Ep. 1436,2022-02-17 18:00:08+00:00,258275,10730,1077,161,66.64596273291926,0.015004659832246,4.633820540121962
Ben Shapiro,INSANE Video Exposes PRE-SCHOOL Teaching Gender Identity,2022-02-18 00:00:12+00:00,505464,21116,3849,361,58.49307479224377,0.0170960409168403,5.010445847775509
Ben Shapiro,Trudeau BLASTED After INSANE Swastika Remark,2022-02-18 02:45:00+00:00,362202,24272,2609,182,133.36263736263737,0.0074983520105471,7.471797505259496
Ben Shapiro,Anti-Semitic BLM Alleged Shooters Are Fine. Freedom Truckers Are The Problem. |  Ep. 1437,2022-02-18 18:00:10+00:00,272270,11715,1361,192,61.015625,0.0163892445582586,4.87310390421273
Ben Shapiro,Elon Musk Just TRIGGERED the Left AGAIN,2022-02-19 00:00:21+00:00,503434,33893,1813,259,130.8610038610039,0.0076416959254123,7.143935451320332
Ben Shapiro,Alleged BLM Shooter ALREADY OUT On Bail After Firing At Mayoral Candidate,2022-02-19 02:45:01+00:00,115850,7796,956,50,155.92,0.0064135454079014,7.59775571860164
Ben Shapiro,Ben Shapiro Ranks Every Batman Movie,2022-02-19 16:24:52+00:00,1057683,41662,6056,3210,12.978816199376949,0.077048629446498,4.815053281559787
Ben Shapiro,Avichal Garg  | The Ben Shapiro Show Sunday Special Ep. 123,2022-02-20 13:00:38+00:00,271526,4342,785,336,12.922619047619047,0.0773836941501612,2.0119620220531367
Ben Shapiro,Has Putin Already Won The War? |  Ep. 1438,2022-02-22 18:00:11+00:00,331407,11957,1863,404,29.596534653465348,0.0337877393995149,4.292003488158065
Ben Shapiro,Shapiro WRECKS Obama and Biden Over Russia-Ukraine Crisis,2022-02-22 23:57:29+00:00,185211,10511,1373,240,43.79583333333333,0.0228332223385025,6.546047480981152
Ben Shapiro,Shapiro Reacts to the TYRANNY in Canada,2022-02-23 01:30:00+00:00,390617,28003,4192,266,105.27443609022556,0.0094989822519015,8.310186192613225
Ben Shapiro,Biden Sanctions Putin…But Will It Work? |  Ep. 1439,2022-02-23 18:00:11+00:00,261901,9420,1510,192,49.0625,0.0203821656050955,4.246642815414985
Ben Shapiro,LOL: Canadian Politician Says “Honk Honk” Means “Heil Hitler”,2022-02-24 00:00:14+00:00,214897,12101,1962,85,142.36470588235295,0.007024212874969,6.583619129164204
Ben Shapiro,Shapiro Reacts to Trump and Cardi B’s Take on Russia,2022-02-24 01:30:01+00:00,511329,32606,2757,498,65.47389558232932,0.0152732625897074,7.013292811477542
Ben Shapiro,It’s War |  Ep. 1440,2022-02-24 18:00:12+00:00,637847,26634,3891,717,37.14644351464435,0.0269204775850416,4.898039812055242
Ben Shapiro,Shapiro Reacts to Russia’s Attack on Ukraine,2022-02-24 22:54:27+00:00,1019962,42511,6342,1497,28.39746158984636,0.0352144150925642,4.936458417078284
Ben Shapiro,Russia Invades Ukraine. Here's What Happens Next.,2022-02-25 00:30:10+00:00,639830,35908,3368,688,52.19186046511628,0.0191600757491366,6.246034102808559
Ben Shapiro,Biden's Giant Ukraine Failure Continues |  Ep. 1441,2022-02-25 18:00:11+00:00,423143,16982,2837,334,50.84431137724551,0.0196678836415027,4.762692517659515
Ben Shapiro,THESE Foreign Policy Decisions Lead To Russia’s Invasion,2022-02-26 00:00:29+00:00,160565,8919,1170,175,50.96571428571429,0.019621033748178,6.392426743063556
Ben Shapiro,EMBARRASSING Celebrity Takes on Russia’s Invasion of Ukraine,2022-02-26 01:30:08+00:00,1016639,53218,6383,798,66.68922305764411,0.0149949265286181,5.941046920293241
Ben Shapiro,Historian Niall Ferguson Predicts the Future of China,2022-02-26 15:00:15+00:00,358968,13178,1027,223,59.09417040358744,0.0169221429655486,4.019299770453077
Ben Shapiro,The #1 Concern With Virtual Reality and the Metaverse | w/Niall Ferguson,2022-02-26 19:00:01+00:00,129626,6112,623,75,81.49333333333334,0.0122709424083769,5.253575671547375
Ben Shapiro,Ben Shapiro REACTS to Kamala Harris’ Biggest Fails,2022-02-26 21:00:07+00:00,1287310,49236,4174,412,119.50485436893204,0.0083678609147778,4.180966511562871
Ben Shapiro,The Key Problem With the Federal Government | w/Niall Ferguson,2022-02-27 15:00:06+00:00,106950,5603,388,55,101.87272727272727,0.0098161699089773,5.653108929406265
Ben Shapiro,Joe Biden Is Still Leading From Behind |  Ep. 1442,2022-02-28 18:00:09+00:00,318165,12371,1435,309,40.03559870550162,0.0249777705925147,4.436377351374287
Ben Shapiro,Ukraine Is Holding off the Russians. Will It Last?,2022-03-01 00:00:02+00:00,411342,20138,3036,477,42.21802935010482,0.0236865627172509,5.7497167806837135
Ben Shapiro,Biden's BRUTAL Approval Ratings Have Democrats DESPERATE,2022-03-01 01:30:11+00:00,290283,20043,1767,127,157.8188976377953,0.0063363767899017,7.5571080635104355
Ben Shapiro,Shapiro REACTS to SNL's Insane COVID Hypocrisy Skit,2022-03-01 03:00:13+00:00,777345,44405,4676,532,83.46804511278195,0.0119806328116203,6.382365616296497
Ben Shapiro,Shapiro Welcomes Daily Wire's New SPORTS Show: @CrainAndCone,2022-03-01 16:04:24+00:00,42723,1719,238,37,46.45945945945946,0.0215241419429901,4.667275238162114
Ben Shapiro,Biden Preps For A Pathetic State Of The Union |  Ep. 1443,2022-03-01 18:00:14+00:00,298443,12376,1419,237,52.219409282700425,0.0191499676793794,4.701735339746619
Ben Shapiro,The Long Term Impact of the Ukraine Crisis,2022-03-01 23:11:56+00:00,165644,8282,909,221,37.47511312217195,0.0266843757546486,5.682065151771268
Ben Shapiro,LOL: Kamala Harris EMBARRASSES Herself AGAIN,2022-03-02 00:30:08+00:00,567982,32899,2091,236,139.40254237288136,0.0071734703182467,6.201957104274431
Ben Shapiro,Ben Shapiro Responds to Biden’s State of the Union Address,2022-03-02 04:10:48+00:00,1625882,99576,8483,1788,55.69127516778524,0.0179561340081947,6.756148355169686
Ben Shapiro,The Dumpster Fire State Of The Union |  Ep. 1444,2022-03-02 18:00:12+00:00,487655,20433,2564,480,42.56875,0.0234914109528703,4.814264182670126
Ben Shapiro,LOL: Biden's Top CRINGIEST Moments From His State of the Union Address,2022-03-02 23:59:40+00:00,448530,25481,2295,269,94.72490706319702,0.0105568855225462,6.252647537511426
Ben Shapiro,Shapiro Breaks Down Biden's HYPOCRITICAL State of the Union Address,2022-03-03 01:30:11+00:00,168403,12429,1086,131,94.87786259541984,0.010539866441387,8.103181059719839
Ben Shapiro,The West Is Running Out Of Tools Against Russia |  Ep. 1445,2022-03-03 18:18:48+00:00,350644,12837,2381,603,21.28855721393035,0.0469735919607384,4.511983664343322
Ben Shapiro,How Biden's Foreign Policy Decisions Will Affect the U.S. Economy,2022-03-04 00:07:05+00:00,78102,4506,372,38,118.57894736842104,0.008433200177541,6.294333051650406
Ben Shapiro,Here Is What Biden Can Do About Russia,2022-03-04 01:30:05+00:00,236694,10964,1481,290,37.80689655172414,0.0264502006566946,5.380364521280641
Ben Shapiro,The World-Changing Unintended Consequences of War |  Ep. 1446,2022-03-04 18:00:11+00:00,263611,9614,1172,242,39.72727272727273,0.0251716247139588,4.183436958245293
Ben Shapiro,INSANE: Russia Attacks Ukrainian Nuclear Power Plant,2022-03-04 22:20:21+00:00,228063,10187,1589,330,30.86969696969697,0.0323942279375674,5.308182388199752
Ben Shapiro,What Is Putin's Next Move?,2022-03-05 02:00:10+00:00,226459,8621,1397,363,23.74931129476584,0.04210648416657,4.584052742439028
Ben Shapiro,Ben Shapiro Reviews 'The Batman' [SPOILERS],2022-03-06 00:17:08+00:00,1489229,55765,20440,33748,1.652394215953538,0.6051824621178158,7.383216416011237
Ben Shapiro,The Ukraine Catastrophe Widens |  Ep. 1447,2022-03-07 18:00:10+00:00,302410,11180,1761,202,55.34653465346535,0.0180679785330948,4.346086438940511
Ben Shapiro,"Introducing the Daily Wire's New Show, The Comments Section with Brett Cooper",2022-03-08 00:00:11+00:00,540355,22807,2441,252,90.50396825396824,0.0110492392686455,4.719119837884354
Ben Shapiro,Biden Just Made a MAJOR MISTAKE in an Attempt to Stop Russia,2022-03-08 01:30:01+00:00,392104,21396,2356,372,57.516129032258064,0.0173864273696017,6.152449350172403
Ben Shapiro,Biden Means Pain At The Pump |  Ep. 1448,2022-03-08 18:00:14+00:00,237976,10068,1635,164,61.39024390243903,0.0162892332141438,4.986637307963828
Ben Shapiro,Shapiro Breaks Down the Causes of Inflation,2022-03-08 21:17:53+00:00,509572,23220,1941,467,49.72162740899358,0.0201119724375538,5.029318722378781
Ben Shapiro,INSANE: Biden’s HORRIBLE Plan to Lower Gas Prices,2022-03-09 00:00:06+00:00,152418,10578,1126,88,120.20454545454544,0.0083191529589714,7.736619034497238
Ben Shapiro,CRINGE: Kamala Harris' AWFUL Takes on the Oil Crisis,2022-03-09 02:00:10+00:00,317260,21899,4320,167,131.1317365269461,0.0076259189917347,8.316837924730505
Ben Shapiro,WATCH: Trump Predicted Biden's Rising Gas Prices,2022-03-09 23:33:10+00:00,211650,14442,1492,126,114.61904761904762,0.0087245533859576,7.587999055043704
Ben Shapiro,This Is How the Russian Invasion Will Likely End,2022-03-10 01:00:00+00:00,594515,22089,3637,606,36.45049504950495,0.0274344696455249,4.429156539364019
Ben Shapiro,The Democratic Propaganda Media Come For The Children |  Ep. 1450,2022-03-10 18:00:12+00:00,183608,7920,1201,174,45.51724137931034,0.0219696969696969,5.062415581020434
Ben Shapiro,Joe Biden’s Gas Problem |  Ep. 1449,2022-03-10 22:35:31+00:00,84596,3468,467,73,47.50684931506849,0.0210495963091118,4.737812662537236
Ben Shapiro,Mark Hamill TRIGGERED Over Florida Law Protecting 5-Year-Olds,2022-03-10 23:06:30+00:00,550102,30294,5151,534,56.73033707865169,0.0176272529213705,6.540423412385339
Ben Shapiro,Here’s Why Biden Is to Blame for Insanely High Gas Prices,2022-03-11 00:30:19+00:00,294151,19889,2264,256,77.69140625,0.0128714364724219,7.61819609656265
Ben Shapiro,Jussie Smollett To Be Imprisoned With His Attacker |  Ep. 1451,2022-03-11 18:00:13+00:00,315661,12819,2262,246,52.109756097560975,0.0191902644512052,4.855525389579327
Ben Shapiro,LOL: Biden Administration Can't Answer Questions About RISING Gas Prices,2022-03-12 00:53:02+00:00,210486,11254,1271,130,86.56923076923077,0.0115514483739114,6.012276350921201
Ben Shapiro,Jussie Smollett EMBARRASSES Himself After JAIL Sentence,2022-03-12 02:30:00+00:00,517386,27752,3731,203,136.70935960591132,0.0073147881233784,6.124247660354165
Ben Shapiro,Everything You Need to Know About the Russia/Ukraine Conflict,2022-03-12 19:58:08+00:00,623364,35072,6428,1872,18.735042735042736,0.0533759124087591,6.957732560751022
Ben Shapiro,Bill Maher | The Ben Shapiro Show Sunday Special Ep. 124,2022-03-13 12:00:35+00:00,3102946,98543,18352,2090,47.14976076555024,0.0212090153537034,3.834581716858753
Ben Shapiro,Bill Maher's Thoughts on Identity Politics,2022-03-14 16:05:15+00:00,210885,7484,1056,94,79.61702127659575,0.0125601282736504,4.0941745501102496
Ben Shapiro,Here's Why Russia Invaded Ukraine | w/Bill Maher,2022-03-14 16:45:01+00:00,1877029,42917,9567,4181,10.264769193972734,0.0974206025584267,3.018866517246137
Ben Shapiro,Putin’s Escalation Continues |  Ep. 1452,2022-03-14 17:00:11+00:00,268053,8875,1241,277,32.03971119133574,0.0312112676056338,3.877218311304108
Ben Shapiro,Is Iran Capitalizing on Biden’s Weakness?,2022-03-14 21:41:29+00:00,210361,9803,1001,155,63.24516129032258,0.0158114862797102,5.209615850846878
Ben Shapiro,This Is What China Is Thinking While Watching Russia’s Invasion,2022-03-14 23:00:13+00:00,110562,4291,369,59,72.72881355932203,0.0137497086926124,4.26819341184132
Ben Shapiro,The Left Says Dissent Is No Longer Patriotic…On Ukraine |  Ep. 1453,2022-03-15 17:00:10+00:00,235302,8684,1267,221,39.294117647058826,0.0254491017964071,4.322955181001436
Ben Shapiro,Shapiro Reacts to Tulsi Gabbard's Feud With Mitt Romney,2022-03-15 22:00:11+00:00,149767,8105,1229,299,27.10702341137124,0.0368908081431215,6.431991026060481
Ben Shapiro,"INSANE: ""The View"" Hosts Suggest Tucker Carlson Should Be ARRESTED",2022-03-15 23:30:11+00:00,435229,22733,3285,264,86.10984848484848,0.0116130735054766,6.038660107667458
Ben Shapiro,Stagflation Is Coming |  Ep. 1454,2022-03-16 17:00:12+00:00,314178,9213,893,177,52.05084745762712,0.0192119830674047,3.272985377715817
Ben Shapiro,These Are the BIGGEST Financial Changes We’ll See After Russia’s Invasion,2022-03-16 22:11:15+00:00,123993,5707,440,52,109.75,0.0091116173120728,4.999475776858371
Ben Shapiro,Shapiro RIPS Biden's Claim That He's Creating Deficit Decline,2022-03-16 23:30:00+00:00,105424,5855,535,35,167.28571428571428,0.0059777967549103,6.094437699195629
Ben Shapiro,The Most Dangerous Moment In Recent Memory |  Ep. 1455,2022-03-17 17:00:11+00:00,303668,9910,1132,256,38.7109375,0.0258324924318869,3.720510557582623
Ben Shapiro,The Federal Reserve Just Made the WORST Decision in Attempt to Slow Inflation,2022-03-17 23:56:54+00:00,118431,5182,530,45,115.15555555555557,0.0086839058278656,4.861058337766294
Ben Shapiro,Will Russia Resort to Biological or Nuclear Weapons?,2022-03-18 02:00:00+00:00,153778,6648,1853,277,24.0,0.0416666666666666,5.708228745334183
Ben Shapiro,"Hunter’s Laptop Was Real, And Everybody Lied About It |  Ep. 1456",2022-03-18 17:09:08+00:00,329258,14307,1732,249,57.45783132530121,0.0174040679387712,4.94688056174793
Ben Shapiro,Here's What Charles Dickens Understood That Americans Today Don't,2022-03-18 19:00:12+00:00,83240,3187,215,28,113.82142857142856,0.008785691873235,4.120615088899568
Ben Shapiro,Shapiro Reacts to NEW Hunter Biden Laptop Revelations,2022-03-18 22:10:47+00:00,213751,11633,928,98,118.70408163265306,0.0084243101521533,5.922311474566201
Ben Shapiro,The Border Crisis Is About to Get a LOT WORSE. Here's Why.,2022-03-19 00:00:06+00:00,122213,5868,629,67,87.58208955223881,0.0114178595773687,5.370950717190479
Ben Shapiro,Ben Shapiro REACTS to INSANE Woke TikToks | Volume 8,2022-03-19 14:00:07+00:00,3490364,130032,11758,932,139.51931330472104,0.007167466469792,4.089029109857883
Ben Shapiro,Is Ukraine Going To Be A Stalemate? |  Ep. 1457,2022-03-21 17:00:11+00:00,264029,8946,1645,390,22.93846153846154,0.0435949027498323,4.159012835711229
Ben Shapiro,Is the Russia-Ukraine War Headed Towards a STALEMATE?,2022-03-21 22:12:09+00:00,144425,5731,1320,209,27.42105263157895,0.036468330134357,5.026830534879696
Ben Shapiro,The LGBT Takeover Of Disney |  Ep. 1458,2022-03-22 17:00:09+00:00,340578,15506,2642,269,57.64312267657993,0.0173481233071069,5.407571833764953
Ben Shapiro,Here’s Why Conservatives Need to Fight Back Against Woke Corporations,2022-03-22 22:13:33+00:00,140178,12666,1254,101,125.4059405940594,0.0079741039002052,10.0022828118535
Ben Shapiro,Disney Takes RADICAL Stance on Transgenderism,2022-03-22 23:30:09+00:00,505466,27924,3984,354,78.88135593220339,0.012677266867211,6.382625141948223
Ben Shapiro,The Daily Wire Is Now Making Razors. Here's Why.,2022-03-23 01:30:21+00:00,181558,11130,1376,160,69.5625,0.0143755615453728,6.976283061060378
Ben Shapiro,Biden’s Female SCOTUS Nominee Doesn’t Know What A Woman Is |  Ep. 1459,2022-03-24 17:00:10+00:00,276607,11397,2043,261,43.66666666666666,0.0229007633587786,4.953236902898336
Ben Shapiro,LOL: “Massive” Disney Walkout Is a BUST,2022-03-24 22:00:19+00:00,291397,17514,1484,127,137.90551181102362,0.0072513417837158,6.563211014526574
Ben Shapiro,@StevenCrowder Breaks Down the Dangers of Radical Gender Ideology,2022-03-24 23:30:02+00:00,711744,44944,2602,359,125.19220055710306,0.0079877180491278,6.730650346191889
Ben Shapiro,Biden Threatens WMD Retaliation |  Ep. 1460,2022-03-25 17:00:09+00:00,325208,10766,1485,280,38.45,0.0260078023407022,3.853226242896854
Ben Shapiro,"LOL: USA Today Can't Define ""WOMAN""",2022-03-25 23:00:01+00:00,136369,8433,1081,93,90.6774193548387,0.0110281038776236,7.044856235654732
Ben Shapiro,"LOL: Democrats Think Joe Biden Is ""Perfect""",2022-03-26 00:30:07+00:00,247329,13302,1789,112,118.76785714285714,0.0084197864982709,6.146873193196107
Ben Shapiro,Ben Shapiro REACTS to Biden’s MOST BIZARRE Moments,2022-03-26 14:00:06+00:00,2034285,79245,6781,450,176.1,0.0056785917092561,4.250928458893419
Ben Shapiro,"Will Smith’s Big Slap, And Joe Biden’s Big Slip |  Ep. 1461",2022-03-28 18:18:39+00:00,503296,17655,4061,408,43.27205882352941,0.0231096006796941,4.395822736520855
Ben Shapiro,Shapiro REACTS to Will Smith SLAPPING Chris Rock,2022-03-28 21:56:20+00:00,3202055,118370,21851,1935,61.17312661498708,0.0163470473937653,4.4395239931856265
Ben Shapiro,Shapiro Reacts to the CRINGIEST Jokes From the Oscars,2022-03-28 23:30:00+00:00,425299,20697,2076,142,145.75352112676055,0.0068608977146446,5.3879741076278105
Ben Shapiro,DeSantis Says No To Disney’s Blackmail |  Ep. 1462,2022-03-29 17:00:12+00:00,323647,14076,2009,193,72.93264248704664,0.0137112816140949,5.02955380399015
Ben Shapiro,The Left Is Making Ron DeSantis President,2022-03-29 22:00:16+00:00,530708,31765,3267,112,283.61607142857144,0.0035258932787659,6.622097273830431
Ben Shapiro,Ben Shapiro Reacts to the 2022 Oscars,2022-03-29 23:00:00+00:00,682434,26906,3288,379,70.99208443271768,0.0140860774548427,4.479993669717511
Ben Shapiro,LOL: Howard Stern Says “Will Smith and Trump Are the Same Guy”,2022-03-30 01:00:05+00:00,465006,13030,2964,347,37.55043227665706,0.0266308518802762,3.514148204539296
Ben Shapiro,The Elites Hate You And Want To Indoctrinate Your Children |  Ep. 1463,2022-03-30 17:00:24+00:00,215278,10109,1702,168,60.17261904761905,0.0166188544861014,5.564432965746616
Ben Shapiro,LEAKED Video Exposes Disney's Real Agenda,2022-03-30 23:00:15+00:00,629482,45731,6787,192,238.18229166666663,0.0041984649362576,8.373551586860307
Ben Shapiro,Shapiro WRECKS Jon Stewart’s UNHINGED Anti-White Rant,2022-03-31 00:30:00+00:00,515979,24572,3776,765,32.120261437908496,0.0311329969070486,5.642283891398681
Ben Shapiro,The Biden Administration’s Complete Collapse |  Ep. 1464,2022-03-31 17:00:12+00:00,289339,14540,1457,42,346.1904761904762,0.002888583218707,5.54332461230598
Ben Shapiro,Biden Is in DEEP Trouble. Here’s Why.,2022-03-31 22:00:23+00:00,330411,17143,1705,21,816.3333333333334,0.0012249897917517,5.710766288047311
Ben Shapiro,"The Daily Wire Announced ""DW Kids"" – Here's Why.",2022-04-01 00:30:08+00:00,149637,12429,1971,168,73.98214285714286,0.0135167752836109,9.735560055333908
Ben Shapiro,Democrats Make Transgenderism Their Top 2022 Issue |  Ep. 1465,2022-04-01 17:00:11+00:00,263139,11662,2033,165,70.67878787878787,0.0141485165494769,5.267178183393568
Ben Shapiro,Kassy Dillon Gives a First-Hand Account of What’s Happening in Ukraine,2022-04-01 21:20:18+00:00,109952,6160,808,178,34.60674157303371,0.0288961038961038,6.499199650756695
Ben Shapiro,Shapiro Breaks Down the Left’s Ridiculous Response to “Trans Day of Visibility”,2022-04-01 23:00:05+00:00,152891,7370,1099,111,66.3963963963964,0.0150610583446404,5.611841115565992
Ben Shapiro,Ben Shapiro DEBUNKS Celebrity Abortion Arguments,2022-04-02 16:00:04+00:00,889859,43931,7020,553,79.44122965641952,0.0125879219685415,5.7878832489192105
Ben Shapiro,Putin’s Horrifying War Crimes Unmasked | Ep. 1466,2022-04-04 17:00:09+00:00,287647,11015,2297,727,15.15130674002751,0.0660009078529278,4.880634944915122
Ben Shapiro,Shapiro REACTS to SNL's Joke About The Daily Wire,2022-04-04 22:36:33+00:00,880372,46975,3525,456,103.015350877193,0.0097072911122937,5.788007796704121
Ben Shapiro,Washington Post Publishes GRUESOME Cartoon Smearing Ron DeSantis,2022-04-05 00:00:05+00:00,207205,13468,1463,50,269.36,0.0037125037125037,7.230037885186167
Ben Shapiro,Elon Musk And The Fight Against Woke Capitalism | Ep. 1467,2022-04-05 17:00:10+00:00,347249,13465,1608,73,184.4520547945205,0.0054214630523579,4.361711624799495
Ben Shapiro,Shapiro REACTS to Elon Musk Becoming Twitter’s LARGEST Shareholder,2022-04-05 22:30:05+00:00,286546,18187,972,164,110.89634146341464,0.0090174300324407,6.743419904657542
Ben Shapiro,Shapiro LEVELS New York City’s RIDICULOUS Attack on Florida,2022-04-06 00:00:40+00:00,132723,8481,939,63,134.61904761904762,0.0074283692960735,7.144956036255961
Ben Shapiro,"Obama Comes Back To The White House, And Biden Becomes The Red-Headed Stepchild Again |  Ep. 1468",2022-04-06 17:00:11+00:00,365888,14610,1834,64,228.28125,0.0043805612594113,4.511763162497814
Ben Shapiro,LOL: Biden EMBARRASSES Himself as Obama Returns to the White House,2022-04-06 22:30:01+00:00,367922,20366,2417,173,117.72254335260116,0.0084945497397623,6.239365952566033
Ben Shapiro,WATCH: School Coordinator Insists Kindergartners Learn About Radical Gender Theory,2022-04-07 00:00:21+00:00,120499,7029,1017,24,292.875,0.0034144259496372,6.697151013701358
Ben Shapiro,Barack Obama Remains A Liar |  Ep. 1469,2022-04-07 17:00:14+00:00,279940,11742,1564,267,43.97752808988764,0.0227388860500766,4.848538972636994
Ben Shapiro,Shapiro RIPS Republican Governor for Sharing His PRONOUNS,2022-04-07 22:25:14+00:00,91022,5641,896,108,52.23148148148148,0.0191455415706435,7.300432862384917
Ben Shapiro,"Shapiro REACTS to Cracker Jack Becoming ""Cracker Jill""",2022-04-08 00:00:02+00:00,186734,12387,2064,52,238.21153846153845,0.0041979494631468,7.766662739511819
Ben Shapiro,Biden Gets His Supreme Court Justice |  Ep. 1470,2022-04-08 17:00:12+00:00,220504,8450,1200,52,162.5,0.0061538461538461,4.399920182853826
Ben Shapiro,LOL: Two College Freshman HUMILIATE Brian Stelter,2022-04-08 22:00:12+00:00,530880,25844,1629,37,698.4864864864865,0.0014316669246246,5.181962025316455
Ben Shapiro,New LEAKED Video Shows Disney CEO GROVEL in Front of Employees,2022-04-09 00:30:02+00:00,634138,38017,4766,94,404.43617021276594,0.0024725780571849,6.761462016154213
Ben Shapiro,Ben Shapiro REACTS to INSANE Woke TikToks | Volume 9,2022-04-09 14:00:11+00:00,3975974,176213,21742,1443,122.11573111573112,0.0081889531419361,5.015073036191887
Ben Shapiro,Nationalism Makes A Comeback |  Ep. 1471,2022-04-11 17:00:09+00:00,302447,10948,1449,187,58.54545454545455,0.0170807453416149,4.160728987227514
Ben Shapiro,WATCH: Dystopian Footage of Shanghai’s MASSIVE Lockdown,2022-04-11 22:15:30+00:00,265197,15165,1275,156,97.21153846153848,0.0102868447082096,6.257989343770857
Ben Shapiro,Men Accused of Plotting to Kidnap Michigan Governor ACQUITTED,2022-04-12 00:00:14+00:00,94722,5775,558,2,2887.5,0.0003463203463203,6.687992229893794
Ben Shapiro,Will Smith Looks Like He Leads an Unhappy Life,2022-04-12 01:30:00+00:00,554306,24913,3207,188,132.5159574468085,0.007546260988239,5.106926499081735
Ben Shapiro,Men Cannot Become Women | Ben Shapiro at UNC Greensboro,2022-04-12 02:00:10+00:00,500897,29111,4942,371,78.46630727762803,0.0127443234516162,6.872470787407391
Ben Shapiro,ANGRY Student Gets KICKED OUT for Disrupting Speech,2022-04-12 14:04:21+00:00,460587,29699,1852,111,267.55855855855856,0.0037374995791104,6.874271310306196
Ben Shapiro,Who’s Really Killing The Kids? |  Ep. 1472,2022-04-12 17:00:11+00:00,188492,7951,775,51,155.90196078431373,0.0064142875110049,4.656431042166246
Ben Shapiro,"Ben Shapiro Q&A: Transgenderism Debate, Trump vs. DeSantis, The Federal Reserve",2022-04-12 21:15:29+00:00,1646043,41684,5050,380,109.69473684210526,0.0091162076576144,2.862258154859867
Ben Shapiro,Shapiro Breaks Down HORRIFYING Statistics Showing MASSIVE Inflation,2022-04-12 22:16:33+00:00,114636,6865,841,19,361.3157894736842,0.0027676620538965,6.738720820684602
Ben Shapiro,"Student Tells Ben Shapiro: “The gender binary is a western colonialist framework of gender""",2022-04-12 23:00:28+00:00,1214446,46694,15684,804,58.0771144278607,0.0172184863151582,5.202536794554884
Ben Shapiro,"INSANE TikTok Teacher Tells Kids: ""F--- Them, I'm Your Parents Now""",2022-04-13 00:00:12+00:00,422723,21926,1358,72,304.52777777777777,0.0032837726899571,5.525131114228466
Ben Shapiro,Ben Shapiro Explains Basic Biology to a College Student,2022-04-13 01:00:02+00:00,204098,8851,1040,6,1475.1666666666667,0.0006778895040108,4.8491410988838695
Ben Shapiro,The Poop Bird Comes For Joe Biden |  Ep. 1473,2022-04-13 17:00:12+00:00,255816,10615,1337,82,129.4512195121951,0.0077249175694771,4.704162366701067
Ben Shapiro,Transgender Suicide Rates Remain HIGHER Than Non-LGBTQ Community,2022-04-13 21:45:05+00:00,106682,4991,724,98,50.92857142857143,0.0196353436185133,5.448904220018372
Ben Shapiro,"Don't Say Gay, Dumbledore! Chinese Version Of ""Fantastic Beats"" ERASES Gay References",2022-04-13 22:38:38+00:00,343059,13255,2234,48,276.1458333333333,0.0036212749905695,4.528958575638593
Ben Shapiro,Biology Is NOT A Social Construct,2022-04-13 22:45:00+00:00,196854,12225,1152,59,207.20338983050848,0.0048261758691206,6.825362959350585
Ben Shapiro,Climate Change Is NOT An Emergency — Here Are The Facts,2022-04-14 00:00:07+00:00,750943,42495,4784,951,44.68454258675079,0.0223791034239322,6.422591328502962
Ben Shapiro,"DEBUNKED: Shapiro CRUSHES Biden's ""Putin Price Hike"" LIE",2022-04-14 01:00:11+00:00,97394,5603,559,123,45.552845528455286,0.0219525254328038,6.453169599770006
Ben Shapiro,2024 Election Predictions: Biden vs. Trump vs. DeSantis,2022-04-14 15:21:18+00:00,299837,11182,1473,40,279.55,0.0035771776068681,4.233967122136361
Ben Shapiro,How Many More Violent Attacks By Black Supremacists Before We’re Allowed To Notice? |  Ep. 1474,2022-04-14 17:00:11+00:00,423236,19369,2748,116,166.97413793103448,0.005988951417213,5.253097562589193
Ben Shapiro,Elon Offers To BUY TWITTER — Leftists Melt Down,2022-04-14 23:11:53+00:00,310542,22032,1903,44,500.7272727272728,0.00199709513435,7.721660838147497
Ben Shapiro,Biden's Corruption EXPOSED,2022-04-15 00:30:10+00:00,217839,18940,1415,53,357.35849056603774,0.0027983104540654,9.368386744338707
Ben Shapiro,The Left Panics Over Elon Musk’s Twitter Power Move |  Ep. 1475,2022-04-15 17:00:11+00:00,341074,14394,1546,176,81.7840909090909,0.0122273169376128,4.725074324046981
Ben Shapiro,The REAL Reason Elon Musk Is Trying to Buy Twitter,2022-04-15 22:30:02+00:00,2004432,76658,5317,1184,64.74493243243244,0.0154452242427404,4.148756355915292
Ben Shapiro,Joe Biden’s Latest Gaffes Are PAINFUL to Watch,2022-04-16 00:00:16+00:00,352082,19069,1830,48,397.2708333333333,0.0025171744716555,5.949466317505581
Ben Shapiro,"Ilhan Omar Thinks Singing About Jesus Publicly Is Very, Very Bad |  Ep. 1476",2022-04-18 17:00:11+00:00,358788,15866,3597,382,41.53403141361257,0.024076641875709,5.531121442188702
Ben Shapiro,Student Tells Ben Shapiro: “Radical Conservatism Is Going to Eat Itself”,2022-04-19 00:00:04+00:00,270874,12029,2027,44,273.3863636363636,0.0036578269182808,5.205372239491425
Ben Shapiro,Disney Goes SUDDENLY SILENT On Florida's Parental Rights Bill,2022-04-19 01:00:09+00:00,865559,51544,5249,122,422.4918032786885,0.0023669098246158,6.575519404223167
Ben Shapiro,"Twitter's ""POISON PILL"" Attempt To Thwart Elon's ACQUISITION",2022-04-19 02:00:21+00:00,180516,11191,736,29,385.8965517241379,0.0025913680636225,6.623235613463627
Ben Shapiro,"The Easter Bunny, Not Joe Biden, Is Running The Country |  Ep. 1477",2022-04-19 17:00:11+00:00,279753,12747,1681,21,607.0,0.0016474464579901,5.1649133342627245
Ben Shapiro,LOL: Easter Bunny BLOCKS Biden From PRESS,2022-04-19 22:33:22+00:00,199887,12823,1420,33,388.5757575757576,0.0025735007408562,7.142035249916202
Ben Shapiro,Shapiro WRECKS Washington Post Cry-Bully Who DOXXED Libs of TikTok,2022-04-20 00:00:12+00:00,341740,22728,1692,239,95.09623430962344,0.010515663498768,7.215719552876456
Ben Shapiro,The Vindictive Hit Squad Of The Legacy Media |  Ep. 1478,2022-04-20 17:00:11+00:00,241788,10480,1145,62,169.03225806451613,0.0059160305343511,4.8335732128972495
Ben Shapiro,Shapiro REACTS to Psaki CRYING Over LGBTQ Treatment,2022-04-20 23:09:53+00:00,316028,18749,2757,182,103.01648351648352,0.0097071843831671,6.862683053400332
Ben Shapiro,LOL: Leftists Have a MELTDOWN Over the End of Mask Mandates,2022-04-21 00:00:00+00:00,389532,21203,2471,124,170.99193548387098,0.0058482290241946,6.109382541100603
Ben Shapiro,F**k Around And Find Out |  Ep. 1479,2022-04-21 17:00:11+00:00,473772,20032,2506,92,217.7391304347826,0.0045926517571884,4.776559188808119
Ben Shapiro,Florida CRACKS DOWN On Disney – Here's How,2022-04-21 22:37:00+00:00,349705,21115,1837,106,199.1981132075472,0.0050201278711816,6.593557426974164
Ben Shapiro,CDC'S INSANE Attempt To Bring Back Masks,2022-04-22 00:30:00+00:00,222506,11942,1484,62,192.6129032258065,0.0051917601741751,6.061859006049275
Ben Shapiro,"Ron DeSantis Reveals The TRUTH About The Falsely Labeled ""Don't Say Gay"" Bill",2022-04-22 22:42:09+00:00,663709,44040,3793,370,119.02702702702705,0.0084014532243415,7.262670839178013
Ben Shapiro,OFFICIAL TRAILER | Debunked. Season 2 with Ben Shapiro,2022-04-25 16:01:15+00:00,1031387,11810,957,128,92.265625,0.0108382726502963,1.2502581475236745
Ben Shapiro,"Musk vs. Twitter, DeSantis vs. Disney, And The Fight Against Woke Inc. |  Ep. 1480",2022-04-25 17:00:11+00:00,371063,15140,1591,117,129.4017094017094,0.0077278731836195,4.5404688691677695
Ben Shapiro,Shapiro REACTS to Joe Biden’s Latest FRIGHTENING Gaffe,2022-04-25 23:17:55+00:00,531724,29307,2486,35,837.3428571428572,0.0011942539325075,5.985812188278129
Ben Shapiro,Elon Musk Drinks Leftist Tears |  Ep. 1481,2022-04-26 17:00:12+00:00,442403,20116,2510,192,104.77083333333331,0.0095446410817259,5.157740792896974
Ben Shapiro,4 Things Elon Musk MUST Do With Twitter,2022-04-26 23:05:50+00:00,268631,14969,1415,215,69.62325581395349,0.0143630169015966,6.179108144629622
Ben Shapiro,Ben Shapiro’s Thoughts on the Johnny Depp vs. Amber Heard Trial,2022-04-27 15:40:19+00:00,1933595,57494,4377,1024,56.146484375,0.0178105541447803,3.2527494123640164
Ben Shapiro,"Elon Musk Wants Free Speech, So He Must Be Racist |  Ep. 1482",2022-04-27 17:00:10+00:00,385747,17300,2128,73,236.986301369863,0.0042196531791907,5.055386043183745
Ben Shapiro,Ben Shapiro Full Speech + Q&A at Iowa State University,2022-04-28 01:20:32+00:00,566762,25866,2348,686,37.70553935860058,0.0265213020954148,5.099142144321602
Ben Shapiro,“MYSTERIES” of the Biden Family Riches REVEALED,2022-04-28 14:49:46+00:00,61851,4180,275,20,209.0,0.0047846889952153,7.235129585617048
Ben Shapiro,Twitter Executive CRIES Over Elon Musk Takeover??,2022-04-28 16:00:19+00:00,166427,9875,991,48,205.72916666666663,0.0048607594936708,6.5578301597697495
Ben Shapiro,Joe Biden's Crashing Economy |  Ep. 1483,2022-04-28 17:00:12+00:00,206883,9443,869,36,262.30555555555554,0.0038123477708355,5.001860955225901
Ben Shapiro,Former Transgender Teenager Shares POWERFUL Story About Going In and Out of Transgenderism,2022-04-28 17:54:34+00:00,1567068,75016,8354,523,143.434034416826,0.0069718460061853,5.353500932952495
Ben Shapiro,"“F*** you, I’m talking!” | Student LOSES IT While Debating Ben Shapiro",2022-04-28 20:12:42+00:00,9819144,196047,26937,3933,49.8466819221968,0.0200615158609925,2.310965192077843
Ben Shapiro,Here’s Why Biden Is WRONG About Student Debt and Fossil Fuels,2022-04-28 22:22:05+00:00,80702,4259,384,63,67.60317460317461,0.0147922047428973,5.83133007856063
Ben Shapiro,"""YOUR TEARS MEAN NOTHING"": Shapiro RIPS the Left’s Attacks on Elon Musk",2022-04-28 23:30:13+00:00,211461,10804,910,19,568.6315789473684,0.0017586079229914,5.548540865691546
Ben Shapiro,"Yes, The Left Lost Its Mind |  Ep. 1484",2022-04-29 17:00:09+00:00,363747,15615,1619,89,175.4494382022472,0.0056996477745757,4.762376047087673
Ben Shapiro,Elon Musk’s Twitter Purchase EXPOSES the Left’s Radicalization,2022-04-29 23:01:10+00:00,143444,8725,691,37,235.8108108108108,0.004240687679083,6.590028164301051
Ben Shapiro,Shapiro REACTS to CRAZY Moments From Johnny Depp’s Trial,2022-04-30 00:15:02+00:00,979964,45460,3572,261,174.17624521072796,0.0057413110426748,5.030082737733223
Ben Shapiro,Ben Shapiro REACTS to INSANE Woke TikToks | Volume 10,2022-04-30 18:45:22+00:00,3516557,125234,13089,1118,112.01610017889088,0.0089272881166456,3.9652705757364375
Ben Shapiro,The Aspect of Social Media NO ONE Talks About...,2022-04-30 20:00:02+00:00,653613,21951,1585,81,271.0,0.003690036900369,3.613300225056723
Ben Shapiro,Ron DeSantis DEBUNKS the 'Don't Say Gay Bill' Media LIES,2022-05-01 17:30:04+00:00,157700,10816,1044,22,491.6363636363636,0.002034023668639,7.534559289790741
Ben Shapiro,Joe Biden's Ministry Of Truth |  Ep. 1485,2022-05-02 17:00:11+00:00,321408,14357,1753,99,145.02020202020202,0.0068955910009054,5.043122759856631
Ben Shapiro,The CRINGIEST Moments From the White House Correspondents' Dinner,2022-05-02 22:50:51+00:00,275378,14420,1138,214,67.38317757009345,0.0148404993065187,5.727400155422728
Ben Shapiro,Shapiro Breaks Down Biden's New Disinformation Governance Board,2022-05-03 00:00:10+00:00,130061,8082,1074,26,310.84615384615387,0.0032170254887404,7.059764264460522
Ben Shapiro,Is Roe About To Be Overturned?! |  Ep. 1486,2022-05-03 17:00:11+00:00,344075,12411,2389,247,50.24696356275304,0.0199017001047457,4.373174453244205
Ben Shapiro,Ben Shapiro Breaks Down LEAKED Supreme Court Draft Decision On ABORTION,2022-05-03 20:51:56+00:00,444584,20759,3452,740,28.052702702702703,0.0356471891709619,5.61221276519173
Ben Shapiro,Shapiro REACTS to Leftist Meltdowns Over LEAKED Supreme Court Decision,2022-05-03 22:02:32+00:00,327261,16893,3535,536,31.51679104477612,0.0317291185698218,6.405896211280904
Ben Shapiro,The Left’s Abortion Meltdown | Ep. 1487,2022-05-04 17:00:12+00:00,276740,10839,2343,411,26.37226277372263,0.0379186271796291,4.911830599118306
Ben Shapiro,Ben Shapiro DEBUNKS Leftist Pro-Abortion Arguments,2022-05-04 19:28:38+00:00,326853,17088,2770,369,46.3089430894309,0.0215941011235955,6.188408856580787
Ben Shapiro,Here’s Exactly What Overturning Roe v. Wade Would ACTUALLY Do,2022-05-04 23:25:27+00:00,217067,9966,1585,255,39.08235294117648,0.0255869957856712,5.438873711803268
Ben Shapiro,INSANE: Dem Lawmakers MELTDOWN Over Roe v. Wade Being Overturned,2022-05-05 00:30:07+00:00,126401,6654,1860,114,58.36842105263158,0.0171325518485121,6.825895364751861
Ben Shapiro,Democrats Prove They Don’t Give A Damn About ‘Democratic Norms’ | Ep. 1488,2022-05-05 17:20:08+00:00,256855,10368,1606,175,59.245714285714286,0.0168788580246913,4.729905978081018
Ben Shapiro,Pansexual Florida Teacher FIRED for Making Students Draw LGBTQ Flags in Class,2022-05-05 23:25:11+00:00,258253,17192,2485,184,93.43478260869566,0.0107026523964634,7.690520536063472
Ben Shapiro,"EXPOSING The Left's ""Not-So-Secret"" Agendas | With Christopher Rufo",2022-05-06 00:30:00+00:00,106802,6420,484,58,110.6896551724138,0.0090342679127725,6.518604520514597
Ben Shapiro,The Economic Freight Train About To Hit Joe Biden | Ep. 1489,2022-05-06 17:00:11+00:00,283322,11939,1731,56,213.19642857142856,0.0046905100929726,4.844664374810286
Ben Shapiro,LOL: Ben Shapiro REACTS to 2022 Met Gala,2022-05-06 18:45:00+00:00,1200673,46871,3962,323,145.11145510835914,0.0068912547204028,4.260610507606984
Ben Shapiro,Shapiro REACTS to Amber Heard Testimony,2022-05-06 23:39:26+00:00,1141453,47423,9118,309,153.47249190938513,0.0065158256542184,4.980494159636884
Ben Shapiro,New York Times FAILS To Find Reason Musk SHOULDN'T Take Over Twitter,2022-05-07 00:45:00+00:00,154885,8503,665,9,944.7777777777778,0.001058449958838,5.925041159570004
Ben Shapiro,Ron DeSantis Breaks Down Why Florida Is So Much Better Than Disastrous Blue States,2022-05-07 17:00:07+00:00,408819,23275,2217,178,130.75842696629215,0.0076476906552094,6.279062372345708
Ben Shapiro,SUPERCUT: Ben Shapiro's BEST Arguments Against Abortion,2022-05-08 16:30:01+00:00,631437,21879,2876,433,50.52886836027714,0.0197906668494903,3.988996526969436
Ben Shapiro,Why Don't Leftists Like Facts? | With Jordan Peterson,2022-05-08 22:00:08+00:00,637270,31845,2914,391,81.44501278772378,0.0122782226409169,5.515715473818005
Ben Shapiro,Dems Bet Big On Abortion | Ep. 1490,2022-05-09 17:00:10+00:00,271029,9930,1669,200,49.65,0.0201409869083585,4.353408675824358
Ben Shapiro,Nancy Pelosi Makes GHOULISH Comments On Mother's Day,2022-05-09 21:02:56+00:00,215266,10894,1758,64,170.21875,0.0058747934642922,5.907110272871703
Ben Shapiro,Ministry of Truth Leader Claims Liberals and Minorities are Silenced – Not Conservatives,2022-05-09 23:35:13+00:00,152134,9817,1382,48,204.52083333333331,0.0048894774370989,7.392824746604967
Ben Shapiro,Examining 2000 Mules And The 2020 Election | Ep. 1491,2022-05-10 17:00:11+00:00,391327,14179,3128,452,31.36946902654867,0.0318781296283235,4.538148402742463
Ben Shapiro,"Ben Shapiro REACTS To The ""2000 Mules"" Documentary",2022-05-10 20:51:45+00:00,763056,36882,8359,1357,27.17907148120855,0.0367930155631473,6.106760185359921
Ben Shapiro,The View's ATROCIOUS Take On Protesting Outside Of Justices' Home,2022-05-10 22:18:21+00:00,214796,8884,1369,57,155.859649122807,0.0064160288158487,4.799903163932289
Ben Shapiro,Joe Biden vs. ULTRA MAGA | Ep. 1492,2022-05-11 17:00:10+00:00,270000,11667,2081,169,69.03550295857988,0.014485300419988,5.154444444444444
Ben Shapiro,Why Can't We Talk About America's Obesity Crisis? | With Bill Maher,2022-05-11 19:00:10+00:00,420865,15752,2103,56,281.2857142857143,0.0035551041137633,4.255758972592162
Ben Shapiro,New Press Secretary FEEDS Into Dangerous Media Narrative,2022-05-11 21:22:31+00:00,202574,13034,1725,743,17.542395693135937,0.057004756789934,7.652512168392785
Ben Shapiro,"Yup, It's Happening",2022-05-11 23:16:54+00:00,770177,34087,2145,253,134.7312252964427,0.007422184410479,4.737222742304692
Ben Shapiro,Bidenflation Continues | Ep. 1493,2022-05-12 17:00:11+00:00,238029,9947,1347,109,91.25688073394495,0.0109580778124057,4.790592742901075
Ben Shapiro,The Government Is Coming After YOUR Free Speech,2022-05-12 20:48:25+00:00,113133,6758,615,33,204.7878787878788,0.0048831015093222,6.546277390328198
Ben Shapiro,"Biden's ""Great MAGA King"" & Recent Gaffes Are WILD",2022-05-12 22:00:19+00:00,224765,15144,1407,45,336.53333333333336,0.0029714738510301,7.383711876849154
Ben Shapiro,Will Musk Back Out Of The Twitter Deal? | Ep. 1494,2022-05-13 17:00:11+00:00,311128,11221,1375,173,64.86127167630057,0.0154175207200784,4.104098634645547
Ben Shapiro,Joe Rogan on Surviving Cancel Culture as a Comedian,2022-05-13 19:00:02+00:00,733406,30960,1607,153,202.35294117647055,0.0049418604651162,4.461376100004636
Ben Shapiro,You HAVE To See This Whoopi Goldberg MELTDOWN,2022-05-13 23:08:00+00:00,745544,38979,4090,428,91.07242990654206,0.0109802714282049,5.8342633030377815
Ben Shapiro,Conservatives Should Be Optimistic About The Future – Here's Why,2022-05-14 00:15:01+00:00,395854,20989,1867,75,279.8533333333333,0.0035733003001572,5.792792292107697
Ben Shapiro,"The Ever-Changing Definition of the Word ""Harm"" | With Russell Brand",2022-05-14 17:15:01+00:00,171552,9287,904,98,94.76530612244898,0.010552385054377,5.997598395821675
Ben Shapiro,Tucker Carlson: Believe In Evidence – Not Theories,2022-05-14 19:30:02+00:00,486929,20732,1747,323,64.18575851393189,0.0155797800501639,4.682818234280563
Ben Shapiro,William Barr | The Ben Shapiro Show Sunday Special Ep. 125,2022-05-15 12:00:14+00:00,199915,7670,1772,1305,5.8773946360153255,0.1701434159061277,5.375784708501112
Ben Shapiro,Everyone I Don’t Like Is Responsible For Mass Shootings | Ep. 1495,2022-05-16 17:00:11+00:00,288988,10857,1999,298,36.43288590604027,0.0274477295753891,4.551746093263389
Ben Shapiro,Everything You Need To Know About The Tragic Buffalo Shooting,2022-05-16 22:09:30+00:00,331923,15803,2409,145,108.98620689655172,0.0091754730114535,5.53049954356884
Ben Shapiro,Here's What The Media Is Saying About The Buffalo Shooting,2022-05-16 23:30:02+00:00,172445,9522,1190,164,58.0609756097561,0.0172232724217601,6.30693844414161
Ben Shapiro,Blaming Tucker Carlson For Mass Shootings | Ep. 1496,2022-05-17 17:00:08+00:00,324117,12721,2439,261,48.73946360153257,0.0205172549327883,4.75784978881083
Ben Shapiro,Ask Ben Anything,2022-05-17 19:00:21+00:00,356571,14839,1076,189,78.51322751322752,0.0127367073252914,4.516351582153344
Ben Shapiro,They're So Bad They Lost JEFF BEZOS,2022-05-17 21:00:10+00:00,313170,17810,1520,50,356.2,0.0028074115665356,6.188332215729476
Ben Shapiro,The New Definition of Beauty?,2022-05-17 22:00:16+00:00,807113,32703,6477,1585,20.63280757097792,0.0484665015442008,5.050717805313506
Ben Shapiro,Joe Biden Wants To Heal Your Soul | Ep. 1497,2022-05-18 17:00:12+00:00,203473,8170,963,92,88.80434782608695,0.0112607099143206,4.533771065448487
Ben Shapiro,'The View' Makes Yet Another INSANE Claim,2022-05-18 22:18:43+00:00,937959,34084,3427,152,224.23684210526315,0.0044595704729491,4.015420716683779
Ben Shapiro,Elon Musk Has Twitter Hanging By A Thread,2022-05-18 23:22:36+00:00,693138,28271,1775,191,148.01570680628274,0.0067560397580559,4.362334773162054
Ben Shapiro,Rapper Zuby Tries To Change Ben's Mind On Rap Music,2022-05-19 00:30:05+00:00,198298,7677,1850,275,27.91636363636364,0.0358212843558681,4.943065487296897
Ben Shapiro,The Short-Lived Biden Ministry Of Truth Is Dead | Ep. 1498,2022-05-19 17:00:11+00:00,262914,10846,1141,48,225.95833333333331,0.0044255946892863,4.57754246635782
Ben Shapiro,Will She Ever Learn??,2022-05-19 23:21:26+00:00,429982,15377,1345,57,269.7719298245614,0.0037068348832672,3.902256373522613
Ben Shapiro,LOL: Shapiro Weighs In On BRUTAL Cross Examination Of Amber Heard,2022-05-20 00:30:07+00:00,901889,36101,3281,215,167.91162790697675,0.0059555136976815,4.390451596593373
Ben Shapiro,Professor FIRED After Having Consensual Relationship With CO-WORKER,2022-05-20 01:30:07+00:00,447627,16530,2325,46,359.3478260869565,0.0027828191167574,4.222488813230658
Ben Shapiro,Joe Biden’s Stagflation Cannot Be Escaped | Ep. 1499,2022-05-20 17:00:15+00:00,211644,8672,933,17,510.11764705882354,0.001960332103321,4.546313620986185
Ben Shapiro,I Think We've Seen This Before...,2022-05-20 21:27:23+00:00,125472,4547,473,24,189.45833333333331,0.0052782054101605,4.020020402958429
Ben Shapiro,The Worst Possible Scenario Might Just Happen,2022-05-20 22:30:08+00:00,441226,20135,2135,86,234.12790697674416,0.0042711696051651,5.066791168244845
Ben Shapiro,Candace Owens BLASTS The LIES Of BLM And The Radical Left,2022-05-21 17:30:03+00:00,356607,17574,1795,80,219.675,0.0045521793558666,5.453903036115388
Ben Shapiro,Jonathan Isaac | The Ben Shapiro Show Sunday Special Ep. 126,2022-05-22 12:00:12+00:00,200065,11830,1255,97,121.95876288659794,0.0081994928148774,6.588858620948192
Ben Shapiro,FACT: Racism Is NOT in America’s DNA – Here’s How We Know,2022-05-22 20:00:08+00:00,109168,7491,822,161,46.52795031055901,0.0214924576158056,7.762347940788509
Ben Shapiro,"China, Monkeypox, and Recession, Oh My! | Ep. 1500",2022-05-23 17:00:10+00:00,327828,10668,1312,54,197.55555555555557,0.0050618672665916,3.670827385092183
Ben Shapiro,Is China Going To Invade Taiwan?,2022-05-23 22:42:09+00:00,206353,9810,1489,193,50.829015544041454,0.0196738022426095,5.569097614282322
Ben Shapiro,AOC And Ilhan Omar Have LOST THE PLOT,2022-05-23 23:45:01+00:00,252946,15035,1799,76,197.82894736842104,0.005054871965414,6.685221351592831
Ben Shapiro,Davos Elitists Want To Rule The World | Ep. 1501,2022-05-24 17:00:11+00:00,296102,12891,2358,106,121.6132075471698,0.008222791094562,5.185713031320288
Ben Shapiro,The Left Has Reached Its BREAKING POINT,2022-05-24 23:22:53+00:00,995836,48163,3557,250,192.652,0.0051907065589768,5.218730795030507
Ben Shapiro,Why You Need To Care About Klaus Schwab And The World Economic Forum,2022-05-25 00:30:14+00:00,533436,30242,5304,100,302.42,0.0033066596124594,6.682338649809911
Ben Shapiro,The Vicious Political Manipulation of Another Evil School Shooting | Ep. 1502,2022-05-25 17:00:11+00:00,287224,12236,3073,727,16.830811554332875,0.0594148414514547,5.583098905383952
Ben Shapiro,Everything You Need To Know About The Tragic Uvalde Shooting,2022-05-25 22:43:18+00:00,467285,22118,4091,614,36.0228013029316,0.0277601953160321,5.740179975817756
Ben Shapiro,Why We Need To Stop Politicizing Mass Shootings,2022-05-25 23:45:01+00:00,126789,7191,2387,835,8.611976047904191,0.1161173689333889,8.212857582282375
Ben Shapiro,"Posturing On Graves Isn’t Virtue, It’s Moral Sickness | Ep. 1503",2022-05-26 17:00:11+00:00,251384,9984,2154,140,71.31428571428572,0.0140224358974358,4.884161283136556
Ben Shapiro,Famous Lawyer PREDICTS Outcome of Johnny Depp Trial,2022-05-26 22:17:14+00:00,783242,23521,2773,593,39.66441821247892,0.0252115131159389,3.4327832266400424
Ben Shapiro,Beto O'Rourke Has MAJOR Beta Male Meltdown,2022-05-26 23:30:00+00:00,227936,12779,2088,336,38.032738095238095,0.0262931371781829,6.669854696055033
Ben Shapiro,The Real Reason Children Died In Uvalde | Ep. 1504,2022-05-27 17:00:11+00:00,423996,17112,4942,351,48.75213675213675,0.0205119214586255,5.28424796460344
Ben Shapiro,They Don't Want Solutions – Just Political Pandering,2022-05-27 23:08:30+00:00,59437,3707,720,41,90.41463414634148,0.0110601564607499,7.517203088984975
Ben Shapiro,The Media Is a the Leftwing Propaganda Outlet,2022-05-28 00:15:00+00:00,112867,6742,1283,153,44.06535947712418,0.0226935627410264,7.245696261972055
Ben Shapiro,"""Tom Cruise May Be The Last True Movie Star"" | Ben Shapiro Reviews “Top Gun: Maverick” [SPOILERS]",2022-05-28 18:24:20+00:00,1529457,60286,6798,984,61.266260162601625,0.0163221975251302,4.450468368839398
Ben Shapiro,Should We Limit Technology To Protect Jobs? | With Tucker Carlson,2022-05-29 22:00:01+00:00,229844,10989,2198,230,47.778260869565216,0.0209300209300209,5.83743756634935
Ben Shapiro,Gary Sinise on Service and Sacrifice,2022-05-30 17:00:01+00:00,130187,7300,580,80,91.25,0.010958904109589,6.114281763924201
Ben Shapiro,How Many Times Has Joe Biden Been Wrong About the Second Amendment?,2022-05-31 22:31:36+00:00,113187,7384,1194,50,147.68,0.006771397616468,7.622783535211641
Ben Shapiro,How Seriously Should We Take This Democrat THREAT? | With Sen. Mike Lee,2022-05-31 23:45:00+00:00,118001,6084,421,28,217.28571428571428,0.0046022353714661,5.536393759374921
Ben Shapiro,This Is Pure Self-Obsessed DELUSION On Display,2022-06-01 20:00:50+00:00,649427,28814,5311,104,277.0576923076923,0.0036093565627819,5.270646277410702
Ben Shapiro,Here’s What K-Pop Group BTS Did NOT Discuss At The Anti-Asian Hate Press Conference,2022-06-01 21:00:10+00:00,193194,9037,2270,325,27.806153846153848,0.0359632621445169,6.02089091793741
Ben Shapiro,Johnny Depp Defeats Amber Heard | Ep. 1507,2022-06-02 17:00:12+00:00,424133,14608,1714,134,109.01492537313432,0.0091730558598028,3.879915026654375
Ben Shapiro,"They Don't Want You To See This, So They Attacked",2022-06-02 20:08:21+00:00,155932,11579,833,68,170.27941176470588,0.0058727005786337,8.003488700202652
Ben Shapiro,Star Wars Goes Woke (Again),2022-06-02 22:26:53+00:00,563863,26646,5726,1165,22.872103004291844,0.0437213840726563,5.947721343659719
Ben Shapiro,Ben Shapiro REACTS To The Depp v Heard Verdict | W/ Megyn Kelly,2022-06-02 23:43:41+00:00,1416408,40491,5648,628,64.47611464968153,0.0155096194215998,3.3018028703593885
Ben Shapiro,This Defeats the ENTIRE Purpose of the Military,2022-06-03 15:30:01+00:00,192627,12057,2132,127,94.93700787401576,0.0105333001575848,7.431979940506782
Ben Shapiro,Joe Biden’s Administration Hits The Iceberg Of Reality | Ep. 1508,2022-06-03 17:00:14+00:00,281988,11266,1974,124,90.85483870967742,0.0110065684360021,4.7392087606564814
Ben Shapiro,LOL: Sunny Hostin Supports WHAT?!,2022-06-03 23:19:05+00:00,199848,8947,803,220,40.66818181818182,0.0245892477925561,4.98879148152596
Ben Shapiro,A Few More Reasons Ron DeSantis is America's Best Governor,2022-06-04 00:45:00+00:00,239032,14038,1331,99,141.7979797979798,0.00705228665052,6.471100103751799
Ben Shapiro,Where Does Morality Come From? | With Sam Harris,2022-06-04 17:00:02+00:00,794769,13907,9052,628,22.144904458598727,0.045157115121881,2.967780575236327
Ben Shapiro,The Supreme Court Opinion Leak Is an Obstruction of Justice – Here’s Why | With AG Barr,2022-06-05 20:45:01+00:00,83186,5210,572,100,52.1,0.019193857965451,7.070901353593152
Ben Shapiro,The War on Biden and the War on the West,2022-06-06 17:00:22+00:00,207986,8829,849,105,84.08571428571429,0.0118926265715256,4.703681978594713
Ben Shapiro,This Failure Is UNACCEPTABLE,2022-06-06 23:16:07+00:00,110152,7234,663,26,278.2307692307692,0.0035941387890517,7.192788147287385
Ben Shapiro,The Left Has Stoked a WAR on the West,2022-06-07 00:30:09+00:00,94973,4578,440,33,138.72727272727272,0.0072083879423328,5.318353637349563
Ben Shapiro,"When You’re Losing, Rig The Game | Ep. 1509",2022-06-07 17:00:30+00:00,274432,12147,1835,114,106.55263157894736,0.0093850333415658,5.136427238805971
Ben Shapiro,"Good Luck With This Message, Democrats",2022-06-07 21:40:23+00:00,341234,18318,2221,61,300.2950819672131,0.0033300578665793,6.036913086034803
Ben Shapiro,"Most Respected Paper in America, or High School Yearbook Meeting?",2022-06-07 22:45:00+00:00,119841,4980,415,21,237.14285714285717,0.0042168674698795,4.519321434233693
Ben Shapiro,Which is the REAL Threat to Democracy?,2022-06-08 00:00:01+00:00,111853,7125,1077,61,116.8032786885246,0.0085614035087719,7.387374500460425
Ben Shapiro,"The White House Isn’t Alright, Alright, Alright | Ep. 1510",2022-06-08 17:00:12+00:00,332260,12639,2201,229,55.19213973799127,0.0181185220349711,4.535303677842653
Ben Shapiro,Why Are We Being Lectured By Matthew McConaughey?,2022-06-08 21:29:49+00:00,425878,23013,5040,1076,21.38754646840149,0.0467561812888367,6.8397522295117374
Ben Shapiro,Your Rainbows Have No Power Here,2022-06-08 22:30:01+00:00,600025,36935,5054,283,130.5123674911661,0.0076621091105997,7.04503979000875
Ben Shapiro,Leftists Get MUGGED By Reality,2022-06-08 23:30:01+00:00,183016,9863,604,29,340.1034482758621,0.0029402818615025,5.735017703370198
Ben Shapiro,A Left-Wing Assassin Tries To Murder Justice Kavanaugh | Ep. 1511,2022-06-09 17:00:10+00:00,252297,10410,1570,83,125.42168674698796,0.0079731027857829,4.781269694051058
Ben Shapiro,"Joy Behar May Just Be The Dumbest Person On ""The View""",2022-06-09 22:30:01+00:00,446016,22210,2558,50,444.2,0.0022512381809995,5.56437437221983
Ben Shapiro,Ben Shapiro Reacts To CRINGE Biden Appearance On Jimmy Kimmel Live!,2022-06-09 23:30:02+00:00,302419,17730,2303,60,295.5,0.0033840947546531,6.644093129069272
Ben Shapiro,The NYT BURIES Kavanaugh Assassination Attempt,2022-06-10 00:30:05+00:00,105973,5793,586,42,137.92857142857142,0.0072501294665976,6.05909052305776
Ben Shapiro,The January 6th Election Extravaganza Begins! | Ep. 1512,2022-06-10 17:00:09+00:00,195604,7952,1742,376,21.148936170212767,0.0472837022132796,5.148156479417599
Ben Shapiro,Ben Shapiro and Ezra Klein CLASH Over Identity Politics,2022-06-10 19:25:36+00:00,929934,21614,3594,125,172.912,0.0057832886092347,2.7241718229465746
Ben Shapiro,Jim Jordan EXPOSES the Democrats' Goal for the January 6 Hearings,2022-06-10 22:47:22+00:00,107709,7326,777,43,170.3720930232558,0.0058695058695058,7.562970596700369
Ben Shapiro,I Watched The January 6 Congressional Committee Hearing So You Didn't Have To,2022-06-11 00:00:20+00:00,422548,23071,4691,535,43.123364485981305,0.0231892852498808,6.696753978246258
Ben Shapiro,Ben Shapiro and Ana Kasparian on the State of Journalism in America,2022-06-11 17:00:30+00:00,109080,4866,836,125,38.928,0.0256884504726674,5.341950861752842
Ben Shapiro,Ben Shapiro Reacts to His VIRAL Debate With Zoey Tur,2022-06-12 18:00:08+00:00,380131,15009,2313,206,72.85922330097087,0.0137250982743687,4.611041982895371
Ben Shapiro,Ben Shapiro Asks Bill Maher If He Would Ever Vote Republican,2022-06-12 20:00:01+00:00,1460597,26283,6018,483,54.41614906832298,0.0183768976144275,2.2445616415753284
Ben Shapiro,Fox News Betrays Conservatives By Pushing Trans Propaganda | Ep. 1513,2022-06-13 17:00:11+00:00,339504,16166,3707,407,39.71990171990172,0.025176295929729,5.973420048070126
Ben Shapiro,Shapiro: Fox News BETRAYS Their Audience with Pro-Trans Segment,2022-06-13 18:52:13+00:00,335304,25549,7248,972,26.28497942386831,0.0380445418607381,10.071159306181851
Ben Shapiro,Is This Really What Our Elected Officials Are Doing With Their Time?,2022-06-13 20:30:02+00:00,91311,6309,1053,154,40.96753246753247,0.0244095736249801,8.23120982137968
Ben Shapiro,Biden’s Bear Market Arrives | Ep. 1514,2022-06-14 17:00:08+00:00,231749,8971,925,131,68.48091603053435,0.0146026084048601,4.326663761224428
Ben Shapiro,"THIS Was Described As A ""Family Friendly"" Show?!",2022-06-14 21:41:52+00:00,434381,27438,4983,161,170.4223602484472,0.0058677746191413,7.500788478317421
Ben Shapiro,"Don't Be Fooled, It's All One Big Distraction",2022-06-15 00:00:02+00:00,87904,3895,740,75,51.93333333333333,0.0192554557124518,5.35811794685111
Ben Shapiro,Joe Biden Is Running The Economy Into An Iceberg | Ep. 1515,2022-06-15 17:00:11+00:00,224630,8892,1139,73,121.8082191780822,0.0082096266306792,4.49806348217068
Ben Shapiro,The Left Is LYING To You About Socialism,2022-06-15 19:00:18+00:00,145350,9358,1465,241,38.8298755186722,0.0257533661038683,7.611971104231166
Ben Shapiro,"Sunny Hostin's CRINGE “Death-Santis"" Stunt And SIMPING For Gavin Newsom",2022-06-15 22:45:05+00:00,183840,7836,931,15,522.4,0.0019142419601837,4.77697998259356
Ben Shapiro,"Disney's Not-So-Secret Agenda Gets ""Lightyear"" BANNED In Saudi Arabia",2022-06-16 01:00:01+00:00,382130,19191,4135,600,31.985,0.0312646553071752,6.2612200036636745
Ben Shapiro,"We’re In A Recession, So Let’s Trans The Kids! | Ep. 1516",2022-06-16 17:00:09+00:00,285186,9889,1529,155,63.8,0.0156739811912225,4.058053340626818
Ben Shapiro,He's Doing WHAT???,2022-06-16 22:30:01+00:00,373272,15232,1491,134,113.67164179104478,0.008797268907563,4.516009773034142
Ben Shapiro,"Well, He Did It.",2022-06-17 00:00:11+00:00,1611263,62775,4449,487,128.90143737166323,0.0077578653922739,4.202355543446353
Ben Shapiro,"Not Classy, Just Trashy",2022-06-17 01:45:00+00:00,846218,31111,2844,359,86.66016713091922,0.0115393269261675,4.054983467617092
Ben Shapiro,The Joecession Is Here | Ep. 1517,2022-06-17 17:00:11+00:00,356587,11244,1483,149,75.46308724832215,0.013251511917467,3.61090000476742
Ben Shapiro,Rainn Wilson Is Not Woke Enough For Hollywood,2022-06-17 22:30:01+00:00,541712,24013,2582,109,220.302752293578,0.0045392079290384,4.929556664796054
Ben Shapiro,Ben Shapiro Predicts The Left's 2022 Campaign Slogan,2022-06-18 00:15:00+00:00,97585,5865,786,41,143.0487804878049,0.0069906223358908,6.857611313214121
Ben Shapiro,Everything You Need to Know About the Gold Standard,2022-06-18 22:30:02+00:00,221322,12441,1090,143,87.0,0.0114942528735632,6.178328408382357
Ben Shapiro,"Debunked: ""The Rich Don’t Pay Their Fair Share""",2022-06-19 19:30:02+00:00,305775,22164,2919,1400,15.831428571428573,0.0631654935932142,8.660943504210612
Ben Shapiro,DON'T APOLOGIZE: Gina Carano Fights Back At Woke Hollywood With New Movie 'Terror On The Prairie',2022-06-19 21:00:08+00:00,184297,10083,723,112,90.02678571428571,0.0111078052167013,5.924133328269044
Ben Shapiro,"Biden Falls Off A Bike, Literally | Ep. 1518",2022-06-20 17:00:11+00:00,276308,10704,1374,156,68.61538461538461,0.0145739910313901,4.427667675203034
Ben Shapiro,Ben Shapiro Reacts To Biden FALLING Off Of His Bike,2022-06-20 22:30:00+00:00,165926,8902,1194,33,269.7575757575757,0.0037070321276117,6.104528524764052
Ben Shapiro,They Did WHAT?,2022-06-21 00:30:11+00:00,266321,11796,627,86,137.1627906976744,0.0072906069854187,4.69696343885762
Ben Shapiro,The Blindness Of The Pro-Abortion Media | Ep. 1519,2022-06-21 17:00:09+00:00,214926,8255,1532,214,38.57476635514018,0.025923682616596,4.653229483636228
Ben Shapiro,This Washington Post Article BACKFIRED,2022-06-21 21:00:26+00:00,268878,19254,2532,226,85.19469026548673,0.0117378207125792,8.186612515713446
Ben Shapiro,New Uvalde Details Drive Outrage,2022-06-22 01:00:22+00:00,201020,11053,1342,64,172.703125,0.0057902831810368,6.197890757138593
Ben Shapiro,The Return Of Religious Freedom | Ep. 1520,2022-06-22 17:00:11+00:00,216612,8644,1147,67,129.01492537313433,0.0077510411846367,4.550994404742119
Ben Shapiro,Is Biden Going To Win On Gun Control?,2022-06-22 22:30:03+00:00,163988,8810,1348,69,127.68115942028986,0.0078320090805902,6.236431934043955
Ben Shapiro,How Much Influence Does Trump Still Have With Republicans?,2022-06-23 00:30:07+00:00,218038,10526,2085,362,29.07734806629834,0.0343910317309519,5.949880296095176
Ben Shapiro,Joe Biden’s Gas Problem | Ep. 1521,2022-06-23 17:00:09+00:00,209028,8341,1144,36,231.69444444444449,0.0043160292530871,4.5548921675565
Ben Shapiro,HUGE Win For The Second Amendment,2022-06-23 21:30:02+00:00,183065,11725,1179,62,189.1129032258065,0.0052878464818763,7.082730177805698
Ben Shapiro,"It's Called ""Reading the Constitution""",2022-06-23 23:30:01+00:00,79808,5057,540,12,421.4166666666667,0.0023729483883725,7.028117481956696
Ben Shapiro,"""This Is Just The Beginning"": Lila Rose and Ben Shapiro React to Roe v. Wade Being Overturned",2022-06-24 17:00:35+00:00,114439,7604,1439,585,12.998290598290598,0.0769331930562861,8.413215774342662
Ben Shapiro,LIVE: Ben Shapiro Reacts to SCOTUS Ruling on Abortion,2022-06-24 17:04:05+00:00,743987,27069,3788,783,34.57088122605364,0.0289260778011747,4.252762481064858
Ben Shapiro,"Ben Shapiro Breaks Down John Roberts' ""Nonsense"" Concurring Opinion",2022-06-24 18:00:16+00:00,112321,4689,443,115,40.77391304347826,0.0245254851780763,4.671432768582901
Ben Shapiro,Ben Shapiro REACTS to Biden's Remarks on Roe v Wade Being Overturned,2022-06-24 18:30:53+00:00,459092,20192,8192,465,43.42365591397849,0.0230289223454833,6.283925661958822
Ben Shapiro,The CRAZIEST Leftist Reactions To Roe and Casey Being Overturned,2022-06-24 19:00:03+00:00,433037,20066,4286,562,35.704626334519574,0.0280075750024917,5.753319000454926
Ben Shapiro,"Goodbye, Roe v. Wade | Ep. 1522",2022-06-24 20:24:24+00:00,281820,9800,2383,373,26.273458445040216,0.0380612244897959,4.455326094670356
Ben Shapiro,Ben Shapiro Breaks Down The Media's Gun Control LIES,2022-06-25 17:00:02+00:00,153565,9721,1586,110,88.37272727272727,0.011315708260467,7.434636798749715
Ben Shapiro,The True HORROR of Planned Parenthood | With Lila Rose,2022-06-25 19:00:05+00:00,583292,25634,2883,278,92.20863309352518,0.010844971522197,4.936635510173292
Ben Shapiro,Matt Taibbi | The Ben Shapiro Show Sunday Special Ep. 127,2022-06-26 12:00:30+00:00,274112,8617,1018,65,132.56923076923076,0.0075432285017987,3.53869950968947
Ben Shapiro,Ben Shapiro Ranks The Left,2022-06-26 17:00:06+00:00,1019977,41605,3884,1681,24.750148720999405,0.0404037976204783,4.624614084435237
Ben Shapiro,When Life Begins Is Science – Not Religion | With Lila Rose,2022-06-26 19:00:11+00:00,245852,10995,2689,503,21.858846918489064,0.0457480673033196,5.77054488065991
Ben Shapiro,"Roe Is Gone, And The Left Is Melting Down | Ep. 1523",2022-06-27 17:00:09+00:00,332698,13184,2485,391,33.71867007672634,0.0296571601941747,4.82720064442828
Ben Shapiro,"IRONY: If She Had Retired, This Wouldn’t Have Happened",2022-06-27 22:00:08+00:00,204304,10261,1162,129,79.54263565891473,0.0125718740863463,5.654319053958806
Ben Shapiro,Olivia Rodrigo Sounds Off On Something She Doesn’t Understand,2022-06-28 00:00:09+00:00,486463,22692,3743,977,23.22620266120778,0.0430548210823197,5.634960932280563
Ben Shapiro,"The Culture War Is In Full Swing, And Democrats Are Losing | Ep. 1524",2022-06-28 17:00:08+00:00,272431,11013,1365,152,72.45394736842105,0.0138018705166621,4.5993297385393
Ben Shapiro,This Is A DELUSIONAL Take,2022-06-28 23:00:05+00:00,245190,15350,1686,95,161.57894736842104,0.0061889250814332,6.986826542681186
Ben Shapiro,Former Abortionist Reacts To Roe v. Wade Ruling,2022-06-29 01:00:05+00:00,202019,13312,1504,120,110.93333333333334,0.009014423076923,7.393363990515743
Ben Shapiro,The Democrats Present Their ‘Blockbuster’ Witness Against Trump | Ep. 1525,2022-06-29 17:00:14+00:00,281014,10600,2370,311,34.08360128617363,0.0293396226415094,4.726099055563068
Ben Shapiro,"Yes, They ARE Coming For Your Kids",2022-06-29 22:00:18+00:00,433887,21546,3115,942,22.872611464968152,0.0437204121414647,5.9008451509263935
Ben Shapiro,Dems' Bombshell Witness FLOPS,2022-06-30 00:00:08+00:00,520733,27433,6284,209,131.25837320574163,0.0076185615864105,6.515047058665381
Ben Shapiro,Jordan Peterson Banned From Twitter | Ep. 1526,2022-06-30 17:00:10+00:00,479042,19955,2696,264,75.58712121212122,0.0132297669756953,4.783505412886552
Ben Shapiro,It Starts With a Social Media Ban...,2022-06-30 23:30:05+00:00,379557,20916,1944,136,153.7941176470588,0.0065021992732836,6.058642048493375
Ben Shapiro,Everything Is Changing | With Jeremy Boreing,2022-07-01 01:30:06+00:00,93799,5374,293,31,173.3548387096774,0.0057685150725716,6.0746916278425145
Ben Shapiro,Shapiro and Peterson: The Search,2022-07-01 17:00:42+00:00,302751,13364,1397,234,57.11111111111112,0.0175097276264591,4.952915101849375
Ben Shapiro,Ben Shapiro REACTS to INSANE Woke TikToks | Volume 11,2022-07-02 17:00:09+00:00,3668782,122564,12470,1423,86.13070976809557,0.0116102607617244,3.7194087847138366
Ben Shapiro,Ben Shapiro Exposes the DISGUSTING REALITY Of Abortion,2022-07-03 17:00:30+00:00,392919,26424,3931,322,82.06211180124224,0.0121858916136845,7.807461588775294
Ben Shapiro,America: Her Founding and Her Future,2022-07-04 17:00:14+00:00,106536,6169,407,123,50.15447154471545,0.0199384016858485,6.288015318765488
Ben Shapiro,Are You Proud To Be An American? | Ep. 1527,2022-07-05 17:00:09+00:00,264085,10448,2101,157,66.54777070063695,0.0150267993874425,4.81132968551792
Ben Shapiro,Everything You Need to Know About the Highland Park Shooting,2022-07-05 23:00:20+00:00,272935,18974,2522,619,30.652665589660742,0.0326235901760303,8.102661805924487
Ben Shapiro,JK Rowling TRIGGERS Politico For Knowing What a Woman Is,2022-07-06 01:00:27+00:00,477640,23147,2036,264,87.6780303030303,0.011405365706139,5.327652625408257
Ben Shapiro,There Are Always Red Flags | Ep. 1528,2022-07-06 17:00:10+00:00,220897,9369,1355,52,180.17307692307693,0.0055502188067029,4.878291692508273
Ben Shapiro,Insane: How “Ellen Page” Got Peterson and Rubin BANNED From Twitter,2022-07-06 22:00:03+00:00,1043410,42287,7903,1427,29.633496846531184,0.0337455955731075,4.94695277982768
Ben Shapiro,The State of Policing In America | With Brandon Tatum,2022-07-07 01:00:23+00:00,144925,9784,1060,142,68.90140845070422,0.0145134914145543,7.580472658271519
Ben Shapiro,Throw Grandpa Joe From The Train | Ep. 1529,2022-07-07 17:00:11+00:00,334691,11706,1102,102,114.76470588235294,0.0087134802665299,3.857289260840596
Ben Shapiro,What Ever Happened to LatinX?!,2022-07-07 23:00:30+00:00,149797,8764,926,58,151.10344827586206,0.0066179826563213,6.507473447398813
Ben Shapiro,Twerking For Votes? Is This The New Face of the Democrat Party?!,2022-07-08 01:00:06+00:00,261106,15696,2323,82,191.41463414634143,0.0052242609582059,6.932433571040114
Ben Shapiro,Former Japanese Prime Minister Shinzo Abe Murdered | Ep. 1530,2022-07-08 17:00:10+00:00,319163,13793,1551,163,84.61963190184049,0.0118175886319147,4.858645895670864
Ben Shapiro,Elon Musk Has Twitter Over A Barrel,2022-07-08 23:00:14+00:00,1138385,47024,3654,233,201.8197424892704,0.0049549166383123,4.472212827821871
Ben Shapiro,"Was ""Friends"" Not Woke ENOUGH?",2022-07-09 01:00:06+00:00,154609,8513,901,66,128.9848484848485,0.0077528485845177,6.131596478859574
Ben Shapiro,Robert Kiyosaki | The Ben Shapiro Show Sunday Special Ep. 128,2022-07-10 12:00:11+00:00,311911,11114,1180,194,57.28865979381443,0.0174554615799892,4.0037061854182765
Ben Shapiro,Musk Blows Up The Twitter Deal | Ep. 1531,2022-07-11 17:00:11+00:00,366846,14125,1366,183,77.18579234972678,0.0129557522123893,4.272637564536617
Ben Shapiro,Being Male or Female Is OBJECTIVE – Not Subjective,2022-07-11 19:00:14+00:00,205250,12654,1718,147,86.08163265306122,0.0116168800379326,7.073812423873325
Ben Shapiro,Is Elon Musk Playing 4D Chess?,2022-07-11 23:00:26+00:00,289724,10203,834,86,118.63953488372093,0.008428893462707,3.8391710731592825
Ben Shapiro,The Left LOVES Harassing People,2022-07-12 01:00:02+00:00,86892,4241,653,137,30.956204379562045,0.0323037019570855,5.789946140035907
Ben Shapiro,How Low Can Joe Go? | Ep. 1532,2022-07-12 17:00:10+00:00,294614,11767,1631,147,80.04761904761905,0.0124925639500297,4.597541189488618
Ben Shapiro,Kamala Harris is the Michael Scott of Politics,2022-07-12 22:00:24+00:00,147853,8069,763,57,141.56140350877192,0.007064072375759,6.012052511616268
Ben Shapiro,What Do Snoop Dogg and Hunter Biden Have in Common?,2022-07-13 00:00:06+00:00,155064,9531,1059,81,117.66666666666669,0.0084985835694051,6.881674663364805
Ben Shapiro,The Geniuses Who Think Men Have Babies | Ep. 1533,2022-07-13 17:00:11+00:00,374359,14409,3082,107,134.66355140186917,0.0074259143590811,4.700835294463336
Ben Shapiro,The Spewing of Dumpster Fire Nonsense,2022-07-13 23:00:05+00:00,238589,15283,2663,122,125.27049180327867,0.0079827259045998,7.57285541244567
Ben Shapiro,Trickle-Down Transgendernomics,2022-07-14 01:00:18+00:00,110924,6737,867,164,41.079268292682926,0.0243431794567314,7.002993040279831
Ben Shapiro,Joe Biden’s Economy Is In Flames | Ep. 1534,2022-07-14 17:00:08+00:00,239994,9820,1058,66,148.78787878787878,0.0067209775967413,4.560114002850072
Ben Shapiro,Just How Tone Deaf Is Joe Biden?,2022-07-14 22:00:17+00:00,107481,5119,484,19,269.42105263157896,0.0037116624340691,5.2306919362491975
Ben Shapiro,They Have No Connection with Reality,2022-07-15 00:00:00+00:00,166619,11245,1351,50,224.9,0.0044464206313917,7.589770674412883
Ben Shapiro,The Great Democratic Disconnect | Ep. 1535,2022-07-15 17:00:12+00:00,232107,8748,995,96,91.125,0.0109739368998628,4.238993222953207
Ben Shapiro,It Isn't Working,2022-07-15 23:00:03+00:00,171420,9779,860,37,264.2972972972973,0.0037836179568463,6.227978065569945
Ben Shapiro,Can You Follow AOC's Circular Logic?,2022-07-16 01:00:13+00:00,258404,14418,2074,127,113.5275590551181,0.0088084339020668,6.431401990681258
Ben Shapiro,The REAL History Of Feminism That Leftists DON'T Want You To Understand,2022-07-16 17:00:37+00:00,328882,22111,2287,149,148.39597315436242,0.006738727330288,7.463771200612985
Ben Shapiro,The Twilight of The Elite Ruling Class | Ep. 1536,2022-07-18 17:00:09+00:00,253249,11588,1128,235,49.31063829787234,0.0202795995857783,5.113939245564643
Ben Shapiro,Why Is This Such A Big Deal?,2022-07-18 21:30:30+00:00,196970,9826,798,230,42.721739130434784,0.0234072867901485,5.510483830024877
Ben Shapiro,This is Exactly Why People Don't Trust The “Experts”,2022-07-18 23:30:03+00:00,255726,15808,1410,197,80.24365482233503,0.0124620445344129,6.810023227986203
Ben Shapiro,How To Make The World Worse | Ep. 1537,2022-07-19 17:00:11+00:00,229695,8924,1519,165,54.084848484848486,0.0184894666069027,4.6182981780186765
Ben Shapiro,Please Find a Better Spokesperson For Democracy,2022-07-19 22:15:02+00:00,150555,10343,1435,22,470.1363636363636,0.0021270424441651,7.837667297665305
Ben Shapiro,You Can't Make This Up.,2022-07-20 00:15:01+00:00,361116,22155,2881,67,330.67164179104475,0.0030241480478447,6.951505887304911
Ben Shapiro,"The Real National Emergency Isn’t Climate Change, It’s Weakness | Ep. 1538",2022-07-20 17:00:09+00:00,208722,8598,1273,50,171.96,0.0058153058850895,4.753212406933625
Ben Shapiro,LIVE: International Conservative Conference with Ben Shapiro | In Tel Aviv - Israel,2022-07-20 18:51:56+00:00,170212,7104,822,340,20.894117647058824,0.0478603603603603,4.85629685333584
Ben Shapiro,"Okay, This is Ridiculous.",2022-07-20 22:30:03+00:00,678195,22148,2240,168,131.83333333333334,0.0075853350189633,3.62078753160964
Ben Shapiro,They Are Lying To You.,2022-07-21 00:30:07+00:00,121638,7552,998,114,66.24561403508773,0.0150953389830508,7.1227741330834125
Ben Shapiro,"Joe Biden Doesn’t Have Cancer, He Just Has Brainfart | Ep. 1539",2022-07-21 17:00:10+00:00,249578,10721,1412,211,50.81042654028436,0.0196809999067251,4.945948761509428
Ben Shapiro,"Well, This Doesn't Sound Very Compassionate...",2022-07-21 23:00:23+00:00,121377,7892,1021,61,129.37704918032787,0.00772934617334,7.393493001145192
Ben Shapiro,Pete Buttigieg Discovers Summer,2022-07-22 01:00:14+00:00,147213,8909,1013,159,56.0314465408805,0.0178471208889886,6.847900660947063
Ben Shapiro,Biden Has Covid | Ep. 1540,2022-07-22 17:00:11+00:00,213950,8702,1292,90,96.68888888888888,0.0103424500114916,4.713250759523254
Ben Shapiro,One of the Bravest Voices in the Music Industry | John Rich,2022-07-22 23:41:38+00:00,112548,8605,581,81,106.23456790123456,0.0094131319000581,8.233820236699009
Ben Shapiro,"If This Happened In Reverse, We Know What The Headlines Would Be.",2022-07-23 01:45:01+00:00,173693,8941,839,91,98.25274725274726,0.0101778324572195,5.683015435279487
Ben Shapiro,Just Play the Character!,2022-07-23 17:00:29+00:00,395086,18785,1753,57,329.56140350877195,0.0030343359063082,5.212789114268792
Ben Shapiro,Which Train-Wreck Will They Choose?,2022-07-24 17:00:33+00:00,228430,13072,1402,23,568.3478260869565,0.0017594859241126,6.346364312918619
Ben Shapiro,Everyone’s Bananas About Monkeypox | Ep. 1541,2022-07-25 17:00:11+00:00,276828,10433,1662,142,73.47183098591549,0.0136106584874916,4.420434349126533
Ben Shapiro,Al Gore Compared Them to WHAT?!,2022-07-25 22:30:01+00:00,104526,7088,1153,68,104.23529411764706,0.0095936794582392,7.949218376289154
Ben Shapiro,"To Avoid Recession, Just Redefine Recession! | Ep. 1542",2022-07-26 17:00:12+00:00,216132,8353,1066,42,198.8809523809524,0.0050281336046929,4.377417504117854
Ben Shapiro,They LOVE Lying to You,2022-07-26 19:00:15+00:00,121188,8388,923,106,79.13207547169812,0.0126371006199332,7.770571343697395
Ben Shapiro,"Yep, They're In REALLY Big Trouble.",2022-07-26 21:00:16+00:00,324424,21933,1879,87,252.1034482758621,0.0039666256326083,7.366594333341553
Ben Shapiro,You Have Got To Be Kidding Me.,2022-07-26 23:00:06+00:00,299212,16527,3892,158,104.6012658227848,0.0095601137532522,6.877063754127508
Ben Shapiro,Will The DOJ Criminally Charge Donald Trump? | Ep. 1543,2022-07-27 17:00:11+00:00,228213,9812,2126,176,55.75,0.0179372197309417,5.308198919430532
Ben Shapiro,Buzzfeed Makes Something Out of Nothing,2022-07-27 22:00:15+00:00,156862,6651,521,34,195.61764705882356,0.005112013231093,4.593846820772399
Ben Shapiro,"I'm Ben Shapiro, and I'm Wearing a Gray Shirt",2022-07-28 00:00:04+00:00,295237,15119,1536,93,162.56989247311827,0.0061512004762219,5.672730721420418
Ben Shapiro,Happy-Talking The Recession | Ep. 1544,2022-07-28 17:00:08+00:00,201310,8351,886,155,53.87741935483871,0.0185606514189917,4.665441359097908
Ben Shapiro,Joy Behar Can't Shut Her Mouth,2022-07-28 23:15:02+00:00,1139251,44205,4324,253,174.72332015810278,0.0057233344644271,4.281936114166237
Ben Shapiro,That’s an Interesting Thing to Lie About...,2022-07-29 01:15:01+00:00,390011,18305,1222,80,228.8125,0.0043703906036602,5.0272941019612265
Ben Shapiro,The Left Wants To Raise Your Children | Ep. 1545,2022-07-29 17:00:11+00:00,154357,7496,1123,141,53.16312056737589,0.0188100320170757,5.675155645678524
Ben Shapiro,"Who Is Ben Shapiro's Ideal President? – Ben Shapiro Q&A: Jerusalem, Israel, 2022",2022-07-29 19:00:27+00:00,147261,6902,548,81,85.20987654320987,0.0117357287742683,5.114049205152757
Ben Shapiro,Ben Shapiro SHREDS Bill Nye and Other Abortion Activists,2022-07-30 17:15:00+00:00,552621,30492,7669,1950,15.636923076923075,0.0639512003148366,7.258319897361845
Ben Shapiro,Just How Cringy Is Michelle Obama's New Book?,2022-07-30 21:30:01+00:00,218884,14432,2083,155,93.10967741935484,0.010740022172949,7.615906142066117
Ben Shapiro,Yoram Hazony | The Ben Shapiro Show Sunday Special Ep. 129,2022-07-31 12:00:09+00:00,95243,3607,399,91,39.63736263736264,0.0252287219295813,4.3016284661339945
Ben Shapiro,DELETED SCENES: Ben Shapiro REACTS to INSANE Woke TikToks,2022-07-31 17:00:27+00:00,1220758,53524,3396,189,283.1957671957672,0.00353112622375,4.678158979912481
Ben Shapiro,Joe Biden Is Made Of Covid | Ep. 1546,2022-08-01 17:00:09+00:00,224572,9234,1161,72,128.25,0.0077972709551656,4.660866002885489
Ben Shapiro,"No, AOC, They're Not",2022-08-01 22:15:01+00:00,181806,11584,1436,104,111.3846153846154,0.0089779005524861,7.218683651804671
Ben Shapiro,He Has No Idea How This Works.,2022-08-02 00:15:01+00:00,225176,12986,1433,197,65.91878172588832,0.0151701832742953,6.490922656055707
Ben Shapiro,Will Nancy Pelosi Spark World War III? | Ep. 1547,2022-08-02 17:00:07+00:00,293181,11669,1675,338,34.523668639053255,0.0289656354443397,4.666741705635768
Ben Shapiro,"Yes, I'm Defending Beyonce",2022-08-02 22:00:22+00:00,347934,15648,2420,357,43.83193277310925,0.0228144171779141,5.295544557301097
Ben Shapiro,"Well, This Isn't Ladylike...",2022-08-03 00:15:03+00:00,252345,13190,1335,212,62.21698113207548,0.0160727824109173,5.840020606709069
Ben Shapiro,Are The Republicans Going To Blow 2022? | Ep. 1548,2022-08-03 17:00:10+00:00,214056,8060,1790,432,18.65740740740741,0.0535980148883374,4.803415928542064
Ben Shapiro,Peter Doocy SCORCHES Kirby Over Taliban Takeover,2022-08-03 21:00:23+00:00,131351,6875,417,65,105.76923076923076,0.0094545454545454,5.601023212613532
Ben Shapiro,It's Happening Again...,2022-08-03 23:00:21+00:00,242089,13850,1524,116,119.39655172413794,0.0083754512635379,6.398473288749179
Ben Shapiro,The Democrats’ Abortion Celebration | Ep. 1549,2022-08-04 17:00:09+00:00,162740,6215,1322,240,25.89583333333333,0.0386162510056315,4.77878825119823
Ben Shapiro,What’s Up With “Gender Affirming Closets” in Public Schools?,2022-08-04 22:45:00+00:00,89387,5378,981,76,70.76315789473684,0.0141316474525846,7.199033416492331
Ben Shapiro,His Response Is Just Perfect,2022-08-05 00:45:01+00:00,372515,21402,797,84,254.78571428571428,0.0039248668348752,5.98177254607197
Ben Shapiro,The Backlash Against Woke Prosecutors Is Only Beginning | Ep. 1550,2022-08-05 17:00:09+00:00,234936,11119,1191,115,96.68695652173912,0.0103426567137332,5.288674362379542
Ben Shapiro,This Is a Dumb Reason to End a Friendship,2022-08-05 22:00:21+00:00,140943,5559,571,49,113.44897959183672,0.0088145349883072,4.384041775753319
Ben Shapiro,"Go Woke, Don’t Get Released",2022-08-06 00:00:10+00:00,500730,25390,1981,311,81.63987138263666,0.0122489168964159,5.52832864018533
Ben Shapiro,This Sounds Like a Bad Swap,2022-08-06 16:30:02+00:00,265233,9414,2268,192,49.03125,0.0203951561504142,4.476818495436088
Ben Shapiro,Ben Shapiro Answers Viewer Questions About Religion,2022-08-06 20:30:00+00:00,182726,7051,1033,367,19.212534059945504,0.0520493547014607,4.624957586769261
Ben Shapiro,Ben Shapiro Answers YOUR Questions,2022-08-07 17:00:09+00:00,229930,10095,850,175,57.68571428571428,0.0173353145121347,4.836254512242856
Ben Shapiro,"Yes, Democrats Are To Blame For Inflation | Ep. 1551",2022-08-08 17:00:09+00:00,210057,9455,1310,127,74.44881889763779,0.0134320465362242,5.185259239158895
Ben Shapiro,What to Do When You Feel Spiritually Homeless,2022-08-08 21:15:00+00:00,81908,4411,898,214,20.61214953271028,0.0485150759464973,6.742931093421888
Ben Shapiro,They Need To Stop Spending Money,2022-08-08 23:15:01+00:00,92375,4559,713,87,52.40229885057471,0.0190831322658477,5.801353179972937
Ben Shapiro,The FBI Raids Trump | Ep. 1552,2022-08-09 17:51:57+00:00,363537,19532,3089,245,79.72244897959183,0.0125435183288961,6.289868706624086
Ben Shapiro,The FBI Better Get Out Here With the Evidence,2022-08-09 22:15:01+00:00,361320,25047,3138,474,52.84177215189873,0.0189244220864774,7.931750249086682
Ben Shapiro,Don’t Let Them Gaslight You,2022-08-10 00:15:02+00:00,152864,8007,633,126,63.54761904761905,0.0157362307980517,5.734509106133557
Ben Shapiro,Who Trusts Joe Biden on Foreign Policy? | Ep. 1553,2022-08-10 17:00:09+00:00,150224,6502,683,63,103.2063492063492,0.0096893263611196,4.824794972840558
Ben Shapiro,He's Always Been Wrong,2022-08-10 21:00:11+00:00,130505,6568,669,53,123.9245283018868,0.0080694275274056,5.585992873836251
Ben Shapiro,It's All About Self-Perception,2022-08-10 23:00:19+00:00,90224,4995,325,55,90.8181818181818,0.011011011011011,5.957394928178755
Ben Shapiro,"Yes, Illegal Immigration Is Spiking Thanks To Joe Biden | Ep. 1554",2022-08-11 17:00:10+00:00,138555,6395,645,58,110.25862068965516,0.0090695856137607,5.122875392443435
Ben Shapiro,He Sounded Exactly Like Trump…,2022-08-11 21:45:02+00:00,199817,8847,738,34,260.2058823529412,0.0038431106589804,4.813904722821381
Ben Shapiro,The Social Policy Madness Breaking The Country | Ep. 1555,2022-08-12 17:00:10+00:00,166949,7335,573,2,3667.5,0.0002726653033401,4.737973872260391
Ben Shapiro,Ben Shapiro: Marxism Can't Work In America.,2022-08-12 22:00:18+00:00,124362,6626,843,212,31.25471698113208,0.0319951705402958,6.176323957478973
Ben Shapiro,Benjamin Netanyahu | The Ben Shapiro Show Sunday Special Ep. 130,2022-08-14 12:00:13+00:00,353007,16074,3019,2056,7.818093385214007,0.1279084235411223,5.991099326642248
Ben Shapiro,The History of the Jewish State | Ben Shapiro and Benjamin Netanyahu,2022-08-15 22:30:03+00:00,116050,5395,1247,1834,2.9416575790621597,0.3399443929564411,7.303748384317105
Ben Shapiro,The DOJ And FBI Are Endangering The Country | Ep. 1556,2022-08-16 17:00:09+00:00,199724,9830,1590,172,57.15116279069768,0.017497456765005,5.804009533155755
Ben Shapiro,This Has NOTHING To Do With Classified Information,2022-08-16 22:15:00+00:00,164009,11629,1276,370,31.42972972972973,0.031817009201135,8.09406800846295
Ben Shapiro,Why Should I Trust the FBI?,2022-08-17 00:15:00+00:00,96072,6460,1076,114,56.66666666666666,0.0176470588235294,7.962777916562579
Ben Shapiro,"Goodbye, Liz Cheney | Ep. 1557",2022-08-17 17:00:09+00:00,231411,10758,1547,151,71.24503311258277,0.0140360661833054,5.382630903457485
Ben Shapiro,The Video Boston Children’s Hospital Doesn’t Want You to See,2022-08-17 22:45:09+00:00,352423,21955,2472,98,224.03061224489795,0.004463675700296,6.958966923271183
Ben Shapiro,The Real Reason Liz Cheney Lost Her Primary,2022-08-18 00:45:01+00:00,170285,11179,1343,188,59.462765957446805,0.0168172466231326,7.463957483043133
Ben Shapiro,The Inflation Reduction Act That Doesn’t Reduce Inflation | Ep. 1558,2022-08-18 17:00:09+00:00,171139,7030,854,78,90.12820512820512,0.0110953058321479,4.652358609083844
Ben Shapiro,The Most Important Story You’ll Hear Today,2022-08-18 21:45:01+00:00,739381,46403,3434,366,126.78415300546447,0.0078874210719134,6.789868822704398
Ben Shapiro,Bill Gates Is Doing WHAT NOW!?,2022-08-19 01:45:01+00:00,332537,20772,2368,195,106.52307692307691,0.0093876372039283,7.017264244279583
Ben Shapiro,What Won’t The Left Do To Stop Trump? | Ep. 1559,2022-08-19 17:00:10+00:00,227662,10703,1849,108,99.10185185185183,0.0100906287956647,5.5608753327301
Ben Shapiro,Ben Shapiro Reacts to Sam Harris’ Controversial Take on Censorship,2022-08-19 22:30:00+00:00,269676,17611,4293,213,82.68075117370893,0.0120947135313156,8.201323069164479
Ben Shapiro,"Yes, Twitter Colluded With the Government",2022-08-20 00:45:00+00:00,116803,7780,798,35,222.28571428571428,0.0044987146529562,7.373954436101812
Ben Shapiro,My Trip to Israel Didn’t Go as Planned..,2022-08-20 16:30:13+00:00,312225,19938,2229,860,23.18372093023256,0.0431337145149964,7.375130114500761
Ben Shapiro,He Lived off His Parents Like Any Good Socialist Would,2022-08-21 14:04:18+00:00,288067,19135,2969,1021,18.74142997061704,0.0533577214528351,8.027646346162525
Ben Shapiro,She-Hulk Is Complete Garbage,2022-08-22 17:45:01+00:00,1637430,92534,12730,2901,31.897276801103068,0.0313506386841593,6.605778567633426
Ben Shapiro,"Goodbye To Dr. Fauci, And Don’t Let The Door Hit You On The Way Out | Ep. 1560",2022-08-23 17:00:09+00:00,210485,9878,1275,129,76.57364341085271,0.0130593237497469,5.360001900372948
Ben Shapiro,The REAL Reason Fauci Is Retiring Early,2022-08-23 22:30:01+00:00,156156,8920,1145,37,241.0810810810811,0.0041479820627802,6.469171853787239
Ben Shapiro,Why I Didn’t Support Trump in 2016,2022-08-24 00:30:01+00:00,184813,9338,1402,275,33.95636363636363,0.0294495609338188,5.96007856590175
Ben Shapiro,“Diversity Equity & Inclusion” Really Means Shut Up,2022-08-24 17:00:23+00:00,181429,10465,823,162,64.59876543209876,0.0154801720019111,6.311008714152644
Ben Shapiro,"Biden’s Cynical, Dangerous Student Loan Bailout | Ep. 1561",2022-08-25 17:00:10+00:00,236814,10148,2533,511,19.859099804305284,0.0503547497043752,5.570616602058999
Ben Shapiro,"He Knows He Can't, But He Did Anyway",2022-08-25 22:45:00+00:00,158495,10008,1450,542,18.46494464944649,0.0541566746602717,7.571216757626424
Ben Shapiro,Here’s What Makes College a Scam,2022-08-26 00:45:03+00:00,206472,11083,1715,184,60.23369565217392,0.0166020030677614,6.287535355883607
Ben Shapiro,I Am Darth Vader | Ep. 1562,2022-08-26 17:00:10+00:00,252461,13536,1977,178,76.04494382022472,0.0131501182033096,6.215217399915234
Ben Shapiro,I’m Clearly a Very Dangerous Man,2022-08-26 22:30:00+00:00,825482,51710,6926,276,187.35507246376807,0.0053374589054341,7.136678934246901
Ben Shapiro,"They Hate You, and They’re Taking Your Money",2022-08-26 23:25:56+00:00,83733,5162,1172,335,15.408955223880596,0.06489732661759,7.964601769911504
Ben Shapiro,"Gee, Who Could Have Guessed?",2022-08-27 01:30:04+00:00,242117,15777,1270,53,297.6792452830189,0.0033593205298852,7.0627010907949455
Ben Shapiro,Ben Shapiro Plays Minecraft,2022-08-27 14:30:09+00:00,1321366,81689,9244,2998,27.247831887925283,0.0367001677092387,7.108628495057387
Ben Shapiro,Shapiro REACTS to House of the Dragon,2022-08-27 19:00:05+00:00,520161,20746,2587,1537,13.49772283669486,0.0740865709052347,4.781211970909007
Ben Shapiro,This Might Be The Worst TV Series In History.,2022-08-28 16:30:01+00:00,656388,30422,5331,163,186.638036809816,0.0053579646308592,5.471763651986325
Ben Shapiro,Why Are Republicans Losing 2022 Election Momentum? | Ep. 1563,2022-08-29 17:00:12+00:00,230146,8824,2871,794,11.113350125944583,0.0899818676337262,5.426555317059606
Ben Shapiro,"So Lizzo's Oppressed, But Not a Victim?",2022-08-29 22:30:05+00:00,406727,16719,3658,60,278.65,0.0035887313834559,5.024746328618459
Ben Shapiro,Reminder: Joe Biden Is The Worst President In Modern American History | Ep. 1564,2022-08-30 17:00:07+00:00,245954,11372,1826,418,27.205741626794257,0.0367569468870911,5.53599453556356
Ben Shapiro,How Hollywood Destroyed Demi Lovato,2022-08-30 21:30:03+00:00,594602,36930,4330,463,79.76241900647948,0.0125372326022204,7.016962606920258
Ben Shapiro,"One Small Step for Woman, One Giant Leap for Womankind",2022-08-30 23:30:02+00:00,148176,9142,1379,139,65.76978417266187,0.0152045504266024,7.19414750026995
Ben Shapiro,The VMAs Were a Complete Dumpster Fire.,2022-08-31 01:30:00+00:00,599494,38719,6561,421,91.96912114014252,0.0108732147007928,7.623262284526618
Ben Shapiro,Mikhail Gorbachev Is Dead | Ep. 1565,2022-08-31 17:00:11+00:00,199255,8231,961,315,26.13015873015873,0.0382699550479893,4.771272991894808
Ben Shapiro,Meghan Markle Traumatized by The Lion King,2022-08-31 21:30:04+00:00,362548,18503,2090,120,154.19166666666666,0.0064854347943576,5.713174531372397
Ben Shapiro,"Biden Just Called YOU a ""Semi-Fascist""",2022-09-01 00:00:10+00:00,146975,11512,1724,208,55.34615384615385,0.0180681028492008,9.147133866303792
Ben Shapiro,Joe Biden Is Healing America's Soul By Calling You A Terrorist | Ep. 1566,2022-09-01 17:00:09+00:00,180752,8512,1187,194,43.876288659793815,0.0227913533834586,5.473245109321058
Ben Shapiro,Trump Is Being Indicted??,2022-09-01 21:49:42+00:00,307278,19473,2515,330,59.00909090909091,0.0169465413649668,7.263129804281466
Ben Shapiro,Biden Says MAGA Is a Threat to Democracy,2022-09-02 00:30:10+00:00,145027,9889,2005,178,55.556179775280896,0.0179997977550814,8.323967261268592
Ben Shapiro,Joe Biden Gives The Most Dangerous Presidential Speech In Modern History | Ep. 1567,2022-09-02 15:30:07+00:00,661209,40224,11407,966,41.63975155279503,0.0240155131264916,7.954670913432818
Ben Shapiro,"President Biden Condemns His Political Opponents as Threats to the ""Soul of this Nation""",2022-09-02 18:11:49+00:00,132477,9409,1938,485,19.4,0.0515463917525773,8.93136167032768
Ben Shapiro,Shapiro Reacts to Biden's Remarks on American Democracy,2022-09-02 19:00:06+00:00,192285,11134,2235,895,12.44022346368715,0.0803844081192742,7.418155342330395
Ben Shapiro,Are We On The Precipice Of Global Collapse? | Ep. 1568,2022-09-06 17:00:08+00:00,234320,10335,992,202,51.16336633663367,0.0195452346395742,4.920194605667463
Ben Shapiro,Jared Kushner's take on the FBI Raids,2022-09-06 19:00:31+00:00,86800,4804,471,141,34.0709219858156,0.0293505412156536,6.23963133640553
Ben Shapiro,Inflation Is Now Cars’ Fault?!,2022-09-06 21:30:00+00:00,135959,8177,892,51,160.33333333333334,0.0062370062370062,6.707904588883413
Ben Shapiro,Biden Says MAGA Is the Enemy of the State,2022-09-06 23:45:02+00:00,77480,4417,827,83,53.21686746987952,0.0187910346388951,6.875322663913268
Ben Shapiro,The Green Suicide Pact | Ep. 1569,2022-09-07 17:00:10+00:00,193506,8781,1164,108,81.30555555555556,0.0122992825418517,5.1951877461164
Ben Shapiro,Ben Shapiro REACTS to LOTR The Rings of Power,2022-09-07 21:49:45+00:00,824245,38143,5942,957,39.85684430512017,0.0250897936711847,5.464637334773035
Ben Shapiro,Jennifer Lawrence Is Having Nightmares About Tucker Carlson,2022-09-07 23:41:07+00:00,284013,14708,1702,103,142.79611650485438,0.007002991569214,5.814170478111917
Ben Shapiro,California Can’t Take the Heat,2022-09-08 01:00:06+00:00,170829,9621,1409,49,196.3469387755102,0.0050930256730069,6.485432801222276
Ben Shapiro,The Age Of AOC | Ep. 1570,2022-09-08 17:00:09+00:00,229633,9332,1311,111,84.07207207207207,0.011894556365195,4.6831248122003375
Ben Shapiro,AOC Just Wants To Be A Celebrity,2022-09-09 04:44:10+00:00,139820,9088,1263,49,185.46938775510205,0.0053917253521126,7.43813474467172
Ben Shapiro,Obama Blows off Biden at The White House,2022-09-09 13:00:14+00:00,193093,11771,1250,108,108.99074074074076,0.0091750913261405,6.799314320042674
Ben Shapiro,Why The Hard Left Is Cheering Queen Elizabeth II's Death | Ep. 1571,2022-09-09 17:00:09+00:00,367716,16443,3689,392,41.94642857142857,0.0238399318859088,5.581481360615258
Ben Shapiro,Honoring Queen Elizabeth II,2022-09-09 22:37:16+00:00,348085,16989,2384,861,19.73170731707317,0.0506798516687268,5.812947986842294
Ben Shapiro,Ben Reacts to Podcast Movement's Apology,2022-09-09 23:30:06+00:00,258752,12305,678,169,72.81065088757397,0.013734254368143,5.082859262923572
Ben Shapiro,George Farmer’s Reaction to Queen Elizabeth’s Passing,2022-09-10 00:30:14+00:00,142786,5347,701,188,28.44148936170213,0.0351599027492051,4.367374952726458
Ben Shapiro,Why Loan Forgiveness Is Theft,2022-09-10 19:08:10+00:00,220104,12322,1908,302,40.80132450331126,0.0245090082778769,6.602333442372696
Ben Shapiro,How America Forgot 9/11 | Ep. 1572,2022-09-12 17:00:10+00:00,184930,7845,1459,267,29.382022471910112,0.0340344168260038,5.175471800140594
Ben Shapiro,Megan Thee Stallion Joins Hillary Clinton in Bizarre Crossover,2022-09-12 22:30:00+00:00,85746,4157,571,84,49.48809523809524,0.0202068799615107,5.611923588272339
Ben Shapiro,What We Learned From 9/11,2022-09-12 23:30:05+00:00,75923,4302,684,235,18.30638297872341,0.0546257554625755,6.876704029082097
Ben Shapiro,Ben Shapiro REACTS to LOTR The Rings of Power (Ep 3),2022-09-13 01:00:09+00:00,364605,13332,2024,277,48.12996389891697,0.0207770777077707,4.287653762290698
Ben Shapiro,Is The Blue Tide a Mirage? | Ep. 1573,2022-09-13 17:00:11+00:00,198389,8054,1130,144,55.93055555555556,0.0178793146262726,4.701873591781802
Ben Shapiro,"No, We Shouldn’t Glorify Obesity.",2022-09-13 20:54:15+00:00,474465,20902,3477,276,75.73188405797102,0.0132044780403789,5.196379079594912
Ben Shapiro,Fetterman Now Fetterwoman?,2022-09-13 23:30:07+00:00,142883,6704,1219,111,60.3963963963964,0.0165572792362768,5.62278227640797
Ben Shapiro,Joe Biden Celebrates Reducing Inflation…As Inflation Continues To Explode | Ep. 1574,2022-09-14 17:00:11+00:00,222513,9353,1205,109,85.80733944954129,0.0116540147546241,4.793877211668532
Ben Shapiro,Ben Reacts to Abortion Debate Between Dr. Phil and Lila Rose,2022-09-14 22:30:02+00:00,459194,17513,2360,369,47.46070460704607,0.0210700622394792,4.408158643187846
Ben Shapiro,How Porn Is Destroying Society | With @CandaceOwensPodcast,2022-09-15 00:30:14+00:00,794227,30366,4076,815,37.25889570552148,0.0268392280840413,4.439159081723487
Ben Shapiro,Leftists Love Illegal Immigrants...Until They Go To Martha's Vineyard | Ep. 1575,2022-09-15 17:00:11+00:00,267196,12959,1675,282,45.95390070921986,0.021760938344008,5.582418898486504
Ben Shapiro,DeSantis Sends Illegal Immigrants to Obama’s Neighborhood,2022-09-15 22:30:00+00:00,239159,14511,1820,235,61.748936170212765,0.0161946109847701,6.926772565531718
Ben Shapiro,Lila Rose Breaks Down Her Viral Dr. Phil Abortion Debate,2022-09-15 23:30:03+00:00,110235,5796,597,32,181.125,0.0055210489993098,5.828457386492493
Ben Shapiro,This Corruption Needs to Stop,2022-09-16 01:30:20+00:00,124977,7358,901,200,36.79,0.0271812992661049,6.768445393952487
Ben Shapiro,"Well, Well, Well, If It Isn’t The Consequences Of Their Own Lawn Signs | Ep. 1576",2022-09-16 17:00:11+00:00,408701,18377,2838,219,83.91324200913242,0.011917070250857,5.244420737898855
Ben Shapiro,50 People = Humanitarian Crisis?,2022-09-16 22:30:06+00:00,95927,6593,1059,64,103.015625,0.009707265281359,8.04361650004691
Ben Shapiro,AOC Plays the Hero,2022-09-17 00:30:06+00:00,200791,8407,1241,135,62.27407407407407,0.0160580468657071,4.872230329048613
Ben Shapiro,Where Libertarianism Fails | With Vivek Ramaswamy,2022-09-17 16:00:11+00:00,126303,5160,1291,436,11.8348623853211,0.0844961240310077,5.452760425326398
Ben Shapiro,Ben Shapiro REACTS to LOTR The Rings of Power (Ep 4),2022-09-17 22:00:05+00:00,290072,10105,1552,701,14.4151212553495,0.0693715982187036,4.2603215753330215
Ben Shapiro,Just How Dangerous Is China? With Vivek Ramaswamy,2022-09-18 23:00:14+00:00,164082,6093,712,42,145.07142857142858,0.0068931560807483,4.172913543228385
Ben Shapiro,DeSantis Rising | Ep. 1577,2022-09-19 17:00:08+00:00,272938,12661,2313,235,53.87659574468085,0.018560935155201,5.5723277814009045
Ben Shapiro,FACT: Men Are Faster and Stronger Than Women (Here’s Why),2022-09-20 00:00:01+00:00,110867,7013,1106,42,166.97619047619048,0.0059888777983744,7.361072275789911
Ben Shapiro,"Apparently, I’m Very Scary | Ep. 1578",2022-09-20 17:00:11+00:00,305429,14592,2824,105,138.97142857142856,0.0071957236842105,5.736521417416159
Ben Shapiro,Canada's CBC Labeled Me An Extremist.,2022-09-20 22:00:07+00:00,191146,12134,3337,201,60.3681592039801,0.0165650238997857,8.198968327875027
Ben Shapiro,This Is a Slippery Slope,2022-09-21 00:30:11+00:00,697942,28903,4996,233,124.0472103004292,0.0080614469086254,4.890377710468778
Ben Shapiro,The New Imperialists Are Globalist Elites | Ep. 1579,2022-09-21 17:00:09+00:00,187726,8454,1207,90,93.93333333333334,0.0106458481192335,5.194272503542397
Ben Shapiro,Responding to Chrissy Teigen's Viral Abortion Controversy,2022-09-21 23:00:16+00:00,234410,8178,1178,92,88.8913043478261,0.0112496943017852,4.0305447719807175
Ben Shapiro,Major Hospital Exposed,2022-09-22 01:00:04+00:00,95020,6574,783,33,199.2121212121212,0.0050197748707027,7.777310039991581
Ben Shapiro,Here Comes The Pain | Ep. 1580,2022-09-22 17:00:10+00:00,229119,9283,1289,15,618.8666666666667,0.0016158569427986,4.620742932711822
Ben Shapiro,Biden’s Handler Needs to Be Fired,2022-09-22 22:30:01+00:00,165367,8976,823,45,199.46666666666667,0.0050133689839572,5.952820091070165
Ben Shapiro,They're Going After Him... Again...,2022-09-23 00:00:06+00:00,338321,14458,3493,189,76.4973544973545,0.0130723474892792,5.361771808430455
Ben Shapiro,"To Push Abortion, The Left Promotes A Fetal Heartbeat Hoax | Ep. 1581",2022-09-23 17:00:09+00:00,172193,7184,1426,71,101.1830985915493,0.0098830734966592,5.0414360630223065
Ben Shapiro,Stacey Abrams Doesn't Care About Facts,2022-09-23 22:30:01+00:00,128987,6080,1078,21,289.5238095238095,0.003453947368421,5.565677161264313
Ben Shapiro,Mutilating Children Is Now Big Business (This Is Pure Evil) | @MattWalsh,2022-09-24 00:15:00+00:00,118043,7085,1036,53,133.67924528301887,0.0074805928016937,6.924595274603322
Ben Shapiro,Ben Shapiro Reacts to LOTR the Rings of Power (Ep 5),2022-09-24 16:00:37+00:00,372809,13259,2741,222,59.72522522522522,0.0167433441436005,4.35128980255305
Ben Shapiro,Seth Dillon | The Ben Shapiro Show Sunday Special Ep. 131,2022-09-25 12:00:11+00:00,139373,5596,577,121,46.24793388429752,0.0216225875625446,4.515939242177466
Ben Shapiro,What Elon Musk Gets Right | With Seth Dillon Of The Babylon Bee,2022-09-27 00:00:16+00:00,79826,4007,212,37,108.29729729729728,0.0092338407786373,5.331596221782377
Ben Shapiro,The International Anti-Woke Backlash Has Begun | Ep. 1582,2022-09-28 17:00:10+00:00,289454,12375,1737,66,187.5,0.0053333333333333,4.898187622212856
Ben Shapiro,Don’t Let the Left Raise Your Children,2022-09-28 20:30:02+00:00,90863,4926,688,53,92.94339622641508,0.0107592367032074,6.236862089079163
Ben Shapiro,Hurricane Ian: The Left’s Ridiculous Attempt to Make It Political,2022-09-29 00:00:05+00:00,134949,6577,779,32,205.53125,0.0048654401702904,5.4746607977828665
Ben Shapiro,Joe Biden Speaks With The Dead | Ep. 1583,2022-09-29 17:00:09+00:00,199011,8556,1372,91,94.02197802197804,0.0106358111266947,5.034395083688841
Ben Shapiro,An Update On Hurricane Ian,2022-09-29 20:48:34+00:00,198274,7714,926,12,642.8333333333334,0.0015556131708581,4.363658371748187
Ben Shapiro,Why Did Lizzo Twerk With James Madison’s Flute?,2022-09-29 22:30:00+00:00,234925,7012,2643,502,13.96812749003984,0.0715915573302909,4.323507502394381
Ben Shapiro,The War on Manhood,2022-09-30 00:30:13+00:00,90442,6697,763,52,128.78846153846155,0.0077646707480961,8.305875588775127
Ben Shapiro,Why Men And Women Are Unhappy | Ep. 1584,2022-09-30 17:00:09+00:00,220196,8550,1461,146,58.56164383561644,0.0170760233918128,4.612708677723483
Ben Shapiro,The Aftermath of Hurricane Ian,2022-09-30 22:45:41+00:00,99833,5158,530,29,177.86206896551724,0.0056223342380767,5.726563360812556
Ben Shapiro,What You Don’t Know About the FBI,2022-10-01 00:43:51+00:00,232480,18573,1267,118,157.39830508474577,0.0063533085661982,8.584824501032347
Ben Shapiro,How Modern Society Is Castrating Men,2022-10-01 16:00:14+00:00,1018560,37419,4502,294,127.27551020408164,0.0078569710574841,4.144576657241596
Ben Shapiro,Ben Shapiro Reacts to LOTR the Rings of Power (Ep 6),2022-10-01 20:00:15+00:00,318312,11247,2427,257,43.76264591439688,0.0228505379212234,4.376523662318731
Ben Shapiro,Is Nuclear War On Its Way? | Ep. 1585,2022-10-03 17:00:09+00:00,297789,12292,2169,168,73.16666666666667,0.0136674259681093,4.9125387438756976
Ben Shapiro,The Death Toll of Hurricane Ian,2022-10-03 21:00:00+00:00,77185,4277,440,39,109.66666666666669,0.0091185410334346,6.161819006283604
Ben Shapiro,Bro's Blockbuster Bust,2022-10-04 00:00:25+00:00,551887,27091,4537,213,127.18779342723003,0.0078623897235244,5.769478172162055
Ben Shapiro,The Transgender Tyrants Hijack Medicine | Ep. 1586,2022-10-04 17:00:09+00:00,168614,7364,1013,73,100.87671232876713,0.0099130907115697,5.011446261876238
Ben Shapiro,"No, You’re Not a ""Bigot"" if You Don’t Like ‘Bros'",2022-10-04 20:30:00+00:00,541726,20678,4397,185,111.77297297297298,0.0089467066447432,4.66287385135659
Ben Shapiro,How The Left is Butchering Children,2022-10-04 22:00:19+00:00,81840,5303,673,154,34.435064935064936,0.0290401659438053,7.490224828934506
Ben Shapiro,This Is Getting Old.,2022-10-05 17:00:28+00:00,557874,20300,2263,121,167.76859504132233,0.0059605911330049,4.066151138070604
Ben Shapiro,The Celebrity Halo Effect l with Joe Rogan,2022-10-05 20:00:22+00:00,959603,26695,1657,188,141.99468085106383,0.0070425173253418,2.974146600208628
Ben Shapiro,The Musk Twitter Takeover Is Back On! | Ep. 1587,2022-10-06 17:00:14+00:00,230565,8734,1071,88,99.25,0.0100755667506297,4.290763992800295
Ben Shapiro,Is It Actually Happening?,2022-10-06 23:00:31+00:00,192937,7140,884,55,129.8181818181818,0.0077030812324929,4.18737722676314
Ben Shapiro,Biden Admits We’re On The Brink Of Nuclear Armageddon | Ep. 1588,2022-10-07 17:00:11+00:00,340892,12231,2093,420,29.12142857142857,0.0343389747363257,4.325123499524776
Ben Shapiro,Weighing In on Kanye West and Tucker Carlson’s Viral Conversation,2022-10-07 23:00:19+00:00,960156,34358,3436,1142,30.085814360770577,0.033238256010245,4.055174367498616
Ben Shapiro,Ben Shapiro REACTS to INSANE Woke Religion TikToks | Part 1,2022-10-08 17:00:36+00:00,3008065,94307,11452,889,106.08211473565804,0.0094266597389377,3.545402110659178
Ben Shapiro,Nobody F's With Biden,2022-10-09 16:30:10+00:00,284141,12136,1202,111,109.33333333333331,0.0091463414634146,4.733213439806294
Ben Shapiro,Is He Bluffing?,2022-10-11 17:00:09+00:00,239168,9010,1160,390,23.102564102564106,0.0432852386237513,4.415306395504415
Ben Shapiro,Putin Ratchets Up The Pressure On The West | Ep. 1589,2022-10-12 17:00:11+00:00,217602,8644,1388,375,23.050666666666668,0.0433826931975937,4.782584718890451
Ben Shapiro,Kamala Is Prioritizing The Priorities That Need To Be Prioritized,2022-10-12 23:45:06+00:00,178838,9803,1194,50,196.06,0.0051004794450678,6.177098826871247
Ben Shapiro,The West Literally Goes Suicidal | Ep. 1590,2022-10-13 17:00:10+00:00,283620,9628,1985,245,39.29795918367347,0.0254466140423764,4.180946336647627
Ben Shapiro,"Joe, This Isn't True.",2022-10-13 22:30:06+00:00,160901,8876,858,54,164.37037037037038,0.0060838215412347,6.083243733724464
Ben Shapiro,Did Joe Biden Just Commit An Impeachable Offense? | Ep. 1591,2022-10-14 17:00:11+00:00,286166,12464,1678,180,69.24444444444444,0.0144415917843388,5.004787431071476
Ben Shapiro,Virginia Wants to JAIL PARENTS for Not Letting Their Kids Get TRANS Surgeries,2022-10-14 21:42:17+00:00,196972,7910,1714,93,85.05376344086021,0.0117572692793931,4.9331884734886176
Ben Shapiro,Ben Shapiro Reacts to LOTR Finale and Season Recap,2022-10-15 17:00:31+00:00,372468,13439,2869,945,14.221164021164022,0.0703177319741052,4.632075775637102
Ben Shapiro,This Is Going to Be a Close Race...,2022-10-16 16:30:15+00:00,500972,15844,2299,170,93.2,0.0107296137339055,3.655493720207916
Ben Shapiro,Ben Reacts to Teetus Deletus TikTok Doctor,2022-10-16 17:00:21+00:00,192132,8786,942,55,159.74545454545455,0.0062599590257227,5.091811879332959
Ben Shapiro,Parkland Shooter Spared Death Penalty,2022-10-17 21:00:33+00:00,182954,7737,2177,83,93.21686746987952,0.0107276722243763,5.464215048591449
Ben Shapiro,Ben Shapiro Debunks JFK Assassination Conspiracies,2022-10-17 23:15:00+00:00,174853,8061,4277,478,16.864016736401673,0.0592978538642848,7.329585423184046
Ben Shapiro,It’s Election Season Crunch Time | Ep. 1592,2022-10-19 17:00:11+00:00,182193,7755,978,85,91.23529411764706,0.0109606705351386,4.839922499766731
Ben Shapiro,"Ulta Releases INSANE New Show, Goes Viral",2022-10-19 20:30:01+00:00,353789,13647,2040,68,200.69117647058823,0.00498278009819,4.453219291724729
Ben Shapiro,Republicans Jump Into the Lead,2022-10-19 23:30:04+00:00,184663,9500,945,85,111.76470588235294,0.0089473684210526,5.702279287133861
Ben Shapiro,Joe Steals Oil To Win Midterms | Ep. 1593,2022-10-20 17:00:06+00:00,190794,9039,1224,42,215.2142857142857,0.004646531695984,5.401113242554797
Ben Shapiro,Meghan Markle Plays Victim After Being on 'Deal or No Deal',2022-10-20 21:00:45+00:00,311256,13024,1775,113,115.2566371681416,0.0086762899262899,4.790911661140669
Ben Shapiro,Ethan Klein Stays Classy by Supporting My Death,2022-10-20 23:00:12+00:00,409686,27515,4234,881,31.23155505107832,0.0320188987824822,7.964636331239046
Ben Shapiro,The Biggest Democrat Lie Of All | Ep. 1594,2022-10-21 17:00:06+00:00,196002,9199,1057,75,122.65333333333334,0.0081530601152299,5.270864583014459
Ben Shapiro,No Tears Shed Over Ethan Klein's YouTube Suspension,2022-10-21 21:30:04+00:00,710954,35146,4119,482,72.91701244813278,0.0137142206794514,5.590657060794369
Ben Shapiro,George Floyd’s Family Intends to Sue Kanye West,2022-10-22 00:00:33+00:00,235990,9289,1762,361,25.73130193905817,0.0388631714931639,4.835798127039281
Ben Shapiro,Ben Shapiro and @JordanBPeterson  | Behind the Scenes in Israel,2022-10-22 17:00:12+00:00,242546,10650,1320,815,13.067484662576687,0.0765258215962441,5.271165057349946
Ben Shapiro,Ben Shapiro: The Slippery Slope Has Come True,2022-10-22 22:00:14+00:00,154217,7988,818,70,114.11428571428571,0.0087631447170756,5.755526303844583
Ben Shapiro,Presidente Jair Bolsonaro | The Ben Shapiro Show Sunday Special Ep. 132 [Português],2022-10-23 12:00:09+00:00,177369,24462,2105,332,73.68072289156626,0.0135720709672144,15.165558806781345
Ben Shapiro,President Jair Bolsonaro | The Ben Shapiro Show Sunday Special Ep. 132,2022-10-23 12:00:11+00:00,158821,15209,2104,353,43.08498583569405,0.0232099414820172,11.123214184522196
Ben Shapiro,The Worst Campaign Rally of All Time,2022-10-23 20:00:07+00:00,452862,17268,2143,50,345.36,0.0028955293027565,4.297335612173245
Ben Shapiro,The Barbarians Are At The Gates | Ep. 1595,2022-10-24 17:00:10+00:00,194973,8483,1857,25,339.32,0.0029470706118118,5.316120693634503
Ben Shapiro,Trans Influencer Interviews Biden: It Matters More Than You Think,2022-10-24 21:04:41+00:00,2444766,82733,20096,1149,72.00435161009574,0.0138880495086603,4.253085980416939
Ben Shapiro,Why Is Stacey Abrams at a Lizzo Concert?,2022-10-24 23:00:25+00:00,146610,6768,971,21,322.2857142857143,0.0031028368794326,5.292954095900689
Ben Shapiro,Throwing Tomato Soup on Historic Art Is Not Activism,2022-10-25 01:15:00+00:00,139746,6063,1598,28,216.53571428571428,0.0046181758205508,5.502125284444635
Ben Shapiro,"They Lied About Covid, And Young People Paid The Price | Ep. 1596",2022-10-25 17:00:09+00:00,318311,16625,4458,540,30.78703703703704,0.0324812030075188,6.793042024937876
Ben Shapiro,Ron DeSantis CRUSHES Crist (Debate Highlights),2022-10-25 22:30:17+00:00,399518,16257,1445,120,135.475,0.0073814356892415,4.460875354802537
Ben Shapiro,"Ben Shapiro Reviews ""House of the Dragon"" (Season 1)",2022-10-26 00:15:01+00:00,390266,11357,3584,4825,2.353782383419689,0.4248481112969974,5.064750708491132
Ben Shapiro,John Fetterman Gives The Worst Debate Performance In History | Ep. 1597,2022-10-26 17:00:10+00:00,341172,14462,2702,229,63.1528384279476,0.0158346010233715,5.098015077438946
Ben Shapiro,"Ted Cruz Breaks Down His Viral Appearance on ""The View"" | Interview",2022-10-26 20:30:01+00:00,213807,8241,604,186,44.30645161290322,0.0225700764470331,4.22390286566857
Ben Shapiro,Fetterman Embarrasses Himself in Hard-To-Watch Debate,2022-10-26 22:30:04+00:00,174622,9196,1624,122,75.37704918032787,0.0132666376685515,6.266106218002314
Ben Shapiro,This Is a Losing Strategy,2022-10-27 00:30:06+00:00,136905,6451,1527,372,17.341397849462364,0.0576654782204309,6.099119827617691
Ben Shapiro,Musk Prepares To Battle His New Twitter Employees | Ep. 1598,2022-10-27 17:00:10+00:00,275477,10729,1309,227,47.26431718061674,0.0211576102153043,4.452277322607695
Ben Shapiro,Why Does This Keep Happening?,2022-10-27 20:30:01+00:00,146123,6809,842,37,184.02702702702703,0.0054339844323689,5.261320941946169
Ben Shapiro,"""Let That Sink In,"" Elon Musk Visits Twitter HQ | What Comes Next",2022-10-27 23:00:08+00:00,980785,27799,2690,345,80.5768115942029,0.0124105183639699,3.143808276023797
Ben Shapiro,Musk Frees the Bird | Ep. 1599,2022-10-28 17:00:09+00:00,246397,9943,956,147,67.63945578231292,0.0147842703409433,4.483009127546196
Ben Shapiro,Elon Cleans Out Twitter's Headquarters,2022-10-28 21:00:18+00:00,636514,23421,2416,276,84.8586956521739,0.0117842961444857,4.10250206594042
Ben Shapiro,2 Major Problems With Fetterman: His Stroke And He's Terrible Candidate,2022-10-28 23:15:03+00:00,130037,6100,968,64,95.3125,0.0104918032786885,5.484592846651338
Ben Shapiro,Ben Shapiro REACTS to INSANE Woke Religion TikToks | Part 2,2022-10-29 16:00:19+00:00,1240790,50762,5221,687,73.88937409024746,0.0135337457152988,4.56725150911919
Ben Shapiro,Ben Shapiro: Why You Should Get Married Young,2022-10-30 17:00:35+00:00,214171,9937,1582,619,16.053311793214863,0.0622924423870383,5.667433966316635
Ben Shapiro,Democrats Seize On Paul Pelosi Attack To Smear Republicans | Ep. 1600,2022-10-31 17:00:07+00:00,194705,8347,1592,161,51.84472049689441,0.019288367077992,5.187334685806733
Ben Shapiro,Chief Twit Makes a Risky Tweet,2022-10-31 21:25:58+00:00,482847,14306,1956,316,45.27215189873418,0.0220886341395218,3.433385730883696
Ben Shapiro,Ben Shapiro Breaks Down PelosiGate,2022-10-31 23:15:01+00:00,484289,13635,2926,472,28.88771186440678,0.0346167950128346,3.517114780637182
Ben Shapiro,Bombshell Report Exposes Government-Social Media Collusion | Ep. 1601,2022-11-01 17:00:09+00:00,230060,10491,1017,138,76.02173913043478,0.0131541321132399,5.062157697991828
Ben Shapiro,Two Dudes Pretending to Be Women Get in a Fight,2022-11-01 20:16:16+00:00,2773935,85880,12901,1344,63.898809523809526,0.015649743828598,3.6094933731323913
Ben Shapiro,Washington Is Afraid of Elon Musk,2022-11-02 00:15:01+00:00,226978,8001,719,113,70.80530973451327,0.0141232345956755,3.8915665835455417
Ben Shapiro,The Red Wave Is Coming | Ep. 1602,2022-11-02 17:00:08+00:00,275029,11327,1735,363,31.203856749311296,0.0320473205614902,4.881303426184148
Ben Shapiro,The DHS Thinks That YOU Are Dangerous,2022-11-02 19:45:01+00:00,92310,4606,432,29,158.82758620689654,0.0062961354754667,5.489112772180695
Ben Shapiro,Joe Rogan Knows What the Dems Can’t Accept,2022-11-02 22:30:04+00:00,637032,17717,1848,224,79.09375,0.0126432240221256,3.106437353225584
Ben Shapiro,No More Late Nights for Trevor Noah,2022-11-02 23:45:02+00:00,544324,22143,2538,240,92.2625,0.0108386397507112,4.578339371403796
Ben Shapiro,"Desperate Biden’s Closing Argument: Vote For Me, Or Democracy Ends | Ep. 1603",2022-11-03 17:00:08+00:00,282279,11474,1575,110,104.30909090909093,0.009586892103887,4.6616999493409
Ben Shapiro,Anne Hathaway Goes on 'The View' to Spew Complete Nonsense,2022-11-03 21:45:00+00:00,407455,11868,2564,343,34.60058309037901,0.0289012470508931,3.6261673068191578
Ben Shapiro,Biden Clears Homeless Encampment for Ridiculous Speech,2022-11-03 23:30:12+00:00,221509,8219,679,80,102.7375,0.0097335442267915,4.053108451575331
Ben Shapiro,"Vote For Dems, Or Republicans Will Kill Your Kids | Ep. 1604",2022-11-04 17:00:10+00:00,245615,9838,1358,144,68.31944444444444,0.0146371213661313,4.616981861856971
Ben Shapiro,Twitter Complaint Hotline Operator Addresses Issues,2022-11-04 20:30:03+00:00,243485,8189,819,104,78.74038461538461,0.0126999633654902,3.742324989219049
Ben Shapiro,Jimmy Kimmel: The Woke Pope of Late Night,2022-11-04 22:15:04+00:00,621186,20630,2379,136,151.69117647058823,0.0065923412506059,3.725937158918585
Ben Shapiro,Ben Shapiro & Blake Masters: Last Thoughts Before Election,2022-11-05 00:00:22+00:00,49278,2819,198,27,104.4074074074074,0.0095778644909542,6.177198749949268
Ben Shapiro,Ben Shapiro & Kari Lake: Can She Turn Arizona Red?,2022-11-05 15:00:19+00:00,139647,7167,911,84,85.32142857142857,0.0117203850983675,5.844737087083861
Ben Shapiro,Not All Heroes Tuck: Dylan Mulvaney Is the Perfect Example of Societal Corruption,2022-11-05 18:00:02+00:00,458152,20738,2309,118,175.74576271186442,0.005690037612113,5.056182227732281
Ben Shapiro,Bill Lee | The Ben Shapiro Show Sunday Special Ep. 133,2022-11-06 13:00:08+00:00,74148,3339,522,127,26.291338582677167,0.0380353399221323,5.378432324540109
Ben Shapiro,The Day Before | Ep. 1605,2022-11-07 18:00:09+00:00,232532,9536,1438,168,56.76190476190476,0.0176174496644295,4.791598575679906
Ben Shapiro,Why Is Donald Trump Attacking Ron DeSantis?,2022-11-07 23:00:40+00:00,385880,12275,3914,614,19.99185667752443,0.050020366598778,4.354462527210532
Ben Shapiro,What in the World Is Happening at Facebook?,2022-11-08 00:15:02+00:00,458498,11114,1009,203,54.748768472906406,0.0182652510347309,2.6883432425005127
Ben Shapiro,Ben Shapiro & Adam Laxalt: Last Thoughts Before Election,2022-11-08 01:30:10+00:00,45091,1638,100,14,117.0,0.0085470085470085,3.8854760373466983
Ben Shapiro,It’s Election Day! | Ep. 1606,2022-11-08 18:00:06+00:00,238981,9598,1282,120,79.98333333333333,0.0125026047093144,4.602876379293751
Ben Shapiro,Everything You Need to Know About Midterms,2022-11-08 21:06:50+00:00,226575,6625,1183,151,43.87417218543046,0.0227924528301886,3.5127441244620985
Ben Shapiro,Dems LOST the Latino Vote – Here's Why,2022-11-09 02:15:02+00:00,125762,5757,901,150,38.38,0.0260552371026576,5.413399914123503
Ben Shapiro,The Red Trickle | Ep. 1607,2022-11-09 18:00:06+00:00,549546,18126,8775,811,22.350184956843403,0.0447423590422597,5.04270798076958
Ben Shapiro,This Is What Republicans Can Learn From Ron DeSantis,2022-11-09 21:00:01+00:00,223388,9075,2056,354,25.635593220338983,0.0390082644628099,5.141278851146883
Ben Shapiro,Biden Takes A Victory Lap | Ep. 1608,2022-11-10 18:00:10+00:00,225555,6966,1947,274,25.423357664233578,0.0393339075509618,4.073064219369998
Ben Shapiro,"If He Can't Ride a Bike, He Can't Run the Country",2022-11-10 22:00:23+00:00,80448,3718,779,135,27.54074074074074,0.0363098440021516,5.757756563245824
Ben Shapiro,SNL Might Be Funny for the First Time in Years,2022-11-11 00:30:07+00:00,578618,15385,1830,193,79.71502590673575,0.0125446863828404,3.008547953917783
Ben Shapiro,All The Single Ladies Voted Democrat | Ep. 1609,2022-11-11 18:00:10+00:00,198504,7061,3138,338,20.890532544378697,0.0478685738563942,5.308205376214081
Ben Shapiro,An Overweight Dude Wearing a Dress Won a “Miss America” Beauty Pageant,2022-11-11 21:30:07+00:00,597579,19388,5832,234,82.85470085470085,0.0120693212296265,4.259520498544962
Ben Shapiro,Why We Lost. How We Win.,2022-11-12 01:13:15+00:00,257973,9049,4072,1021,8.862879529872673,0.1128301469775665,5.48196904327197
Ben Shapiro,"Whoopi Goldberg, Jimmy Kimmel, and Elon Musk l with @MegynKelly",2022-11-12 16:15:03+00:00,512072,12991,1321,263,49.39543726235741,0.0202447848510507,2.846279429455233
Ben Shapiro,A Day In The Life with Ben Shapiro l @lexfridman,2022-11-13 18:00:32+00:00,94169,3893,268,56,69.51785714285714,0.0143847932185974,4.478119126251738
Ben Shapiro,What The FTX? | Ep. 1610,2022-11-14 18:00:08+00:00,209762,6534,1425,227,28.784140969162998,0.0347413529231711,3.902518091932762
Ben Shapiro,The Real Story of Sam Bank(rupt)-Fried,2022-11-14 23:00:28+00:00,588313,13784,1748,344,40.06976744186046,0.0249564712710388,2.69856351975904
Ben Shapiro,Dems Are Retconning the Midterms,2022-11-15 01:00:06+00:00,117526,4509,1434,185,24.37297297297297,0.0410290530051009,5.2141653761720805
Ben Shapiro,The GOP Takes The House | Ep. 1611,2022-11-15 18:00:07+00:00,223439,7774,1492,366,21.240437158469945,0.0470800102907126,4.310796235214085
Ben Shapiro,USA Soccer Makes a Colorful Statement,2022-11-15 21:30:01+00:00,187334,6733,2050,260,25.896153846153847,0.0386157730580721,4.827207020615585
Ben Shapiro,Do Not Take Your Kids To See This Disney Movie.,2022-11-16 00:30:14+00:00,944519,39579,13105,4297,9.210844775424714,0.1085676747770282,6.032806116128951
Ben Shapiro,Trump’s In | Ep. 1612,2022-11-16 18:00:08+00:00,234923,8142,2544,665,12.243609022556392,0.0816752640628838,4.831795950162394
Ben Shapiro,Ben Shapiro Responds to Trump’s 2024 Campaign Announcement,2022-11-16 21:00:08+00:00,431238,12637,3565,1281,9.86494925839188,0.1013689958059666,4.054141796409407
Ben Shapiro,Marriage Is Between a Man and a Woman Pt 1 I @MattWalsh,2022-11-17 00:00:34+00:00,118367,4361,3110,1477,2.9526066350710902,0.3386837881219903,7.559539398649962
Ben Shapiro,Chuck Schumer’s Great Replacement Theory | Ep. 1613,2022-11-17 18:00:09+00:00,165642,5752,1275,329,17.48328267477204,0.0571974965229485,4.440902669612779
Ben Shapiro,The Problem With Today's Dating Culture,2022-11-17 21:30:04+00:00,203114,7871,1437,101,77.93069306930693,0.0128319146233007,4.632373937788631
Ben Shapiro,"You're Not Going to Like The Solution, Chuck.",2022-11-18 00:15:02+00:00,193023,6655,1516,129,51.58914728682171,0.0193839218632607,4.3000056988027335
Ben Shapiro,Pelosi’s Out | Ep. 1614,2022-11-18 18:00:10+00:00,208143,7281,1082,211,34.507109004739334,0.0289795357780524,4.119283377293495
Ben Shapiro,Twitter Employees MELTDOWN When Asked to “Work Hard”,2022-11-18 22:30:34+00:00,726647,18826,3196,441,42.68934240362812,0.0234250504621268,3.0913221963346715
Ben Shapiro,"Farewell and Good Riddance, Nancy Pelosi",2022-11-19 00:15:00+00:00,154471,7224,814,70,103.2,0.0096899224806201,5.248881667109036
Ben Shapiro,The Effects of Same Sex Marriage on Our Culture Part 2 l @MattWalsh​,2022-11-19 16:00:33+00:00,144476,4498,2167,952,4.724789915966387,0.2116496220542463,5.272155929012431
Ben Shapiro,The Attempted Ideological Purge Continues | Ep. 1615,2022-11-21 18:00:10+00:00,173007,6596,1007,133,49.59398496240601,0.0201637355973317,4.4714953730195885
Ben Shapiro,5 Killed and 25 Injured in Tragic CO Springs Shooting,2022-11-21 22:15:02+00:00,156728,6089,2478,754,8.075596816976127,0.1238298571193956,5.947246184472462
Ben Shapiro,Elon Made Tweets Mean Again,2022-11-22 00:30:00+00:00,256431,8432,773,222,37.98198198198198,0.0263282732447817,3.676232592783244
Ben Shapiro,"If You Don’t Cheer Drag Queen Story Hour, You’re A Terrorist | Ep. 1616",2022-11-22 18:00:09+00:00,176705,6723,1168,132,50.93181818181818,0.0196340919232485,4.54033558756119
Ben Shapiro,Did He Just Go There? Yes He Diddy.,2022-11-22 23:00:04+00:00,365774,11060,2362,674,16.409495548961424,0.0609403254972875,3.853745755575847
Ben Shapiro,They/Them Shot Up A Gay Nightclub | Ep. 1617,2022-11-23 18:00:07+00:00,337564,12945,2456,269,48.12267657992565,0.0207802240247199,4.642082686542404
Ben Shapiro,Legacy Media Twists the Narrative,2022-11-23 23:07:06+00:00,84811,4954,648,84,58.97619047619048,0.0169559951554299,6.704319015222082
Ben Shapiro,Someone Is Getting Fired For This.,2022-11-24 01:00:17+00:00,870120,28842,4667,378,76.3015873015873,0.0131058872477636,3.89452029605112
Ben Shapiro,Ben Shapiro Saves Thanksgiving | Woke TikTok Reaction,2022-11-24 15:00:33+00:00,1052791,36166,2488,355,101.87605633802816,0.0098158491400763,3.7052938332489536
Ben Shapiro,Ben Shapiro Reacts to Thanksgiving Memes,2022-11-25 16:00:37+00:00,234470,9871,329,114,86.58771929824562,0.0115489818660723,4.398856996630699
Ben Shapiro,Brave New World: The Pleasure Principle,2022-11-25 22:30:04+00:00,178899,7336,691,229,32.03493449781659,0.031215921483097,4.614894437643587
Ben Shapiro,The Key Element to Marriage Is Duty,2022-11-26 17:00:34+00:00,61338,4467,875,111,40.24324324324324,0.0248488918737407,8.89008445009619
Ben Shapiro,Who is God? | With @lexfridman,2022-11-27 15:00:17+00:00,62051,2998,599,91,32.94505494505494,0.0303535690460306,5.943498090280576
Ben Shapiro,3 Ways Netanyahu Formed Leadership I With @Netanyahu and @JordanBPeterson,2022-11-27 22:00:28+00:00,231034,7861,1493,2236,3.5156529516994635,0.2844421829283806,5.016577646580157
Ben Shapiro,Is China On The Brink Of Revolution? | Ep. 1618,2022-11-28 18:00:09+00:00,230652,8937,1254,399,22.398496240601503,0.044645854313528,4.591332396857604
Ben Shapiro,Why Is Trudeau on a Drag Race Show?,2022-11-28 23:00:03+00:00,166211,6329,2215,190,33.310526315789474,0.0300205403697266,5.254766531697661
Ben Shapiro,Chief Twitt Has His 2024 Candidate Picked Out,2022-11-29 00:45:03+00:00,154665,5888,955,166,35.46987951807229,0.0281929347826086,4.531729867778748
Ben Shapiro,Why China's Covid Tyranny Should Scare Us All | Ep. 1619,2022-11-29 18:00:10+00:00,189173,7089,950,217,32.66820276497696,0.0306108054732684,4.364259170177562
Ben Shapiro,Stop Looking. Biden's White House Is Completely Normal.,2022-11-29 22:30:06+00:00,199639,8744,998,62,141.03225806451613,0.0070905763952424,4.910864109718041
Ben Shapiro,Maybe This Is Why I Gained 800k+ Followers In a Month...,2022-11-30 00:15:04+00:00,559532,17592,1439,153,114.98039215686276,0.0086971350613915,3.428579598664598
Ben Shapiro,Social Leftists Get Mugged By Reality | Ep. 1620,2022-11-30 18:00:11+00:00,205940,7760,821,240,32.333333333333336,0.0309278350515463,4.283286394095367
Ben Shapiro,The Crisis the Media Won't Cover,2022-11-30 22:15:00+00:00,116776,5857,475,53,110.50943396226415,0.0090490011951511,5.467733095841611
Ben Shapiro,Nancy Pelosi: “Drag Is What America Is All About”,2022-12-01 00:15:02+00:00,93488,5740,690,384,14.947916666666666,0.0668989547038327,7.288635974670546
Ben Shapiro,Elizabeth Warren vs. Elon Musk | Ep. 1621,2022-12-01 18:00:08+00:00,235709,7549,777,70,107.84285714285714,0.0092727513577957,3.562019269523013
Ben Shapiro,Tucker Carlson is NOT Nick Fuentes,2022-12-01 22:24:28+00:00,214789,7309,2565,2492,2.932985553772071,0.3409495142974415,5.75727807289945
Ben Shapiro,The Madness of Ye | Ep. 1622,2022-12-02 18:00:10+00:00,300466,10256,5877,2967,3.456690259521402,0.2892940717628705,6.356792449062457
Ben Shapiro,Is the Dallas Cowboys Conspiracy True?,2022-12-02 23:01:49+00:00,142228,4364,819,88,49.59090909090909,0.0201649862511457,3.706021317883961
Ben Shapiro,I Want Ye to Get Help,2022-12-03 00:45:02+00:00,708716,21911,8596,5819,3.76542361230452,0.2655743690383825,5.125607436547221
Ben Shapiro,Reaction: Is 5 Years Old Too Young to Medically Transition?,2022-12-03 17:00:33+00:00,161005,7026,1143,58,121.13793103448276,0.0082550526615428,5.109779199403746
Ben Shapiro,"The Making of ""The Chosen"" l Dallas Jenkins Interview",2022-12-03 18:00:29+00:00,393601,16865,1882,364,46.332417582417584,0.021583160391343,4.855424655933293
Ben Shapiro,Is Don Lemon Getting Laid Off?,2022-12-04 17:00:28+00:00,200129,9391,819,99,94.85858585858584,0.0105420083058247,5.151177490518615
Ben Shapiro,Disney Is Losing the Culture War,2022-12-04 22:30:02+00:00,711078,28219,3201,306,92.21895424836602,0.0108437577518693,4.461676496811883
Ben Shapiro,The Twitter Files | Ep. 1623,2022-12-05 18:00:10+00:00,218319,8287,1302,312,26.560897435897434,0.0376493302763364,4.535106884879466
Ben Shapiro,Caller Debates Ben Shapiro on Gay Marriage,2022-12-05 22:30:02+00:00,253992,7917,1774,454,17.438325991189426,0.057344953896678,3.994220290402848
Ben Shapiro,Elon Releases the Twitter Kraken,2022-12-06 00:30:01+00:00,699974,20638,1865,344,59.99418604651163,0.0166682818102529,3.263978376339693
Ben Shapiro,You Will Be Made To Celebrate | Ep. 1624,2022-12-06 18:00:09+00:00,167969,6035,1065,192,31.432291666666668,0.0318144159072079,4.341277259494312
Ben Shapiro,"So, Who’s Really Pulling the Strings at Twitter?",2022-12-06 22:20:35+00:00,81995,4100,456,34,120.58823529411764,0.0082926829268292,5.597902311116531
Ben Shapiro,The Supreme Court Needs to Stay Out of Bakeries,2022-12-07 00:30:09+00:00,102842,4518,1280,81,55.77777777777778,0.0179282868525896,5.716536045584489
Ben Shapiro,The Warnock Win | Ep. 1625,2022-12-07 18:00:08+00:00,160042,5063,1526,155,32.66451612903226,0.0306142603199684,4.213893852863623
Ben Shapiro,Ben Reacts to Meghan Markle's New Dumpster Fire Series,2022-12-07 22:33:36+00:00,590082,22789,3398,276,82.56884057971014,0.0121111062354644,4.484630949596836
Ben Shapiro,Looks Like Black Mirror Got AI Tech Right?,2022-12-08 00:30:00+00:00,171636,5952,893,92,64.69565217391305,0.0154569892473118,4.041692884942552
Ben Shapiro,"Whatever You Do, Don’t Call Them Groomers | Ep. 1626",2022-12-08 18:00:09+00:00,180957,7481,1100,130,57.54615384615385,0.0173773559684534,4.813850804334732
Ben Shapiro,The New York Times Staff STRIKES Because They Aren't Being Laid Off,2022-12-08 22:30:02+00:00,93497,4215,301,16,263.4375,0.0037959667852906,4.847214349123501
Ben Shapiro,Trends That Are Grooming Your Children,2022-12-09 00:30:07+00:00,149713,6797,1071,173,39.28901734104046,0.0254524054730027,5.370943071075992
Ben Shapiro,The Only WNBA Trade Anyone Has Ever Noticed | Ep. 1627,2022-12-09 18:00:06+00:00,192482,7078,1358,190,37.252631578947366,0.0268437411698219,4.481458006462942
Ben Shapiro,The Luggage Fetish Heist Continues,2022-12-09 23:10:44+00:00,566670,17562,3379,176,99.7840909090909,0.0100216376266939,3.726507491132405
Ben Shapiro,Some Hostages Are More Important Than Others,2022-12-10 00:30:24+00:00,123666,5626,1382,55,102.2909090909091,0.0097760398151439,5.711351543674089
Ben Shapiro,Transgender Male Exposes the Horrors of Gender Reassignment Surgery,2022-12-10 17:00:01+00:00,365437,18454,2027,222,83.12612612612612,0.0120299122141541,5.6652719894263575
Ben Shapiro,Is TikTok Getting Shut Down?,2022-12-10 20:00:01+00:00,100956,5465,665,80,68.3125,0.0146386093321134,6.15119457981695
Ben Shapiro,From Rolling Stone to Twitter Files | Matt Taibbi,2022-12-11 18:00:02+00:00,177661,9087,707,101,89.97029702970298,0.0111147793551227,5.56959602839115
Ben Shapiro,"Elon Exposes Twitter, And It’s Ugly As Hell | Ep. 1628",2022-12-12 18:15:11+00:00,256361,9907,902,181,54.73480662983425,0.0182699101645301,4.286923518007809
Ben Shapiro,Twitter Files Continues | The Censorship of Trump Exposed,2022-12-12 22:45:00+00:00,82886,4187,257,44,95.1590909090909,0.010508717458801,5.414665926694496
Ben Shapiro,Ben Reacts to Fauci's LATEST Farewell,2022-12-13 00:45:00+00:00,123802,5912,628,62,95.35483870967742,0.0104871447902571,5.332708679989015
Ben Shapiro,Musk vs. Fauci: The Grudge Match | Ep. 1629,2022-12-13 18:00:06+00:00,216301,8053,777,215,37.45581395348837,0.0266981249223891,4.18167276156837
Ben Shapiro,The Worst Cryptocurrency Criminal in History,2022-12-13 22:30:05+00:00,133302,4131,502,83,49.7710843373494,0.0200919874122488,3.537831390376738
Ben Shapiro,Why Are We The Only Ones Covering This?,2022-12-14 00:30:03+00:00,192339,11647,836,70,166.38571428571427,0.0060101313642998,6.526497486209245
Ben Shapiro,Joe Biden’s LGBT Crusade Is Only Beginning | Ep. 1630,2022-12-14 18:00:09+00:00,167561,7055,1565,707,9.978783592644978,0.1002126151665485,5.566331067491839
Ben Shapiro,Biden Invites Another Dude Dressed as a Chick to the White House,2022-12-15 00:30:24+00:00,125674,5612,1070,67,83.76119402985074,0.0119387027797576,5.370243646259369
Ben Shapiro,The Crying Republican Surrender Caucus | Ep. 1631,2022-12-15 18:00:06+00:00,150976,5507,1123,186,29.607526881720432,0.0337751952061013,4.514624841034336
Ben Shapiro,"Game Over, Trump",2022-12-15 22:25:36+00:00,323094,11840,4320,2124,5.574387947269304,0.1793918918918919,5.659034212953506
Ben Shapiro,The New Beginning of Same-Sex Marriage,2022-12-16 00:15:00+00:00,116844,4897,2022,685,7.148905109489051,0.1398815601388605,6.507822395672863
Ben Shapiro,Trump Releases A MAJOR ANNOUNCEMENT | Ep. 1632,2022-12-16 18:00:06+00:00,175178,6253,1747,412,15.177184466019416,0.0658883735806812,4.801972850472092
Ben Shapiro,Is This Trump's New Side Hustle?,2022-12-16 22:00:06+00:00,62392,2465,808,227,10.859030837004406,0.0920892494929006,5.609693550455186
Ben Shapiro,Elon Got Doxxed?,2022-12-17 00:30:07+00:00,132076,5538,688,134,41.32835820895522,0.0241964608161791,4.815409309791333
Ben Shapiro,"2023 Movie Predictions (using the ""Hot/Crazy"" Matrix)",2022-12-17 17:15:45+00:00,494273,21073,2663,649,32.46995377503852,0.0307977032221325,4.933508405274009
Ben Shapiro,The Twitter Filer | Ben Interviews Matt Taibbi,2022-12-18 17:00:27+00:00,161858,8766,444,135,64.93333333333334,0.015400410677618,5.773579310259611
Ben Shapiro,Is Elon Done Running Twitter? | Ep. 1633,2022-12-19 18:00:09+00:00,181666,6061,728,135,44.8962962962963,0.0222735522191057,3.811390133541775
Ben Shapiro,"If You Can’t Take the Heat, Get Out of the Kitchen",2022-12-19 22:21:32+00:00,192688,5401,724,148,36.49324324324324,0.0274023329013145,3.255521879930249
Ben Shapiro,Maybe if She Went to the Border More Often...,2022-12-20 00:30:00+00:00,72485,3463,390,65,53.27692307692308,0.0187698527288478,5.405256259915844
Ben Shapiro,The January 6 Committee Wants Trump Prosecuted | Ep. 1634,2022-12-20 18:00:11+00:00,139118,5294,1092,208,25.45192307692308,0.0392897619947109,4.739861125088055
Ben Shapiro,This Agency Is Out of Control,2022-12-20 23:21:17+00:00,46103,2543,265,35,72.65714285714286,0.0137632717263075,6.166626900635533
Ben Shapiro,Will Trump Be Vindicated?,2022-12-21 01:00:01+00:00,123400,5371,946,111,48.387387387387385,0.020666542543288,5.209076175040519
Ben Shapiro,"The 1,000 Words You Can’t Say At Stanford | Ep. 1635",2022-12-21 18:00:07+00:00,173629,7042,1534,96,73.35416666666667,0.0136324907696677,4.994557360809542
Ben Shapiro,Stanford's 'Index of Forbidden Words List' is DUMB,2022-12-21 23:05:10+00:00,135944,6441,1385,41,157.09756097560975,0.0063654712001242,5.7869416818690045
Ben Shapiro,Zelensky Goes To Washington | Ep. 1636,2022-12-22 18:00:10+00:00,130066,4801,1634,753,6.375830013280212,0.1568423245157258,5.526425045746006
Ben Shapiro,"Amber Heard Is Broke, Divorced, and Talentless",2022-12-22 22:58:58+00:00,932795,28537,3933,445,64.12808988764046,0.0155937905175736,3.52864241339201
Ben Shapiro,Zelensky’s Telling White House Visit...,2022-12-23 01:00:12+00:00,123573,5114,1793,639,8.003129890453835,0.1249511145874071,6.106511940310585
Ben Shapiro,The Last Republican Sellout of 2022 | Ep. 1637,2022-12-23 18:00:10+00:00,165788,5919,1144,190,31.152631578947368,0.0321000168947457,4.374864284507926
Ben Shapiro,Avatar Characters Are More Victimized Than Meghan Markle,2022-12-23 22:00:20+00:00,204511,7065,1528,295,23.94915254237288,0.0417551309271054,4.345976500041562
Ben Shapiro,Ben Shapiro Breaks AI Chatbot (with Facts & Logic),2022-12-26 17:00:20+00:00,2389829,80391,10449,4903,16.396287986946767,0.0609894142379122,4.006269904666819
Ben Shapiro,What Are the Values the West Holds? l @Netanyahu @JordanBPeterson,2022-12-27 16:15:02+00:00,221424,6446,1078,996,6.471887550200803,0.1545144275519702,3.847821374376761
Ben Shapiro,Ben Shapiro Breaks Down the Top Mainstream Media Fails of 2022,2022-12-28 18:00:24+00:00,564193,34109,2575,1072,31.81809701492537,0.0314286551936439,6.692036235827102
Ben Shapiro,This Is Why Woke Comedy Is Dying | Seth Dillon,2022-12-29 15:00:32+00:00,148097,5447,436,45,121.04444444444444,0.008261428309161,4.002781960471853
Ben Shapiro,How C.S. Lewis Predicted our Culture Today,2022-12-29 18:00:05+00:00,588286,25358,2090,392,64.68877551020408,0.0154586323842574,4.732392067803755
Ben Shapiro,It Doesn’t Get Worse Than These,2022-12-30 17:00:44+00:00,2290590,65279,8984,991,65.87184661957619,0.0151809923558878,3.285354428335058
Ben Shapiro,Ben Binges Hillary Clinton’s Show ‘Gutsy’ (Against His Will),2022-12-31 16:00:24+00:00,502099,25153,3054,131,192.00763358778627,0.0052081262672444,5.643906878922285
Ben Shapiro,Welcome To 2023! | Ep. 1638,2023-01-03 18:00:10+00:00,203402,7652,867,224,34.160714285714285,0.029273392577104,4.29838447999528
Ben Shapiro,Here Is What I Actually Think Of Andrew Tate,2023-01-03 23:30:01+00:00,3051453,93048,14065,6168,15.085603112840468,0.0662883672942997,3.71236260234059
Ben Shapiro,2023 Will Be Worse Than '08?,2023-01-04 01:00:01+00:00,131553,5360,772,275,19.49090909090909,0.0513059701492537,4.870280419298686
Ben Shapiro,Kevin McCarthy’s Speaker Bid Keeps Falling Short | Ep. 1639,2023-01-04 18:00:08+00:00,150131,5105,1491,720,7.090277777777778,0.1410381978452497,4.873077512305919
Ben Shapiro,A Canadian Medical Board Threaten's Jordan Peterson's Clincal License,2023-01-04 23:00:21+00:00,391811,13663,1767,134,101.96268656716418,0.0098075093317719,3.9723233906143527
Ben Shapiro,The Neverending Speaker Fight | Ep. 1640,2023-01-05 18:00:07+00:00,125555,4137,998,582,7.108247422680412,0.1406816533720087,4.553382979570706
Ben Shapiro,You Know Inflation Is Bad When Cardi B Gets Involved,2023-01-05 23:06:17+00:00,159729,5830,748,86,67.79069767441861,0.0147512864493996,4.172066437528564
Ben Shapiro,"If Not McCarthy, Then Who?",2023-01-06 00:30:05+00:00,83939,3148,1169,825,3.815757575757576,0.2620711562897077,6.1258771250551
Ben Shapiro,Biden Heads To The Border To Lie About Stopping Illegal Immigration | Ep. 1641,2023-01-06 18:00:09+00:00,128605,5138,705,132,38.92424242424242,0.0256909303230829,4.64600909762451
Ben Shapiro,Ben Shapiro BLOWS UP the Glass Onion: Movie Review,2023-01-06 21:05:03+00:00,394027,14855,2665,1116,13.310931899641576,0.075126220127903,4.729625127212095
Ben Shapiro,Biden to Visit the Border for the FIRST Time,2023-01-07 00:15:00+00:00,81020,3622,378,65,55.72307692307693,0.0179458862506902,5.017279684028635
Ben Shapiro,"So You Can Choose Your Gender, but Not Your Race?",2023-01-07 18:00:30+00:00,132098,6559,814,119,55.11764705882353,0.0181430096051227,5.671546881860437
Ben Shapiro,Oprah's New Series Griping About White Privilege,2023-01-08 19:07:26+00:00,167336,8435,1799,45,187.44444444444449,0.0053349140486069,6.1427307931347706
Ben Shapiro,The Institutional Collapse Of The West | Ep. 1642,2023-01-09 18:00:10+00:00,178513,6117,734,173,35.358381502890175,0.0282818375020434,3.93472744281929
Ben Shapiro,Ben Reacts to Biden’s Trip to the Border,2023-01-09 23:28:02+00:00,78720,4035,491,80,50.4375,0.0198265179677819,5.851117886178861
Ben Shapiro,The Most Hilarious Story Of The Year | Ep. 1643,2023-01-10 18:00:08+00:00,223141,9451,1037,155,60.9741935483871,0.0164003809120727,4.769629964910079
Ben Shapiro,Biden Can Do It but Trump Can’t?,2023-01-10 22:30:01+00:00,83771,4586,609,56,81.89285714285714,0.0122110771914522,6.268278998698834
Ben Shapiro,What Do Female M&M's and Mulvaney Have in Common?,2023-01-11 00:15:00+00:00,93659,5407,858,143,37.81118881118881,0.0264471980765674,6.841841147140157
Ben Shapiro,Dr. Dre Goes After Marjorie Taylor Greene,2023-01-11 16:00:04+00:00,91517,3446,1083,130,26.50769230769231,0.0377248984329657,5.090857436323306
Ben Shapiro,Pete Buttigieg Can’t Make The Planes Fly On Time | Ep. 1644,2023-01-11 18:00:08+00:00,154627,5118,722,86,59.51162790697674,0.0168034388432981,3.8324484081046646
Ben Shapiro,Ben Reacts to the WOKEST Headlines of the Week,2023-01-11 22:30:04+00:00,141867,6585,656,57,115.52631578947368,0.0086560364464692,5.144254830228313
Ben Shapiro,Who Is the Real Deep State?,2023-01-12 00:30:15+00:00,72439,3329,282,61,54.57377049180328,0.0183238209672574,5.0690926158561
Ben Shapiro,Prince Harry’s Big Tell-All: The Full Breakdown | Ep. 1645,2023-01-12 18:00:11+00:00,172806,6735,1425,151,44.602649006622514,0.0224201930215293,4.809439487054848
Ben Shapiro,We Should All Be Spared From This Book,2023-01-12 22:30:07+00:00,545694,16950,3583,201,84.32835820895522,0.011858407079646,3.799565324156029
Ben Shapiro,Joe Biden’s Garage Is Full Of Classified Documents | Ep. 1646,2023-01-13 18:00:10+00:00,199980,8367,1265,105,79.68571428571428,0.0125493008246683,4.868986898689869
Ben Shapiro,Kamala Has Another Glitch,2023-01-13 22:30:03+00:00,69432,3521,519,23,153.08695652173913,0.0065322351604657,5.851768636939739
Ben Shapiro,"Whoopi Blames Republicans for Biden’s ""Lost"" Documents",2023-01-14 00:30:30+00:00,123194,5678,903,85,66.8,0.0149700598802395,5.410977807360748
Ben Shapiro,Why Did The Catholic Church Remove This Priest?,2023-01-15 13:00:10+00:00,120842,5547,1079,182,30.478021978021975,0.0328105282134487,5.633802816901409
Ben Shapiro,Joe Biden Left Classified Information Pretty Much Everywhere | Ep. 1647,2023-01-16 18:00:11+00:00,156336,6489,880,263,24.673003802281368,0.0405301279087686,4.881793061099171
Ben Shapiro,They Spent How Much on This?!,2023-01-16 22:30:04+00:00,246948,9371,1703,142,65.99295774647888,0.0151531320029879,4.541846866546803
Ben Shapiro,What Exactly Did They Find?,2023-01-17 00:30:14+00:00,112228,5707,532,44,129.70454545454547,0.0077098300332924,5.598424635563318
Ben Shapiro,The Battle Over Racial Reparations | Ep. 1648,2023-01-17 18:00:09+00:00,140448,5521,1589,289,19.103806228373703,0.0523455895671074,5.268141945773524
Ben Shapiro,Do You Qualify To Become a Millionaire?,2023-01-17 22:15:01+00:00,96538,3713,1095,235,15.8,0.0632911392405063,5.223849675775343
Ben Shapiro,Do You Trust Your Children With These People?,2023-01-18 00:30:26+00:00,218336,9275,985,148,62.66891891891892,0.0159568733153638,4.766964678294006
Ben Shapiro,Greta Thunberg Has Been Detained | Ep. 1649,2023-01-18 18:00:07+00:00,218263,8779,2166,698,12.577363896848135,0.0795079166192049,5.334390162327101
Ben Shapiro,Miss Universe Goes Trans,2023-01-18 22:30:00+00:00,293619,6129,1957,263,23.304182509505704,0.0429107521618534,2.843480837411748
Ben Shapiro,Ben Reacts to Greta Thunberg’s Arrest,2023-01-19 00:15:02+00:00,169979,7163,1155,224,31.977678571428573,0.0312718134859695,5.025326657998929
Ben Shapiro,"“Global Warming Will Kill Us All, So Give Us Ultimate Power” | Ep. 1650",2023-01-19 18:00:11+00:00,134889,5666,1338,297,19.07744107744108,0.0524179315213554,5.412598506920506
Ben Shapiro,The Priest Class of the New World Religion,2023-01-19 23:40:24+00:00,61606,3296,408,155,21.26451612903226,0.0470266990291262,6.264000259714962
Ben Shapiro,NHL Player REFUSES To Wear Pride Jersey,2023-01-20 01:00:27+00:00,746381,30163,6826,331,91.12688821752266,0.0109737095116533,5.000127280839142
Ben Shapiro,How Steven Crowder Betrayed His Friends | Ep. 1651,2023-01-20 18:00:11+00:00,409921,19613,14038,6801,2.8838406116747537,0.3467598021720287,9.868242905340296
Ben Shapiro,My Response to Steven Crowder's Despicable Betrayal,2023-01-20 20:47:35+00:00,2034793,72050,29912,18450,3.9051490514905143,0.2560721721027064,5.917653540188118
Ben Shapiro,Ben Breaks Down Alec Baldwin's Potential Manslaughter Charge,2023-01-21 00:15:01+00:00,187426,5241,1231,241,21.74688796680498,0.0459835909177637,3.581680236466659
Ben Shapiro,‘Misgendered’ Teen Runs Away and Gets Sex Trafficked,2023-01-22 22:00:17+00:00,174839,9916,1353,155,63.9741935483871,0.0156313029447357,6.534011290387157
Ben Shapiro,Yet More Biden Classified Documents Found | Ep. 1652,2023-01-23 18:00:09+00:00,148451,6134,788,238,25.77310924369748,0.0388001304206064,4.823140295451024
Ben Shapiro,Why This Time?,2023-01-23 23:00:59+00:00,148218,7563,734,99,76.39393939393939,0.0130900436334787,5.664629127366447
Ben Shapiro,Joey Is a Shameless Klepto,2023-01-24 00:30:18+00:00,57668,3035,336,66,45.98484848484848,0.0217462932454695,5.959977803981411
Ben Shapiro,The Results Of Ideal Left-Wing Parenting | Ep. 1653,2023-01-24 18:00:09+00:00,151187,5866,750,277,21.176895306859205,0.0472212751449028,4.559254433251536
Ben Shapiro,M&M's Pauses Campaign After Tucker's ROAST,2023-01-24 22:43:07+00:00,228514,8924,987,192,46.47916666666666,0.0215150156880322,4.421173319796599
Ben Shapiro,Politician's Non-Binary Son ASSAULTS Cop?,2023-01-25 00:30:09+00:00,93943,4809,510,119,40.41176470588236,0.024745269286754,5.788616501495588
Ben Shapiro,California vs. Florida: The Great Battle | Ep. 1654,2023-01-25 18:00:10+00:00,149558,5468,738,201,27.203980099502488,0.0367593269934162,4.283956725818746
Ben Shapiro,Do You Want America to Be California or Florida?,2023-01-25 22:30:05+00:00,69997,3317,721,90,36.855555555555554,0.0271329514621646,5.897395602668685
Ben Shapiro,Whoopi Has a MELTDOWN Over CRT Rejection,2023-01-26 00:15:00+00:00,250172,10221,1370,131,78.02290076335878,0.0128167498287838,4.685576323489439
Ben Shapiro,Facebook Readmits Trump | Ep. 1655,2023-01-26 18:00:08+00:00,132307,4853,774,134,36.21641791044776,0.0276117865237997,4.354266970001588
Ben Shapiro,NY's Demon Statue of RBG?,2023-01-26 22:30:04+00:00,151436,6448,1463,57,113.12280701754386,0.0088399503722084,5.261628674819726
Ben Shapiro,Trump’s Facebook Jail Time Is Over,2023-01-27 00:30:19+00:00,45324,2173,362,76,28.59210526315789,0.0349746893695352,5.760744859235725
Ben Shapiro,"Biden’s Recession Is Coming, And He’s Ready To Blame Republicans | Ep. 1656",2023-01-27 18:00:10+00:00,144359,5099,624,135,37.77037037037037,0.0264757795646205,4.057938888465562
Ben Shapiro,Trans Rapist Goes to Female Prison,2023-01-27 22:30:01+00:00,102282,4435,801,85,52.1764705882353,0.0191657271702367,5.202283881816937
Ben Shapiro,Ben Reacts to Gaslighting Obesity Doctor,2023-01-28 00:30:00+00:00,112790,5113,916,79,64.72151898734177,0.0154508116565617,5.415373703342495
Ben Shapiro,Ben Shapiro's Secrets to Winning Any Argument,2023-01-28 18:00:16+00:00,492742,23809,1307,476,50.01890756302521,0.0199924398336763,5.193793100649021
Ben Shapiro,"When Black Cops Brutalize A Black Man, That’s White Privilege | Ep. 1657",2023-01-30 18:00:11+00:00,168523,7333,1674,22,333.3181818181818,0.0030001363698349,5.35772565169146
Ben Shapiro,Trans Ice Skater BUSTS at Competition,2023-01-30 22:30:03+00:00,165153,6868,1326,157,43.745222929936304,0.0228596389050669,5.056523345019467
Ben Shapiro,Ben Reacts to the Tyre Nichols Tape,2023-01-31 00:15:01+00:00,172655,6787,2279,53,128.0566037735849,0.0078090467069397,5.281630998233471
Ben Shapiro,Pfizer Employee FREAKS OUT After Being Caught,2023-01-31 16:00:18+00:00,148781,6081,854,108,56.30555555555556,0.0177602368031573,4.733803375431003
Ben Shapiro,Will The Ukraine War Turn Into World War III? | Ep. 1658,2023-01-31 18:00:07+00:00,208750,7122,1678,493,14.446247464503042,0.0692221286155574,4.451736526946108
Ben Shapiro,Can’t Wait to Explain This to My 3 Year Old,2023-01-31 22:15:02+00:00,193746,7391,1151,108,68.43518518518519,0.0146123663915572,4.464608301590743
Ben Shapiro,WTH Is She Talking About?,2023-02-01 00:30:24+00:00,362279,12657,2656,252,50.22619047619048,0.0199099312633325,4.296412433511189
Ben Shapiro,"Hunter Biden Is An Evil Scumbag, Not A Victim | Ep. 1659",2023-02-01 18:00:07+00:00,161259,7263,1043,192,37.828125,0.0264353572903758,5.269783391934714
Ben Shapiro,LEAKED: What They Found in His Laptop,2023-02-01 22:15:01+00:00,134705,6925,674,71,97.53521126760565,0.0102527075812274,5.693923759325934
Ben Shapiro,Brokeback Zombie Farm,2023-02-02 00:30:01+00:00,741811,19065,16647,18398,1.0362539406457223,0.9650144243377916,7.29431081501892
Ben Shapiro,"If You’re Black And Cops Kill You, The Vice President Will Speak At Your Funeral | Ep. 1660",2023-02-02 18:00:08+00:00,148441,5623,1173,239,23.527196652719667,0.042504001422728,4.739256674368941
Ben Shapiro,No Amount of Surgeries Will Make You a Woman,2023-02-02 22:30:07+00:00,591030,25796,4348,449,57.4521158129176,0.0174057993487362,5.176217789283116
Ben Shapiro,TikTok Gym Women Shaming Men for Glancing at Their Spray-Painted A$$ES,2023-02-03 00:30:30+00:00,1985125,49327,8842,329,149.93009118541033,0.0066697751738398,2.9468169510736097
Ben Shapiro,Coward Biden Lets China Send Spy Balloon Over America | Ep. 1661,2023-02-03 18:00:09+00:00,178983,7185,1841,132,54.43181818181818,0.0183716075156576,5.116687059664884
Ben Shapiro,AOC Dances Like a Maniac to Defend Ilhan Omar,2023-02-03 22:15:01+00:00,171751,7908,1293,245,32.27755102040816,0.0309812847749114,5.499822417336726
Ben Shapiro,Is the Birth Control Pill Wrecking Your Health?,2023-02-04 00:15:00+00:00,136277,5772,1245,88,65.5909090909091,0.0152460152460152,5.213645736257769
Ben Shapiro,Can You Agree To Disagree?,2023-02-05 13:00:10+00:00,1251604,37540,11190,1020,36.80392156862745,0.0271710175812466,3.974899409078271
Ben Shapiro,Getting Satanic At The Grammys | Ep. 1662,2023-02-06 18:00:09+00:00,400447,16577,3735,297,55.81481481481482,0.0179163901791639,5.146498787604852
Ben Shapiro,Disney+ Teaches Your Kids America Is Evil and Racist,2023-02-06 23:10:48+00:00,119958,6358,1727,128,49.671875,0.0201321170179301,6.846562963703963
Ben Shapiro,Satan Grammys Sponsored by Pfizer and Jill Biden,2023-02-07 00:30:11+00:00,389675,23822,4137,613,38.86133768352365,0.0257325161615313,7.33226406620902
Ben Shapiro,ChatGPT Prefers Nuclear Apocalypse To The N-Word | Ep. 1663,2023-02-07 18:00:10+00:00,168463,6066,780,159,38.15094339622642,0.026211671612265,4.158183102521028
Ben Shapiro,The Deep State Lied About the Chinese Spy Balloons to Protect Biden,2023-02-07 23:55:44+00:00,196280,9704,1124,92,105.47826086956522,0.0094806265457543,5.563480741797433
Ben Shapiro,Fake Digital Comedians Are Getting Banned for Trans Jokes,2023-02-08 01:00:18+00:00,96158,4365,523,70,62.35714285714285,0.0160366552119129,5.156097256598515
Ben Shapiro,Angry Old Man Screams At Americans | Ep. 1664,2023-02-08 18:14:19+00:00,222714,8957,1442,169,53.0,0.0188679245283018,4.745099095701214
Ben Shapiro,Gamer Girl Cries Over Being Used in Deepfake Porn,2023-02-08 22:15:00+00:00,664809,18335,4947,3411,5.375256523013779,0.1860376329424597,4.015138182545663
Ben Shapiro,Republican Hecklers Force Biden to Back Off His Lies in Real Time,2023-02-09 00:30:15+00:00,326926,13075,2217,217,60.25345622119816,0.0165965583173996,4.743886995833919
Ben Shapiro,Woke Voldemort Comes For Harry Potter | Ep. 1665,2023-02-09 18:00:11+00:00,174810,6323,1179,388,16.29639175257732,0.06136327692551,4.51347176934958
Ben Shapiro,Is Hogwarts Legacy Transphobic?,2023-02-10 02:40:41+00:00,237826,8638,1937,445,19.41123595505618,0.0515165547580458,4.633639719795144
Ben Shapiro,Matt Walsh DESTROYS a Tennessee Legislator Over Transing the Kids,2023-02-10 16:00:28+00:00,171073,9183,817,73,125.7945205479452,0.0079494718501579,5.888129628871885
Ben Shapiro,Will A Whistleblower Spill The Beans On The Bidens? | The Ben Shapiro Show Ep. 1666,2023-02-10 18:00:08+00:00,179317,6350,766,133,47.74436090225564,0.0209448818897637,4.042561497236737
Ben Shapiro,The LGBTQ+ Religious Cult Demands Human Sacrifice,2023-02-10 22:55:13+00:00,131669,6242,1451,152,41.06578947368421,0.0243511694969561,5.958122261124486
Ben Shapiro,Purple Haired Leftist Can’t Handle Red-Pilled Asian American,2023-02-11 00:45:00+00:00,408681,18408,1936,276,66.69565217391305,0.014993481095176,5.045500035479996
Ben Shapiro,Ben Shapiro Takes the 5 Love Language Quiz,2023-02-11 18:00:20+00:00,191205,10259,857,85,120.69411764705882,0.0082854079344965,5.858110405062629
Ben Shapiro,Have The Aliens Arrived? | Ep. 1667,2023-02-13 18:00:10+00:00,189832,6883,1439,111,62.009009009009006,0.0161266889437745,4.442349024400523
Ben Shapiro,Rihanna's Halftime Show Sucked,2023-02-13 23:00:57+00:00,328350,10159,4134,2812,3.612731152204837,0.2767988975292844,5.209380234505863
Ben Shapiro,Ben Reacts to the WORST Super Bowl Commercials,2023-02-14 01:49:37+00:00,522618,21587,2036,362,59.63259668508287,0.0167693519247695,4.589394165528168
Ben Shapiro,What are Asexuals Supposed to do on Valentine's Day?,2023-02-14 16:00:08+00:00,86746,3093,952,467,6.623126338329764,0.1509860976398318,5.201392571415397
Ben Shapiro,"Record Numbers Of Teen Girls Are Suicidal. Thanks, Social Justice Warriors! | Ep. 1668",2023-02-14 18:00:10+00:00,184771,6881,1088,122,56.40163934426229,0.0177299811073971,4.378933923613554
Ben Shapiro,Chelsea Handler Is The Saddest Woman In The World,2023-02-14 23:00:46+00:00,247819,10789,3460,386,27.95077720207254,0.0357771804615812,5.905519754336835
Ben Shapiro,Buttigieg Blames Chemical Fire On White Men,2023-02-15 01:00:13+00:00,151210,5790,793,79,73.29113924050633,0.0136442141623488,4.405793267641029
Ben Shapiro,"Biden’s America: Massive Inflation, Chinese Spy Balloons, And Exploding Trains | Ep. 1669",2023-02-15 18:00:07+00:00,141424,5314,769,176,30.193181818181817,0.0331200602182913,4.425698608439869
Ben Shapiro,The View FREAKS OUT over Nikki Haley 2024 Bid,2023-02-15 23:30:43+00:00,279023,9781,1603,207,47.2512077294686,0.0211634802167467,4.1541378309315
Ben Shapiro,Yes. You Should Have Kids. Voluntary Childlessness Is Bad.,2023-02-16 01:30:30+00:00,159870,4324,5576,2852,1.5161290322580645,0.6595744680851063,7.976480890723712
Ben Shapiro,The LGBTQ+-&$# Cancellers Come For The New York Times | Ep. 1670,2023-02-16 18:00:10+00:00,153409,5955,801,132,45.11363636363637,0.0221662468513853,4.489958216271536
Ben Shapiro,My Response to Chelsea Handler’s Newest Attacks,2023-02-16 22:15:04+00:00,274570,9714,2411,195,49.815384615384616,0.0200741198270537,4.487016061477948
Ben Shapiro,Biden Fan Don Lemon Thinks Nikki Hayley Is Too Old,2023-02-17 00:15:01+00:00,110222,5179,861,131,39.534351145038165,0.0252944583896505,5.598700803832266
Ben Shapiro,"Fetterman Hospitalized Again, Proving How Gross Top Democrats Are | Ep. 1671",2023-02-17 18:00:08+00:00,197012,7115,1320,123,57.84552845528455,0.0172874209416725,4.343897833634499
Ben Shapiro,Fetterman Checks Himself Into a Hospital,2023-02-17 22:30:06+00:00,88593,3988,817,55,72.50909090909092,0.0137913741223671,5.485760726016728
Ben Shapiro,Bing’s New AI Chatbot Is a Creepy Stalker...,2023-02-18 00:30:16+00:00,184508,6128,733,192,31.916666666666668,0.031331592689295,3.82259847811477
Ben Shapiro,Ben Shapiro Reacts to Woke Feminist TikToks,2023-02-18 18:00:02+00:00,2151398,71586,7269,758,94.4406332453826,0.0105886625876568,3.7005240313507777
Ben Shapiro,Ben and Ana Kasparian Debate Big Government,2023-02-20 18:00:15+00:00,127411,4778,728,126,37.92063492063492,0.0263708664713269,4.4203404729575935
Ben Shapiro,"Biden Visits Ukraine, Not Ohio Or The Border | Ep. 1672",2023-02-21 18:00:07+00:00,151266,5676,1244,406,13.980295566502464,0.0715292459478506,4.843124033160128
Ben Shapiro,The Woke Censors Gut Roald Dahl,2023-02-21 22:55:56+00:00,108298,5040,1028,27,186.66666666666663,0.0053571428571428,5.627989436554691
Ben Shapiro,I Respond to James O’Keefe Getting Booted From Project Veritas,2023-02-22 00:15:00+00:00,212882,10919,1301,94,116.15957446808513,0.0086088469640076,5.784425174509822
Ben Shapiro,"Biden Unleashes His Most Racist, Dangerous Executive Order | Ep. 1673",2023-02-22 18:00:09+00:00,220272,8690,2575,112,77.58928571428571,0.0128883774453394,5.164977845572746
Ben Shapiro,"""South Park"" Hilariously Shreds Prince Harry and Meghan Markle",2023-02-22 22:30:05+00:00,1170593,35922,2235,394,91.1725888324873,0.0109682088970547,3.293288102696668
Ben Shapiro,The Kids Aren’t Alright…,2023-02-23 00:30:05+00:00,160829,7634,2678,46,165.95652173913044,0.0060256746135708,6.440380777098658
Ben Shapiro,"Trump’s Brilliant Visit To East Palestine, Ohio | Ep. 1674",2023-02-23 18:00:08+00:00,322324,14791,2430,177,83.56497175141243,0.0119667365289703,5.3976743897444805
Ben Shapiro,This May Be the Greatest Story in Human History,2023-02-23 22:30:05+00:00,763095,31759,3300,190,167.15263157894736,0.0059825561258226,4.619215169801925
Ben Shapiro,Radical Race Agitator Finds Out Her Ancestor Was a White Mayflower Passenger,2023-02-24 00:30:29+00:00,716668,23318,4370,354,65.87005649717514,0.0151814049232352,3.912829929618736
Ben Shapiro,Pete Buttigieg Is A Train Wreck | Ep. 1675,2023-02-24 18:00:07+00:00,171005,6716,1087,93,72.21505376344086,0.0138475282906491,4.617408847694512
Ben Shapiro,Miley Cyrus Is Just SAD and Divorced,2023-02-24 22:15:01+00:00,187602,6882,2201,759,9.067193675889328,0.1102877070619006,5.2462127269432095
Ben Shapiro,Ben Breaks Down the Murdaugh Double Murder Trial,2023-02-25 00:15:01+00:00,152574,4156,855,257,16.171206225680933,0.0618383060635226,3.4527507963348936
Ben Shapiro,This Is One of the Most Inspiring Things I’ve Ever Seen,2023-02-25 17:00:27+00:00,785624,35535,3005,714,49.76890756302521,0.020092866188265,4.996537783978086
Ben Shapiro,The Greatest Cover-Up In History | Ep. 1676,2023-02-27 18:00:08+00:00,233644,9918,1580,220,45.08181818181818,0.0221818915103851,5.01532245638664
Ben Shapiro,Video Proof the Left LOVES Anti-White Racism,2023-02-27 22:30:05+00:00,209175,10035,2528,112,89.59821428571429,0.0111609367214748,6.059519541054141
Ben Shapiro,‘Breaking Bad’ Star Attacks MAGA for Being ‘Racist',2023-02-28 00:30:20+00:00,205986,8607,2222,374,23.013368983957218,0.0434530033693505,5.438719136251978
Ben Shapiro,Musk Calls The Media Racist – And He’s Right | Ep. 1677,2023-02-28 18:00:08+00:00,187230,7875,1437,287,27.4390243902439,0.0364444444444444,5.126849329701437
Ben Shapiro,Katy Perry WEEPS Over Gun Control on 'American Idol',2023-02-28 22:30:02+00:00,196268,8511,2443,211,40.33649289099526,0.0247914463635295,5.688650212974097
Ben Shapiro,The Rise and Fall of American News Media,2023-03-01 00:53:31+00:00,347774,17173,1477,114,150.640350877193,0.0066383276072905,5.395457969830982
Ben Shapiro,Transing Your Kid is BAD Parenting,2023-03-01 16:00:25+00:00,133484,4668,943,28,166.71428571428572,0.0059982862039417,4.2244763417338405
Ben Shapiro,Voters Give Radical Chicago Mayor Lori Lightfoot The Boot | Ep. 1678,2023-03-01 18:00:06+00:00,306866,11422,1898,178,64.1685393258427,0.015583960777447,4.398662608434952
Ben Shapiro,Biden Tells Creepy Story of Nurse Whispering in His Ear,2023-03-01 22:30:02+00:00,111909,6414,1007,54,118.77777777777776,0.0084190832553788,6.679534264447005
Ben Shapiro,Exclusive Fireside Chat With Ron DeSantis,2023-03-02 00:30:10+00:00,590876,22410,2940,404,55.47029702970297,0.0180276662204373,4.358613313114765
Ben Shapiro,McDonald’s Sells Wet A$$ Happy Meals With Cardi B and Offset,2023-03-02 16:00:36+00:00,278513,4563,1393,53,86.09433962264151,0.0116151654613193,2.1575294510489638
Ben Shapiro,"This Women’s History Month, All The Best Women Are Men | Ep. 1679",2023-03-02 18:00:09+00:00,204574,8017,1156,60,133.61666666666667,0.0074840962953723,4.513281257637823
Ben Shapiro,Teacher Only Wears Fake Huge Boobs in Classroom?,2023-03-02 22:30:01+00:00,161077,5628,792,90,62.53333333333333,0.0159914712153518,4.041545347877102
Ben Shapiro,Greta Gets Herself Arrested for the Cameras...Again,2023-03-03 00:30:00+00:00,215709,7866,1307,111,70.86486486486487,0.0141113653699466,4.303946520543881
Ben Shapiro,IHateHersheys.com | Ep. 1680,2023-03-03 18:00:08+00:00,203298,7996,1222,159,50.28930817610063,0.0198849424712356,4.612440850377278
Ben Shapiro,Russell Brand WRECKS Big Pharma for Ignoring Natural Immunity,2023-03-03 22:30:10+00:00,164799,6376,513,137,46.54014598540146,0.0214868255959849,4.263375384559373
Ben Shapiro,Uncle Ben's SJW Storytime: They're Turning The Zebras Gay,2023-03-04 00:30:16+00:00,125388,5192,605,17,305.4117647058824,0.0032742681047765,4.636807349985644
Ben Shapiro,Ben Shapiro Reacts to What South Park Predicted,2023-03-04 15:00:03+00:00,3096508,102415,4494,2326,44.03052450558899,0.0227115168676463,3.527683442122546
Ben Shapiro,Chris Rock Leads The Anti-Woke Revolution | Ep. 1681,2023-03-06 18:05:41+00:00,1123382,27421,3480,1154,23.76169844020797,0.0420845337515043,2.8534372101386705
Ben Shapiro,"AOC Is Super-Corrupt, and Here’s the Proof",2023-03-06 22:30:02+00:00,224482,10379,886,56,185.3392857142857,0.0053955101647557,5.043166044493545
Ben Shapiro,Chris Rock RIPS Wokeness & Will Smith,2023-03-07 00:30:19+00:00,2366513,64191,4564,898,71.48218262806236,0.0139895000856817,2.943275612684148
Ben Shapiro,Shocking New January 6 Tape Explodes Media Narratives | Ep. 1682,2023-03-07 18:00:07+00:00,232775,10762,1880,237,45.40928270042194,0.0220219290094777,5.532810654065084
Ben Shapiro,Kamala Struggles to Explain How Water Works,2023-03-07 22:30:10+00:00,574995,23445,2403,210,111.64285714285714,0.0089571337172104,4.5318654944825605
Ben Shapiro,Ben Reacts to Tucker’s January 6 Footage,2023-03-08 00:30:13+00:00,1356240,48518,7742,909,53.375137513751376,0.0187353147285543,4.2152568866867215
Ben Shapiro,Andrew Tate and the Era of Sexual Confusion  | Ep. 1683,2023-03-08 18:00:07+00:00,233001,8429,1888,686,12.287172011661808,0.0813856922529362,4.722297329196012
Ben Shapiro,Tate: It’s Ok to Sleep With Trans Women If…,2023-03-08 22:30:01+00:00,217244,6630,3121,1460,4.541095890410959,0.2202111613876319,5.160556793283129
Ben Shapiro,This Confused Girl Says “Like” 1 Million Times...but She’s Not Wrong,2023-03-09 00:30:01+00:00,953723,28485,3189,276,103.20652173913044,0.0096893101632438,3.350029306203164
Ben Shapiro,The White House vs. Tucker Carlson,2023-03-09 18:00:08+00:00,294265,11747,1730,272,43.1875,0.0231548480463096,4.672319168096784
Ben Shapiro,MrBeast Under Attack!!!,2023-03-10 14:00:01+00:00,424340,16154,1488,134,120.55223880597016,0.0082951590937229,4.189093651317339
Ben Shapiro,Jill Biden Just Gave This Dude a Women's Award,2023-03-10 16:00:03+00:00,88395,4354,1069,26,167.46153846153845,0.0059715204409738,6.164375813111602
Ben Shapiro,Selfish Jerk Kaepernick Attacks His “Problematic” White Parents,2023-03-10 18:00:10+00:00,208088,8727,1651,121,72.12396694214875,0.0138650166151025,5.045461535504209
Ben Shapiro,"Ben Shapiro REACTS to ""The Ick"" TikToks",2023-03-11 15:00:19+00:00,1403211,43439,5137,299,145.2809364548495,0.0068832155436359,3.4830827295396056
Ben Shapiro,Colin Kaepernick Proves He Is an Awful Human Being,2023-03-11 21:00:14+00:00,226533,7499,1655,91,82.4065934065934,0.0121349513268435,4.081083109304163
Ben Shapiro,"Guess Who Wants to Deploy the ""Queer Marines""?!?!",2023-03-12 00:00:08+00:00,93989,4831,773,76,63.56578947368421,0.0157317325605464,6.04326038153401
Ben Shapiro,Piers Morgan On The Royal Family: UNCENSORED,2023-03-12 10:00:07+00:00,531769,15028,2412,217,69.25345622119816,0.0144397125365983,3.320426726642584
Ben Shapiro,Is The Economy About To Meltdown?,2023-03-13 17:00:07+00:00,414418,12834,1681,210,61.114285714285714,0.0163627863487611,3.5531757790443463
Ben Shapiro,You Won’t Believe What Piers Morgan Said About Meghan Markle | @PiersMorganUncensored,2023-03-13 22:09:54+00:00,1064790,28085,2524,201,139.726368159204,0.0071568452910806,2.8935283013551967
Ben Shapiro,Ben's Surprising Oscar Reaction,2023-03-14 12:42:56+00:00,333961,9456,1999,1051,8.997145575642245,0.1111463620981387,3.744748638314055
Ben Shapiro,Ben Shapiro Breaks Down Massive Bank Crash,2023-03-14 15:18:50+00:00,66367,2394,217,78,30.692307692307693,0.0325814536340852,4.051712447451294
Ben Shapiro,The Banking Meltdown Gets Worse,2023-03-14 17:00:10+00:00,306241,10678,1556,294,36.31972789115646,0.0275332459262034,4.090895732446015
Ben Shapiro,Watch Ben Trash Oscar Winners,2023-03-15 13:00:26+00:00,278355,7329,4275,6386,1.1476667710616977,0.8713330604448083,6.462969948447126
Ben Shapiro,Biden's HILARIOUS Gay Marriage Lie,2023-03-15 15:00:07+00:00,101705,5666,825,111,51.04504504504504,0.0195905400635368,6.491322943808073
Ben Shapiro,Preparing For Financial Armageddon,2023-03-15 17:00:10+00:00,283848,9349,1079,142,65.83802816901408,0.0151887902449459,3.7238240184887688
Ben Shapiro,This Is Straight Out of Parks and Rec,2023-03-16 13:00:04+00:00,80676,4458,454,42,106.14285714285714,0.0094212651413189,6.140611830036194
Ben Shapiro,What We Found Out About Jussie Smollett,2023-03-16 15:00:05+00:00,196603,7817,943,17,459.8235294117647,0.0021747473455289,4.464326587081581
Ben Shapiro,"$5 Million For Being Black, And Other Terrible Policy Ideas",2023-03-16 17:00:08+00:00,187644,6918,1253,149,46.42953020134228,0.0215380167678519,4.433928076570528
Ben Shapiro,Dylan Mulvaney REACTS to Ben Shapiro,2023-03-16 23:00:09+00:00,852194,26801,4148,311,86.17684887459806,0.0116040446252005,3.6681788419068897
Ben Shapiro,Outraged Libs DESTROY College Campus,2023-03-17 13:00:10+00:00,109025,4985,778,21,237.3809523809524,0.0042126379137412,5.30520522815868
Ben Shapiro,The Elites Who Control Our Lives Are F***ing Weird,2023-03-17 17:02:16+00:00,243587,9862,1717,189,52.17989417989418,0.0191644696816061,4.831128097969104
Ben Shapiro,Ben Shapiro Plays Minecraft Pt. 2,2023-03-18 14:00:28+00:00,651675,43879,3988,429,102.28205128205128,0.0097768864377036,7.411056124601988
Ben Shapiro,Pre-Trans Video of Dylan Mulvaney Resurfaces,2023-03-18 20:00:12+00:00,513184,17516,3217,242,72.3801652892562,0.013815939712263,4.08722797281287
Ben Shapiro,The Most Out of Touch Speech Ever,2023-03-18 23:00:02+00:00,127805,4674,701,31,150.7741935483871,0.0066324347454,4.229881460036775
Ben Shapiro,How Far Would You Go to Find The Truth?,2023-03-19 10:00:11+00:00,155800,8584,713,63,136.25396825396825,0.0073392357875116,6.007702182284981
Ben Shapiro,Are They About To Arrest Trump?,2023-03-20 17:00:11+00:00,280287,9357,1210,223,41.95964125560538,0.0238324249225179,3.84962556237
Ben Shapiro,Why Trump’s Imminent Arrest Is a Good Thing,2023-03-21 13:00:05+00:00,247586,8912,922,314,28.38216560509554,0.0352333931777378,4.098777798421558
Ben Shapiro,The Trump Indictment Looms,2023-03-21 17:00:11+00:00,194323,6301,1087,205,30.73658536585366,0.0325345183304237,3.907411886395332
Ben Shapiro,Why Is This the Most Ironic Robbery Ever?,2023-03-21 23:00:09+00:00,132612,5660,455,35,161.71428571428572,0.0061837455830388,4.637589358429102
Ben Shapiro,Even Chris Rock Knows This Is a Bad Idea,2023-03-22 00:30:11+00:00,333738,8054,1155,137,58.78832116788321,0.0170101812763844,2.800400314018781
Ben Shapiro,She LOSES IT Over Ted Lasso,2023-03-22 13:00:36+00:00,122865,4746,523,131,36.22900763358778,0.0276021913190054,4.395067757294592
Ben Shapiro,The Battle Royale Begins: Ron vs. Don,2023-03-22 17:00:10+00:00,228581,6039,1762,246,24.54878048780488,0.0407352210630899,3.520415082618415
Ben Shapiro,This Foreign Policy Change is Despicable,2023-03-23 00:00:02+00:00,120620,4977,620,75,66.36,0.0150693188667872,4.702371082739181
Ben Shapiro,May the Best Man Win,2023-03-23 13:00:02+00:00,125810,4028,1039,106,38.0,0.0263157894736842,4.11175582227168
Ben Shapiro,Americans Are Officially Getting Dumber,2023-03-23 17:00:11+00:00,198395,6815,1379,137,49.74452554744526,0.0201027146001467,4.199198568512311
Ben Shapiro,Why Don’t Kids in China See This?,2023-03-24 13:00:41+00:00,225349,9012,923,133,67.7593984962406,0.0147581003106968,4.467736710613315
Ben Shapiro,The Democratic Quest To Brainwash Your Kids,2023-03-24 17:00:10+00:00,152431,5556,801,41,135.5121951219512,0.0073794096472282,4.197308946342935
Ben Shapiro,Children NEED Drag?!,2023-03-25 00:00:09+00:00,60831,3270,531,14,233.57142857142856,0.0042813455657492,6.271473426377998
Ben Shapiro,Ben Shapiro Reviews 'John Wick 4' [SPOILERS],2023-03-25 13:30:17+00:00,306112,9743,2984,3410,2.857184750733138,0.3499948681104383,5.271599937277859
Ben Shapiro,Ben Shapiro Reacts to Jazz Jennings,2023-03-25 20:00:09+00:00,1314280,42664,8905,426,100.15023474178405,0.0099849990624414,3.9561585050369774
Ben Shapiro,WARNING: These Congresspeople Want to Indoctrinate Your Kids,2023-03-26 14:00:32+00:00,96375,5055,674,51,99.11764705882354,0.0100890207715133,5.997405966277562
Ben Shapiro,"Everything is Racist, Including You",2023-03-27 12:00:11+00:00,208609,7529,1179,195,38.61025641025641,0.02589985389826,4.26779285649229
Ben Shapiro,The Most Inspiring Story You’ll Hear Today,2023-03-28 13:00:31+00:00,372674,12241,1432,267,45.846441947565545,0.0218119434686708,3.7405346227533984
Ben Shapiro,Posting THESE Memes Apparently Make You Racist?,2023-03-28 15:00:00+00:00,59562,2836,379,25,113.44,0.0088152327221438,5.439709882139619
Ben Shapiro,Trans Mass Shooter Murders Children At Christian School,2023-03-28 17:00:08+00:00,316984,13439,3302,232,57.92672413793103,0.0172631892253887,5.354528935214396
Ben Shapiro,Agatha Christie BAD!,2023-03-29 13:00:22+00:00,69400,3316,369,22,150.72727272727272,0.0066344993968636,5.3414985590778095
Ben Shapiro,One of Biden’s Most Tone-Deaf Moments EVER,2023-03-29 15:00:05+00:00,102678,5112,709,6,852.0,0.0011737089201877,5.675022887083894
Ben Shapiro,"A Trans Person Murders Schoolchildren, And It's Your Fault For Being Anti-Trans",2023-03-29 17:00:07+00:00,220624,10784,2630,42,256.7619047619048,0.0038946587537091,6.099064471680325
Ben Shapiro,This Is the Worst Take on the Nashville Shooting,2023-03-29 23:00:05+00:00,263778,11412,1878,51,223.76470588235293,0.0044689800210304,5.057662124968724
Ben Shapiro,Who Is the Murderer: Him or His Friend?,2023-03-30 01:00:05+00:00,55586,1625,174,85,19.11764705882353,0.0523076923076923,3.389342640233152
Ben Shapiro,How The West Turned Kids Suicidal,2023-03-30 13:00:10+00:00,172290,7011,1058,103,68.06796116504854,0.0146911995435743,4.743165592895699
Ben Shapiro,The Jobs Least Affected By AI,2023-03-30 23:00:04+00:00,164504,4641,1616,174,26.67241379310345,0.037491919844861,3.9093274327675926
Ben Shapiro,NO MORE YELLING IN THE ARMY,2023-03-31 01:00:17+00:00,69119,3027,598,43,70.3953488372093,0.0142054839775355,5.306789739434888
Ben Shapiro,BREAKING: Trump Indicted,2023-03-31 10:00:06+00:00,387932,15170,3320,329,46.109422492401215,0.0216875411997363,4.851107926131384
Ben Shapiro,Ben Shapiro Reacts: Dylan Mulvaney’s Got A Brand New Bag,2023-03-31 23:00:18+00:00,342921,14004,2652,100,140.04,0.0071408169094544,4.886256601374661
Ben Shapiro,Ben Shapiro Reacts to What South Park Predicted Pt. 2,2023-04-01 14:00:00+00:00,1220332,44925,1782,614,73.16775244299674,0.0136672231496939,3.877715244703901
Ben Shapiro,They Did It.,2023-04-01 17:00:18+00:00,754886,17675,2542,320,55.234375,0.0181046676096181,2.720543234342669
Ben Shapiro,Ben Reviews Bernie's New Book,2023-04-02 14:00:27+00:00,155472,6668,1569,176,37.88636363636363,0.0263947210557888,5.41126376453638
Ben Shapiro,"AOC FREAKS OUT on 'Libs Of TikTok' Account Owner, Chaya Raichik",2023-04-02 17:00:08+00:00,255642,12987,1281,96,135.28125,0.0073920073920073,5.618795033679912
Ben Shapiro,Trump's Imminent Arrest,2023-04-03 17:00:08+00:00,200289,7441,1362,176,42.27840909090909,0.0236527348474667,4.483022033162081
Ben Shapiro,Ben Reacts to Dylan Mulvaney x Bud Light Collab,2023-04-03 22:00:11+00:00,585950,18399,4950,231,79.64935064935065,0.0125550301646828,4.024234149671474
Ben Shapiro,These Adults Love Wearing Baby Diapers,2023-04-04 00:30:21+00:00,172610,6292,1707,281,22.391459074733092,0.0446598855689764,4.7969410810497655
Ben Shapiro,TODAY Is The Day,2023-04-04 14:00:11+00:00,218486,7421,1348,135,54.97037037037037,0.0181916183802722,4.075318327032395
Ben Shapiro,Biggest March Madness L Goes to Jill Biden,2023-04-04 22:07:06+00:00,107762,4649,958,66,70.43939393939394,0.0141966014196601,5.264378909077411
Ben Shapiro,Harry Potter…More Like Mary Potter,2023-04-05 00:30:24+00:00,188228,7588,1291,127,59.74803149606299,0.0167369530838165,4.784622904137535
Ben Shapiro,Trump Is Charged -- And Then Fights Back,2023-04-05 10:00:09+00:00,352106,12890,2194,345,37.36231884057971,0.0267649340574088,4.381919081185779
Ben Shapiro,Build-A-Bear Is Grooming Your Children,2023-04-05 22:30:01+00:00,103410,5380,1006,61,88.19672131147541,0.0113382899628252,6.2344067304902815
Ben Shapiro,The CRAZIEST Protestor You’ve Ever Seen,2023-04-06 00:30:26+00:00,186543,7908,919,100,79.08,0.0126454223571067,4.785491816900125
Ben Shapiro,Ben & Jordan Breakdown the Meaning of Sacrifice | @JordanBPeterson,2023-04-06 22:30:02+00:00,155175,6224,818,233,26.71244635193133,0.0374357326478149,4.688255195746738
Ben Shapiro,What Happened to James O'Keefe?,2023-04-07 22:30:01+00:00,46258,2439,143,42,58.07142857142857,0.017220172201722,5.672532318734056
Ben Shapiro,Ben Shapiro Reacts To Whatever Podcast,2023-04-08 14:00:21+00:00,1574087,67027,4551,422,158.83175355450237,0.0062959702806331,4.574080085789413
Ben Shapiro,Ben & Russell Brand Uncover Shocking Biblical Truths,2023-04-09 13:00:35+00:00,630046,23495,2692,380,61.828947368421055,0.0161736539689295,4.216676242687042
Ben Shapiro,Democrats Ignore Dead Christian Children,2023-04-10 17:00:06+00:00,166655,6755,1079,191,35.36649214659686,0.0282753515914137,4.815337073595152
Ben Shapiro,You Still Think This Trans Partnership Is a Good Idea?,2023-04-10 22:30:05+00:00,1217859,31026,8192,397,78.15113350125945,0.0127957197189454,3.252839614438124
Ben Shapiro,WATCH Kamala Harris Do Her Best Tube Man Impression,2023-04-11 00:30:18+00:00,115345,5298,573,19,278.8421052631579,0.0035862589656474,5.106419870822316
Ben Shapiro,The Left's New Civil Rights Heroes Are Fakes,2023-04-11 17:00:11+00:00,194383,7428,1389,181,41.03867403314917,0.0243672590199246,4.6290056229197
Ben Shapiro,Bud Light in Financial CRISIS,2023-04-11 22:00:02+00:00,621512,23747,3916,292,81.32534246575342,0.0122962900576914,4.497901890872582
Ben Shapiro,Dalai Lama Causes Dalai Trauma,2023-04-12 00:30:00+00:00,239445,10292,2464,246,41.83739837398374,0.0239020598523124,5.4300570068282905
Ben Shapiro,Ben & Russell Brand Uncover The Problem With Cancel Culture,2023-04-12 22:00:02+00:00,137072,5245,462,41,127.92682926829268,0.007816968541468,4.193416598575931
Ben Shapiro,The Secret to Successful Relationships | @JordanBPeterson,2023-04-13 22:30:02+00:00,64163,3107,258,35,88.77142857142857,0.0112648857418731,5.299004098935524
Ben Shapiro,Lia Thomas Is an Example of Social Contagion | @MegynKelly,2023-04-14 00:30:01+00:00,247885,12051,1347,96,125.53125,0.0079661438884739,5.443653306977025
Ben Shapiro,Shocking Details Emerge As Pentagon Leaker Arrested,2023-04-14 17:00:09+00:00,228582,8016,1135,224,35.785714285714285,0.0279441117764471,4.101372811507468
Ben Shapiro,Jada Pinkett Smith Wants YOU to Think Cleopatra Was Black,2023-04-14 22:30:02+00:00,424987,18062,7051,180,100.34444444444443,0.0099656737902779,5.951476162800274
Ben Shapiro,Trans Ballerina? What a Nutcracker.,2023-04-15 00:00:30+00:00,203647,7782,1837,146,53.3013698630137,0.0187612438961706,4.795062043634328
Ben Shapiro,Ben Shapiro Reacts to Traditional Wife TikToks,2023-04-15 14:00:19+00:00,1405900,49241,5874,612,80.45915032679738,0.0124286671676042,3.963795433530122
Ben Shapiro,MrBeast Vs Trans Controversy,2023-04-17 17:00:06+00:00,567172,21309,3065,872,24.43692660550459,0.0409216762870148,4.4512070412502736
Ben Shapiro,You MUST Hear Bud Light’s Half-Brewed Apology,2023-04-17 22:13:12+00:00,271023,9629,1357,98,98.25510204081633,0.0101775885346349,4.089689804924306
Ben Shapiro,Here is WHY MrBeast is in BIG Trouble,2023-04-18 00:30:13+00:00,2045714,65239,9488,3421,19.070154925460397,0.0524379588896212,3.820084332414013
Ben Shapiro,What They Won't Tell You About Black People Killing White People,2023-04-18 17:29:24+00:00,313187,12689,3536,265,47.88301886792453,0.0208842304358105,5.265224929514954
Ben Shapiro,"If SHE was The Joke, They Nailed It.",2023-04-18 22:00:34+00:00,239322,10580,1742,79,133.9240506329114,0.0074669187145557,5.181721697127719
Ben Shapiro,MAYHEM and LOOTING in Chicago Goes Viral,2023-04-19 00:30:21+00:00,282834,16501,3506,118,139.83898305084745,0.007151081752621,7.115481165630723
Ben Shapiro,THEY'RE TURNING THE MICKEYS GAY,2023-04-19 17:00:07+00:00,238911,9643,1644,170,56.72352941176471,0.0176293684538006,4.795509624923088
Ben Shapiro,Ben Shapiro REACTS | The Marvels is More Woke Garbage,2023-04-19 22:05:08+00:00,176797,7351,1714,239,30.757322175732217,0.032512583321997,5.262532735283969
Ben Shapiro,BREAKING: Inside the Matt Walsh Phone Hack,2023-04-20 00:30:32+00:00,346013,16699,1772,173,96.52601156069365,0.0103599017905263,5.3882368581527285
Ben Shapiro,Want To Visit The White House? Don't Be White!,2023-04-20 17:00:11+00:00,158510,6774,1209,270,25.08888888888889,0.0398582816651904,5.206611570247934
Ben Shapiro,Non-Binary Luggage Heist Guy Might Actually Be Crazy,2023-04-20 22:09:24+00:00,145209,6343,1076,107,59.2803738317757,0.0168689894371748,5.182874339744782
Ben Shapiro,Only Inviting Black Victims Isn’t Racist?,2023-04-21 00:30:23+00:00,81890,4448,764,56,79.42857142857143,0.0125899280575539,6.4330199047502745
Ben Shapiro,SHOCKING: How They Shut Down The Hunter Biden Story,2023-04-21 17:00:10+00:00,204174,7722,1464,129,59.86046511627907,0.0167055167055167,4.562285109759323
Ben Shapiro,LOSERS Laugh at Billionaire Rocket SNAFU,2023-04-21 22:00:29+00:00,289231,8570,1312,115,74.52173913043478,0.013418903150525,3.456406816696689
Ben Shapiro,Warner Bros Making Black Gay Robin Hood?!?,2023-04-22 00:30:01+00:00,157343,6871,1692,138,49.789855072463766,0.0200844127492359,5.529956845871758
Ben Shapiro,Ben Shapiro Destroys VR Surgeon Game With Facts & Logic,2023-04-22 14:00:00+00:00,223248,13107,1058,166,78.9578313253012,0.012664988174258,6.419318426144915
Ben Shapiro,BREAKING: Biden To Announce Re-Election Run This Week,2023-04-24 11:00:10+00:00,193588,7380,1253,280,26.357142857142858,0.037940379403794,4.604107692625576
Ben Shapiro,VP Takes Sus Leave of Absence,2023-04-24 21:32:16+00:00,93917,3943,579,126,31.293650793650794,0.0319553639360892,4.949050757583824
Ben Shapiro,Why Not Identify as a 6-year-old?,2023-04-25 00:00:18+00:00,289212,12888,2501,153,84.23529411764706,0.0118715083798882,5.373912562410965
Ben Shapiro,BREAKING: Tucker Carlson OUT At Fox News,2023-04-25 10:00:08+00:00,419870,17675,3547,443,39.89841986455982,0.025063649222065,5.159930454664539
Ben Shapiro,Is THIS Bride Appropriation?,2023-04-25 20:00:02+00:00,85664,4040,875,15,269.3333333333333,0.0037128712871287,5.755042958535674
Ben Shapiro,Ben Shapiro REACTS To Tucker Carlson Ousting,2023-04-25 22:30:00+00:00,376163,12499,1640,284,44.01056338028169,0.0227218177454196,3.8342420705917375
Ben Shapiro,Corpse Declares Re-Election Launch,2023-04-26 10:00:08+00:00,212844,9104,2167,188,48.42553191489362,0.0206502636203866,5.383755238578489
Ben Shapiro,Ben Shapiro Reacts to Jazz Jennings Reacting to Ben Shapiro,2023-04-26 21:20:29+00:00,491310,21091,2763,175,120.52,0.0082973780285429,4.890802141214304
Ben Shapiro,AOC Wants Tucker De-Platformed,2023-04-26 23:00:17+00:00,124535,5246,966,71,73.88732394366197,0.0135341212352268,5.045168025053197
Ben Shapiro,FIGHT NIGHT: Disney vs. DeSantis,2023-04-27 17:00:07+00:00,175135,6777,977,99,68.45454545454545,0.0146082337317397,4.483969509235732
Ben Shapiro,"Why Does This Tweet Have 79,200,000+ Views?",2023-04-27 21:00:33+00:00,732324,30743,2244,253,121.51383399209486,0.0082295156621019,4.538974552247366
Ben Shapiro,Maybelline Didn’t Get the Bud Light Memo,2023-04-27 23:00:04+00:00,336980,13164,3034,191,68.92146596858639,0.0145092676997872,4.863493382396582
Ben Shapiro,Visual PROOF Press Is In Biden's Pocket,2023-04-28 17:00:08+00:00,165812,6140,733,82,74.8780487804878,0.0133550488599348,4.194509444431042
Ben Shapiro,Whoopi FAILS At Using The Bible To Support Trans Rights,2023-04-28 21:12:55+00:00,280962,14748,2468,141,104.59574468085108,0.009560618388934,6.177703746414106
Ben Shapiro,Ben Reacts to Obama's New Netflix Series,2023-04-28 23:00:04+00:00,122903,4424,640,152,29.105263157894736,0.0343580470162748,4.243997298682701
Ben Shapiro,Ben Shapiro REACTS to INSANE Woke TikToks | Volume 12,2023-04-29 14:00:09+00:00,2180669,76679,5948,565,135.7150442477876,0.0073683798693253,3.814976046341742
Ben Shapiro,Why Is Culture Attacking Masculinity? @AndrewKlavan,2023-04-30 14:00:31+00:00,86272,4255,419,149,28.55704697986577,0.0350176263219741,5.590458086053412
Ben Shapiro,The Most Vomit-Inducing Event Of The Year,2023-05-01 17:00:06+00:00,244366,10039,1424,209,48.03349282296651,0.0208188066540492,4.776441894535247
Ben Shapiro,Successfully Trans Blind?,2023-05-01 22:32:43+00:00,154903,7083,793,100,70.83,0.0141183114499505,5.14902874702233
Ben Shapiro,How NOT to Make An Entrance to The White House Dinner,2023-05-02 00:00:06+00:00,142160,6021,644,13,463.1538461538461,0.0021591097824281,4.697523916713562
Ben Shapiro,The Satanists Are Winning,2023-05-02 17:00:07+00:00,235034,10254,2561,225,45.57333333333333,0.0219426565242832,5.548133461541735
Ben Shapiro,Apple Joins WOKE Streaming Wars,2023-05-02 22:00:25+00:00,74452,3024,665,59,51.25423728813559,0.019510582010582,5.034115940471713
Ben Shapiro,What Happened at the Biggest Satanist Convention?,2023-05-02 23:45:00+00:00,332037,14997,3252,219,68.47945205479452,0.0146029205841168,5.562030737538287
Ben Shapiro,Did Ukraine Just Try To Assassinate Putin?,2023-05-03 17:00:11+00:00,246448,9296,1743,154,60.36363636363637,0.0165662650602409,4.541728883983639
Ben Shapiro,Ben Interviews VIRAL Anti-Woke Rapper | @TomMacDonaldOfficial,2023-05-03 20:00:12+00:00,2511317,119843,12746,1839,65.16748232735182,0.0153450764750548,5.352888544138394
Ben Shapiro,This Will Be A BIG Problem For The US Military,2023-05-03 22:17:38+00:00,80574,3076,916,41,75.02439024390245,0.0133289986996098,5.00533670911212
Ben Shapiro,What’s REALLY Going On At The Border,2023-05-04 00:00:01+00:00,121176,6058,804,55,110.14545454545454,0.0090789039286893,5.708226051363306
Ben Shapiro,Is This The New George Floyd?,2023-05-04 17:00:09+00:00,183530,8642,1847,20,432.1,0.0023142791020597,5.726039339617501
Ben Shapiro,You WON'T BELIEVE What Ben Shapiro Says About the Dune Trailer,2023-05-04 22:00:13+00:00,141858,4835,722,331,14.607250755287009,0.068459152016546,4.150629502742179
Ben Shapiro,What Just Happened at Barstool Sports?!?,2023-05-05 00:00:07+00:00,631578,11939,1892,110,108.53636363636365,0.009213501968339,2.2073283109924664
Ben Shapiro,Why Economic Collapse Is Imminent,2023-05-05 17:00:09+00:00,214637,7683,1066,222,34.608108108108105,0.0288949629051151,4.179614884665738
Ben Shapiro,LOL: 4.6 Million Fans Want Amber Turd Removed From This Movie,2023-05-05 21:00:22+00:00,589426,14448,1698,222,65.08108108108108,0.0153654485049833,2.776938920237655
Ben Shapiro,Is THIS Company The New Bud Light??,2023-05-05 23:00:07+00:00,857923,20299,2521,206,98.53883495145632,0.0101482831666584,2.6839238486437598
Ben Shapiro,Ben Shapiro DESTROYS 2023 Met Gala LEWKS,2023-05-06 14:00:34+00:00,659829,22103,1622,251,88.0597609561753,0.0113559245351309,3.633668723260117
Ben Shapiro,"@GlennGreenwald | ​Journalism, Snowden, Brazil, Russia/Ukraine, and Censorship",2023-05-07 12:00:09+00:00,130680,5253,669,126,41.69047619047619,0.0239862935465448,4.628099173553719
Ben Shapiro,"Don't Believe The Media, Watch THIS First",2023-05-08 17:00:11+00:00,221237,9283,1132,45,206.2888888888889,0.0048475708283959,4.727961416942012
Ben Shapiro,THIS Is Where We Are In Society,2023-05-08 21:30:08+00:00,130239,5922,597,32,185.0625,0.0054035798716649,5.029983338324158
Ben Shapiro,AWKWARD: Meghan Markle Wasn't At The Coronation,2023-05-08 22:30:04+00:00,103600,4260,1189,59,72.20338983050847,0.0138497652582159,5.316602316602316
Ben Shapiro,How To Ruin A Man’s Life,2023-05-09 17:00:06+00:00,171499,6329,797,88,71.92045454545455,0.0139042502765049,4.206438521507415
Ben Shapiro,Is This Kids TV Show Being Canceled?!,2023-05-09 21:30:05+00:00,85238,3795,527,69,55.0,0.0181818181818181,5.151458269785776
Ben Shapiro,HOT Take From Evangeline Lilly,2023-05-09 22:30:05+00:00,216568,10199,676,74,137.82432432432432,0.0072556132954211,5.055686897417901
Ben Shapiro,Tucker's Back!,2023-05-10 17:00:07+00:00,206417,8023,825,78,102.85897435897436,0.0097220491088121,4.324256238585001
Ben Shapiro,MrBeast Is Bad For Helping Deaf People Hear Again?!,2023-05-10 21:30:00+00:00,204164,9306,1072,115,80.92173913043479,0.0123576187405974,5.139495699535667
Ben Shapiro,Chris Pratt Is an Actual Christian Role Model,2023-05-10 22:30:05+00:00,531050,29635,2354,214,138.48130841121494,0.0072211911591024,6.064024103191789
Ben Shapiro,Trump STEAMROLLS CNN,2023-05-11 17:00:07+00:00,527728,21137,3383,347,60.913544668587896,0.0164167100345365,4.712086529424249
Ben Shapiro,Champion Female Swimmer SLAMS “Female Penis” in The Locker Room,2023-05-11 20:00:12+00:00,172205,9124,1262,24,380.1666666666667,0.0026304252520824,6.045120641096368
Ben Shapiro,"Trump Drop's BOMBSHELL on $5,000,000 Allegations",2023-05-11 21:00:21+00:00,195153,9150,1058,127,72.04724409448819,0.013879781420765,5.295844798696408
Ben Shapiro,Trump Calls CNN Host a “Nasty Person”,2023-05-11 22:30:03+00:00,145245,6430,1222,122,52.704918032786885,0.0189735614307931,5.352335708630245
Ben Shapiro,The Race-Based Lynching Of A Hero Marine Veteran,2023-05-12 17:00:09+00:00,216892,9745,2263,99,98.43434343434345,0.0101590559261159,5.582040831381517
Ben Shapiro,How To Get Fired Fast: Share Chocolate With Your Colleagues,2023-05-12 21:00:36+00:00,148050,5929,782,42,141.16666666666666,0.0070838252656434,4.561296859169199
Ben Shapiro,New CEO...Let This Sink In,2023-05-12 22:00:31+00:00,234766,8846,682,251,35.243027888446214,0.0283744065114175,4.165424294829745
Ben Shapiro,Ben Shapiro REACTS To TikToks,2023-05-13 14:00:24+00:00,811575,27802,2776,243,114.41152263374484,0.0087403783900438,3.797677355758864
Ben Shapiro,The White Supremacists Are Coming!!!!,2023-05-15 17:00:07+00:00,246933,9966,1955,296,33.66891891891892,0.0297009833433674,4.9474958794490815
Ben Shapiro,Meet The World’s MOST Self Centered Man,2023-05-15 21:09:42+00:00,106529,4731,675,47,100.65957446808513,0.0099344747410695,5.118793943433244
Ben Shapiro,"""Ellen"" Page's SHOCKING Shirtless Selfie",2023-05-15 22:45:01+00:00,239915,9476,2080,178,53.235955056179776,0.0187842971718024,4.890898860012921
Ben Shapiro,BOMBSHELL Report Reveals The Most Shocking Political Scandal In American History,2023-05-16 17:00:07+00:00,339749,15643,2416,87,179.80459770114942,0.0055615930448123,5.341001739519468
Ben Shapiro,"Miller Lite To Bud Light: ""Hold My Beer""",2023-05-16 21:00:15+00:00,420824,11128,2410,61,182.4262295081967,0.0054816678648454,3.231517213847119
Ben Shapiro,Why is 81-Year-Old Martha Stewart On The SI Swimsuit Cover?,2023-05-16 22:30:05+00:00,137360,5476,1492,207,26.45410628019324,0.0378013148283418,5.223500291205592
Ben Shapiro,Our Porn-Obsessed Society Is Sterilizing Itself,2023-05-17 17:00:09+00:00,438916,13862,2454,466,29.746781115879827,0.033617082672053,3.823510648962444
Ben Shapiro,Elon Musk Just Said the Greatest Thing of All Time,2023-05-17 22:00:19+00:00,676982,26492,2366,498,53.196787148594375,0.0187981277366752,4.336304362597528
Ben Shapiro,South Park Was Right About Meghan And Harry,2023-05-18 17:00:13+00:00,262476,11528,1555,49,235.26530612244895,0.0042505204718945,5.003124095155367
Ben Shapiro,Ben Shapiro and Brett Cooper Blow Up Pop Culture @TheCommentsSection,2023-05-18 20:00:10+00:00,1375779,55788,3996,330,169.05454545454546,0.005915250591525,4.369451779682638
Ben Shapiro,Inside The Drama Of Harry And Meghan’s “Car Chase”,2023-05-18 21:32:24+00:00,182573,7907,1114,59,134.01694915254237,0.0074617427595801,4.973353124503623
Ben Shapiro,Everyone is TRANS. STOP LOOKING.,2023-05-18 22:30:00+00:00,275110,10291,2297,299,34.4180602006689,0.0290545136527062,4.684308094943841
Ben Shapiro,The Woke Disney Empire Strikes Back,2023-05-19 17:00:10+00:00,217888,8108,1167,145,55.91724137931035,0.017883571780957,4.323322073725951
Ben Shapiro,Wired Magazine's PATHETIC Buttigieg Puff Piece,2023-05-19 21:00:17+00:00,42560,1872,189,36,52.0,0.0192307692307692,4.927161654135339
Ben Shapiro,Social Mob Attacks Pregnant White Lady | THE REAL STORY,2023-05-19 22:30:03+00:00,310311,13717,3023,136,100.86029411764706,0.0099147043814245,5.438415009458253
Ben Shapiro,Ben Shapiro DESTROYS Whoopi and The View,2023-05-20 14:00:33+00:00,1462952,37018,3898,339,109.1976401179941,0.0091577070614295,2.819983157342141
Ben Shapiro,Do I Agree with Dennis Prager?,2023-05-22 17:00:17+00:00,321168,11796,2548,353,33.41643059490085,0.0299253984401492,4.576109699596473
Ben Shapiro,Jeffrey Epstein Blackmailed Bill Gates,2023-05-23 17:00:11+00:00,237276,9495,1300,143,66.3986013986014,0.0150605581885202,4.609821473726799
Ben Shapiro,Epstein/Gates Revelations Revealed,2023-05-23 22:04:32+00:00,209045,8738,893,109,80.1651376146789,0.0124742504005493,4.659283886244588
Ben Shapiro,OUR BABY IS HERE!,2023-05-23 23:30:00+00:00,258143,24365,4330,213,114.38967136150237,0.0087420480197003,11.198444273135433
Ben Shapiro,DeSantis To LAUNCH Presidential Bid Tonight On Twitter!,2023-05-24 17:00:09+00:00,159858,5739,1568,385,14.906493506493506,0.0670848579891967,4.8117704462710655
Ben Shapiro,Why Is Target Vomiting Rainbows???,2023-05-24 21:11:29+00:00,223551,10164,1803,199,51.07537688442211,0.0195789059425423,5.442158612576101
Ben Shapiro,Is It A Crime Or Is It Content?? YOU Decide,2023-05-24 22:30:08+00:00,134631,5823,834,43,135.41860465116278,0.0073845097029022,4.976565575536094
Ben Shapiro,Did DeSantis’ Twitter Gamble Payoff??,2023-05-25 17:00:09+00:00,219517,7410,2280,927,7.993527508090615,0.1251012145748987,4.836527467120997
Ben Shapiro,"BLM Goes Bust, I Called It",2023-05-25 21:30:06+00:00,360040,14669,1738,278,52.76618705035971,0.0189515304383393,4.634207310298856
Ben Shapiro,U-Haul vs. White House: Who Won?!,2023-05-25 22:30:07+00:00,98949,4157,596,172,24.16860465116279,0.0413759923021409,4.977311544330918
Ben Shapiro,DeSantis RIPS into Trump,2023-05-26 17:50:16+00:00,433890,22366,6399,1426,15.684431977559608,0.0637574890458732,6.9582152158381145
Ben Shapiro,Want To See Lizzo Shaking Jabba The Hut’s Hand???,2023-05-27 14:00:13+00:00,398764,22096,1732,171,129.21637426900585,0.0077389572773352,6.018346691276043
Ben Shapiro,How to Get a Head Start in Life | @nelkfilmz,2023-05-28 14:00:22+00:00,250257,6579,410,99,66.45454545454545,0.015047879616963,2.832288407517072
Ben Shapiro,What @JockoPodcastOfficial REALLY Thinks About The Military,2023-05-29 17:00:20+00:00,143443,7974,781,163,48.920245398773005,0.0204414346626536,6.2171036578989565
Ben Shapiro,The TRUTH Behind The Debt Ceiling Agreement,2023-05-30 17:00:10+00:00,193847,6693,978,292,22.921232876712327,0.0436276707007321,4.10787889417943
Ben Shapiro,The WORST Disney Song of All Time,2023-05-30 21:03:11+00:00,396805,15316,3063,298,51.395973154362416,0.0194567772264298,4.706845931880899
Ben Shapiro,Lululemon Fires Employee For Calling Cops On Shoplifters!?!?,2023-05-30 22:30:01+00:00,102025,4140,860,20,207.0,0.0048309178743961,4.920362656211713
Ben Shapiro,Prepare Thyself For The Holy Month of Pride!!!,2023-05-31 17:00:09+00:00,202015,8673,1798,255,34.01176470588236,0.0294015911449325,5.309506719798035
Ben Shapiro,You NEED To See This Succession Finale Breakdown,2023-05-31 20:53:38+00:00,119514,2582,604,999,2.5845845845845847,0.3869093725793958,3.5016818113359105
Ben Shapiro,Whoopi And Friends On The Attack!!,2023-05-31 22:00:32+00:00,78791,3375,874,195,17.307692307692307,0.0577777777777777,5.640238098259954
Ben Shapiro,They Are Defenders of the Christian Faith!,2023-05-31 23:00:25+00:00,114131,4835,576,105,46.04761904761905,0.0217166494312306,4.833042731597901
Ben Shapiro,Twitter Cracks Down On ‘Misgendering’ To Start Pride Month,2023-06-01 17:00:11+00:00,284845,12453,2213,275,45.28363636363636,0.022083032201076,5.245308852182766
Ben Shapiro,"No Lizzo, You Can't Be Offended Now..",2023-06-01 21:08:40+00:00,910272,24702,3752,200,123.51,0.0080965104040158,3.1478503128735147
Ben Shapiro,Where's The Fetus Gonna Gestate???,2023-06-01 22:30:00+00:00,191599,10243,1190,44,232.79545454545453,0.004295616518598,5.99011477095392
Ben Shapiro,Elon Saves Twitter -- AGAIN,2023-06-02 17:00:08+00:00,379789,16336,1574,265,61.64528301886792,0.0162218413320274,4.785551977545426
Ben Shapiro,He Never Fails To Fall Flat,2023-06-02 21:00:03+00:00,136691,5487,905,49,111.9795918367347,0.0089301986513577,4.712087847773446
Ben Shapiro,"UK Glamour Features Pregnant ""Man"" On Cover",2023-06-02 22:30:01+00:00,176342,7703,1743,107,71.99065420560747,0.0138906919382058,5.417314082861712
Ben Shapiro,Ben Shapiro Ranks the Most Woke Corporations,2023-06-03 14:00:14+00:00,572995,27196,2772,292,93.13698630136986,0.010736873069569,5.281023394619499
Ben Shapiro,Truth vs. Pride,2023-06-05 17:00:09+00:00,264746,12586,1725,276,45.60144927536232,0.0219291276020975,5.509809402219486
Ben Shapiro,Ben Shapiro Takes On Taylor Swift,2023-06-05 21:11:55+00:00,191867,7018,2062,437,16.05949656750572,0.0622684525505842,4.960206809925626
Ben Shapiro,Utah School District BANS The Bible,2023-06-05 22:30:01+00:00,106164,5271,1186,143,36.86013986013986,0.0271295769303737,6.2167966542330735
Ben Shapiro,Men Spanking Each Other In Front Of Kids For Pride Month!?,2023-06-06 17:00:08+00:00,212635,8399,1794,201,41.78606965174129,0.0239314204071913,4.888188680132622
Ben Shapiro,Tim Scott ROASTS The View,2023-06-06 21:00:31+00:00,510986,13708,1059,123,111.44715447154472,0.0089728625620075,2.913974159761716
Ben Shapiro,WOKE Easter Egg Spotted In New Spider-man Movie,2023-06-06 22:30:02+00:00,266546,10972,3391,1080,10.15925925925926,0.0984323733138899,5.793746670368342
Ben Shapiro,Who Blew Up The Ukrainian Dam?? Someone's Lying,2023-06-07 17:00:08+00:00,180880,6806,1681,450,15.124444444444444,0.0661181310608286,4.940844758956215
Ben Shapiro,Disturbing Emails Leaked From NIKE,2023-06-07 22:00:26+00:00,234859,11510,1436,110,104.63636363636364,0.0095569070373588,5.559080128928421
Ben Shapiro,Tucker Carlson Returns,2023-06-07 23:30:01+00:00,223775,8226,606,196,41.96938775510204,0.023826890347678,4.034409563177299
Ben Shapiro,Are They About To Arrest Trump -- AGAIN?,2023-06-08 17:00:10+00:00,209528,6862,1354,227,30.22907488986784,0.0330807344797435,4.029533045702722
Ben Shapiro,Why I'm Disappointed In Matt Walsh,2023-06-08 21:30:00+00:00,264768,11134,2815,217,51.30875576036866,0.0194898509071313,5.350344452501813
Ben Shapiro,"You Won't BELIEVE What Piers Morgan Says To OnlyFans ""Model""",2023-06-08 23:00:03+00:00,367432,12707,1460,219,58.02283105022831,0.0172345951050602,3.9152822835245695
Ben Shapiro,BREAKING: TRUMP INDICTED…AGAIN!,2023-06-09 17:00:07+00:00,180008,6137,1261,172,35.68023255813954,0.0280267231546358,4.205368650282209
Ben Shapiro,Does Hillary Clinton Own A Mirror?,2023-06-09 21:30:01+00:00,123708,6586,984,85,77.48235294117647,0.0129061645915578,6.187958741552689
Ben Shapiro,The TRUTH Behind The Trump Indictment,2023-06-09 22:30:00+00:00,92677,2787,828,188,14.824468085106384,0.0674560459275206,4.103499250083624
Ben Shapiro,Ben Shapiro REACTS To Jewish Matchmaking,2023-06-10 14:00:18+00:00,884289,25684,2326,598,42.94983277591973,0.0232829777293256,3.2351414526246507
Ben Shapiro,James Lindsay Knows More About This Than Anyone,2023-06-11 12:00:34+00:00,502616,22022,2618,145,151.87586206896552,0.0065843247661429,4.931199961799863
Ben Shapiro,How Screwed Is Trump?,2023-06-12 17:00:07+00:00,285321,9071,3119,892,10.169282511210762,0.0983353544261933,4.585011268010416
Ben Shapiro,One Of The GREATEST Wins In Sports,2023-06-12 22:14:38+00:00,226238,10178,1326,208,48.93269230769231,0.0204362350167026,5.176849158850414
Ben Shapiro,This Lady Knows NOTHING About The KKK,2023-06-12 23:30:00+00:00,108012,4705,712,90,52.27777777777778,0.0191285866099893,5.098507573232604
Ben Shapiro,"Apparently, Only Certain People Get Investigated…",2023-06-13 17:00:08+00:00,178665,7090,958,175,40.51428571428571,0.0246826516220028,4.602468306607338
Ben Shapiro,Is China Spying On Us? AGAIN?,2023-06-13 21:35:03+00:00,44096,1828,266,40,45.7,0.0218818380743982,4.839441219158201
Ben Shapiro,Is Megan Fox FORCING Her Son to Wear Dresses?,2023-06-13 23:00:04+00:00,254823,7710,1075,99,77.87878787878788,0.01284046692607,3.486341499786126
Ben Shapiro,Will Trump Get His Revenge?,2023-06-14 17:00:09+00:00,224245,8794,1956,306,28.73856209150327,0.0347964521264498,4.930321746304266
Ben Shapiro,Mike Pence Spills The TEA On Trump,2023-06-14 21:20:54+00:00,79595,3085,1236,619,4.983844911147012,0.2006482982171799,6.20642000125636
Ben Shapiro,THIS Is The Most Ridiculous Thing Rachel Maddow Has Ever Said,2023-06-14 23:00:19+00:00,93777,4392,621,123,35.707317073170735,0.0280054644808743,5.47682267506958
Ben Shapiro,The Woke Lynching of Daniel Penny,2023-06-15 17:00:10+00:00,164510,6732,1278,197,34.17258883248731,0.029263220439691,4.988754483010151
Ben Shapiro,Ben Shapiro Reacts to Andrew Tate's VIRAL Interview,2023-06-15 22:16:56+00:00,1679172,62939,4678,1057,59.544938505203405,0.0167940386723653,4.089753759591037
Ben Shapiro,Kim K Is Being Inappropriate On Camera...AGAIN,2023-06-15 23:00:01+00:00,123802,4286,582,186,23.04301075268817,0.0433971068595427,4.082325002827095
Ben Shapiro,Stopping Criminals Is Now Illegal,2023-06-16 00:00:15+00:00,59334,2715,704,74,36.68918918918919,0.0272559852670349,5.8870125054774665
Ben Shapiro,Fox News Just BETRAYED Every Conservative,2023-06-16 17:00:06+00:00,454606,21001,3117,423,49.64775413711584,0.0201418980048569,5.398300946313952
Ben Shapiro,"Hey Biden, PLEASE Stop Touching Women Like This...",2023-06-16 21:00:22+00:00,188079,7821,1176,106,73.78301886792453,0.0135532540595831,4.839987452081306
Ben Shapiro,Does RFK Jr. Have A Chance In 2024?,2023-06-16 22:30:00+00:00,171449,5643,1884,3930,1.4358778625954198,0.6964380648591175,6.682453674270484
Ben Shapiro,My Producers Test Me With Popular Song Lyrics,2023-06-17 14:00:06+00:00,386064,18010,1447,238,75.67226890756302,0.0132148806218767,5.101485764018402
Ben Shapiro,Ben Shapiro RANKS Prime Flavors,2023-06-18 14:00:13+00:00,373359,15645,1143,382,40.95549738219896,0.0244167465643975,4.598790975977544
Ben Shapiro,Musk and Rogan vs. The Biggest Covid Scientist,2023-06-19 17:00:09+00:00,291815,9678,2286,567,17.06878306878307,0.0585864848109113,4.294158970580677
Ben Shapiro,This Song Has 16.9M Views And I'm Disturbed,2023-06-19 21:05:11+00:00,776721,24461,7002,584,41.88527397260274,0.0238747393810555,4.125934537626766
Ben Shapiro,Breaking Down Andrew Tate and Manhood | @triggerpod,2023-06-19 22:30:06+00:00,145334,5070,701,197,25.736040609137056,0.0388560157790927,4.106403181636781
Ben Shapiro,"BREAKING: Hunter Biden CHARGED, Pleads GUILTY...NO Jail Time",2023-06-20 17:00:10+00:00,216761,7529,1297,172,43.77325581395349,0.0228449993359011,4.151115744991027
Ben Shapiro,Here's What Trump's Lawyers Need To Do,2023-06-20 21:00:31+00:00,73343,3101,825,223,13.905829596412556,0.0719122863592389,5.656981579700857
Ben Shapiro,LOL: BMI Is Racist?,2023-06-20 22:30:12+00:00,105036,4615,720,18,256.3888888888889,0.0039003250270855,5.096347918808789
Ben Shapiro,Hunter Escapes Justice,2023-06-21 17:00:10+00:00,126749,4811,764,235,20.472340425531915,0.0488463936811473,4.583862594576684
Ben Shapiro,Billionaire Lost 2.4 Miles Under Sea,2023-06-21 20:00:00+00:00,671040,20928,4203,234,89.43589743589743,0.0111811926605504,3.779953505007153
Ben Shapiro,Here We Go Again...,2023-06-21 22:00:31+00:00,83249,3381,301,28,120.75,0.0082815734989648,4.456509988107965
Ben Shapiro,The Schiff Hits The Fan,2023-06-22 17:00:10+00:00,170993,7088,835,87,81.47126436781609,0.0122742663656884,4.684402285473674
Ben Shapiro,How Safe Was the OceanGate Sub?,2023-06-22 19:45:00+00:00,240816,8889,1455,195,45.58461538461538,0.0219372257846776,4.37637034084114
Ben Shapiro,Nicki Minaj Just Called Me Out On Twitter,2023-06-22 23:00:10+00:00,559977,28520,5575,250,114.08,0.008765778401122,6.133287617169991
Ben Shapiro,Submersible IMPLODED…And The Navy Knew All Along,2023-06-23 17:00:06+00:00,408903,14962,2517,341,43.87683284457478,0.0227910707124715,4.358001775482205
Ben Shapiro,Debunking The LIES In This New Pro-Abortion Song,2023-06-23 21:00:09+00:00,352016,17070,3966,364,46.8956043956044,0.0213239601640304,6.079269124130722
Ben Shapiro,James Cameron Knew About The Submersible Implosion?,2023-06-23 22:30:05+00:00,226168,6526,864,118,55.30508474576271,0.0180815200735519,3.319656184782993
Ben Shapiro,Alpha Male Doesn't Mean What You Think...,2023-06-24 14:00:13+00:00,215690,7618,1264,258,29.527131782945737,0.0338671567340509,4.237563169363439
Ben Shapiro,A Failed Rebellion In Russia?!,2023-06-26 17:00:08+00:00,222283,7567,1086,191,39.617801047120416,0.0252411788026959,3.978711822316596
Ben Shapiro,Meghan and Harry Embarrass Themselves....AGAIN,2023-06-26 21:30:01+00:00,269417,10157,745,56,181.375,0.0055134390075809,4.067300875594339
Ben Shapiro,KJP Can't Handle The HEAT,2023-06-26 22:30:04+00:00,220153,10976,1256,29,378.4827586206897,0.0026421282798833,5.5693086171889545
Ben Shapiro,"They Want You Fat, Stupid, And Lazy",2023-06-27 17:00:08+00:00,191555,7275,962,249,29.21686746987952,0.0342268041237113,4.430059251911984
Ben Shapiro,"Stop Defending Lizzo's Obesity, It's NOT Ok...",2023-06-27 21:02:26+00:00,124402,4703,727,33,142.5151515151515,0.0070167977886455,4.391408498255655
Ben Shapiro,Cardi B & Offset Need SERIOUS Help,2023-06-27 22:30:00+00:00,99049,3677,585,71,51.7887323943662,0.0193092194723959,4.374602469484801
Ben Shapiro,Rise Of The Pagans,2023-06-28 17:00:07+00:00,209098,7461,1759,746,10.001340482573726,0.0999865969709154,4.766186190207463
Ben Shapiro,Theo Von and Roseanne Just Broke the Internet,2023-06-28 21:00:32+00:00,667120,19191,1967,251,76.45816733067728,0.0130790474701683,3.209167765919175
Ben Shapiro,Paganism Is On The Rise,2023-06-28 22:30:05+00:00,105370,4773,739,152,31.401315789473685,0.0318457992876597,5.375344025813799
Ben Shapiro,Biden Is Obviously A Corrupt Liar,2023-06-29 17:00:10+00:00,204845,8295,967,166,49.96987951807229,0.0200120554550934,4.602504332544119
Ben Shapiro,Daniel Penny's Lawyer Speaks Out,2023-06-29 21:00:11+00:00,53094,2277,232,54,42.16666666666666,0.0237154150197628,4.827287452442837
Ben Shapiro,NYC's Double Standard on Crime,2023-06-29 22:30:01+00:00,60683,2688,246,69,38.95652173913044,0.0256696428571428,4.948667666397508
Ben Shapiro,Affirmative Action Is DEAD,2023-06-30 17:00:09+00:00,270803,9247,1588,124,74.5725806451613,0.0134097545149778,4.046853247563727
Ben Shapiro,Which Obama Is More Radical?,2023-06-30 21:00:17+00:00,123829,6300,737,61,103.27868852459017,0.0096825396825396,5.732098296844843
Ben Shapiro,My Favorite Affirmative Action MELTDOWNS,2023-06-30 22:30:04+00:00,653539,22835,3628,151,151.2251655629139,0.0066126560105101,4.072289488462051
Ben Shapiro,Ben Guesses Gen Z Slang With Brett Cooper,2023-07-01 14:00:03+00:00,3864001,156081,13236,2145,72.76503496503497,0.0137428642820074,4.4374212118475125
Ben Shapiro,"Supreme Court SLAMS LGBT Tyranny, DESTROYS Biden’s Student Loan Bailout",2023-07-03 17:00:09+00:00,392926,13962,1777,118,118.32203389830508,0.0084515112448073,4.035619938614396
Ben Shapiro,AOC’s Stupid Take of the Day,2023-07-03 20:00:13+00:00,279692,10947,1546,37,295.86486486486484,0.0033799214396638,4.479927920712784
Ben Shapiro,The Bidens DISOWN Hunter's Illegitimate Child,2023-07-03 21:30:03+00:00,71267,3281,404,17,193.0,0.005181347150259,5.19455007226346
Ben Shapiro,Ben REACTS To Anti-American TikToks | Volume 13,2023-07-04 14:00:04+00:00,1225817,45360,5067,505,89.82178217821782,0.0111331569664903,4.154943192988839
Ben Shapiro,Why Do Democrats Celebrate July 4th?,2023-07-05 17:00:10+00:00,218522,8045,1460,171,47.046783625731,0.021255438160348,4.427929453327354
Ben Shapiro,You've Got To Be Kidding Me....,2023-07-05 21:00:35+00:00,135826,6329,819,27,234.40740740740745,0.0042660767893822,5.282493778805236
Ben Shapiro,Ben & Jerry's July 4th Rant Is Embarrassing,2023-07-05 22:30:01+00:00,139859,5913,861,48,123.1875,0.0081177067478437,4.877769753823494
Ben Shapiro,Who Left Their Cocaine At The White House?,2023-07-06 17:00:11+00:00,278503,10424,1688,53,196.67924528301887,0.0050844205679201,4.367996035949343
Ben Shapiro,Jada Pinkett Smith Might Be the WORST Parent Ever,2023-07-06 21:00:31+00:00,597397,17778,2472,176,101.01136363636364,0.0098998762515468,3.4191668187151927
Ben Shapiro,This Is Awkward...,2023-07-06 22:30:02+00:00,102954,3529,338,71,49.70422535211268,0.0201190138849532,3.825009227421956
Ben Shapiro,"Interview: The True Story Behind ""Sound of Freedom""",2023-07-07 17:00:26+00:00,409928,21371,1434,190,112.47894736842105,0.0088905526180337,5.609521672098515
Ben Shapiro,Ben Reacts To Woke TikToks Volume 14,2023-07-08 14:00:38+00:00,2526516,66166,5657,616,107.41233766233766,0.0093099174802768,2.867149861706793
Ben Shapiro,The Trump Wave Builds,2023-07-10 17:00:08+00:00,237688,8135,1892,394,20.64720812182741,0.0484326982175783,4.384318939113459
Ben Shapiro,Trump Went to Dairy Queen & It’s HILARIOUS,2023-07-10 21:00:17+00:00,272288,10793,2135,615,17.54959349593496,0.0569813768183081,4.973777764719708
Ben Shapiro,In Defense Of Jonah Hill,2023-07-10 22:30:02+00:00,318172,9375,1784,262,35.782442748091604,0.0279466666666666,3.5895679066668342
Ben Shapiro,‘The View’ Throws A Baby Under The Bus,2023-07-11 17:00:09+00:00,261283,10189,1297,82,124.2560975609756,0.0080478947884974,4.427383335310755
Ben Shapiro,The Award For BIGGEST Simp Goes To....,2023-07-11 21:09:43+00:00,60814,2945,387,66,44.621212121212125,0.0224108658743633,5.587529187358174
Ben Shapiro,PLEASE Don't Compare This To Self Defense,2023-07-11 22:30:05+00:00,78595,3661,924,139,26.33812949640288,0.037967768369298,6.0105604682231695
Ben Shapiro,Will AI Kill – Or Save – Us All?,2023-07-12 17:00:10+00:00,141053,4799,862,142,33.79577464788732,0.0295894978120441,4.114056418509355
Ben Shapiro,Joe Rogan & Elon Musk Are Right...,2023-07-12 21:00:25+00:00,72516,3241,402,10,324.1,0.0030854674483184,5.03750896353908
Ben Shapiro,This Is GROSS,2023-07-12 22:30:04+00:00,89907,3577,496,35,102.2,0.009784735812133,4.569165915890865
Ben Shapiro,Republicans vs. The FBI,2023-07-13 17:00:09+00:00,161693,5620,785,114,49.29824561403509,0.0202846975088967,4.0317144217745975
Ben Shapiro,Ben Shapiro & @RepJimJordan On FBI Corruption,2023-07-13 21:07:53+00:00,41386,2304,255,75,30.72,0.0325520833333333,6.364471077175857
Ben Shapiro,A Gigantic Fart Interrupted RFK Jr.'s Press Dinner,2023-07-13 22:30:04+00:00,145513,4391,714,274,16.025547445255473,0.0624003643816898,3.696576938142984
Ben Shapiro,The White House Cocaine Snorter Escapes!,2023-07-14 17:00:09+00:00,165766,5802,993,105,55.25714285714286,0.0180972078593588,4.162494118214833
Ben Shapiro,WHAT Did Lizzo Do Now???,2023-07-14 21:12:39+00:00,155104,5457,673,29,188.17241379310343,0.0053142752428074,3.970884051990922
Ben Shapiro,Ben Reacts to Andrew Tate & Tucker Carlson's Interview,2023-07-14 22:30:03+00:00,1447607,41150,6659,2390,17.217573221757323,0.0580801944106925,3.4677229386152453
Ben Shapiro,Is Tom Cruise That Last True Movie Star?,2023-07-15 14:00:02+00:00,202530,5498,1082,302,18.205298013245034,0.0549290651145871,3.39801510887276
Ben Shapiro,The 2024 Republican Race Is ON,2023-07-17 17:00:09+00:00,279691,7921,2743,1117,7.091316025067144,0.1410175482893574,4.212148406634465
Ben Shapiro,Snow NOT White & The 7 NOT Dwarfs,2023-07-17 21:04:50+00:00,312628,12559,3838,214,58.68691588785047,0.0170395732144279,5.313343654439142
Ben Shapiro,Is RFK Jr. Anti-Semitic?,2023-07-17 22:30:05+00:00,75252,2970,795,403,7.369727047146402,0.1356902356902357,5.538723223303036
Ben Shapiro,Why Are Men In Crisis?,2023-07-18 17:00:09+00:00,257142,9221,2059,376,24.523936170212767,0.0407764884502765,4.532903998568885
Ben Shapiro,This Is Why Social Institutions Matter,2023-07-18 21:00:14+00:00,128730,5135,2254,1247,4.117882919005614,0.2428432327166504,6.708614930474637
Ben Shapiro,Bebe Rexha's Boyfriend Calls Out Her Weight Gain,2023-07-18 22:30:00+00:00,210638,5486,997,47,116.72340425531917,0.0085672621217644,3.100105394088436
Ben Shapiro,BREAKING: Trump Targeted By DOJ Over January 6,2023-07-19 17:00:07+00:00,138566,4319,1330,435,9.928735632183908,0.1007177587404491,4.390687470230793
Ben Shapiro,Jason Aldean REFUSES To Get Canceled,2023-07-19 21:33:16+00:00,448522,23227,2793,387,60.01808785529716,0.0166616437766392,5.887559584591169
Ben Shapiro,DeSantis vs. CNN,2023-07-19 22:30:08+00:00,129515,4739,941,215,22.04186046511628,0.0453682211437012,4.551596340192256
Ben Shapiro,Bombshell Whistleblower Testimony Exposes Biden Double-Standard,2023-07-20 17:00:07+00:00,188220,7565,764,202,37.45049504950495,0.0267019167217448,4.532462012538518
Ben Shapiro,King’s Guard Makes Rare Break in Protocol,2023-07-20 22:30:03+00:00,81078,4548,276,64,71.0625,0.0140721196130167,6.0287624263055335
Ben Shapiro,Marjorie Taylor Greene ROASTS Hunter Biden,2023-07-20 22:31:36+00:00,106221,4876,432,125,39.008,0.0256357670221493,5.114807806365973
Ben Shapiro,Democrats Declare RFK Jr. The Enemy,2023-07-21 17:00:07+00:00,177758,6131,1144,325,18.864615384615384,0.0530092970151688,4.275475646665691
Ben Shapiro,The View Hosts SLAM Jason Aldean as Racist,2023-07-21 21:00:22+00:00,189849,6702,1496,107,62.63551401869159,0.0159653834676216,4.3745292311257895
Ben Shapiro,This Is the WEIRDEST TikTok Trend Yet,2023-07-21 22:30:03+00:00,326358,10321,1768,555,18.5963963963964,0.053773859122178,3.874273037584493
Ben Shapiro,Ben Shapiro DESTROYS The Barbie Movie For 43 Minutes,2023-07-22 14:00:42+00:00,3110227,93760,41767,52375,1.7901670644391408,0.5586070819112628,6.041423986094905
Ben Shapiro,"Barbie Is Garbage, But You’re Not Allowed To Say So",2023-07-24 17:00:09+00:00,346500,13642,3273,1574,8.667090216010164,0.1153789766896349,5.335930735930735
Ben Shapiro,Jason Aldean Fires Back at Woke Mob,2023-07-24 21:00:05+00:00,91490,4171,470,46,90.67391304347828,0.0110285303284584,5.122964258388895
Ben Shapiro,Snow White Actress Goes on Feminist Rant,2023-07-24 22:30:04+00:00,277870,10526,2448,169,62.28402366863905,0.0160554816644499,4.729909669989564
Ben Shapiro,Biden Will Be Impeached,2023-07-25 17:00:08+00:00,407764,16176,2582,480,33.7,0.029673590504451,4.717925074307687
Ben Shapiro,Brett Cooper Liked 'Barbie'.....I Have Questions,2023-07-25 20:00:13+00:00,1257007,38151,7285,1258,30.32670906200318,0.0329742339650336,3.714696895084912
Ben Shapiro,The Media Keeps Lying About Florida’s New Curriculum,2023-07-25 21:30:04+00:00,119348,3866,759,211,18.322274881516588,0.0545783755819968,4.052015953346516
Ben Shapiro,Democrats Play The Race Card Early And Often,2023-07-26 17:00:08+00:00,164274,5825,751,105,55.47619047619048,0.0180257510729613,4.066985645933015
Ben Shapiro,I Just TRIGGERED The Ladies On The View,2023-07-26 21:30:06+00:00,709374,25936,3917,698,37.15759312320917,0.0269123997532387,4.306754969874847
Ben Shapiro,"Yes, I'm Defending Greg Gutfeld...",2023-07-26 23:30:07+00:00,679883,21456,3368,380,56.463157894736845,0.017710663683818,3.707108428950275
Ben Shapiro,The Hunter Biden Sweetheart Deal Falls Apart,2023-07-27 17:00:11+00:00,235797,8456,1133,126,67.11111111111111,0.0149006622516556,4.120069381713932
Ben Shapiro,More Feminist Garbage Coming to a Theater Near You,2023-07-27 21:30:01+00:00,84523,2670,402,244,10.942622950819672,0.0913857677902621,3.923192503815529
Ben Shapiro,UFOs Are a Bullcrap Distraction,2023-07-27 23:30:08+00:00,115571,4540,2277,907,5.005512679162073,0.1997797356828193,6.6833375154666825
Ben Shapiro,MORE Trump Charges?!,2023-07-28 17:00:07+00:00,185965,5391,1327,488,11.047131147540984,0.0905212391022073,3.87492270050816
Ben Shapiro,Facebook Under Fire For Censoring THIS Important Information,2023-07-28 21:30:04+00:00,60303,3206,294,109,29.412844036697248,0.0339987523393636,5.9847768767723
Ben Shapiro,The Beginning of the End For Anheuser-Busch,2023-07-28 23:30:07+00:00,186456,5816,570,188,30.93617021276596,0.0323246217331499,3.525764791693483
Ben Shapiro,These Global Organizations Want To CONTROL You | Facts Ep. 1,2023-07-29 14:00:12+00:00,490994,33705,1942,384,87.7734375,0.0113929684023141,7.338378880393651
Ben Shapiro,What Does It Mean to Be a Man? | Voddie Baucham,2023-07-30 14:00:07+00:00,1472408,52884,3984,634,83.41324921135647,0.0119885031389456,3.905303421334304
Ben Shapiro,‘Family Man’ Forced To Acknowledge Seventh Grandchild,2023-07-31 17:00:10+00:00,193732,6339,840,274,23.135036496350367,0.0432244833569963,3.847067082361201
Ben Shapiro,Man Spends $14K To Turn Himself Into A Dog...,2023-07-31 21:30:03+00:00,565847,12782,2921,234,54.623931623931625,0.0183069942106086,2.816485728474305
Ben Shapiro,Biden’s Worst Nightmare Is Now Coming True,2023-08-01 17:00:11+00:00,309049,12402,1818,332,37.355421686746986,0.0267698758264796,4.708638435976172
Ben Shapiro,Ben DESTROYS Matt Walsh With Facts & Logic,2023-08-01 20:00:08+00:00,250600,9413,2514,384,24.51302083333333,0.0407946457027515,4.912609736632083
Ben Shapiro,My Review of 'Oppenheimer',2023-08-01 22:00:11+00:00,1148425,29612,3221,2615,11.323900573613766,0.0883087937322707,3.0866621677514856
Ben Shapiro,The January 6 Indictment Is HERE – And It’s Bulls***,2023-08-02 17:00:10+00:00,215937,6752,1991,530,12.739622641509436,0.0784952606635071,4.29430806207366
Ben Shapiro,The Hypocrisy Here Is Spot On,2023-08-02 21:00:19+00:00,140784,4695,602,55,85.36363636363636,0.0117145899893503,3.801568360040914
Ben Shapiro,Trump Indictment Explained,2023-08-02 22:30:08+00:00,81945,2963,939,170,17.429411764705883,0.0573742828214647,4.969186649582037
Ben Shapiro,The Rigging Of The 2024 Election,2023-08-03 17:00:07+00:00,237301,8058,2242,507,15.893491124260356,0.0629188384214445,4.554131672432902
Ben Shapiro,"Folks, Don’t Take Marriage Advice From a Porn Star...",2023-08-03 21:00:19+00:00,287346,9772,1413,125,78.176,0.0127916496111338,3.936021381888037
Ben Shapiro,Breaking: Biden White House Tried to Censor Daily Wire,2023-08-03 22:30:03+00:00,207581,12585,1218,107,117.61682242990656,0.0085021851410409,6.700998646311561
Ben Shapiro,Are They The Baddies?,2023-08-04 17:00:09+00:00,223565,7493,1148,267,28.06367041198502,0.0356332577071933,3.9845235166506394
Ben Shapiro,Whatever Podcast DEBATE Review | Trent Horn vs. Destiny,2023-08-04 20:00:02+00:00,282097,6911,2116,676,10.22337278106509,0.0978150774128201,3.439597018046984
Ben Shapiro,The Culture War: Class vs. Community,2023-08-04 22:30:04+00:00,76314,2938,396,37,79.4054054054054,0.0125936010891763,4.417275991299106
Ben Shapiro,Ben Reacts To TikTok Haters,2023-08-05 14:00:11+00:00,998821,33167,1951,415,79.92048192771084,0.012512437060934,3.557494285762915
Ben Shapiro,"Trump, Racism & Celebrity Anti-Semitism",2023-08-07 17:00:07+00:00,187483,5821,1449,490,11.879591836734694,0.0841779762927332,4.139041939802542
Ben Shapiro,This World Leader LOVES Barbie,2023-08-07 22:00:28+00:00,61666,2439,823,282,8.648936170212766,0.1156211562115621,5.747089157720624
Ben Shapiro,My Thoughts On Celebrity Anti-Semitism,2023-08-07 23:00:09+00:00,83302,3180,1014,788,4.035532994923858,0.2477987421383647,5.980648723920194
Ben Shapiro,"Biden's Disastrous Afghanistan Pull Out, Explained",2023-08-08 17:00:06+00:00,169005,7768,1193,382,20.33507853403141,0.0491761071060762,5.528238809502677
Ben Shapiro,I'm 100% Team Ne-Yo,2023-08-08 22:00:10+00:00,543528,20744,1653,160,129.65,0.0077130736598534,4.150108182099174
Ben Shapiro,Megan Rapinoe Hates America,2023-08-08 23:00:08+00:00,207285,7955,989,121,65.74380165289256,0.0152105593966059,4.373205972453385
Ben Shapiro,The Economy Is Spiraling The Drain,2023-08-09 17:00:10+00:00,189148,6085,1150,264,23.049242424242426,0.0433853738701725,3.964620297333305
Ben Shapiro,Why did Porsche do THIS?!,2023-08-09 21:30:03+00:00,80701,3538,1052,83,42.62650602409639,0.0234595816845675,5.790510650425645
Ben Shapiro,"Another Day, Another Media Spin...",2023-08-09 23:00:26+00:00,73442,3086,436,84,36.73809523809524,0.0272197018794556,4.909997004438877
Ben Shapiro,Time To Stop The Soros Prosecutors,2023-08-10 17:00:09+00:00,186455,7485,1150,210,35.642857142857146,0.0280561122244488,4.743771955699767
Ben Shapiro,Doja Cat In Bed With Satan?,2023-08-10 22:30:07+00:00,215725,7450,2477,689,10.81277213352685,0.09248322147651,4.9210800788040325
Ben Shapiro,Someone Should Be Covering This Story,2023-08-10 23:30:11+00:00,339478,17406,1492,267,65.19101123595506,0.0153395380903136,5.6454321045840965
Ben Shapiro,Biden Bribes The Iranian Ayatollahs,2023-08-11 17:00:06+00:00,148158,5345,784,235,22.74468085106383,0.0439663236669784,4.295414354945396
Ben Shapiro,Sam Harris Just Said Something Weird,2023-08-11 22:30:03+00:00,190990,6283,2075,482,13.035269709543568,0.0767149450899252,4.628514581915284
Ben Shapiro,Alabama Brawl Goes VIRAL,2023-08-11 23:30:01+00:00,156467,4935,1137,252,19.58333333333333,0.051063829787234,4.041746822013588
Ben Shapiro,"Despite What You're Told, China Is Dying | Facts Ep. 2",2023-08-12 14:00:13+00:00,1189944,64952,5544,2033,31.94884407279882,0.0313000369503633,6.095160780675394
Ben Shapiro,Joe Biden’s Big Hunter Coverup,2023-08-14 17:00:09+00:00,181982,6864,1046,157,43.71974522292994,0.0228729603729603,4.432855996746931
Ben Shapiro,"Why Does This Country Song have 47,000,000+ Views?",2023-08-14 21:00:22+00:00,1173400,33351,3441,1250,26.6808,0.03748013552817,3.2420317027441623
Ben Shapiro,Is This The Wokest Disney Remake?,2023-08-14 23:00:24+00:00,188688,8318,1589,85,97.85882352941177,0.010218802596778,5.295514288137031
Ben Shapiro,BREAKING: Trump’s FOURTH Indictment Hits In Georgia,2023-08-15 17:00:07+00:00,190330,5923,2291,455,13.017582417582418,0.0768191794698632,4.554720748174224
Ben Shapiro,Biden Sunbathes While Maui Burns,2023-08-15 21:00:07+00:00,79599,4067,738,56,72.625,0.0137693631669535,6.10686063895275
Ben Shapiro,Was THIS Hollywood Story Built On Lies?,2023-08-15 23:00:33+00:00,137334,4814,729,219,21.98173515981735,0.0454923140839218,4.195610700918928
Ben Shapiro,They’re Treating Trump Like A Mobster,2023-08-16 17:00:09+00:00,144234,5491,1169,232,23.66810344827586,0.0422509561099981,4.778346298376249
Ben Shapiro,You Won't Believe What I Predicted 10 Years Ago...,2023-08-16 21:00:32+00:00,50258,2559,409,184,13.907608695652174,0.0719030871434154,6.271638346133949
Ben Shapiro,RFK Jr. SLAMS Joe Biden,2023-08-16 23:00:02+00:00,111804,4583,537,63,72.74603174603175,0.0137464542875845,4.63579120603914
Ben Shapiro,"Conservatives CAN Win, and Target’s Earnings Prove It",2023-08-17 17:00:06+00:00,181819,6215,1553,272,22.84926470588235,0.043765084473049,4.421980101089545
Ben Shapiro,Couple Denied Fostering for Being Catholic,2023-08-17 21:00:31+00:00,66839,3994,1053,38,105.10526315789474,0.0095142714071106,7.607833749756879
Ben Shapiro,Hillary Loves Denying 2016 Election,2023-08-17 23:00:16+00:00,52138,2470,582,148,16.68918918918919,0.0599190283400809,6.13755801910315
Ben Shapiro,Joe Biden’s SECRET Email Address?,2023-08-18 17:00:10+00:00,154647,5691,1456,492,11.567073170731708,0.0864522930943595,4.939636721048581
Ben Shapiro,The Chinese Economy Is About To Drag Us Down,2023-08-18 21:00:21+00:00,188947,7232,785,190,38.06315789473684,0.0262721238938053,4.343546073766718
Ben Shapiro,Chat GPT Wrote A RIDICULOUS Musical About Me,2023-08-18 23:00:14+00:00,63604,2794,272,100,27.94,0.0357909806728704,4.977674360103138
Ben Shapiro,Ben Ranks Top 7 Presidential Scandals Of All Time,2023-08-19 14:00:09+00:00,197557,7996,885,188,42.53191489361702,0.0235117558779389,4.590573859696189
Ben Shapiro,Republican Debate Week Begins!,2023-08-21 17:00:07+00:00,198647,5952,2207,290,20.52413793103448,0.0487231182795698,4.253273394513887
Ben Shapiro,I NEVER Thought I'd Hear This From CNN,2023-08-21 21:00:06+00:00,126687,5537,435,36,153.80555555555554,0.00650171573054,4.742396615280179
Ben Shapiro,THIS Is Why DeSantis Is Struggling,2023-08-21 23:00:10+00:00,118583,3920,1983,219,17.899543378995435,0.0558673469387755,5.162628707318925
Ben Shapiro,Joe Biden’s Hawaiian Crocodile Tears,2023-08-22 17:00:09+00:00,160391,6498,1239,179,36.30167597765363,0.0275469375192366,4.9354390208926935
Ben Shapiro,VIRAL Country Song Hits No.1,2023-08-22 21:00:03+00:00,81575,3602,329,99,36.38383838383838,0.0274847307051637,4.940239043824701
Ben Shapiro,Biden's CRINGE Maui Response,2023-08-22 23:00:00+00:00,71145,4227,630,33,128.0909090909091,0.0078069552874378,6.8732869491882775
Ben Shapiro,It’s FIGHT NIGHT!,2023-08-23 17:00:09+00:00,148949,4790,1412,560,8.553571428571429,0.1169102296450939,4.539808927888069
Ben Shapiro,Another Embarrassing Moment For Joe Biden!,2023-08-23 21:00:19+00:00,72612,3293,385,12,274.4166666666667,0.0036440935317339,5.081804660386712
Ben Shapiro,Bradley Cooper Accused of Jew Face?!,2023-08-23 23:00:08+00:00,74750,2804,501,193,14.528497409326423,0.068830242510699,4.679598662207358
Ben Shapiro,WHO WON FIGHT NIGHT #1?,2023-08-24 17:00:09+00:00,368432,11195,5015,1558,7.185494223363286,0.1391692719964269,4.822599557041734
Ben Shapiro,Evaluating The Candidates: My Personal Debate Report Card,2023-08-24 21:30:03+00:00,144395,4786,1334,1326,3.6093514328808447,0.2770580860844128,5.15668825097822
Ben Shapiro,Trump and Tucker Break The Internet,2023-08-24 23:30:05+00:00,260351,10195,2189,1472,6.9259510869565215,0.1443845022069642,5.322046007121156
Ben Shapiro,Mugshot Of The Century,2023-08-25 17:00:10+00:00,284184,10518,2213,422,24.924170616113745,0.0401216961399505,4.628339385750077
Ben Shapiro,Biden DOJ Sues SpaceX For THIS?!,2023-08-25 21:00:13+00:00,84323,4322,528,29,149.0344827586207,0.0067098565478944,5.786084460941854
Ben Shapiro,"Kamala's Brand ""Relaunch"" Is Embarrassing",2023-08-25 23:00:20+00:00,131447,4924,611,93,52.94623655913978,0.0188870836718115,4.281573561967941
Ben Shapiro,Is Fascism Right Wing? | Facts Ep. 3,2023-08-26 14:00:21+00:00,443002,23735,3124,617,38.46839546191248,0.0259953654939962,6.202229335307742
Ben Shapiro,Will Bernie Run?,2023-08-28 17:00:12+00:00,147238,4729,907,262,18.049618320610687,0.055402833580038,4.005759382768035
Ben Shapiro,Did A Democrat Just DEFEND DeSantis?,2023-08-28 21:00:30+00:00,56660,2742,313,30,91.4,0.0109409190371991,5.444758206847864
Ben Shapiro,THIS Is Real Election Interference...,2023-08-28 23:00:02+00:00,108360,4346,929,342,12.707602339181287,0.0786930510814542,5.183647102251753
Ben Shapiro,Democrats Blame Republicans For Latest White Supremacist Shooting Spree,2023-08-29 17:00:09+00:00,164771,5541,1258,276,20.07608695652174,0.0498105035192203,4.293838114716789
Ben Shapiro,Here We Go Again...,2023-08-29 21:00:15+00:00,41718,1996,374,33,60.48484848484848,0.0165330661322645,5.760103552423415
Ben Shapiro,Eminem Has Entered The Chat,2023-08-29 23:00:14+00:00,122547,4801,1305,325,14.772307692307692,0.0676942303686732,5.247782483455327
Ben Shapiro,There’s No Such Thing As Free Medicine,2023-08-30 17:00:07+00:00,137881,4961,1297,1689,2.937240970988751,0.3404555533158637,5.76366576975798
Ben Shapiro,Why Did This VIRAL Video Get 12 MILLION Views???,2023-08-30 21:00:16+00:00,376453,24489,2819,358,68.40502793296089,0.0146188084446077,7.349124591914529
Ben Shapiro,Do You Recognize THIS Actress? She's Losing It....,2023-08-30 23:00:08+00:00,178986,6071,877,220,27.595454545454544,0.0362378520836765,4.00478249695507
Ben Shapiro,The Deep State Targets Musk,2023-08-31 17:00:08+00:00,183728,6946,1231,230,30.2,0.0331125827814569,4.575785944439606
Ben Shapiro,The Saddest Video You'll See Today,2023-08-31 21:00:24+00:00,85337,3366,877,118,28.52542372881356,0.0350564468211527,5.110327290624231
Ben Shapiro,WWTFD: What Would The Founders Do?,2023-08-31 23:00:12+00:00,61251,3067,302,51,60.13725490196079,0.016628627323117,5.583582308860263
Ben Shapiro,A Nation Led By The Elderly,2023-09-01 17:00:07+00:00,149599,5196,1003,391,13.289002557544755,0.0752501924557351,4.405109659823929
Ben Shapiro,Oliver Anthony Takes Joe Rogan To CHURCH,2023-09-01 21:00:24+00:00,704276,22102,1762,420,52.62380952380953,0.0190028051760021,3.448080014085387
Ben Shapiro,"Apparently When You Steal A Car, It's Not Your Fault...",2023-09-01 23:00:37+00:00,98142,4602,614,104,44.25,0.0225988700564971,5.420716920380673
Ben Shapiro,Ben Reacts To What The Simpsons Predicted,2023-09-02 14:00:16+00:00,272364,10854,458,130,83.49230769230769,0.0119771512806338,4.200995726307442
Ben Shapiro,Can We Save Our Society?  | Chris Rufo,2023-09-03 12:00:07+00:00,122554,4222,538,180,23.45555555555556,0.0426338228327806,4.030876185191834
Ben Shapiro,Ben Reacts To Tik Tok Haters Pt. 2,2023-09-04 14:00:34+00:00,497748,18953,1024,268,70.72014925373135,0.0141402416503983,4.067319205702484
Ben Shapiro,The Great Flood Hits Burning Man,2023-09-05 17:00:07+00:00,232438,8241,1236,389,21.18508997429306,0.0472030093435262,4.244572746280729
Ben Shapiro,Elon Musk Goes After The ADL,2023-09-05 21:30:06+00:00,80385,3576,623,140,25.542857142857144,0.0391498881431767,5.397773216396094
Ben Shapiro,"No Joe, No One Calls You THIS....",2023-09-05 23:30:03+00:00,108994,5662,712,71,79.74647887323944,0.0125397386082656,5.913169532267832
Ben Shapiro,Get Ready For The Censorship,2023-09-06 17:00:09+00:00,221237,8440,883,84,100.47619047619048,0.009952606635071,4.252001247530928
Ben Shapiro,Miley Cyrus Is Right...,2023-09-06 21:00:03+00:00,736254,21588,3509,455,47.44615384615385,0.0210765239948119,3.470541416413357
Ben Shapiro,Bill Maher SLAMS Woke Culture & BLM,2023-09-06 23:00:08+00:00,188176,7101,690,45,157.8,0.0063371356147021,4.164186718816428
Ben Shapiro,Are American Banks About To Hit The Doom Loop?,2023-09-07 17:00:11+00:00,169781,5570,608,107,52.05607476635514,0.019210053859964,3.701827648559026
Ben Shapiro,THIS Guy Claims He Had Sex With Obama...Is He Credible?,2023-09-07 21:00:22+00:00,126217,4460,882,200,22.3,0.0448430493273542,4.39085067780093
Ben Shapiro,Kamala Just Discovered What Her Job Is,2023-09-07 23:00:19+00:00,78046,3322,487,82,40.51219512195122,0.024683925346177,4.9855213591984215
Ben Shapiro,Will Democrats Pull The Plug On Biden?,2023-09-08 17:00:08+00:00,160650,5349,1245,141,37.93617021276596,0.0263600673022994,4.192343604108309
Ben Shapiro,NYC Mayor FINALLY Admits His Hypocrisy,2023-09-08 21:00:00+00:00,66235,3465,425,62,55.88709677419355,0.0178932178932178,5.966633954857704
Ben Shapiro,Climate Protestors Get BOOED At US Open,2023-09-08 23:00:35+00:00,154178,5814,982,75,77.52,0.0128998968008255,4.456537249153576
Ben Shapiro,Ben Shapiro DESTROYS Burning Man TikToks,2023-09-09 14:00:19+00:00,378678,13521,1428,271,49.8929889298893,0.0200428962354855,4.019245902851499
Ben Shapiro,Is War With China Coming?,2023-09-11 17:00:09+00:00,237520,8237,1160,199,41.391959798994975,0.0241592812917324,4.04008083529808
Ben Shapiro,New Mexico Governor Suspends People’s Right to Carry Guns,2023-09-11 21:00:13+00:00,101346,5863,1680,82,71.5,0.0139860139860139,7.52373058630829
Ben Shapiro,What We've Learned From 9/11,2023-09-11 23:00:13+00:00,49029,2216,368,132,16.78787878787879,0.0595667870036101,5.539578616737034
Ben Shapiro,Joe Biden’s 9/11 Debacle,2023-09-12 17:00:11+00:00,163108,5351,686,242,22.111570247933884,0.0452251915529807,3.8495965863109114
Ben Shapiro,You'll NEVER Guess Which Democrat Has A Sex Tape,2023-09-12 21:00:12+00:00,141747,5111,1000,86,59.43023255813954,0.0168264527489728,4.371873831544935
Ben Shapiro,New TERRIFYING Drug Hits America's Streets,2023-09-12 23:00:10+00:00,676180,31036,3735,623,49.81701444622793,0.0200734630751385,5.2344050400780855
Ben Shapiro,THE WAR IS HERE: GOP Launches Impeachment Inquiry Into Biden,2023-09-13 17:00:07+00:00,183408,6697,985,213,31.44131455399061,0.0318052859489323,4.304610485911192
Ben Shapiro,The MTV Video Music Awards Are GARBAGE,2023-09-13 21:00:20+00:00,182032,7782,1258,89,87.43820224719101,0.0114366486764327,5.015052298496967
Ben Shapiro,The World Didn't Need John Fetterman's Take On THIS...,2023-09-13 23:00:31+00:00,69906,3352,785,45,74.4888888888889,0.0134248210023866,5.982319114239121
Ben Shapiro,The “No Evidence” Lie,2023-09-14 17:00:07+00:00,206653,8494,1055,188,45.180851063829785,0.0221332705439133,4.711763197243688
Ben Shapiro,"THIS Is Pagan, Earth-Worshipping Nonsense",2023-09-14 21:00:06+00:00,108422,5232,1163,278,18.820143884892087,0.0531345565749235,6.1546549593255975
Ben Shapiro,Can You PLEASE Answer The Question?,2023-09-14 23:00:02+00:00,74394,2943,346,48,61.3125,0.0163098878695209,4.48557679382746
Ben Shapiro,Is Hunter Going To Jail?,2023-09-15 17:00:08+00:00,163907,5456,1074,291,18.74914089347079,0.0533357771260997,4.1615062199906045
Ben Shapiro,Hollywood Actors Are Auctioning Themselves & It's Hilarious,2023-09-15 21:00:25+00:00,131321,4839,537,78,62.03846153846154,0.0161190328580285,4.153181897792432
Ben Shapiro,Biden Unleashes MAGANOMICS!,2023-09-15 23:00:32+00:00,102379,4788,566,82,58.39024390243903,0.017126148705096,5.309682649762158
Ben Shapiro,9 Movies That Would NEVER Get Made Today,2023-09-16 14:00:07+00:00,601487,17109,3563,223,76.72197309417041,0.0130340756327079,3.4738905412752064
Ben Shapiro,The Docuseries That May Change Your Mind | With Candace Owens,2023-09-17 14:00:04+00:00,76842,3367,292,208,16.1875,0.0617760617760617,5.032404153978294
Ben Shapiro,Russell Brand DENIES Allegations,2023-09-18 17:00:07+00:00,341055,12160,3050,554,21.949458483754512,0.0455592105263157,4.622128395713301
Ben Shapiro,Is THIS Trump's New VP Pick?,2023-09-18 21:00:09+00:00,104520,3841,972,281,13.669039145907472,0.0731580317625618,4.873708381171068
Ben Shapiro,"United Auto Workers Strike, EXPLAINED",2023-09-18 23:00:17+00:00,93102,3985,1089,373,10.683646112600536,0.0936010037641154,5.850572490386888
Ben Shapiro,Bidenomics Is A Disaster Area,2023-09-19 17:00:10+00:00,135562,4856,699,189,25.693121693121693,0.0389209225700164,4.2371756096841295
Ben Shapiro,THIS Comedian Is A Giant Race-Baiter,2023-09-19 21:00:05+00:00,111774,4081,613,198,20.61111111111111,0.0485175202156334,4.376688675362786
Ben Shapiro,"Well, This Is AWKWARD....",2023-09-19 23:00:11+00:00,121385,4424,1312,443,9.98645598194131,0.100135623869801,5.090414795897352
Ben Shapiro,How Howard Stern Avoided Cancellation,2023-09-20 17:00:09+00:00,154038,5302,924,63,84.15873015873017,0.0118823085628064,4.082758799776679
Ben Shapiro,Zelenskyy Speaks Out About...Climate Change?,2023-09-20 21:00:06+00:00,41469,1830,545,114,16.05263157894737,0.0622950819672131,6.002073838288842
Ben Shapiro,There's an Actual COLONY for Illegal Immigrants,2023-09-20 23:00:21+00:00,102224,4633,1061,100,46.33,0.0215842866393265,5.667944905305995
Ben Shapiro,The Greatest Scam in Modern America,2023-09-21 17:00:07+00:00,184562,6495,708,194,33.47938144329897,0.0298691301000769,4.007867274953674
Ben Shapiro,Russell Brand Targeted By Parliament,2023-09-21 21:00:16+00:00,119499,5955,1060,97,61.39175257731959,0.016288832913518,5.951514238612876
Ben Shapiro,The Shocking Reality of 'Wokeism',2023-09-21 23:00:20+00:00,61059,2735,325,77,35.51948051948052,0.0281535648994515,5.137653744738695
Ben Shapiro,Ben Shapiro's Keynote: 2023 Statesman’s Dinner,2023-09-22 17:00:24+00:00,91452,5190,495,71,73.09859154929578,0.0136801541425818,6.294012159384158
Ben Shapiro,10 Things Ben Shapiro Can't Live Without,2023-09-23 14:00:51+00:00,427235,19407,1401,404,48.03712871287129,0.0208172308960684,4.964949032733741
Ben Shapiro,"Sunday Special | Patrick Bet-David On Andrew Tate, Entrepreneurship & The Yankees",2023-09-24 12:00:08+00:00,879611,21827,1986,625,34.9232,0.0286342603197874,2.778273577751984
Ben Shapiro,Best Of Ben Shapiro's Woke TikTok Reactions,2023-09-25 17:00:35+00:00,1438447,43512,4484,401,108.50872817955111,0.0092158485015627,3.364531331359445
Ben Shapiro,The Mysterious Case of Rudolf Diesel w/ Doug Brunt,2023-09-25 21:00:01+00:00,43289,2044,146,32,63.875,0.0156555772994129,5.132943703943265
Ben Shapiro,Trump Jumps To Massive Poll Lead Over Biden,2023-09-26 17:00:08+00:00,200656,6962,1399,214,32.532710280373834,0.0307382935937948,4.273482975839247
Ben Shapiro,And I Thought The Bachelor Was IDIOTIC....,2023-09-26 22:46:40+00:00,101114,3154,790,101,31.22772277227723,0.0320228281547241,4.000435152402239
Ben Shapiro,THIS Feminist Thinks She Can Solve Masculinity,2023-09-27 01:30:07+00:00,108409,5463,871,101,54.08910891089109,0.0184880102507779,5.935854034259148
Ben Shapiro,Biden’s Car Crash Economy,2023-09-27 17:00:11+00:00,135666,4833,691,230,21.01304347826087,0.047589488930271,4.241298483039229
Ben Shapiro,This Amusement Park Just Did Something INSANE,2023-09-27 21:30:05+00:00,57224,2232,430,50,44.64,0.0224014336917562,4.739270236264504
Ben Shapiro,Another Bad Move By Cassidy Hutchinson...,2023-09-27 23:00:11+00:00,52870,2280,300,55,41.45454545454545,0.0241228070175438,4.983922829581994
Ben Shapiro,It’s FIGHT NIGHT #2,2023-09-28 17:00:10+00:00,177155,5305,1355,460,11.532608695652174,0.0867106503298774,4.019079337303491
Ben Shapiro,Gavin Newsom Crashes Republican Debate,2023-09-28 21:00:26+00:00,75988,3083,509,95,32.45263157894737,0.0308141420694129,4.852081907669632
Ben Shapiro,Juveniles LOOT All Over Philly,2023-09-28 23:00:21+00:00,109000,5283,1622,96,55.03125,0.0181714934696195,6.422935779816513
Ben Shapiro,DeSantis Challenges Trump Directly,2023-09-29 17:00:07+00:00,167940,4617,1608,405,11.4,0.087719298245614,3.947838513754912
Ben Shapiro,Do NOT Take This Red Pill...,2023-09-29 21:00:21+00:00,537503,17029,7994,3306,5.150937689050211,0.1941394092430559,5.270482211262077
Ben Shapiro,Fetterman Wears A SUIT?!,2023-09-29 23:00:30+00:00,53863,2384,436,67,35.582089552238806,0.0281040268456375,5.359894547277352
Ben Shapiro,Ben REACTS To Viral TikToks,2023-09-30 14:00:29+00:00,1501191,45859,1455,451,101.6829268292683,0.0098344926840969,3.181806978592331
Ben Shapiro,Idiot Congressman Pulls Fire Alarm,2023-10-02 17:00:11+00:00,175039,6333,1298,334,18.961077844311376,0.0527396178746249,4.5504144790589525
Ben Shapiro,Rep. Jamaal Bowman Thinks You're STUPID,2023-10-02 21:00:09+00:00,63729,3329,554,27,123.29629629629628,0.0081105437068188,6.135354391250451
Ben Shapiro,Why Is Hollywood So Predictable?,2023-10-02 23:00:20+00:00,92067,3109,750,86,36.15116279069768,0.0276616275329688,4.284922936557073
Ben Shapiro,The Worst #MeToo Fraud Of All Time?,2023-10-03 17:00:10+00:00,280543,10289,1738,191,53.86910994764398,0.0185635144328894,4.355125595719729
Ben Shapiro,This Isn't Going To Last,2023-10-03 21:00:17+00:00,72117,2911,897,143,20.35664335664336,0.0491240123668842,5.478597279420941
Ben Shapiro,The Pope Does It Again...,2023-10-03 23:00:13+00:00,304992,15326,4255,551,27.81488203266788,0.0359519770324938,6.600828874199979
Ben Shapiro,McCarthy OUT As Speaker,2023-10-04 17:00:11+00:00,200484,6150,3579,1918,3.2064650677789364,0.311869918699187,5.809441152411165
Ben Shapiro,Can We Stop The GIANT Crime Wave?,2023-10-04 21:00:05+00:00,75756,3275,479,64,51.171875,0.0195419847328244,5.039864829188447
Ben Shapiro,Late Night Is Back & It's GARBAGE,2023-10-04 23:00:16+00:00,112776,4262,826,187,22.79144385026738,0.0438761145002346,4.677413634106547
Ben Shapiro,Who Wants To Be Speaker of the House?,2023-10-05 17:00:25+00:00,127849,3732,1431,580,6.43448275862069,0.1554126473740621,4.492017927398728
Ben Shapiro,Woke Disney Is Failing... Here's Why,2023-10-05 21:00:10+00:00,160090,6268,829,185,33.88108108108108,0.0295149968091895,4.548691361109376
Ben Shapiro,Something Is Definitely Off...,2023-10-05 23:00:03+00:00,106714,4113,264,80,51.4125,0.0194505227327984,4.176584140787525
Ben Shapiro,"Biden Caves, Builds Trump Wall",2023-10-06 17:08:12+00:00,221915,7610,1185,220,34.59090909090909,0.0289093298291721,4.062366221300948
Ben Shapiro,Sexyy Red Wants Trump Back In Office?!,2023-10-06 21:00:30+00:00,89263,3566,464,66,54.03030303030303,0.018508132361189,4.58868736206491
Ben Shapiro,"Hillary Wants to ""Deprogram"" MAGA Members",2023-10-06 23:00:28+00:00,109005,5844,1780,178,32.831460674157306,0.0304585900068446,7.157469840832989
Ben Shapiro,Our Military Might Crumble | Facts Ep. 4,2023-10-07 14:08:44+00:00,279391,11698,1352,541,21.622920517560075,0.0462472217473072,4.864508878238741
Ben Shapiro,The Face of Absolute Evil,2023-10-09 16:29:47+00:00,1226355,65125,18396,1465,44.45392491467577,0.0224952015355086,6.929967260703466
Ben Shapiro,May God Avenge Their Blood,2023-10-10 15:47:32+00:00,480443,23953,5087,478,50.11087866108787,0.0199557466705631,6.143913013614518
Ben Shapiro,I Am a Jew,2023-10-10 22:00:02+00:00,745853,57599,12709,13998,4.114802114587798,0.2430250525182729,11.30329971187352
Ben Shapiro,Why I’m Showing You Hamas’ Atrocities,2023-10-11 16:17:24+00:00,455841,25274,5990,686,36.84256559766764,0.0271425180026905,7.009022882978934
Ben Shapiro,Do NOT Look Away,2023-10-11 19:30:02+00:00,534862,34539,5617,7367,4.6883398941224375,0.2132951156663481,8.885095594751544
Ben Shapiro,How Hamas Fooled The World,2023-10-12 16:18:12+00:00,294554,14252,3353,360,39.58888888888889,0.0252596126859388,6.099051447272826
Ben Shapiro,The War In Israel Explained,2023-10-12 21:00:32+00:00,336028,18584,3539,4321,4.300856283267762,0.2325118381403357,7.869582296713369
Ben Shapiro,They're Here,2023-10-13 17:00:08+00:00,670491,34268,8532,3721,9.209352324643913,0.1085852690556787,6.938348165747191
Ben Shapiro,Rudy Rochman: From the Front Lines,2023-10-13 21:00:26+00:00,322498,19059,2726,2134,8.9311152764761,0.1119680990608111,7.416790181644537
Ben Shapiro,You’re Being Lied To About Israel And Palestine | Facts Ep. 5,2023-10-14 17:03:32+00:00,2035446,98586,17969,25046,3.936197396789906,0.2540522995151441,6.956755423627057
Ben Shapiro,Human Rights Don’t Require The West To Commit Suicide,2023-10-16 17:00:07+00:00,293387,12622,2434,1686,7.486358244365362,0.1335762953573126,5.706455977940399
Ben Shapiro,These People Are Moral Cowards,2023-10-16 21:15:02+00:00,220565,10764,2196,2212,4.8661844484629295,0.2054998141954663,6.878697889511029
Ben Shapiro,THIS Is How Propaganda Works,2023-10-16 23:00:17+00:00,213734,12293,2685,2329,5.278231000429368,0.1894574147889042,8.09744823004295
Ben Shapiro,America Can Prevent World War III,2023-10-17 17:00:09+00:00,345648,12714,2466,3460,3.674566473988439,0.2721409469875727,5.39276952275147
Ben Shapiro,This Is What America Must Do,2023-10-17 21:00:30+00:00,233948,9045,4594,14346,0.6304893350062736,1.5860696517412936,11.96205994494503
Ben Shapiro,How To Bomb Your Own Hospital And Blame The Jews,2023-10-18 17:00:10+00:00,410094,22911,4839,4154,5.515406836783823,0.1813102876347606,7.779679780733198
Ben Shapiro,The Media Has Blood on Their Hands,2023-10-18 21:00:05+00:00,181761,10105,1782,3528,2.8642290249433104,0.3491340920336467,8.480917248474645
Ben Shapiro,Answering Your Questions on the War in Israel,2023-10-19 01:00:24+00:00,215481,9429,1836,2553,3.693301997649824,0.2707604199809099,6.412630347919306
Ben Shapiro,The Hamas Caucus,2023-10-19 17:00:07+00:00,306222,13758,3096,1644,8.36861313868613,0.1194941125163541,6.040715559300116
Ben Shapiro,AOC Puts Her Stupidity On Display,2023-10-19 21:00:10+00:00,192716,9719,1488,881,11.03178206583428,0.0906471859244778,6.272442350401628
Ben Shapiro,Ben Shapiro's Crushing Rebuttal to a Woke College Student,2023-10-19 23:00:31+00:00,1013837,29915,4749,1856,16.11799568965517,0.0620424536185859,3.6021569542243967
Ben Shapiro,Will Biden’s Weakness Blow Up The World?,2023-10-20 17:00:09+00:00,247129,9053,1889,1654,5.473397823458283,0.1827018667844913,5.096933180646545
Ben Shapiro,There Is No Peace Process,2023-10-20 21:00:12+00:00,166520,6707,2570,3785,1.771994715984148,0.5643357685999701,7.844102810473216
Ben Shapiro,Greta Thunberg Stands With....Palestine,2023-10-20 23:00:22+00:00,343303,19051,4379,2234,8.52775290957923,0.1172641856070547,7.475611922995139
Ben Shapiro,On The Front Lines: Interviews From The War,2023-10-21 14:00:30+00:00,200318,8544,1780,2588,3.3013910355486864,0.3029026217228464,6.445751255503749
Ben Shapiro,The Fight For Our Kids l Jeremy Boreing,2023-10-22 12:00:07+00:00,143073,6536,1081,611,10.69721767594108,0.0934822521419828,5.750910374424246
Ben Shapiro,"Republicans, PLEASE Stop Kicking Yourself in The Nuts",2023-10-23 17:00:07+00:00,210381,7317,1548,1029,7.110787172011662,0.1406314063140631,4.702896174084162
Ben Shapiro,Republicans Need A Better Strategy,2023-10-23 21:00:13+00:00,39221,1752,594,766,2.2872062663185377,0.4372146118721461,7.9345248718798596
Ben Shapiro,Celebrities Speak Out on Israel,2023-10-23 23:00:32+00:00,235448,10945,1857,1509,7.253147779986746,0.1378711740520785,6.07819985729333
Ben Shapiro,The 3 Big Lies About Israel And Hamas,2023-10-24 17:00:08+00:00,290499,12474,2500,1671,7.464991023339317,0.1339586339586339,5.729795971758938
Ben Shapiro,Why Obama Is The Most Anti-Israel President Of My Lifetime,2023-10-24 21:00:18+00:00,105114,5933,1797,2367,2.506548373468525,0.3989549974717681,9.60576136385258
Ben Shapiro,These Universities Stand With Palestine,2023-10-24 23:00:33+00:00,97438,4593,832,1225,3.749387755102041,0.2667102111909427,6.82485272686221
Ben Shapiro,F*** The United Nations,2023-10-25 17:00:08+00:00,340603,18080,4258,2371,7.625474483340363,0.1311393805309734,7.254486895300394
Ben Shapiro,CNN Gushes Over Hamas Treatment Of Hostages,2023-10-25 21:00:23+00:00,89678,4094,910,863,4.743916570104288,0.2107962872496336,6.542295769307968
Ben Shapiro,You Must Pick a Side,2023-10-25 23:00:25+00:00,103093,4680,1707,1875,2.496,0.4006410256410256,8.014123170341342
Ben Shapiro,"The Evil of ""Queers For Palestine""",2023-10-26 17:00:11+00:00,360056,15378,2493,860,17.88139534883721,0.0559240473403563,5.202246317239541
Ben Shapiro,Who Is the Speaker of the House?,2023-10-26 21:15:03+00:00,83752,3990,634,417,9.568345323741006,0.1045112781954887,6.018960741236031
Ben Shapiro,Former University Chairman Fights Back | With Jeff Rabhan,2023-10-26 23:00:31+00:00,53225,2564,627,718,3.5710306406685235,0.2800312012480499,7.344293095349929
Ben Shapiro,"No, I Won’t Give Up My AR-15",2023-10-27 17:00:12+00:00,258526,13286,2607,1051,12.641294005708849,0.0791058256811681,6.554079667035424
Ben Shapiro,Hamas Leader Walks Out on BBC,2023-10-27 21:00:11+00:00,213492,10959,1432,975,11.24,0.0889679715302491,6.260656136998108
Ben Shapiro,This Is Why Jews Need Guns,2023-10-27 23:00:26+00:00,160722,8869,1542,2292,3.869546247818499,0.2584282331717217,7.903709510832368
Ben Shapiro,Ben Debunks Pro-Hamas TikToks,2023-10-28 14:00:04+00:00,728482,43057,8656,5699,7.555185120196525,0.1323594305223308,7.8810457911108305
Ben Shapiro,The Pogroms Are Back,2023-10-30 17:00:07+00:00,295501,14675,3238,851,17.244418331374852,0.0579897785349233,6.349893908988463
Ben Shapiro,THIS Hero Confronts Man Shredding Hostage Posters,2023-10-30 21:00:04+00:00,125737,9699,1037,615,15.770731707317074,0.063408598824621,9.027573427073971
Ben Shapiro,What I Learned At Oxford,2023-10-31 17:00:06+00:00,541262,24772,3736,743,33.34051144010767,0.0299935410947844,5.404221984916732
Ben Shapiro,Epic Exchange: Ben Shapiro vs. Anti-Israel Activist,2023-10-31 21:00:24+00:00,767696,36957,6551,1724,21.43677494199536,0.0466488080742484,5.891915549905171
Ben Shapiro,Gavin Newsom Plows Through Kid Playing Basketball,2023-10-31 23:00:26+00:00,53194,2395,396,299,8.010033444816054,0.1248434237995824,5.808925818701358
Ben Shapiro,Hamas’ Fifth Column,2023-11-01 17:00:08+00:00,226756,10820,1749,854,12.669789227166277,0.0789279112754159,5.919578754255675
Ben Shapiro,The Downplaying of Muslim and Left-Wing Anti-Semitism,2023-11-01 21:00:01+00:00,98961,6456,1502,615,10.497560975609757,0.0952602230483271,8.663008659977162
Ben Shapiro,Hamas Protestors Disrupt Anthony Blinken,2023-11-01 23:00:08+00:00,67148,3680,1059,938,3.923240938166311,0.2548913043478261,8.454458807410496
Ben Shapiro,Time To Cut Off Your Own Head To Prevent Community Tension,2023-11-02 17:00:10+00:00,200819,9983,1632,660,15.125757575757577,0.0661123910648101,6.112469437652812
Ben Shapiro,London Police Take Down Hostage Posters,2023-11-02 21:00:11+00:00,61333,4152,904,250,16.608,0.0602119460500963,8.651133973554204
Ben Shapiro,Ben Shapiro Takes On University Of Cambridge (HEATED),2023-11-02 22:00:05+00:00,2021430,57000,9730,1734,32.8719723183391,0.0304210526315789,3.386909267201931
Ben Shapiro,The Islamophobia Lie,2023-11-03 17:00:08+00:00,262715,13003,3192,1392,9.341235632183908,0.1070522187187572,6.69432655158632
Ben Shapiro,Will These Americans Sign a Petition for Hamas?,2023-11-03 21:00:20+00:00,87583,4417,656,439,10.061503416856493,0.0993887253792166,6.293458776246531
Ben Shapiro,Pro-Abortion Student Gets SHUT DOWN by Ben Shapiro,2023-11-03 23:00:07+00:00,1570198,30297,6239,843,35.93950177935943,0.0278245370828794,2.3805278060473904
Ben Shapiro,This Is How The West Ends | Facts Ep. 6,2023-11-04 14:00:03+00:00,289988,15253,2005,721,21.155339805825243,0.0472693896282698,6.199911720484986
Ben Shapiro,From the River to the Sea...?,2023-11-05 18:00:14+00:00,324580,13006,2309,660,19.706060606060607,0.0507458096263263,4.921745024339146
Ben Shapiro,Obama And The Pseudo-Sophisticates Help Hamas,2023-11-06 18:00:06+00:00,236879,11304,2178,81,139.55555555555554,0.0071656050955414,5.725708061921909
Ben Shapiro,A Brief History of Civilian Casualties,2023-11-06 22:00:13+00:00,55470,3215,712,57,56.40350877192982,0.0177293934681181,7.182260681449431
Ben Shapiro,Pro-Hamas Protesters Take Over Western Cities,2023-11-07 00:00:20+00:00,141429,7972,2920,1302,6.1228878648233485,0.1633216256899147,8.62199407476543
Ben Shapiro,Trans Nashville Shooter’s Manifesto LEAKS,2023-11-07 18:00:09+00:00,127714,6115,749,26,235.19230769230768,0.0042518397383483,5.394866655182674
Ben Shapiro,The View Is Terrified of Donald Trump,2023-11-07 22:00:31+00:00,106500,5100,595,173,29.479768786127167,0.0339215686274509,5.509859154929578
Ben Shapiro,Man Dies at Pro-Palestinian Rally,2023-11-08 00:00:28+00:00,154866,9560,1273,613,15.595432300163132,0.0641213389121339,7.390905686206139
Ben Shapiro,The Cry-Terrorist Strategy of Hamas Supporters,2023-11-08 18:00:09+00:00,176971,8264,1655,76,108.73684210526316,0.0091965150048402,5.647818004079765
Ben Shapiro,Are Palestinians Liberty-Loving Moderates?,2023-11-08 22:00:05+00:00,84540,4600,876,396,11.616161616161616,0.0860869565217391,6.945824461793235
Ben Shapiro,Democrats Are Leaving Team Biden,2023-11-09 00:00:01+00:00,80639,3627,451,207,17.52173913043478,0.0570719602977667,5.313805974776472
Ben Shapiro,FIGHT NIGHT #3: The Battle For Second Place,2023-11-09 18:00:09+00:00,220423,7123,2574,1966,3.623092573753815,0.2760073002948196,5.291190120813164
Ben Shapiro,These “Journalists” Work for Hamas,2023-11-09 22:00:28+00:00,90853,6791,812,384,17.684895833333332,0.0565454277720512,8.791124123584252
Ben Shapiro,Vivek’s Best Moment of the Night,2023-11-10 00:00:04+00:00,151074,5745,1405,1760,3.2642045454545454,0.3063533507397737,5.897771952817824
Ben Shapiro,Pro-Hamas Protesters Want To Intimidate You,2023-11-10 18:00:09+00:00,242248,11231,2192,854,13.15105386416862,0.0760395334342445,5.893547108748059
Ben Shapiro,"This OnlyFans ""Model"" Needs A Rude Awakening",2023-11-10 21:30:05+00:00,154608,4201,859,116,36.21551724137931,0.0276124732206617,3.3478215874987063
Ben Shapiro,"THIS Woman Has Helped Over 2,600 Veterans",2023-11-10 23:30:03+00:00,19388,1539,122,54,28.5,0.0350877192982456,8.84567773880751
Ben Shapiro,"Caravan Of Illegal Immigrants CHANT ""Biden!""",2023-11-11 01:00:27+00:00,48956,2602,421,192,13.552083333333334,0.0737893927747886,6.567121496854318
Ben Shapiro,Ben Debunks Pro-Hamas TikToks Pt. 2,2023-11-11 18:00:08+00:00,625363,34571,4349,2145,16.11701631701632,0.0620462237135171,6.566586126777568
Ben Shapiro,Ben DEBATES Pro-Trans Student | @YAFTV,2023-11-11 20:00:20+00:00,1010015,22339,3261,425,52.56235294117647,0.0190250235014996,2.5766944055286305
Ben Shapiro,"Ben Talks Snow White, Disney and Bentkey with The Critical Drinker",2023-11-12 18:00:07+00:00,153669,9430,747,119,79.24369747899159,0.0126193001060445,6.700115182632802
Ben Shapiro,Masked Student Gets ROCKED by Ben Shapiro | @YAFTV,2023-11-12 20:00:25+00:00,1630324,41073,3077,870,47.210344827586205,0.0211817982616317,2.761414295563336
Ben Shapiro,The Barbarians Are In The Gates,2023-11-13 18:00:08+00:00,305285,16688,3474,930,17.944086021505377,0.0557286673058485,6.90895392829651
Ben Shapiro,Bill Burr's Wife Clearly Isn't A Trump Fan,2023-11-13 22:00:22+00:00,144273,5079,1986,523,9.7112810707457,0.1029730261862571,5.259473359533661
Ben Shapiro,Piers Morgan Is 100% WRONG,2023-11-14 00:00:20+00:00,263387,12793,2178,1170,10.934188034188034,0.0914562651450011,6.128244750120545
Ben Shapiro,Inside Hamas’ Hospitals From Hell,2023-11-14 18:00:10+00:00,249041,12906,2486,1361,9.482733284349743,0.1054548272121493,6.727004790375882
Ben Shapiro,"Megan Rapinoe's ""Proof"" Of Atheism",2023-11-14 22:00:00+00:00,102046,4260,661,262,16.259541984732824,0.0615023474178403,5.079081982635282
Ben Shapiro,Piers Morgan Goes OFF On Corbyn,2023-11-15 00:00:13+00:00,94356,4402,942,439,10.02733485193622,0.0997273966378918,6.128916020178897
Ben Shapiro,We Are Not Afraid,2023-11-15 18:00:06+00:00,288388,15825,3669,1838,8.609902067464635,0.1161453396524486,7.396979069864211
Ben Shapiro,Bernie Sanders Is the Sane One Here,2023-11-15 22:00:20+00:00,71622,2818,568,705,3.997163120567376,0.2501774308019872,5.711932087905951
Ben Shapiro,The Congressional Clown Car Continues,2023-11-16 00:00:23+00:00,61128,2537,869,2058,1.232750242954325,0.81119432400473,8.938620599397984
Ben Shapiro,A Generation of Bin Laden Fans,2023-11-16 18:00:08+00:00,312468,12530,4482,2838,4.41508104298802,0.2264964086193136,6.352650511412368
Ben Shapiro,Media MELTS DOWN Over Trump Insult,2023-11-16 22:00:05+00:00,61593,2940,873,218,13.486238532110091,0.0741496598639455,6.544574870521001
Ben Shapiro,Where Is the Celebrity Class?,2023-11-17 00:00:21+00:00,103216,4682,938,1073,4.3634669151910535,0.229175565997437,6.4844597736785
Ben Shapiro,Dr. Thomas Sowell | Social Justice Fallacies,2023-11-17 18:00:31+00:00,316691,14811,1644,405,36.57037037037037,0.0273445412193639,5.323801434205582
Ben Shapiro,Ben Reacts to South Park: Joining the Panderverse,2023-11-18 15:00:00+00:00,1393611,50321,3242,1240,40.58145161290322,0.0246417996462709,3.9324459982017936
Ben Shapiro,Ben Shapiro vs. the University of Wisconsin | @YAFTV,2023-11-19 18:00:32+00:00,1087465,30100,3541,655,45.954198473282446,0.0217607973421926,3.1537566726285444
Ben Shapiro,Hamas And Its Media Allies Baffle With Bulls***,2023-11-20 18:00:07+00:00,213475,9300,1718,908,10.24229074889868,0.0976344086021505,5.586602646679939
Ben Shapiro,Argentina's New President Is Just Spectacular,2023-11-20 22:00:14+00:00,698127,39133,4026,898,43.57795100222717,0.0229473845603454,6.31074288775538
Ben Shapiro,THIS Is A Good Move By Elon,2023-11-21 00:00:10+00:00,137041,6581,544,214,30.752336448598133,0.032517854429418,5.355331616085697
Ben Shapiro,The Left Weeps Over Argentina’s Javier Milei,2023-11-21 18:00:07+00:00,263664,11486,1584,224,51.27678571428572,0.0195020024377503,5.042023181018266
Ben Shapiro,Cardi B Goes Off On NYC,2023-11-21 22:00:23+00:00,110211,3841,683,255,15.062745098039215,0.0663889612080187,4.336227781255954
Ben Shapiro,Meet Bentkey's Newest Star,2023-11-22 00:00:32+00:00,38671,2638,0,403,6.54590570719603,0.1527672479150872,7.86377388740917
Ben Shapiro,Israel’s Hostage Deal With Hamas,2023-11-22 18:00:08+00:00,269705,10250,1640,1483,6.911665542818611,0.1446829268292682,4.958380452716858
Ben Shapiro,Do You Know The DIFFERENCE Between Israel and Ukraine?,2023-11-22 22:00:04+00:00,73701,2897,1384,1623,1.784966112138016,0.5602347255781843,8.010746122847722
Ben Shapiro,Hamas Tunnels Exposed,2023-11-23 00:00:01+00:00,110397,6488,1008,685,9.471532846715329,0.1055795314426633,7.410527459985326
Ben Shapiro,Ben Shapiro Saves TikTok Thanksgiving,2023-11-23 15:00:17+00:00,485702,17554,1784,392,44.78061224489796,0.0223310926284607,4.062161572322124
Ben Shapiro,You Should Be Worried About The Pink Wave | Facts Ep. 7,2023-11-25 15:00:08+00:00,433464,17870,1741,371,48.16711590296496,0.0207610520425293,4.60984072495063
Ben Shapiro,Fighting For Our Lives | Former PM Naftali Bennett,2023-11-26 13:00:09+00:00,224021,9577,2060,1073,8.925442684063373,0.1120392607288294,5.673575245177907
Ben Shapiro,Why Conor McGregor Is Now Under Investigation,2023-11-27 18:00:07+00:00,371143,13812,1962,405,34.1037037037037,0.0293223284100781,4.359236197368669
Ben Shapiro,Will Israel’s Hostage Deal Help Hamas?,2023-11-27 22:00:31+00:00,67662,3959,949,1145,3.45764192139738,0.2892144480929527,8.945937158227661
Ben Shapiro,Derek Chauvin ATTACKED by Prison Inmate,2023-11-28 00:00:24+00:00,93297,4704,1101,162,29.03703703703704,0.034438775510204,6.395704041930609
Ben Shapiro,Musk Gets It Right In Israel,2023-11-28 18:00:10+00:00,341595,14094,1831,761,18.520367936925098,0.0539946076344543,4.884731919378211
Ben Shapiro,The Most TRIGGERING Movie of the Year | With Jeremy Boreing,2023-11-28 22:00:12+00:00,291821,12945,1533,224,57.79017857142857,0.017303978370027,5.038019882050984
Ben Shapiro,Whoopi Goldberg Is Morally Bankrupt,2023-11-29 00:00:08+00:00,275944,16967,2514,474,35.79535864978903,0.0279365827783344,7.231539732699388
Ben Shapiro,"Stupid, Cowardly Happy Talk Isn’t The Answer",2023-11-29 18:00:10+00:00,162123,6425,983,305,21.0655737704918,0.0474708171206225,4.757498935993042
Ben Shapiro,The Fight Against Anti-Semitism | With Montana Tucker,2023-11-29 22:00:04+00:00,47588,2352,487,288,8.166666666666666,0.1224489795918367,6.570984281751702
Ben Shapiro,This Is Clearly NOT Blackface,2023-11-30 00:00:32+00:00,70479,3939,709,62,63.53225806451613,0.0157400355420157,6.682841697526923
Ben Shapiro,Musk Is Right: Kill DEI To Fight Anti-Semitism,2023-11-30 18:00:10+00:00,226433,9070,1118,234,38.76068376068376,0.0257993384785005,4.602686004248498
Ben Shapiro,"""GO F*** YOURSELF!"": Epic Response By Elon Musk",2023-11-30 22:00:15+00:00,181656,8752,934,228,38.3859649122807,0.0260511882998171,5.457568150790506
Ben Shapiro,Henry Kissinger Dead at 100,2023-12-01 00:00:04+00:00,58271,2343,766,328,7.1432926829268295,0.1399914639351259,5.898302757804053
Ben Shapiro,The Debate America Deserves,2023-12-01 18:00:08+00:00,230074,8991,1308,250,35.964,0.0278055833611389,4.5850465502403575
Ben Shapiro,DeSantis DeSLAMS Newsom,2023-12-01 22:00:27+00:00,133608,6102,795,107,57.02803738317757,0.0175352343493936,5.242201065804443
Ben Shapiro,Elon Musk vs. Bob Iger,2023-12-02 00:00:12+00:00,159705,7093,474,79,89.78481012658227,0.0111377414352178,4.787577095269404
Ben Shapiro,Ben Shapiro Reacts To The Viral Internet,2023-12-02 01:02:26+00:00,846342,26725,1388,266,100.46992481203009,0.0099532273152478,3.35313620262258
Ben Shapiro,Ranking Star Wars Films With The Critical Drinker,2023-12-02 15:00:12+00:00,768537,37747,4896,863,43.73928157589803,0.0228627440591305,5.660885552679962
Ben Shapiro,"For The Left, “Balance” Means Shrugging at Sexual Assault",2023-12-04 18:00:10+00:00,174960,7151,1000,340,21.03235294117647,0.0475457977905188,4.853109282121628
Ben Shapiro,The Pope Is On A Roll...,2023-12-04 22:00:15+00:00,60019,2810,1098,178,15.786516853932584,0.0633451957295373,6.807844182675487
Ben Shapiro,STOP Treating Beyoncé Like God,2023-12-05 00:00:00+00:00,150690,6540,1568,172,38.02325581395349,0.0262996941896024,5.494724268365519
Ben Shapiro,Democrats Run Against “Whiteness” And “Christian Nationalism”,2023-12-05 18:00:10+00:00,154905,5951,1110,201,29.606965174129357,0.0337758359939506,4.688034601852748
Ben Shapiro,Did FSU Football Deserve THIS?  | With @CrainAndCone,2023-12-05 22:00:16+00:00,55908,2177,611,183,11.896174863387978,0.0840606338998622,5.314087429348215
Ben Shapiro,THIS Is Actual Racism...,2023-12-06 00:00:08+00:00,78138,3506,815,52,67.42307692307692,0.0148317170564746,5.596508740945507
Ben Shapiro,The Jew-Hating Universities,2023-12-06 18:00:07+00:00,207015,9819,1813,840,11.689285714285717,0.0855484265200122,6.024684201627902
Ben Shapiro,THESE University Presidents Just Embarrassed Themselves,2023-12-06 22:00:26+00:00,72721,4529,858,121,37.4297520661157,0.0267167145065135,7.574153270719599
Ben Shapiro,Trump Derangement Syndrome is REAL,2023-12-07 00:00:28+00:00,66560,3309,485,9,367.6666666666667,0.0027198549410698,5.713641826923077
Ben Shapiro,The Fourth Republican FIGHT NIGHT,2023-12-07 18:00:07+00:00,176010,5787,2383,961,6.021852237252862,0.1660618627959219,5.1877734219646605
Ben Shapiro,Vivek vs. Nikki Haley,2023-12-07 22:00:29+00:00,89237,2831,1545,1755,1.613105413105413,0.619922288943836,6.870468527628675
Ben Shapiro,"Elise Stefanik Just Went Viral, Here’s Why",2023-12-08 00:00:24+00:00,139050,9347,757,84,111.27380952380952,0.00898684069755,7.326860841423949
Ben Shapiro,BREAKING: Hunter Biden Hit With NINE More Tax Charges,2023-12-08 18:00:09+00:00,137674,5492,732,146,37.61643835616438,0.026584122359796,4.626872176300536
Ben Shapiro,The Squad Is Full Of Idiots,2023-12-08 22:00:21+00:00,118931,6145,1013,65,94.53846153846152,0.0105777054515866,6.073269374679436
Ben Shapiro,Brave Palestinian Speaks Out Against Hamas,2023-12-09 00:00:07+00:00,110410,7772,943,290,26.8,0.0373134328358208,8.155964133683543
Ben Shapiro,"If There Is No God, Is There Free Will? | With Alex O’Connor",2023-12-09 01:00:03+00:00,167479,4101,2260,94,43.62765957446808,0.0229212387222628,3.854214558243122
Ben Shapiro,Everything's Not Kosher With Ben Shapiro and Brett Cooper,2023-12-09 15:00:10+00:00,981365,36452,3313,513,71.05653021442495,0.0140733018764402,4.104283319661899
Ben Shapiro,Ben DEBATES Alex O’Connor,2023-12-10 18:00:09+00:00,81178,2978,983,99,30.08080808080808,0.0332437877770315,5.001355046933898
Ben Shapiro,"UPenn’s President Is Gone, Alex Jones Is Back",2023-12-11 18:00:10+00:00,196436,8200,1261,393,20.865139949109416,0.0479268292682926,5.016392107353031
Ben Shapiro,The Return of Alex Jones,2023-12-11 22:00:13+00:00,95367,4145,1018,828,5.006038647342995,0.1997587454764776,6.2820472490484125
Ben Shapiro,SNL Defends Anti-Semitism,2023-12-12 00:00:03+00:00,138750,6828,1370,368,18.55434782608696,0.0538957234915055,6.173693693693694
Ben Shapiro,Trump Is WAY Ahead,2023-12-12 18:00:08+00:00,204104,7692,1413,190,40.48421052631579,0.0247009880395215,4.554050876023988
Ben Shapiro,Kamala Harris' Husband Knows NOTHING About Hanukkah,2023-12-12 21:30:03+00:00,22052,879,82,69,12.73913043478261,0.0784982935153583,4.670778160711047
Ben Shapiro,Harvard Is NOT For Academic Freedom,2023-12-12 23:00:26+00:00,46742,2786,467,56,49.75,0.0201005025125628,7.079286294980959
Ben Shapiro,Updates From Israel,2023-12-13 00:30:17+00:00,134289,7186,1380,1044,6.883141762452107,0.1452824937378235,7.156207880019958
Ben Shapiro,"Oh, To Be A Black Harvard President",2023-12-13 18:00:11+00:00,189686,8075,1231,226,35.730088495575224,0.0279876160990712,5.025146821589364
Ben Shapiro,THIS Is How Urban Warfare Works,2023-12-13 22:00:10+00:00,69282,3976,536,198,20.08080808080808,0.0497987927565392,6.7983025894171645
Ben Shapiro,The SAT Is Racist,2023-12-14 00:00:16+00:00,51561,2773,396,64,43.328125,0.0230796970789758,6.270243013130079
Ben Shapiro,"Poor, Poor Hunter Biden",2023-12-14 18:00:09+00:00,149364,5997,785,95,63.126315789473686,0.0158412539603134,4.604188425591174
Ben Shapiro,AOC Is Utterly Ridiculous,2023-12-14 21:33:57+00:00,66667,3556,572,11,323.27272727272725,0.0030933633295838,6.208468957655212
Ben Shapiro,So I Guess Plagiarism Is Okay Now…?,2023-12-14 23:00:35+00:00,48740,2227,370,88,25.306818181818183,0.0395150426582846,5.508822322527698
Ben Shapiro,75 Radicals Get SHUT DOWN While Protesting,2023-12-15 00:30:14+00:00,140982,7359,679,366,20.10655737704918,0.0497350183448838,5.961044672369523
Ben Shapiro,Wrecking Satan For Christmas,2023-12-15 18:07:28+00:00,184888,7177,1116,317,22.6403785488959,0.044168872788073,4.656873350352646
Ben Shapiro,The Most RACIST Christmas Party Ever,2023-12-15 22:00:21+00:00,47953,2461,333,55,44.74545454545454,0.0223486387647297,5.9412341250808085
Ben Shapiro,The White House Just RUINED Christmas,2023-12-16 00:00:21+00:00,106103,5320,969,101,52.67326732673267,0.018984962406015,6.022449883603668
Ben Shapiro,Will Ferrell Isn't Funny...,2023-12-16 15:00:34+00:00,242441,8462,1079,220,38.46363636363636,0.0259985818955329,4.026134193473876
Ben Shapiro,The Call of Duty | Tim Kennedy,2023-12-17 13:00:08+00:00,88986,3679,620,158,23.28481012658228,0.0429464528404457,5.008653046546647
Ben Shapiro,The Most Disturbing Poll In Recent Memory,2023-12-18 18:00:06+00:00,203152,7699,1319,460,16.73695652173913,0.0597480192232757,4.665472158777664
Ben Shapiro,They Took “Screwing Around” to Another Level…,2023-12-18 22:00:16+00:00,104079,5166,625,53,97.47169811320757,0.0102593883081687,5.614965555011097
Ben Shapiro,America’s Military Is HIDING From Pirates,2023-12-19 00:00:11+00:00,68375,3568,474,244,14.62295081967213,0.0683856502242152,6.26837294332724
Ben Shapiro,Go To Church,2023-12-19 18:00:09+00:00,134938,5337,1029,338,15.789940828402369,0.0633314596215102,4.96820762127792
Ben Shapiro,Is The Pope Backing Same-Sex Marriage? | @TheCounselofTrent,2023-12-19 21:30:01+00:00,119407,5384,1277,73,73.75342465753425,0.013558692421991,5.639535370623163
Ben Shapiro,Trump Is NOT Hitler,2023-12-19 23:00:28+00:00,76993,4187,837,221,18.945701357466064,0.0527824217817052,6.812307612380346
Ben Shapiro,Nobody Likes Biden,2023-12-20 00:30:01+00:00,83195,4163,582,86,48.406976744186046,0.0206581791976939,5.806839353326522
Ben Shapiro,BREAKING: Trump BARRED From Colorado Ballot,2023-12-20 18:00:08+00:00,211963,8750,1822,142,61.61971830985915,0.0162285714285714,5.054655765393017
Ben Shapiro,Slavery Reparations Won’t Fix New York,2023-12-20 21:30:01+00:00,31509,1358,438,13,104.46153846153848,0.0095729013254786,5.741216795201371
Ben Shapiro,So John Fetterman Is the Voice of Reason Now?,2023-12-20 23:00:05+00:00,96189,4686,659,76,61.6578947368421,0.0162185232607767,5.6357795589932325
Ben Shapiro,Trump Is STILL Ahead,2023-12-21 00:30:14+00:00,107796,3935,830,134,29.36567164179105,0.0340533672172808,4.544695536012468
Ben Shapiro,Will Trump Be Disqualified Before The Election Even Starts?,2023-12-21 18:00:10+00:00,173528,6045,1280,251,24.083665338645417,0.0415219189412737,4.365866027384629
Ben Shapiro,Hamas Is THANKING Canada!?,2023-12-21 21:30:07+00:00,76773,3309,742,366,9.040983606557376,0.1106074342701722,5.753324736561031
Ben Shapiro,"Tucker, You’re Wrong",2023-12-21 23:00:10+00:00,210440,6197,2376,2568,2.4131619937694704,0.4143940616427303,5.294145599695875
Ben Shapiro,Our Military Is in BIG Trouble,2023-12-22 00:30:06+00:00,134763,4621,538,213,21.69483568075117,0.0460939190651374,3.986257355505592
Ben Shapiro,Five Lessons For 2024,2023-12-22 18:00:07+00:00,212149,8011,745,315,25.43174603174603,0.0393209337161403,4.275768445762177
Ben Shapiro,He Ended the Year With a BANG...,2023-12-22 21:30:00+00:00,145117,5848,834,92,63.56521739130435,0.0157318741450068,4.667957579056899
Ben Shapiro,They’re Coming for Your Kids,2023-12-22 23:00:01+00:00,61413,3302,620,101,32.693069306930695,0.0305875227135069,6.550730301401983
Ben Shapiro,"Harvard Just Changed the Definition of ""Plagiarism""",2023-12-23 00:30:22+00:00,145512,8070,980,104,77.59615384615384,0.0128872366790582,6.290890098411128
Ben Shapiro,Quizzing Ben Shapiro,2023-12-23 15:00:43+00:00,199564,8461,490,160,52.88125,0.0189102942914549,4.565452686857349
Ben Shapiro,Ben DESTROYS Woke Christmas Gifts,2023-12-26 15:00:03+00:00,306512,15453,1601,305,50.66557377049181,0.0197372678444315,5.663399801639088
Ben Shapiro,Tim Kennedy: Responding To Evil,2023-12-27 15:00:30+00:00,88543,3602,343,282,12.77304964539007,0.0782898389783453,4.773951639316491
Ben Shapiro,They Have To Eat THIS?!,2023-12-28 15:00:41+00:00,66143,3036,254,96,31.625,0.0316205533596837,5.119211405590916
Ben Shapiro,The Future of Entertainment With The Critical Drinker,2023-12-29 15:00:00+00:00,245487,12345,942,309,39.95145631067961,0.0250303766707168,5.5383788143567685
Ben Shapiro,Ben's Best of TikTok Reactions 2023,2023-12-30 15:00:28+00:00,1020203,31891,1433,560,56.948214285714286,0.0175598131134175,3.321299780533874
Ben Shapiro,2024: The Year Of The Reckoning Is Upon Us,2024-01-02 18:00:10+00:00,264952,9046,1272,325,27.833846153846157,0.0359274817598938,4.016954014312026
Ben Shapiro,Harvard’s Untouchable Woke President Is GONE,2024-01-03 18:00:08+00:00,276089,10887,1564,206,52.8495145631068,0.018921649673923,4.584391265135518
Ben Shapiro,2024 ADVANTAGE: TRUMP,2024-01-04 18:00:09+00:00,247436,8196,1197,200,40.98,0.0244021473889702,3.876962123539016
Ben Shapiro,Star Wars Just Got WORSE...,2024-01-05 22:00:32+00:00,401948,18371,3101,113,162.57522123893804,0.006150998856894,5.370097624568352
Ben Shapiro,Claudine Gay Is in Denial,2024-01-06 00:00:10+00:00,95280,4605,618,103,44.70873786407767,0.0223669923995656,5.589840470193115
Ben Shapiro,You’ll Never Guess Who!!,2024-01-06 15:00:15+00:00,397310,15149,779,223,67.93273542600897,0.0147204435936365,4.065087714882585
Ben Shapiro,Biden Says Trump Is A Nazi,2024-01-08 18:00:07+00:00,187787,7050,1526,151,46.68874172185431,0.021418439716312,4.64728655338229
Ben Shapiro,Ben Shapiro DESTROYS 2024 Golden Globes,2024-01-09 01:56:22+00:00,1100226,32872,4107,1291,25.46243222308288,0.0392735458749087,3.4783762608773103
Ben Shapiro,The Second Black President,2024-01-09 18:00:08+00:00,168998,6308,954,115,54.85217391304348,0.0182308180088776,4.36514041586291
Ben Shapiro,Is He LYING!?,2024-01-09 22:00:41+00:00,29172,1830,309,21,87.14285714285714,0.0114754098360655,7.404360345536816
Ben Shapiro,THIS Is Actual Racism,2024-01-10 00:00:13+00:00,111395,4745,569,75,63.266666666666666,0.0158061116965226,4.837739575384892
Ben Shapiro,A Country Without Borders,2024-01-10 18:00:06+00:00,159335,5910,1060,314,18.82165605095541,0.0531302876480541,4.571500298114037
Ben Shapiro,The Final Countdown,2024-01-11 18:00:11+00:00,188847,6564,1435,320,20.5125,0.048750761730652,4.405153378131503
Ben Shapiro,Trump Is on a RAMPAGE,2024-01-11 22:00:16+00:00,186393,6874,1105,268,25.649253731343283,0.038987489089322,4.4245223801323
Ben Shapiro,"America Bombs The Houthis: F*** Around, Find Out",2024-01-12 18:00:07+00:00,289919,10223,1394,1080,9.46574074074074,0.1056441357722782,4.37949910147317
Ben Shapiro,Ben Shapiro REACTS to “J Christ” by Lil Nas X,2024-01-12 23:42:40+00:00,347006,12102,4848,2504,4.833067092651757,0.2069079490993224,5.60624311971551
Ben Shapiro,What You Don’t Know About The Great Reset | Facts Ep. 8,2024-01-13 15:00:25+00:00,356063,20014,2647,300,66.71333333333334,0.0149895073448586,6.448577920199515
Ben Shapiro,Iowa Caucuses TODAY,2024-01-15 18:00:10+00:00,167537,5601,806,162,34.57407407407408,0.0289234065345474,3.920924930015459
Ben Shapiro,Trump WRECKS The Field In Iowa,2024-01-16 18:00:07+00:00,288002,9532,1844,239,39.88284518828452,0.0250734368443138,4.032958104457609
Ben Shapiro,"Nikki, Lets Be Real About This....",2024-01-16 22:30:03+00:00,157222,4634,1063,98,47.285714285714285,0.0211480362537764,3.685870934093193
Ben Shapiro,Ben Shapiro VS. 2024 Emmy Awards,2024-01-17 00:30:32+00:00,746802,22940,2901,538,42.63940520446096,0.0234524847428073,3.532261563305936
Ben Shapiro,Rigging The 2024 Election,2024-01-17 18:00:08+00:00,292285,8508,1532,358,23.76536312849162,0.0420780441937,3.557486699625366
Ben Shapiro,Davos vs. The Rest Of Us,2024-01-18 18:00:09+00:00,184654,7097,948,200,35.485,0.0281809215161335,4.465107714969619
Ben Shapiro,These Two Would Be BEST Friends,2024-01-18 22:30:10+00:00,56796,2385,377,122,19.549180327868854,0.0511530398322851,5.077822381857877
Ben Shapiro,The Big Lie Americans Tell Ourselves,2024-01-19 18:00:10+00:00,197457,6530,929,160,40.8125,0.0245022970903522,3.8585616108823695
Ben Shapiro,Ben Shapiro EXPLAINS Gypsy Rose Blanchard Controversy,2024-01-20 15:00:48+00:00,252392,9506,1639,221,43.01357466063349,0.0232484746475909,4.5033123078386
Ben Shapiro,At Auschwitz With Elon Musk,2024-01-23 18:00:08+00:00,310445,11956,2259,2825,4.232212389380531,0.236283037805286,5.488894973344715
Ben Shapiro,Does Body Count Matter? | @lexfridman @destiny,2024-01-23 21:00:30+00:00,403302,8646,1814,155,55.78064516129032,0.0179273652556095,2.632022652999489
Ben Shapiro,Is Higher Education Worth It? | @lexfridman @destiny,2024-01-23 23:00:06+00:00,116529,3111,551,34,91.5,0.0109289617486338,3.1717426563344744
Ben Shapiro,My Debate With Destiny,2024-01-24 18:00:08+00:00,464824,11010,2091,479,22.98538622129436,0.0435059037238873,2.921535893155259
Ben Shapiro,Border STANDOFF: Texas Fights Back,2024-01-25 18:00:11+00:00,243255,9537,1579,245,38.926530612244896,0.0256894201530879,4.670407596966147
Ben Shapiro,When an Illegal Act Takes a Life,2024-01-26 01:17:38+00:00,57245,4241,527,9,471.22222222222223,0.00212214100448,8.344833609922265
Ben Shapiro,Border Crisis: The Deadly Fentanyl Trade,2024-01-26 02:15:04+00:00,36741,1567,138,16,97.9375,0.0102105934907466,4.684140333687162
Ben Shapiro,Mexican Standoff in Texas,2024-01-26 18:00:08+00:00,218388,9338,1268,119,78.47058823529412,0.012743628185907,4.910984120006594
Ben Shapiro,Ben Shapiro's 2024 Oscars Predictions,2024-01-26 21:00:31+00:00,116995,4535,652,213,21.29107981220657,0.0469680264608599,4.615581862472755
Ben Shapiro,Faux Ignorance & Modern Media Strategy,2024-01-26 23:00:03+00:00,101416,3346,619,167,20.03592814371257,0.0499103407053197,4.07430780153033
Ben Shapiro,Ben Shapiro: The GREATEST Movie Franchise of ALL TIME,2024-01-27 15:00:46+00:00,626714,19442,4219,560,34.71785714285714,0.0288036210266433,3.864761278669377
Ben Shapiro,The Destructiveness of DEI | THE SEARCH With Elon Musk,2024-01-27 18:00:10+00:00,242131,10333,792,165,62.624242424242425,0.0159682570405496,4.662765197351846
Ben Shapiro,The Plan for Multi-Planetary Life | THE SEARCH With Elon Musk,2024-01-27 20:00:17+00:00,97446,4374,656,117,37.38461538461539,0.0267489711934156,5.281899718818628
Ben Shapiro,Are Aliens Real? | THE SEARCH With Elon Musk,2024-01-28 18:00:02+00:00,318538,10278,1403,173,59.410404624277454,0.0168320684958163,3.7213770413577034
Ben Shapiro,The Purpose of X | THE SEARCH With Elon Musk,2024-01-28 20:00:06+00:00,92647,4213,331,101,41.71287128712871,0.0239734156183242,5.013653976923161
Ben Shapiro,I Am America’s #1 Rapper,2024-01-29 18:00:06+00:00,539919,30561,3594,842,36.2957244655582,0.0275514544681129,6.4818982106575245
Ben Shapiro,"FACTS, the Music Industry, and Censorship | With @TomMacDonaldOfficial",2024-01-29 19:50:41+00:00,812792,58958,5569,769,76.66840052015604,0.013043183283015,8.033543637240523
Ben Shapiro,Biden Needs Taylor Swift,2024-01-30 18:00:07+00:00,164374,5576,1046,178,31.325842696629213,0.031922525107604,4.136907296774429
Ben Shapiro,"Ben and Elon Musk Discuss DEI, Anti-Semitism and X",2024-01-30 21:00:12+00:00,225986,7148,815,363,19.691460055096417,0.0507834359261331,3.684299027373377
Ben Shapiro,How Elmo Unleashed Emotional Hell,2024-01-31 18:00:08+00:00,190416,7552,806,107,70.57943925233644,0.0141684322033898,4.445529787412823
Ben Shapiro,Sexual Boredom Is Running Rampant | With @JordanBPeterson,2024-01-31 22:00:17+00:00,145950,4007,939,135,29.68148148148148,0.033691040678812,3.4813292223364165
Ben Shapiro,We MUST Go Back to This | With @JordanBPeterson,2024-02-01 00:00:00+00:00,117354,4187,427,158,26.5,0.0377358490566037,4.066329226102221
Ben Shapiro,"Illegal Immigrants Pummel Cops, Walk Free",2024-02-01 18:00:11+00:00,194598,8660,1272,127,68.18897637795276,0.0146651270207852,5.169117873770542
Ben Shapiro,The Music Industry's Chart Manipulation Exposed,2024-02-01 22:00:30+00:00,135672,8026,769,137,58.58394160583941,0.0170695240468477,6.583524971991272
Ben Shapiro,Biden Calls Trump A “Sick F***”,2024-02-02 18:00:07+00:00,269979,9079,1819,155,58.57419354838709,0.0170723647978852,4.094022127646965
Ben Shapiro,"Ben Reacts To The Best ""FACTS"" Reactions",2024-02-03 15:01:00+00:00,1706461,107695,9265,1416,76.05579096045197,0.0131482427225033,6.936929704224122
Ben Shapiro,‘Free The Nipple’ Grammys and Open Borders,2024-02-05 18:00:09+00:00,493725,12223,1617,299,40.87959866220736,0.0244620796858381,2.863739936199301
Ben Shapiro,SHOCKER: Woke Kindergarten Fails,2024-02-06 18:00:06+00:00,198440,7688,890,59,130.3050847457627,0.0076742976066597,4.352449103003426
Ben Shapiro,These Grammy LEWKS Are Horrendous,2024-02-06 23:01:26+00:00,549018,17669,1536,263,67.18250950570342,0.0148848265323447,3.5459675274763307
Ben Shapiro,I’m Retiring From Rap,2024-02-07 18:00:08+00:00,185612,8311,1426,215,38.65581395348837,0.0258693298038743,5.361722302437342
Ben Shapiro,Gina Carano Is SUING Disney,2024-02-07 22:08:22+00:00,101494,5987,507,42,142.54761904761904,0.0070151995991314,6.43978954420951
Ben Shapiro,"When In Trouble, Cry Racism",2024-02-08 18:00:09+00:00,174386,6885,1015,96,71.71875,0.0139433551198257,4.585230465748397
Ben Shapiro,Ice Spice & Sexyy Red Need Help....,2024-02-08 22:00:10+00:00,148202,6944,1224,85,81.69411764705882,0.0122407834101382,5.568750759099068
Ben Shapiro,Ben Shapiro: My Critique of Apple Vision Pro,2024-02-08 23:05:20+00:00,568701,17077,2847,392,43.56377551020408,0.0229548515547227,3.572351727885128
Ben Shapiro,The Most Catastrophic Press Conference of ALL TIME,2024-02-09 18:00:21+00:00,898188,28612,6048,1527,18.73739358218729,0.0533692157136865,4.028889274851145
Ben Shapiro,"Ben Shapiro Breaks Down 2024 ""Big Game"" Commercials: The Good, The Bad, & The Woke",2024-02-10 15:00:01+00:00,416092,13348,1294,199,67.07537688442211,0.0149086005394066,3.56675927439124
Ben Shapiro,"What I Learned From ""The Big Game""",2024-02-12 18:00:10+00:00,296624,9862,1931,232,42.50862068965517,0.0235246400324477,4.053953827067264
Ben Shapiro,Ben Shapiro Reviews The Best Memes From The Big Game,2024-02-13 00:33:50+00:00,309171,10919,767,172,63.48255813953488,0.0157523582745672,3.835417940233722
Ben Shapiro,The Political War Over Ukraine,2024-02-13 18:00:07+00:00,250494,7697,2895,886,8.687358916478555,0.1151097830323502,4.582145680136051
Ben Shapiro,Homeland Security Secretary IMPEACHED,2024-02-14 18:00:11+00:00,171023,6454,996,169,38.18934911242604,0.0261853114347691,4.454956350900171
Ben Shapiro,They KILLED People Quietly | With Anthony Rubin,2024-02-14 23:06:49+00:00,56787,2872,196,146,19.671232876712327,0.0508356545961002,5.659746068642471
Ben Shapiro,Russian Nukes In Space?!,2024-02-15 18:00:07+00:00,180944,5764,943,186,30.98924731182796,0.0322692574600971,3.809465912105403
Ben Shapiro,Teacher FIRED After Doing OnlyFans,2024-02-15 22:11:54+00:00,76315,2900,406,61,47.540983606557376,0.0210344827586206,4.411976675620783
Ben Shapiro,Shots Fired at Chiefs' Victory Parade,2024-02-16 00:00:23+00:00,51945,2457,482,65,37.8,0.0264550264550264,5.783039753585523
Ben Shapiro,"What You Talkin’ Bout, Willis?",2024-02-16 18:00:09+00:00,516567,18898,4406,735,25.71156462585034,0.0388930045507461,4.653607373293299
Ben Shapiro,Joe Biden Has COMPLETELY Lost It,2024-02-16 22:00:02+00:00,199552,8954,1160,180,49.74444444444445,0.0201027473754746,5.158555163566389
Ben Shapiro,LOL: Ben REACTS to HILARIOUS TikToks,2024-02-17 15:00:21+00:00,1447827,43673,1695,378,115.53703703703704,0.0086552332104503,3.159631641073139
Ben Shapiro,America's Worst Presidents! | Facts Ep. 9,2024-02-19 15:00:22+00:00,536978,22510,3514,978,23.016359918200408,0.043447356730342,5.028511410150881
Ben Shapiro,"Bankrupting Trump, Murdering Navalny",2024-02-20 18:00:10+00:00,252196,8947,1621,388,23.059278350515463,0.0433664915614172,4.344240194134721
Ben Shapiro,Putin Is Settling All Family Business,2024-02-21 18:00:09+00:00,205389,6754,1814,636,10.619496855345911,0.0941664198993189,4.481252647415392
Ben Shapiro,This Is Literally A Federal Crime,2024-02-21 22:00:23+00:00,151497,5717,1357,519,11.015414258188825,0.0907818786076613,5.011980435256144
Ben Shapiro,Get Ready For AI To Erase Reality,2024-02-22 18:00:10+00:00,227850,8607,1758,192,44.828125,0.0223074241896131,4.633311389071758
Ben Shapiro,Google Gemini Is Anti-White,2024-02-22 22:08:10+00:00,130066,6911,1608,96,71.98958333333333,0.013890898567501,6.623560346285731
Ben Shapiro,The Anti-Trans Hate Crime That Wasn’t,2024-02-23 18:00:08+00:00,227918,8845,1348,241,36.70124481327801,0.0272470322215941,4.57796224958099
Ben Shapiro,The Left Is LOSING It's Mind Over Alabama,2024-02-23 22:00:33+00:00,66071,2775,921,191,14.528795811518323,0.0688288288288288,5.883065187449865
Ben Shapiro,Ben Shapiro and Tom MacDonald: FACTS,2024-02-24 15:00:17+00:00,246288,17541,1245,225,77.96,0.0128270908158029,7.719011888520757
Ben Shapiro,DEI Could Get You Killed In The Operating Room,2024-02-26 18:00:10+00:00,187675,7341,1544,114,64.39473684210526,0.0155292194523906,4.79499134141468
Ben Shapiro,Stop Cheering Disturbed People Setting Themselves On Fire,2024-02-27 18:00:10+00:00,206278,7795,2323,1519,5.131665569453588,0.1948685054522129,5.641415953228168
Ben Shapiro,Shane Gillis CANCELED Again?!,2024-02-27 22:00:09+00:00,337675,9551,929,246,38.82520325203252,0.0257564652915925,3.176427037832235
Ben Shapiro,"For The Democrats, The Crazies Are The Captain Now",2024-02-28 18:00:12+00:00,172959,6169,751,217,28.428571428571427,0.0351758793969849,4.126411461675889
Ben Shapiro,THE DIRTY SECRET: Trump Is The 2024 Moderate,2024-02-29 18:00:08+00:00,227253,7432,1059,328,22.65853658536585,0.0441334768568353,3.880696844486101
Ben Shapiro,Duel At The Border,2024-03-01 18:00:07+00:00,184907,6713,667,228,29.44298245614035,0.0339639505437211,4.114500803106426
Ben Shapiro,UH OH: Diddy's in Trouble,2024-03-01 22:00:17+00:00,218154,7104,863,357,19.899159663865547,0.0502533783783783,3.815653162444879
Ben Shapiro,Ben Shapiro Reviews “Dune: Part Two”,2024-03-02 15:00:55+00:00,1012469,30041,5155,4018,7.476605276256844,0.1337505409273992,3.873106238314457
Ben Shapiro,UNANIMOUS Supreme Court Puts Trump Back On The Ballot,2024-03-04 18:00:07+00:00,273984,10648,1415,127,83.84251968503936,0.0119271224643125,4.449164914739547
Ben Shapiro,SNL SLAMS Joe Biden,2024-03-04 23:00:30+00:00,597135,11562,851,142,81.4225352112676,0.0122816121778239,2.1025396267175767
Ben Shapiro,Peeing in Your Own Eyes To Stop Donald Trump,2024-03-05 18:00:06+00:00,273722,8914,1339,177,50.36158192090395,0.0198564056540273,3.810435405265196
Ben Shapiro,This Is the Stupidest Thing I've Ever Heard,2024-03-05 22:00:00+00:00,321634,17125,2713,404,42.38861386138614,0.0235912408759124,6.293488872445077
Ben Shapiro,Nikki Haley Is OUT,2024-03-06 18:00:06+00:00,235148,8082,1132,214,37.76635514018692,0.0264785944073249,4.009389831085104
Ben Shapiro,"IT’S OFFICIALLY ON: Trump vs. Biden II, Electric Boogaloo",2024-03-07 18:00:06+00:00,195544,6869,929,177,38.80790960451977,0.0257679429320133,4.078365994354212
Ben Shapiro,Do They Actually Believe THIS?,2024-03-07 22:00:23+00:00,151140,5047,1037,118,42.771186440677965,0.0233802258767584,4.103480217017335
Ben Shapiro,STATE OF THE UNION: Old Man Screams At Moon,2024-03-08 18:00:06+00:00,488686,16074,3449,665,24.17142857142857,0.0413711583924349,4.131078033747642
Ben Shapiro,Snapchat Filters Are KILLING Me,2024-03-08 22:00:14+00:00,323048,12531,1199,121,103.56198347107438,0.0096560529885883,4.287598127832396
Ben Shapiro,What’s Really Going on in Russia | Facts Ep. 10,2024-03-09 15:00:13+00:00,347117,14519,3485,1768,8.21210407239819,0.1217714718644534,5.69606213466929
Ben Shapiro,The Oscars Is Filled With Trash Humans,2024-03-11 17:00:06+00:00,489139,17217,3002,1670,10.309580838323352,0.0969971539757216,4.475006082115717
Ben Shapiro,Ben Shapiro vs. 2024 Oscars,2024-03-12 00:43:26+00:00,356330,13371,1719,1008,13.264880952380953,0.0753870316356293,4.51772233603682
Ben Shapiro,Spending Like There’s No Tomorrow,2024-03-12 17:00:06+00:00,167983,5651,1641,1629,3.468999386126458,0.2882675632631393,5.310656435472636
Ben Shapiro,Is This the END of TIKTOK?,2024-03-12 21:15:00+00:00,114247,5064,1273,882,5.741496598639456,0.174170616113744,6.318765481806962
Ben Shapiro,"Uh-Oh, I Said Something Unsayable",2024-03-13 17:00:06+00:00,245080,8752,5949,4474,1.956191327670988,0.5111974405850092,7.823975844622163
Ben Shapiro,Democrats Are FIGHTING MAD At Robert Hur,2024-03-13 21:00:09+00:00,86863,4450,551,166,26.80722891566265,0.0373033707865168,5.948447555345775
Ben Shapiro,The Clock Chimes Doom For TikTok,2024-03-14 17:00:06+00:00,166968,5808,1038,537,10.81564245810056,0.0924586776859504,4.421805375880409
Ben Shapiro,Dylan Mulvaney Dropped A Music Video....And It's GARBAGE,2024-03-14 22:27:27+00:00,407993,18022,3595,328,54.94512195121951,0.0181999778049051,5.378768753385475
Ben Shapiro,Why I'm Giving Money To Donald Trump,2024-03-15 17:00:21+00:00,468269,22360,4031,1883,11.874668082846522,0.0842128801431127,6.037982441716193
Ben Shapiro,Christina Aguilera Is LECTURING Us On Abortion Now?,2024-03-15 21:00:30+00:00,89682,3303,1655,256,12.90234375,0.077505298213745,5.813875694119221
Ben Shapiro,Can I Finish Lyrics Faster Than Matt Walsh?,2024-03-16 14:00:00+00:00,354503,16542,1061,296,55.88513513513514,0.0178938459678394,5.049040487668652
Ben Shapiro,“BLOODBATH!” The Fake News Strikes Again,2024-03-18 17:00:06+00:00,222788,9535,1287,119,80.12605042016807,0.0124803356056633,4.910946729626371
Ben Shapiro,Bankrupting Donald Trump,2024-03-19 17:00:12+00:00,232182,9330,1908,243,38.39506172839506,0.0260450160771704,4.944827764426183
Ben Shapiro,Texas CRACKS DOWN on Illegal Immigration,2024-03-20 17:00:06+00:00,183531,7649,857,275,27.814545454545456,0.0359524120800104,4.784477826634193
Ben Shapiro,Why Does ANYBODY Listen to Stormy Daniels?,2024-03-20 21:00:16+00:00,112855,3949,708,187,21.11764705882353,0.0473537604456824,4.292233396836649
Ben Shapiro,World War III: China Edition,2024-03-21 17:00:07+00:00,260304,9081,1249,623,14.576243980738363,0.0686047792093381,4.207772450673059
Ben Shapiro,As If Star Wars Couldn’t Get Any WORSE…,2024-03-21 21:00:05+00:00,404601,17832,4565,726,24.56198347107438,0.0407133243606998,5.715013062251453
Ben Shapiro,Illegal Immigrants Storm Texas National Guard,2024-03-22 17:00:06+00:00,203315,8011,2148,1814,4.416207276736494,0.2264386468605667,5.888891621375698
Ben Shapiro,Biden CRACKS DOWN On Green Text Bubbles,2024-03-22 21:00:05+00:00,74190,3203,1221,1816,1.7637665198237886,0.5669684670621292,8.41083704003235
Ben Shapiro,The Horrors of Nickelodeon,2024-03-22 23:00:17+00:00,302778,10186,2688,1448,7.034530386740332,0.1421559002552523,4.7301983631571645
Ben Shapiro,Ben Shapiro vs. VIRAL TikToks,2024-03-23 14:00:34+00:00,489554,15081,2294,1544,9.767487046632125,0.1023804787480936,3.86453792635746
Ben Shapiro,The Deadly Consequences of Biden’s Presidency,2024-03-25 21:00:23+00:00,53115,3560,720,528,6.742424242424242,0.148314606741573,9.05205685776146
Ben Shapiro,Is Kamala the Stupidest Person in Politics?,2024-03-25 23:00:34+00:00,117960,5936,1618,581,10.216867469879515,0.097877358490566,6.896405561207189
Ben Shapiro,The Feds Raid Diddy,2024-03-26 17:00:06+00:00,233400,8434,1908,1422,5.931082981715893,0.1686032724685795,5.040274207369324
Ben Shapiro,Was Katt Williams RIGHT About Diddy?,2024-03-26 21:08:33+00:00,257923,8779,1431,1440,6.096527777777778,0.1640277935983597,4.516851928676388
Ben Shapiro,Bad Therapy Is HARMING Your Kids | With Abigail Shrier,2024-03-26 23:00:16+00:00,45595,2318,816,870,2.664367816091954,0.3753235547886108,8.781664656212303
Ben Shapiro,Ronna McDaniel AXED By NBC,2024-03-27 17:00:06+00:00,136811,4913,1815,1108,4.434115523465704,0.225524119682475,5.727609622033316
Ben Shapiro,This Is Going To Backfire...,2024-03-27 22:00:02+00:00,133386,5623,1076,325,17.301538461538463,0.0577983282945047,5.265919961615162
Ben Shapiro,ISIS Attacks Moscow,2024-03-28 01:30:22+00:00,109605,4214,1064,982,4.291242362525458,0.2330327479829141,5.711418274713745
Ben Shapiro,Barack Obama Is BACK,2024-03-28 17:00:06+00:00,199829,7188,1427,431,16.677494199535964,0.0599610461880912,4.526870474255489
Ben Shapiro,"This Dude Just DESTROYED ""The View""",2024-03-28 21:00:26+00:00,655777,19157,2244,615,31.14959349593496,0.0321031476744793,3.357238817463863
Ben Shapiro,The Jewish Roots of Catholicism | With Bishop Robert Barron,2024-03-28 23:00:35+00:00,84749,4665,2026,2408,1.9372923588039868,0.5161843515541265,10.736409869143
Ben Shapiro,The Biggest Conspiracy Theory Of All,2024-03-29 17:00:06+00:00,226375,8188,2132,1690,4.844970414201184,0.2063996091841719,5.305356156819436
Ben Shapiro,These 3 Presidents Are Insanely Out of Touch,2024-03-29 21:00:27+00:00,95698,4681,946,598,7.827759197324415,0.1277504806665242,6.504838136638175
Ben Shapiro,The Most Important Story in Human History,2024-03-29 23:00:19+00:00,52451,2602,1735,2425,1.0729896907216494,0.9319754035357416,12.892032563726143
Ben Shapiro,Was TV Better In The 90's? (feat. Surprise Guest),2024-03-30 14:00:34+00:00,210457,8778,2263,708,12.398305084745765,0.0806561859193438,5.58261307535506
Ben Shapiro,Trans Day Of Visibility vs. Easter,2024-04-01 17:00:26+00:00,211340,9441,2887,703,13.42958748221906,0.0744624510115453,6.165893820384214
Ben Shapiro,Easter Service INTERRUPTED by Protesters,2024-04-01 21:00:30+00:00,59224,3976,774,370,10.745945945945946,0.0930583501006036,8.645143860597056
Ben Shapiro,SNL Mocks Joe Biden AGAIN...,2024-04-01 23:00:28+00:00,131070,5555,677,314,17.691082802547772,0.0565256525652565,4.994277866788739
Ben Shapiro,Why Cultural Christianity Isn’t Enough,2024-04-02 17:00:06+00:00,178514,5976,2156,786,7.603053435114504,0.1315261044176706,4.995686612814682
Ben Shapiro,"Why Being A ""Cultural Christian"" Makes No Sense",2024-04-02 21:00:28+00:00,61942,2608,2001,969,2.691434468524252,0.3715490797546012,9.005198411417133
Ben Shapiro,Shakira is BASED?,2024-04-02 23:00:11+00:00,127503,6612,1054,266,24.857142857142858,0.0402298850574712,6.221030093409566
Ben Shapiro,Our “Unaliving” Civilization,2024-04-03 17:00:06+00:00,140544,5019,1147,482,10.41286307053942,0.0960350667463638,4.730191256830601
Ben Shapiro,Will Trump ACTUALLY Go to Jail?,2024-04-03 21:00:08+00:00,127839,5190,861,278,18.66906474820144,0.0535645472061657,4.950758375769523
Ben Shapiro,Are We Being Censored?,2024-04-03 23:00:27+00:00,52469,3975,1355,1198,3.3180300500834723,0.3013836477987421,12.44163220187158
Ben Shapiro,Why Joe Biden Is Losing,2024-04-04 17:00:06+00:00,172645,6383,1246,775,8.236129032258065,0.1214162619457935,4.867792290538388
Ben Shapiro,New York Is Getting WORSE...,2024-04-04 21:00:23+00:00,63313,3168,423,192,16.5,0.0606060606060606,5.975076208677523
Ben Shapiro,UH OH: Biden's in Trouble,2024-04-04 23:00:08+00:00,64851,3547,694,515,6.887378640776699,0.1451931209472794,7.33373425236311
Ben Shapiro,Biden Brings Us To The Brink Of World War III…TWICE,2024-04-05 17:00:21+00:00,187613,7369,1603,955,7.716230366492146,0.1295969602388383,5.291211163405521
Ben Shapiro,Ben Shapiro DESTROYS Jimmy Kimmel On Japan,2024-04-05 21:09:18+00:00,180408,6863,1397,549,12.500910746812384,0.0799941716450531,4.882821160924128
Ben Shapiro,Kamala LIES About NCAA Women’s Basketball,2024-04-05 23:00:09+00:00,68252,3271,641,748,4.372994652406417,0.2286762457963925,6.827638750512806
Ben Shapiro,"How To Make Your First $1,000,000",2024-04-06 14:00:20+00:00,716724,26403,2370,933,28.29903536977492,0.0353368935348255,4.144691680479515
Ben Shapiro,Trump Calls Biden HIGH,2024-04-06 19:00:30+00:00,83326,4096,481,406,10.088669950738916,0.09912109375,5.980126251110097
Ben Shapiro,How Radicals Erode Reality | Dr. Phil McGraw,2024-04-07 12:00:07+00:00,197535,7759,1151,582,13.331615120274916,0.0750096661940971,4.805224390614322
Ben Shapiro,Did Joe Biden Just Save Hamas?,2024-04-08 17:00:06+00:00,196840,7199,2162,1931,3.728120145002589,0.2682316988470621,5.736638894533631
Ben Shapiro,Blotting Out The Sun,2024-04-09 17:00:06+00:00,157620,5639,1277,361,15.620498614958448,0.0640184429863451,4.616799898490039
Ben Shapiro,Whoopi Used The 10 Commandments to Defend WHAT?,2024-04-09 21:08:16+00:00,283739,10603,2172,376,28.199468085106385,0.0354616617938319,4.634893335072021
Ben Shapiro,The Abortion Issue Explodes,2024-04-10 17:00:06+00:00,168153,5137,1450,332,15.47289156626506,0.064629160988904,4.11470506027249
Ben Shapiro,Inflation Comes In HOT,2024-04-11 17:00:06+00:00,153210,5360,866,266,20.150375939849624,0.0496268656716417,4.23732132367339
Ben Shapiro,Kamala's Intelligence Surpasses Me,2024-04-11 21:00:27+00:00,81558,3913,597,152,25.74342105263158,0.0388448760541783,5.716177444272788
Ben Shapiro,OJ Simpson Killed By Cancer,2024-04-12 17:00:06+00:00,176226,6024,1256,224,26.892857142857142,0.0371845949535192,4.258168488191299
Ben Shapiro,THIS Could Prevent Attacks on America,2024-04-12 21:00:28+00:00,45982,1944,308,563,3.452930728241563,0.2896090534979423,6.121960767256753
Ben Shapiro,Ben Shapiro DESTROYS The Bernie Podcast,2024-04-13 14:00:36+00:00,115752,4823,830,233,20.699570815450645,0.048310180385652,5.085009330292349
Ben Shapiro,"On the Front Lines of Freedom | President of Argentina, Javier Milei",2024-04-14 12:00:06+00:00,344023,16101,2386,302,53.31456953642384,0.0187565989690081,5.4615534426477295
Ben Shapiro,"[En Español] En Primera Línea de la Libertad | Presidente de Argentina, Javier Milei",2024-04-14 12:00:07+00:00,165807,10992,1181,119,92.36974789915966,0.0108260553129548,7.413438515864831
Ben Shapiro,UNPRECEDENTED: Iran Launches MASSIVE Attack on Israel,2024-04-15 17:00:07+00:00,337067,11077,3083,1834,6.039803707742639,0.1655682946646204,4.745050687252089
Ben Shapiro,The Trial of Trump Begins,2024-04-15 21:00:34+00:00,104064,3984,724,144,27.666666666666668,0.036144578313253,4.662515375153752
Ben Shapiro,Will Israel STRIKE Iran?,2024-04-16 17:00:06+00:00,237026,7896,1853,941,8.391073326248671,0.1191742654508612,4.510053749377706
Ben Shapiro,The GREATEST UFC Victory Speech Ever,2024-04-16 21:00:33+00:00,229781,8156,818,136,59.97058823529412,0.0166748406081412,3.96464459637655
Ben Shapiro,Andrew Tate’s Filthy Grift,2024-04-17 17:00:06+00:00,334810,11326,4546,1688,6.709715639810427,0.1490376125728412,5.244765688002151
Ben Shapiro,NPR CEO Exposed As RADICAL Leftist,2024-04-17 21:00:35+00:00,92166,3987,478,39,102.23076923076924,0.0097817908201655,4.886834624481913
Ben Shapiro,Will America’s Cowardly Streak Continue?,2024-04-18 17:00:06+00:00,145705,5018,1661,628,7.990445859872612,0.1251494619370267,5.01492742184551
Ben Shapiro,Libs MELTDOWN Over Caitlyn Clark's WNBA Salary,2024-04-18 21:00:04+00:00,112937,3423,835,133,25.73684210526316,0.0388548057259713,3.8880083586424288
Ben Shapiro,Piers Morgan Had Her CORNERED,2024-04-18 23:00:25+00:00,377636,13091,1352,576,22.72743055555556,0.0439996944465663,3.977110233134553
Ben Shapiro,Israel STRIKES BACK Against Iran,2024-04-19 17:00:22+00:00,273213,9950,2047,1662,5.98676293622142,0.1670351758793969,4.999396075589376
Ben Shapiro,Taylor Swift's New Album Is GARBAGE,2024-04-19 21:04:41+00:00,248408,6323,6496,3457,1.8290425224182816,0.546734145184248,6.5521239251553895
Ben Shapiro,Speaker Mike Johnson | Strong America Requires Strong Allies,2024-04-19 23:00:04+00:00,40424,1943,1161,1426,1.362552594670407,0.7339166237776634,11.20621413021967
Ben Shapiro,The REAL History of Ukraine | Facts Ep. 11,2024-04-20 14:00:24+00:00,344308,13213,3063,862,15.32830626450116,0.0652387799894043,4.977520127327858
Ben Shapiro,Andrew Tate: The Great Hoax,2024-04-20 19:00:16+00:00,681791,24732,8070,5845,4.231308810949529,0.2363334950671195,5.668452648978939
Ben Shapiro,When Sports Go Woke | Sage Steele,2024-04-21 12:00:07+00:00,69914,2412,367,96,25.125,0.0398009950248756,4.112194982406957
Ben Shapiro,"Congress Passes MASSIVE Aid Package For Ukraine, Israel, Taiwan",2024-04-22 18:21:01+00:00,172188,5676,2469,2206,2.57298277425204,0.3886539816772374,6.011452598322763
Ben Shapiro,"Tucker Says America Is ""Evil"" For Dropping The A-Bomb. He's Wrong.",2024-04-22 22:05:51+00:00,177777,6029,4484,3409,1.7685538281020827,0.5654337369381324,7.831159261321768
Ben Shapiro,"Ben SHREDS ""The Tortured Poets Department"" For 47 Minutes",2024-04-24 00:38:35+00:00,370224,14725,6373,1417,10.391672547635851,0.0962308998302207,6.081453390379878
Ben Shapiro,Ben Shapiro REACTS to INSANE Woke Religion TikToks | Part 3,2024-04-24 17:35:05+00:00,1000929,28009,3520,979,28.609805924412665,0.0349530508050983,3.247782809769724
Ben Shapiro,"Our Cowardly, Garbage Universities",2024-04-25 18:20:21+00:00,239466,9503,2262,2126,4.469896519285042,0.2237188256340103,5.800823498951835
Ben Shapiro,Another EMBARRASSING Joe Biden Moment,2024-04-25 21:00:12+00:00,180638,6875,804,271,25.3690036900369,0.0394181818181818,4.401067328026218
Ben Shapiro,This Guy Is EVERYTHING Wrong With Generation Z,2024-04-26 17:31:31+00:00,249270,9044,1981,325,27.827692307692303,0.0359354268022998,4.553295623219801
Ben Shapiro,These Coachella Outfits Are HORRENDOUS,2024-04-26 22:30:04+00:00,98934,3502,399,155,22.59354838709677,0.0442604226156482,4.0997028321911575
Ben Shapiro,Is THIS the New Charlottesville?,2024-04-27 00:30:10+00:00,86898,3625,482,322,11.25776397515528,0.0888275862068965,5.0967801330295295
Ben Shapiro,Ben Shapiro vs ChatGPT: AI's Potential & Pitfalls,2024-04-27 14:00:37+00:00,100094,3286,258,120,27.383333333333333,0.0365185636031649,3.6605590744699983
Ben Shapiro,Is He The Last Real Democrat? | Robert F. Kennedy Jr.,2024-04-28 12:00:06+00:00,986919,33315,9750,711,46.856540084388186,0.0213417379558757,4.435622376304439
Ben Shapiro,Ben Shapiro Unboxes Historical Relics,2024-04-29 17:00:07+00:00,80648,3225,660,393,8.206106870229007,0.121860465116279,5.3045332804285295
Ben Shapiro,China's Plan To Weaken America | Peter Schweizer,2024-04-30 17:00:19+00:00,69982,3281,567,350,9.374285714285714,0.1066747942700396,5.998685376239604
Ben Shapiro,Democrats APPEASE Privileged College Radicals,2024-05-01 17:00:08+00:00,176098,7168,1381,996,7.196787148594377,0.1389508928571428,5.420277345568945
Ben Shapiro,Drew Barrymore's Most CRINGE Moment Yet,2024-05-01 21:00:12+00:00,87685,3614,933,265,13.637735849056604,0.0733259546209186,5.487825739864287
Ben Shapiro,Time To DEFUND The Universities,2024-05-02 17:00:06+00:00,215865,8290,2187,1436,5.772980501392758,0.1732207478890229,5.518726982141616
Ben Shapiro,Karine Jean-Pierre Is CLUELESS,2024-05-02 21:00:05+00:00,76466,3568,962,772,4.6217616580310885,0.2163677130044843,6.933800643423221
Ben Shapiro,Pick A Damn Side,2024-05-03 18:03:01+00:00,187154,7652,1810,888,8.617117117117116,0.1160480920020909,5.530205071759086
Ben Shapiro,My Full Breakdown of the Anti-Semitism Bill,2024-05-03 21:30:01+00:00,76507,3011,1228,953,3.159496327387198,0.3165061441381601,6.78630713529481
Ben Shapiro,"WEEK IN REVIEW: #FreeBritney, Barbara Streisand UNHINGED, and Juggernaut Survivor",2024-05-03 23:00:26+00:00,85290,3889,658,503,7.731610337972167,0.129339161738236,5.920975495368742
Ben Shapiro,Best Of Ben Shapiro's TikTok Reactions | Trump Edition,2024-05-04 14:00:48+00:00,367129,12651,752,458,27.62227074235808,0.0362026717255552,3.775512149680357
Ben Shapiro,Resisting Indoctrination | Abigail Shrier,2024-05-05 12:00:07+00:00,84970,3213,994,550,5.841818181818182,0.1711795829442888,5.59844651053313
Ben Shapiro,Follow The $$$,2024-05-06 17:00:06+00:00,156301,5723,1132,503,11.377733598409543,0.0878909662764284,4.707583444763629
Ben Shapiro,Is It Over for Trump? | With @MegynKelly,2024-05-06 22:00:20+00:00,372358,10373,1048,683,15.187408491947291,0.0658440181239757,3.2506351414498957
Ben Shapiro,REVOLUTION Outside The Met Gala,2024-05-07 17:00:07+00:00,184757,6924,865,411,16.846715328467152,0.0593587521663778,4.438262149742635
Ben Shapiro,Luke Skywalker LOVES Joe Biden,2024-05-07 21:00:16+00:00,45942,2069,599,127,16.291338582677167,0.0613823102948284,6.08375778155065
Ben Shapiro,Stormy Talks Spanking,2024-05-08 17:00:06+00:00,152963,5242,734,234,22.4017094017094,0.0446394505913773,4.059805312395808
Ben Shapiro,"Boy Scouts To Rename Themselves To Be More ""Inclusive""",2024-05-08 21:00:36+00:00,69389,3616,1243,108,33.48148148148148,0.0298672566371681,7.158195102970212
Ben Shapiro,Biden Sides With Satan,2024-05-09 17:00:06+00:00,194481,8537,2025,1499,5.695130086724483,0.175588614267307,6.201634092790555
Ben Shapiro,Lindsey Graham ROASTS Lloyd Austin,2024-05-09 21:00:04+00:00,33205,1993,288,149,13.375838926174495,0.0747616658304064,7.3181749736485475
Ben Shapiro,Why Trump NEEDS to Be Re-Elected,2024-05-09 23:00:05+00:00,95587,4900,911,527,9.297912713472488,0.1075510204081632,6.630608764790191
Ben Shapiro,The Greta Thunberg Idiots’ Revolt,2024-05-10 17:00:17+00:00,205445,9145,1703,356,25.68820224719101,0.038928376161837,5.4535277081457325
Ben Shapiro,"How ""Mr. Birchum"" Was Born | With Adam Carolla",2024-05-10 21:00:19+00:00,25152,1046,237,483,2.165631469979296,0.4617590822179732,7.021310432569974
Ben Shapiro,"Kendrick vs. Drake, the Met Gala, and Operation Desert Stormy | Week in Review",2024-05-10 23:00:01+00:00,60324,2611,315,365,7.153424657534247,0.139793182688625,5.455540083548836
Ben Shapiro,Ben Shapiro DESTROYS 2024 Met Gala,2024-05-11 14:00:22+00:00,163422,6271,372,238,26.34873949579832,0.0379524796683144,4.21057140409492
Ben Shapiro,Oppression to Empowerment | Ayaan Hirsi Ali,2024-05-12 12:00:06+00:00,126321,5475,1193,443,12.358916478555305,0.0809132420091324,5.629309457651539
Ben Shapiro,Revenge Of The Normies,2024-05-13 17:00:46+00:00,169707,6454,978,363,17.77961432506887,0.0562441896498295,4.593210651299003
Ben Shapiro,THIS Is Who Won Eurovision?!,2024-05-13 21:00:10+00:00,355165,13442,3314,780,17.233333333333334,0.058027079303675,4.937423451072037
Ben Shapiro,Disney Erases Tinker Bell,2024-05-14 17:04:26+00:00,183842,6344,844,92,68.95652173913044,0.0145018915510718,3.959922107026686
Ben Shapiro,Kamala Harris Gets 🌶️Spicy🌶️ in Latest Incoherent Word Salad,2024-05-14 21:00:00+00:00,115919,4185,636,170,24.61764705882353,0.040621266427718,4.3055926983497095
Ben Shapiro,Biden WANTS To Debate Trump!,2024-05-15 17:00:06+00:00,226515,7786,1154,318,24.48427672955975,0.0408425378885178,4.087146546586319
Ben Shapiro,Your Life's About to Get REALLY Expensive,2024-05-15 21:00:05+00:00,167923,5295,748,225,23.53333333333333,0.0424929178470254,3.732663184912132
Ben Shapiro,Are White Doctors a Threat?,2024-05-15 23:00:11+00:00,88380,3986,785,114,34.96491228070175,0.0286001003512293,5.527268612808327
Ben Shapiro,NFL Kicker SLAMMED For Defending Christianity,2024-05-16 16:59:56+00:00,198216,7807,1514,301,25.93687707641196,0.0385551428205456,4.8543003592041005
Ben Shapiro,THIS Is Why Sports Illustrated Went Bankrupt,2024-05-16 21:00:32+00:00,263452,8164,1304,94,86.85106382978724,0.0115139637432631,3.629503666702093
Ben Shapiro,Why RFK Jr. Is A BIG Problem For Biden,2024-05-16 23:00:17+00:00,83402,3118,1091,75,41.57333333333333,0.0240538806927517,5.136567468406033
Ben Shapiro,We Filled Washington DC With Complete IMBECILES,2024-05-17 17:00:06+00:00,201753,6987,1843,293,23.84641638225256,0.0419350221840561,4.521865845861028
Ben Shapiro,"""The View's"" INSANE Anti-Catholic Bigotry",2024-05-17 21:00:31+00:00,84233,3471,801,215,16.144186046511628,0.0619418035148372,5.3268908859948
Ben Shapiro,"BEN AFTER DARK: Biden vs. Trump, Robert De Niro's Antics, and Sports Illustrated",2024-05-17 23:00:02+00:00,101707,4289,382,118,36.34745762711864,0.027512240615528,4.708623791872733
Ben Shapiro,Ben Reacts To Trump Derangement Syndrome TikToks,2024-05-18 14:00:09+00:00,556666,16133,1815,244,66.1188524590164,0.0151242794272608,3.268027865901636
Ben Shapiro,Not Everything Is About Race | Coleman Hughes,2024-05-19 12:00:06+00:00,124027,4559,665,80,56.9875,0.0175477078306646,4.276488184024446
Ben Shapiro,IRANIAN PRESIDENT DEAD IN HELICOPTER CRASH,2024-05-20 17:00:07+00:00,268932,9710,1336,399,24.33583959899749,0.041091658084449,4.255722636205435
Ben Shapiro,Joe Biden Goes Full Pander Bear,2024-05-20 22:00:08+00:00,70101,2974,373,58,51.27586206896552,0.019502353732347,4.857277356956391
Ben Shapiro,Why The West Mourns the ‘Butcher of Tehran’,2024-05-21 17:00:22+00:00,172281,6778,1309,322,21.049689440993788,0.047506639126586,4.880979330280182
Ben Shapiro,"Sebastian Stan Stars in Trump “Origin Story” Movie, “The Apprentice”",2024-05-21 21:00:15+00:00,57162,1677,558,190,8.826315789473684,0.1132975551580202,4.242328819845352
Ben Shapiro,Three Ways of Explaining Human Nature,2024-05-21 23:00:22+00:00,38827,1994,653,230,8.669565217391304,0.115346038114343,7.409792154943724
Ben Shapiro,The New Trump Nazi Lie,2024-05-22 17:00:12+00:00,164261,6489,829,176,36.86931818181818,0.027122823239328,4.562251538709736
Ben Shapiro,Why This High School Track Star Got Booed,2024-05-22 21:10:03+00:00,65054,3028,476,37,81.83783783783784,0.0122192866578599,5.443170289298122
Ben Shapiro,"Annihilate Jews, Win a State!",2024-05-23 17:00:06+00:00,178609,6888,2012,990,6.957575757575758,0.1437282229965157,5.537234965763203
Ben Shapiro,Bill Maher TRIGGERED Sunny Hostin,2024-05-23 21:00:29+00:00,194911,5813,703,121,48.04132231404959,0.0208154137278513,3.4051438861839505
Ben Shapiro,Joe Biden Doesn’t Give A S*** About You,2024-05-24 17:00:06+00:00,171735,6354,904,154,41.25974025974026,0.0242367012905256,4.3159519026406965
Ben Shapiro,Maybe Sunny Hostin Should Go to a WNBA Game,2024-05-24 21:00:06+00:00,147681,3594,868,111,32.37837837837838,0.0308848080133555,3.096539162112933
Ben Shapiro,Scarlett Johansson Takes Down the Voice of OpenAI,2024-05-24 23:00:27+00:00,83019,4164,381,176,23.65909090909091,0.042267050912584,5.686650043965839
Ben Shapiro,Jordan Peterson Psychoanalyzes Ben Shapiro,2024-05-25 14:00:25+00:00,623317,19651,1863,366,53.69125683060109,0.0186250063609994,3.5102524076834096
Ben Shapiro,Defending the Integrity of Women's Sports | Riley Gaines,2024-05-26 12:00:07+00:00,88652,4391,680,42,104.54761904761904,0.0095650193577772,5.767495375174841
Ben Shapiro,Tom MacDonald's Memorial Day Mission,2024-05-27 15:00:44+00:00,68993,5087,402,123,41.357723577235774,0.0241792805189699,8.134158537822678
Ben Shapiro,Will The West Ever Win Another War?,2024-05-28 17:00:06+00:00,149486,5139,1039,570,9.01578947368421,0.1109165207238762,4.5141351029527845
Ben Shapiro,Lizzo Is Mad Again!,2024-05-28 21:00:32+00:00,192835,7685,707,93,82.63440860215054,0.0121014964216005,4.400134830295331
Ben Shapiro,Mayor Pete Faceplants,2024-05-28 23:00:20+00:00,111094,4100,562,103,39.80582524271845,0.0251219512195121,4.289160530721731
Ben Shapiro,Raging Bulls***,2024-05-29 17:00:06+00:00,164360,6301,848,150,42.00666666666667,0.0238057451198222,4.440861523485032
Ben Shapiro,Dennis Quaid Is Voting For Trump,2024-05-29 21:00:16+00:00,52736,2535,245,82,30.914634146341463,0.0323471400394477,5.427032766990291
Ben Shapiro,The Biden Campaign Trots Out Robert De Niro,2024-05-29 23:00:32+00:00,169625,6140,1207,177,34.68926553672316,0.0288273615635179,4.435666912306559
Ben Shapiro,12 Angry New Yorkers,2024-05-30 17:00:06+00:00,161604,5784,821,172,33.627906976744185,0.0297372060857538,4.19358431721987
Ben Shapiro,Jerry Seinfeld Gets EMOTIONAL While Discussing His Trip to Israel,2024-05-30 21:00:30+00:00,208990,7783,952,496,15.691532258064516,0.0637286393421559,4.4169577491746015
Ben Shapiro,Trump Found Guilty: Ben Shapiro Breaks Down the Verdict,2024-05-30 22:13:11+00:00,881549,41133,9616,689,59.69956458635704,0.0167505409282084,5.834956423295813
Ben Shapiro,Trump's Response to Verdict,2024-05-30 23:33:29+00:00,89841,7231,1006,81,89.27160493827161,0.0112017701562716,9.25857904520208
Ben Shapiro,Is This Actually Good for America?,2024-05-31 00:15:02+00:00,176922,7876,1262,207,38.04830917874396,0.026282376841036,5.281988672974531
Ben Shapiro,The Legal Implications of Trump's Verdict With Harmeet Dhillon,2024-05-31 00:45:00+00:00,151620,6615,1230,135,49.0,0.0204081632653061,5.263157894736842
Ben Shapiro,Trump CONVICTED Of 34 Felonies. Pray For The Republic.,2024-05-31 17:00:06+00:00,300313,11373,3054,389,29.23650385604113,0.0342038160555702,4.933519361466203
Ben Shapiro,"Megyn Kelly on Trump Verdict: ""A Russian Nesting Doll of Crimes""",2024-05-31 21:00:01+00:00,125334,5416,825,85,63.71764705882353,0.0156942392909896,5.047313578119265
Ben Shapiro,What Ben REALLY Thinks About De Niro | Ben After Dark,2024-05-31 23:00:13+00:00,64207,2507,294,93,26.956989247311828,0.0370961308336657,4.5072967121964895
Ben Shapiro,Ben Shapiro Reacts To INSANE Woke TikToks | Volume 15,2024-06-01 14:00:11+00:00,1372220,36716,3271,732,50.15846994535519,0.0199368122889203,2.9673813236944517
Ben Shapiro,"Jill Biden Fearmongering on ""The View""",2024-06-01 19:00:17+00:00,120451,4595,1473,97,47.37113402061856,0.0211099020674646,5.118263858332434
Ben Shapiro,How The Military Went Woke | Pete Hegseth,2024-06-02 12:00:06+00:00,118847,5150,782,164,31.402439024390244,0.0318446601941747,5.129283869176336
Ben Shapiro,FALLOUT: Trump Convicted…And Still Leading,2024-06-03 17:00:06+00:00,429588,14749,2321,261,56.509578544061306,0.0176961149908468,4.034330567892958
Ben Shapiro,The Left Is Gaslighting You,2024-06-03 21:00:30+00:00,43366,2673,444,6,445.5,0.0022446689113355,7.201494258174606
Ben Shapiro,Your Favorite Month Is Off To An Amazing Start,2024-06-03 23:00:26+00:00,246660,10397,1860,184,56.505434782608695,0.0176974127152063,5.043784967161274
Ben Shapiro,The Hunter Biden Trial BEGINS,2024-06-04 17:00:06+00:00,168992,6216,1051,68,91.41176470588236,0.0109395109395109,4.340442151107745
Ben Shapiro,Here's What You Missed From Dr. Fauci's Testimony,2024-06-04 21:00:37+00:00,88951,4151,484,53,78.32075471698113,0.0127680077089857,5.270317365740689
Ben Shapiro,"Joe Biden Supports ""Trans Children""",2024-06-04 23:00:10+00:00,87857,4080,1001,136,30.0,0.0333333333333333,5.938058435867375
Ben Shapiro,Biden Demonstrates He’s a VEGETABLE,2024-06-05 17:00:06+00:00,307061,10377,2188,192,54.046875,0.0185024573576178,4.15454909610794
Ben Shapiro,Alec Baldwin Is Getting a Reality TV Show,2024-06-05 21:00:25+00:00,31829,1405,344,33,42.57575757575758,0.0234875444839857,5.598667881491721
Ben Shapiro,Merrick Garland Wants You to Stop Attacking the Justice Department,2024-06-05 23:00:37+00:00,39410,2325,443,61,38.114754098360656,0.0262365591397849,7.178381121542755
Ben Shapiro,From The Greatest Generation To The Most Obnoxious Generation,2024-06-06 17:00:06+00:00,177800,7133,1240,184,38.766304347826086,0.0257955979251366,4.812710911136108
Ben Shapiro,R2D2 Is GAY?!,2024-06-06 21:00:33+00:00,104221,5008,1540,127,39.43307086614173,0.0253594249201277,6.404659329693632
Ben Shapiro,Let Kamala Harris Keep Talking,2024-06-06 23:00:29+00:00,168423,4758,564,79,60.22784810126582,0.0166036149642707,3.206806671297864
Ben Shapiro,Poopin’ Joe,2024-06-07 17:00:06+00:00,294076,10486,1954,209,50.17224880382775,0.0199313370207896,4.301269059698853
Ben Shapiro,Is This the Most Egregious Post Ever?,2024-06-07 21:00:26+00:00,68473,3507,434,90,38.96666666666667,0.0256629597946963,5.886991953032583
Ben Shapiro,Adele RAGES at Fan Who She Believed Was Criticizing Pride | Ben After Dark,2024-06-07 23:00:25+00:00,151167,5674,834,272,20.860294117647054,0.0479379626365879,4.485105876282522
Ben Shapiro,Ben Ranks 7 Weirdest Dating Shows,2024-06-08 14:00:44+00:00,129991,4628,377,105,44.07619047619048,0.0226879861711322,3.931041379787832
Ben Shapiro,The Religious Decline of the West | John MacArthur,2024-06-09 12:00:07+00:00,656799,22086,4462,1428,15.466386554621849,0.0646563433849497,4.259446192823071
Ben Shapiro,Israel Pulls Off MIRACLE Rescue,2024-06-10 17:36:18+00:00,216952,9640,1857,1010,9.544554455445544,0.1047717842323651,5.764869648585862
Ben Shapiro,Chelsea Handler Whitesplains Voting to 50 Cent,2024-06-10 21:00:07+00:00,108577,3560,701,299,11.906354515050166,0.0839887640449438,4.199784484743546
Ben Shapiro,This One STUNNING Chart Explains Why America Is Collapsing,2024-06-11 17:00:07+00:00,261108,7922,1421,363,21.823691460055095,0.0458217621812673,3.717235779830568
Ben Shapiro,This Answer Left Reporters STUNNED,2024-06-11 21:00:23+00:00,302582,9175,840,190,48.28947368421053,0.020708446866485,3.3726394828509294
Ben Shapiro,Why You MUST Let Your Kids Fail | Dr. Phil McGraw,2024-06-12 17:09:28+00:00,76654,3232,452,99,32.64646464646464,0.0306311881188118,4.935163200876667
Ben Shapiro,The Attack on Masculinity | Voddie Baucham,2024-06-13 17:00:21+00:00,53187,2728,546,209,13.052631578947368,0.0766129032258064,6.548592701223983
Ben Shapiro,WHO Just Came Through The Biden Border?!,2024-06-14 16:59:17+00:00,189455,6532,930,154,42.41558441558441,0.0235762400489895,4.0199519674856825
Ben Shapiro,Hunter Biden CONVICTED on All Charges,2024-06-14 21:30:06+00:00,71350,2660,411,56,47.5,0.0210526315789473,4.382620882971269
Ben Shapiro,50 Cent Gets Face Time on Capitol Hill | Ben After Dark,2024-06-14 23:00:23+00:00,53574,2508,283,76,33.0,0.0303030303030303,5.351476462463135
Ben Shapiro,Ben vs. AI Art | Episode 2,2024-06-15 14:00:35+00:00,65349,2395,182,86,27.848837209302324,0.0359081419624217,4.075043229429678
Ben Shapiro,DailyWire+ Is Coming to Theaters With “Sound of Hope”,2024-06-15 19:00:21+00:00,30574,1440,328,134,10.74626865671642,0.0930555555555555,6.22097206777
Ben Shapiro,Can America Be Saved? | Dan Bongino,2024-06-16 12:00:06+00:00,272602,9284,1632,445,20.862921348314607,0.0479319258940112,4.1676143241795724
Ben Shapiro,Did Biden FREEZE Again?!,2024-06-17 17:00:26+00:00,196995,6775,844,47,144.14893617021278,0.0069372693726937,3.891469326632656
Ben Shapiro,Kamala Harris Explains What a Community Bank Is,2024-06-17 21:00:19+00:00,53204,2510,300,14,179.28571428571428,0.0055776892430278,5.307871588602361
Ben Shapiro,Barack Obama DRAGS Joe Biden Off Stage,2024-06-17 23:00:02+00:00,154116,6312,1124,96,65.75,0.0152091254752851,4.887227802434531
Ben Shapiro,Inside The Biden Plan To STEAL Democracy,2024-06-18 17:00:06+00:00,184539,7011,1186,122,57.467213114754095,0.0174012266438453,4.507990180937363
Ben Shapiro,Hillary Clinton Receives Standing Ovation at Tony Awards,2024-06-18 21:00:33+00:00,45736,1776,394,113,15.716814159292037,0.0636261261261261,4.991691446562883
Ben Shapiro,CNN Goes FULL George Orwell,2024-06-18 23:00:27+00:00,78902,4382,478,131,33.45038167938932,0.0298950251026928,6.325568426655852
Ben Shapiro,The US Is Going BANKRUPT,2024-06-19 17:00:06+00:00,160830,5819,871,298,19.526845637583893,0.0512115483760096,4.344960517316421
Ben Shapiro,Is This a Serious Country?,2024-06-19 21:00:13+00:00,55626,2507,531,134,18.7089552238806,0.0534503390506581,5.702369395606372
Ben Shapiro,Rachel Maddow Just Made the Best Case for Trump,2024-06-19 23:00:28+00:00,261632,6944,1424,209,33.22488038277512,0.0300979262672811,3.278268713307241
Ben Shapiro,Bring BACK The Ten Commandments in Schools,2024-06-20 17:00:06+00:00,128981,4960,1963,539,9.202226345083488,0.1086693548387096,5.785348229584202
Ben Shapiro,A Bunch of Morons Spray-Painted Stonehenge,2024-06-20 21:00:21+00:00,93675,3529,987,195,18.097435897435897,0.0552564465854349,5.0290899386175605
Ben Shapiro,Joe Biden Let It Happen Again,2024-06-20 23:00:14+00:00,72570,3390,679,240,14.125,0.0707964601769911,5.937715309356483
Ben Shapiro,The Debate Is COMING,2024-06-21 17:00:06+00:00,324163,8293,1807,307,27.01302931596091,0.0370191727963342,3.210421917368731
Ben Shapiro,Disney VP Exposes Anti-White Male Bias,2024-06-21 21:00:34+00:00,212386,6909,1180,141,49.0,0.0204081632653061,3.875020010735171
Ben Shapiro,Justin Timberlake BUSTED for DUI,2024-06-21 23:00:21+00:00,78282,3282,302,147,22.3265306122449,0.0447897623400365,4.766102041337728
Ben Shapiro,The Fall of The Roman Empire | Facts Ep. 12,2024-06-22 14:00:24+00:00,287049,12813,1095,393,32.603053435114504,0.0306719737766331,4.98207623088741
Ben Shapiro,Confessions of a Black Conservative | Glenn Loury,2024-06-23 12:00:08+00:00,96286,3623,532,63,57.507936507936506,0.0173889042230195,4.380699167064786
Ben Shapiro,Behold The INSANE Future Of The Democratic Party,2024-06-24 17:00:06+00:00,187362,6400,975,176,36.36363636363637,0.0275,4.030166202324911
Ben Shapiro,Ben Shapiro EXPLAINS Taylor Swift's Feud With Scooter Braun,2024-06-24 21:00:22+00:00,67370,2029,502,142,14.288732394366198,0.0699852143913257,3.967641383405077
Ben Shapiro,AOC Has Gone Full Psycho,2024-06-24 23:00:23+00:00,141171,5417,1120,106,51.10377358490566,0.0195680265829795,4.705640676909564
Ben Shapiro,Is It Too Late To Stop Massive Global Conflict?,2024-06-25 17:00:06+00:00,152715,5398,814,318,16.9748427672956,0.0589107076695072,4.275938840323478
Ben Shapiro,Trump Staffer's Mic CUT OFF Mid-Interview,2024-06-25 21:00:09+00:00,73302,2778,567,60,46.3,0.0215982721382289,4.645166571171319
Ben Shapiro,Jennifer Garner Looks a Little Rough,2024-06-25 23:00:23+00:00,123894,4391,523,161,27.27329192546584,0.0366659075381462,4.09624356304583
Ben Shapiro,Nut Job Congressman Jamaal Bowman IS OUT,2024-06-26 17:00:06+00:00,179765,6430,942,264,24.35606060606061,0.0410575427682737,4.247767919227881
Ben Shapiro,Which One Is the Anchor?,2024-06-26 21:00:28+00:00,40090,1973,572,22,89.68181818181819,0.0111505321844906,6.403093040658519
Ben Shapiro,What to Watch For in the Debate (According to Hillary Clinton),2024-06-26 23:00:31+00:00,99229,3120,382,87,35.86206896551724,0.0278846153846153,3.616886192544518
Ben Shapiro,DEBATE DAY IS HERE,2024-06-27 17:00:06+00:00,198878,6447,1075,172,37.48255813953488,0.0266790755390103,3.8687034262211006
Ben Shapiro,What Happens if Trump Wins the Debate?,2024-06-27 21:00:02+00:00,105254,4404,568,39,112.92307692307692,0.0088555858310626,4.760864195184982
Ben Shapiro,Paris Hilton Said Something Really Important,2024-06-27 23:00:19+00:00,107409,3827,326,92,41.59782608695652,0.0240397177946171,3.9521827779794982
Ben Shapiro,Trump CRUSHES Corpse Biden in DISASTER Debate,2024-06-28 15:53:16+00:00,1301160,38013,7391,549,69.24043715846994,0.0144424275905611,3.531694795413323
Ben Shapiro,Ben Shapiro REACTS to the FUNNIEST Debate Moments,2024-06-28 21:00:32+00:00,476818,16627,1762,218,76.27064220183486,0.0131112046671077,3.902327512803627
Ben Shapiro,Ariana Grande Reveals Her SHOCKING Dream Dinner Date | Ben After Dark,2024-06-28 23:54:19+00:00,131529,4623,466,91,50.8021978021978,0.0196841877568678,3.938294976773183
Ben Shapiro,Do You Know More Trivia Than Ben Shapiro?,2024-06-29 14:00:17+00:00,514633,15694,1208,252,62.27777777777778,0.0160570918822479,3.333249130934083
Ben Shapiro,How the Church Can Solve the Foster Care Crisis | Bishop W. C. Martin,2024-06-30 12:00:07+00:00,49156,2299,458,153,15.026143790849671,0.0665506742061766,5.919928391244202
Ben Shapiro,PANIC! Will Democrats REPLACE Biden?,2024-07-01 17:00:06+00:00,316643,10358,1611,142,72.94366197183099,0.0137092102722533,3.824812170172718
Ben Shapiro,Elton John Still Shills for Joe Biden,2024-07-01 21:00:33+00:00,54544,2131,503,13,163.92307692307693,0.006100422336931,4.852962745673218
Ben Shapiro,Joe Biden Lost Bill Maher's Audience,2024-07-01 23:00:25+00:00,657338,12888,1446,141,91.40425531914892,0.0109404096834264,2.2020634741944023
Ben Shapiro,SCOTUS Makes A Decision & The Left Goes INSANE,2024-07-02 17:00:06+00:00,254501,8176,1631,713,11.46704067321178,0.087206457925636,4.133579042911423
Ben Shapiro,Taraji P. Henson LOSES IT at BET Awards,2024-07-02 21:00:12+00:00,88902,3003,671,52,57.75,0.0173160173160173,4.191131808058311
Ben Shapiro,Ben Shapiro Breaks Down Biden's Presidential Immunity Speech,2024-07-02 23:00:17+00:00,200303,8760,1406,171,51.2280701754386,0.0195205479452054,5.160681567425351
Ben Shapiro,MOMENTUM: Enraged Democrats Prepare To THROW BIDEN OUT,2024-07-03 17:00:06+00:00,350976,10590,1774,152,69.67105263157895,0.0143531633616619,3.56605579868709
Ben Shapiro,Karine Jean-Pierre Just Had Her Most BRUTAL Press Conference,2024-07-03 21:00:22+00:00,481992,13260,1364,132,100.45454545454544,0.0099547511312217,3.061461601022424
Ben Shapiro,"How ""Sound of Hope"" Came to Be | With Director Josh Weigel",2024-07-03 23:00:09+00:00,17711,814,158,71,11.464788732394366,0.0872235872235872,5.8889955394952285
Ben Shapiro,Ben Reacts To Anti-America TikToks | Volume 2,2024-07-04 17:00:07+00:00,447952,14826,1530,232,63.9051724137931,0.015648185619857,3.7030753294995895
Ben Shapiro,Is TONIGHT The Night Biden Drops Out?,2024-07-05 17:00:06+00:00,459549,13652,1907,177,77.12994350282486,0.0129651333138001,3.424226796271997
Ben Shapiro,Joe Biden Celebrates Christmas on Independence Day,2024-07-05 21:00:23+00:00,129680,4584,573,118,38.84745762711864,0.0257417102966841,4.067705120296114
Ben Shapiro,Ben DESTROYS Cringe Late Night Hosts,2024-07-06 14:00:37+00:00,326930,10018,938,139,72.07194244604317,0.0138750249550808,3.3936928394457526
Ben Shapiro,The BET Awards Honored...O.J. Simpson? | Ben After Dark,2024-07-06 22:00:22+00:00,75805,3222,382,36,89.5,0.0111731843575419,4.801794076907856
Ben Shapiro,Our Last Chance To Save The West | Douglas Murray,2024-07-07 12:00:06+00:00,701303,25507,3827,1928,13.229771784232366,0.0755870937389736,4.457702305565498
Ben Shapiro,Biden: Only GOD Can Remove Me!,2024-07-08 17:00:07+00:00,268486,9804,1474,165,59.41818181818182,0.0168298653610771,4.262047183093346
Ben Shapiro,Ben Shapiro Breaks Down Biden's Interview With George Stephanopoulos,2024-07-08 21:00:00+00:00,366004,7553,975,87,86.816091954023,0.0115186018800476,2.353799412028284
Ben Shapiro,Joe Biden Got This Radio Host FIRED,2024-07-08 23:45:01+00:00,41685,1608,169,20,80.4,0.0124378109452736,4.31090320259086
Ben Shapiro,Scamala: Kamala Harris Unmasked | Episode 1,2024-07-09 00:30:22+00:00,1871165,87156,6823,2261,38.54754533392304,0.0259419890770572,5.143319803437965
Ben Shapiro,White House MELTDOWN As Biden Yells At Americans,2024-07-09 17:00:07+00:00,350371,12567,2193,168,74.80357142857143,0.0133683456672236,4.260626592954325
Ben Shapiro,Whoopi Goldberg Poops Her Pants?,2024-07-09 21:00:22+00:00,148292,4497,710,130,34.59230769230769,0.0289081609962197,3.5989803900412696
Ben Shapiro,"Happy 2,000th Episode, Ben!",2024-07-09 23:00:04+00:00,115343,6324,628,56,112.92857142857144,0.0088551549652118,6.075791335408304
Ben Shapiro,Democrats STICK WITH Elderly Biden!,2024-07-10 17:00:06+00:00,226394,8090,1144,96,84.27083333333333,0.0118665018541409,4.121133952313224
Ben Shapiro,Scamala: Kamala Harris Unmasked | Episode 2,2024-07-10 18:19:48+00:00,376102,16916,1786,103,164.23300970873785,0.0060889099077796,4.999973411468166
Ben Shapiro,Ben Shapiro SCHOOLS House Committee on Big Tech Censorship,2024-07-10 21:00:14+00:00,268780,15211,1042,108,140.84259259259258,0.0071001249096048,6.087134459409183
Ben Shapiro,Scamala: Kamala Harris Unmasked | Episode 3,2024-07-10 22:00:28+00:00,253850,12869,1478,82,156.9390243902439,0.0063719014686455,5.684065392948591
Ben Shapiro,"George Clooney BLASTS Biden, Calls For His Ouster!",2024-07-11 17:00:06+00:00,255075,9165,1087,62,147.82258064516128,0.0067648663393344,4.0435166127609525
Ben Shapiro,"Letitia Wright Distances Herself From ""Sound of Hope"" Collaboration",2024-07-11 21:00:09+00:00,96344,3397,588,82,41.426829268292686,0.0241389461289372,4.221331894046334
Ben Shapiro,Eric Swalwell vs. Ben Shapiro | Real-Life Twitter Battle,2024-07-11 23:00:24+00:00,236057,9348,1163,102,91.6470588235294,0.0109114249037227,4.49594801255629
Ben Shapiro,More Brutal Biden FLUBS…But He LIVES To Fight Another Day,2024-07-12 17:00:06+00:00,331739,10307,1288,107,96.32710280373831,0.0103812942660327,3.527471898088557
Ben Shapiro,Italy's Prime Minister MOCKS Joe Biden's Tardiness,2024-07-12 21:00:14+00:00,92025,3916,411,56,69.92857142857143,0.0143003064351378,4.76283618581907
Ben Shapiro,Biden F’s Up - Ben After Dark,2024-07-13 14:00:23+00:00,239693,8544,785,101,84.5940594059406,0.0118211610486891,3.934199163096127
Ben Shapiro,"TRUMP SHOT, SURVIVES ASSASSINATION ATTEMPT",2024-07-14 15:58:11+00:00,1674771,85321,8681,1286,66.34603421461897,0.015072490945957,5.689613684497761
Ben Shapiro,"Trump’s ""Unity"" RNC BEGINS…PLUS Trump Documents Case DISMISSED",2024-07-15 16:25:21+00:00,444949,15381,1472,176,87.39204545454545,0.0114426890319225,3.827180193685119
Ben Shapiro,BREAKING: Trump Announces VP,2024-07-15 20:02:00+00:00,1011514,30772,2717,331,92.9667673716012,0.0107565319121279,3.343502907522783
Ben Shapiro,How Was This Allowed to Happen?,2024-07-15 21:00:08+00:00,127402,5369,585,78,68.83333333333333,0.0145278450363196,4.734619550713489
Ben Shapiro,Biden Mumbles Through Address to Americans,2024-07-15 23:00:17+00:00,84520,2756,499,10,275.6,0.0036284470246734,3.862991008045433
Ben Shapiro,RNC Highlights | Night 1,2024-07-16 14:40:40+00:00,692885,16768,1769,351,47.77207977207977,0.0209327290076335,2.725993490983352
Ben Shapiro,AUDACIOUS: It’s JD VANCE for VP!,2024-07-16 17:00:06+00:00,470847,13691,1290,339,40.38643067846608,0.0247607917610108,3.2537108657377023
Ben Shapiro,The Democrats' Master Strategy To Win The Presidency,2024-07-16 21:00:12+00:00,166310,6404,433,69,92.81159420289856,0.0107745159275452,4.1524863207263545
Ben Shapiro,"RNC NIGHT 2...Plus, The Secret Service's SHOCKING Failures",2024-07-17 17:00:07+00:00,336668,12699,1140,68,186.75,0.0053547523427041,4.13077571970012
Ben Shapiro,Dan Bongino Reveals SHOCKING Secret Service Failures,2024-07-17 21:00:38+00:00,199421,10608,491,20,530.4,0.0018853695324283,5.575641482090653
Ben Shapiro,The Best Speeches of The RNC | Night 2,2024-07-17 23:00:06+00:00,180066,5203,356,43,121.0,0.0082644628099173,3.1110814923416967
Ben Shapiro,What is the Republican National Convention? | Facts Ep. 13,2024-07-17 23:30:12+00:00,142379,5216,195,27,193.1851851851852,0.0051763803680981,3.819383476495832
Ben Shapiro,IT'S HAPPENING: Dems Launch COUP Against Biden?!,2024-07-18 17:00:06+00:00,434357,14056,1812,198,70.98989898989899,0.0140865110984632,3.698800756060108
Ben Shapiro,RNC Highlights | Night 3,2024-07-18 21:00:32+00:00,68868,3390,206,45,75.33333333333333,0.0132743362831858,5.286925712958123
Ben Shapiro,It Looks Like Biden Might Drop Out,2024-07-18 23:00:32+00:00,397545,10308,1154,216,47.72222222222222,0.0209545983701979,2.9375290847577005
Ben Shapiro,"Trump Triumphs, Biden Leaves THIS WEEKEND?!",2024-07-19 17:00:06+00:00,497177,15489,1951,168,92.19642857142856,0.0108464071276389,3.54159585017006
Ben Shapiro,What Happens Now That Biden Resigned? | Facts Ep. 14,2024-07-19 21:28:36+00:00,835916,24849,977,329,75.52887537993921,0.0132399694152682,3.128902904119553
Ben Shapiro,This Will Be the Only Time You Hear Trump Say This,2024-07-19 23:00:11+00:00,163861,8492,659,73,116.32876712328768,0.0085963259538389,5.629161301346873
Ben Shapiro,Ben Reacts To INSANE Woke Tik Toks | Volume 16,2024-07-20 14:00:20+00:00,728297,21040,1566,418,50.334928229665074,0.0198669201520912,3.1613476370217093
Ben Shapiro,"This Season of ""Trump!"" Is WILD | Ben After Dark",2024-07-20 19:00:06+00:00,315723,10749,1106,221,48.63800904977376,0.0205600520978695,3.8248718021810255
Ben Shapiro,Appreciating American Exceptionalism | Mike Rowe,2024-07-21 12:00:06+00:00,113447,4286,397,115,37.2695652173913,0.0268315445636957,4.2292876849982814
Ben Shapiro,Ben Shapiro Reacts: Biden Drops Out Of Presidential Race,2024-07-21 19:19:04+00:00,1893825,63793,6066,1242,51.36312399355877,0.0194692207608985,3.754359563317625
Ben Shapiro,BREAKING: BIDEN IS OUT!!!,2024-07-22 10:00:42+00:00,586047,20557,2951,313,65.6773162939297,0.0152259570949068,4.064691057201896
Ben Shapiro,Who Will Be Kamala's VP?,2024-07-22 17:15:16+00:00,138304,4225,734,108,39.12037037037037,0.0255621301775147,3.6636684405367888
Ben Shapiro,Democrats and the Media React to Biden Dropping Out,2024-07-22 21:00:12+00:00,76460,2835,338,67,42.3134328358209,0.0236331569664903,4.237509809050484
Ben Shapiro,Mark Zuckerberg Complimented Trump,2024-07-22 23:00:26+00:00,170598,4644,505,42,110.57142857142856,0.0090439276485788,3.042825824452807
Ben Shapiro,Kamala STEALS The Democratic Nomination!,2024-07-23 17:00:06+00:00,617340,15200,3338,487,31.211498973305957,0.0320394736842105,3.081770175268086
Ben Shapiro,Kamala's First Day of Campaigning Did Not Go Well,2024-07-23 21:00:01+00:00,1165039,27376,5496,1693,16.170112226816304,0.0618424897720631,2.966853470141343
Ben Shapiro,Joy Behar Thinks THIS Is Un-Christian?!,2024-07-23 23:00:15+00:00,84148,3727,1014,98,38.03061224489796,0.0262946069224577,5.750582307363217
Ben Shapiro,The Kamala Hype Machine REVS UP,2024-07-24 17:00:21+00:00,300330,8703,1669,70,124.32857142857142,0.0080432034930483,3.476842140312323
Ben Shapiro,The BIGGEST Coverup of Our Lifetime,2024-07-24 21:00:14+00:00,244905,10918,864,192,56.864583333333336,0.0175856383953104,4.889242767603765
Ben Shapiro,Ben Shapiro Reacts: Biden Addresses Nation,2024-07-25 00:46:40+00:00,399480,11598,1341,125,92.784,0.0107777202966028,3.270251326724742
Ben Shapiro,The Ben Shapiro Show LIVE: Biden Addresses the Nation,2024-07-25 01:10:26+00:00,482750,13806,2297,198,69.72727272727273,0.014341590612777,3.376696012428793
Ben Shapiro,BREAKING: Biden Officially PASSES THE TORCH!,2024-07-25 17:00:06+00:00,263188,8557,1289,99,86.43434343434343,0.0115694752833937,3.778667720412785
Ben Shapiro,Kamala Harris Is Winning the Meme War?!,2024-07-25 21:00:38+00:00,169296,5904,993,157,37.60509554140128,0.0265921409214092,4.166666666666666
Ben Shapiro,The White House Is LYING About Why Joe Biden Dropped Out,2024-07-25 23:00:21+00:00,89847,3129,371,44,71.11363636363636,0.0140620006391818,3.9444833995570248
Ben Shapiro,The Kamala Propaganda Machine UNLEASHED,2024-07-26 17:00:31+00:00,332283,11128,2345,187,59.50802139037433,0.0168044572250179,4.110953614840362
Ben Shapiro,Drag Queens Want You to Vote for Kamala Harris,2024-07-26 21:00:39+00:00,66284,2681,588,82,32.69512195121951,0.0305856023871689,5.05551867720717
Ben Shapiro,Ben Shapiro Answers Google's Most Searched Questions | Volume 2,2024-07-27 14:00:03+00:00,255684,9655,597,229,42.16157205240175,0.0237182806835836,4.099200575710643
Ben Shapiro,Joe Biden Is OUT; Kamala Harris Is IN | Ben After Dark,2024-07-27 19:00:34+00:00,159146,6160,597,278,22.158273381294965,0.0451298701298701,4.420469254646677
Ben Shapiro,Is War Forever Changed? | Victor Davis Hanson,2024-07-28 12:00:06+00:00,262620,9008,876,178,50.60674157303371,0.0197602131438721,3.831391363947909
Ben Shapiro,DRAG QUEEN Olympics And WEIRD Candidates,2024-07-29 17:00:07+00:00,407569,13082,2578,168,77.86904761904762,0.012842073077511,3.883514202503134
Ben Shapiro,Are You Coconut-Pilled?,2024-07-29 21:00:04+00:00,63054,2437,423,103,23.660194174757283,0.0422650800164136,4.699146763091953
Ben Shapiro,"Ben Shapiro REACTS to ""Drag Queens for Kamala""",2024-07-29 23:00:04+00:00,117195,4688,1055,105,44.647619047619045,0.0223976109215017,4.989973974998933
Ben Shapiro,WHITE SIMPS For Kamala!,2024-07-30 17:00:12+00:00,222746,7911,2022,58,136.39655172413794,0.0073315636455568,4.485377964138525
Ben Shapiro,The Misalignment of Church Priorities | With Megan Basham,2024-07-30 21:00:05+00:00,38888,1556,392,288,5.402777777777778,0.1850899742930591,5.749845710759103
Ben Shapiro,Joe Biden Wants to DESTROY the Supreme Court,2024-07-30 23:00:37+00:00,67516,3181,724,225,14.137777777777778,0.0707324740647595,6.117068546714853
Ben Shapiro,KamaLIAR,2024-07-31 17:00:07+00:00,251744,9831,1746,169,58.171597633136095,0.0171905197843556,4.665851023261726
Ben Shapiro,Megan Thee Stallion Endorses Kamala Harris at Cringe Rally,2024-07-31 21:00:40+00:00,103442,3415,1098,68,50.22058823529412,0.0199121522693997,4.4285686664991015
Ben Shapiro,Josh Hawley GRILLS Secret Service Director on Trump Rally Shooting,2024-07-31 23:00:33+00:00,62708,2791,276,12,232.58333333333331,0.0042995342171264,4.910059322574472
Ben Shapiro,Trump Walks TOWARD The Fire…Kamala HIDES,2024-08-01 17:00:06+00:00,287860,10566,2087,160,66.0375,0.0151429112246829,4.451122073230042
Ben Shapiro,Trump ATTACKED By National Association of Black Journalists,2024-08-01 21:00:33+00:00,137225,4998,789,98,51.0,0.0196078431372549,4.288577154308617
Ben Shapiro,This Was a Missed Opportunity for Trump,2024-08-01 23:00:17+00:00,73876,2820,1012,167,16.88622754491018,0.0592198581560283,5.413124695435595
Ben Shapiro,Brave Kamala RUNS AWAY,2024-08-02 17:11:41+00:00,325000,9977,1330,156,63.95512820512821,0.0156359627142427,3.527076923076923
Ben Shapiro,Michelle Obama and Celebrities Want You to Vote,2024-08-02 21:00:08+00:00,71121,2459,645,65,37.83076923076923,0.0264335095567303,4.455786617173549
Ben Shapiro,"""It's Madness Over There"" | The State of Our Border with Kassy Akiva",2024-08-02 23:00:11+00:00,40191,2115,143,67,31.56716417910448,0.0316784869976359,5.784877211315966
Ben Shapiro,Ben Decodes Gen Alpha Slang,2024-08-03 14:00:31+00:00,326705,12786,1478,266,48.067669172932334,0.0208040043797903,4.44743729052203
Ben Shapiro,Where's Kamala? | Ben After Dark,2024-08-03 19:00:03+00:00,223480,8357,1384,127,65.80314960629921,0.0151968409716405,4.415607660640773
Ben Shapiro,Balancing Faith & Reason | Matt Fradd,2024-08-04 12:00:07+00:00,176365,6961,1450,535,13.011214953271027,0.0768567734520902,5.072435006945822
Ben Shapiro,The Kamala Stock Market CRASH,2024-08-05 17:00:06+00:00,430577,14328,2473,239,59.94979079497908,0.016680625348967,3.957480311303205
Ben Shapiro,What Happens If Kamala Gets Rid of Biden? | Facts Ep. 15,2024-08-05 20:15:00+00:00,90016,4011,185,25,160.44,0.0062328596360009,4.689166370423036
Ben Shapiro,RFK Jr. Did WHAT With a Bear?!,2024-08-05 21:00:05+00:00,65401,2489,730,104,23.932692307692307,0.0417838489353153,5.080962064800232
Ben Shapiro,Nancy Pelosi Wants Joe Biden on Mount Rushmore,2024-08-05 23:00:04+00:00,44119,1580,392,9,175.55555555555554,0.0056962025316455,4.490128969378272
Ben Shapiro,BREAKING: Kamala Names VP - The Ben Shapiro Show LIVE,2024-08-06 14:38:22+00:00,241658,8038,1207,429,18.736596736596734,0.0533714854441403,4.003178045005752
Ben Shapiro,BREAKING: Kamala Picks WALZ For VP,2024-08-06 16:01:25+00:00,242301,8441,1866,365,23.126027397260277,0.0432413221182324,4.404439106730884
Ben Shapiro,The Most Radical Democratic Ticket in HISTORY,2024-08-06 21:00:45+00:00,117482,5107,1040,258,19.794573643410853,0.0505188956334442,5.451899014317087
Ben Shapiro,What Is Kamala Thinking? | With @MichaelKnowles,2024-08-06 23:00:29+00:00,211181,6555,1156,164,39.96951219512195,0.025019069412662,3.72902865314588
Ben Shapiro,Ben Reacts | Harris & Walz Debut Event,2024-08-06 23:51:51+00:00,217526,6571,1762,1724,3.811484918793504,0.2623649368437072,4.62335536901336
Ben Shapiro,Members Only LIVE Q+A with Ben Shapiro,2024-08-07 00:50:19+00:00,109652,3901,323,75,52.013333333333335,0.019225839528326,3.9205851238463514
Ben Shapiro,Kamala Goes BALLZ TO THE WALZ,2024-08-07 17:00:06+00:00,312040,9945,2187,336,29.598214285714285,0.0337858220211161,3.995641584412255
Ben Shapiro,Elon Musk vs. GARM,2024-08-07 21:00:27+00:00,68620,3286,373,72,45.638888888888886,0.0219111381618989,5.43719032352084
Ben Shapiro,The Most Cringe Thing You'll See All Day,2024-08-07 23:00:10+00:00,84147,3520,903,221,15.927601809954751,0.0627840909090909,5.518913330243502
Ben Shapiro,STOLEN VALOR Walz And HIDIN’ Harris,2024-08-08 17:00:07+00:00,245198,8866,1516,216,41.0462962962963,0.0243627340401533,4.322221225295476
Ben Shapiro,Ben Reacts: We Won,2024-08-08 19:30:52+00:00,119937,4464,308,29,153.93103448275863,0.0064964157706093,4.002934874142258
Ben Shapiro,JD Vance TROLLS Kamala Harris in an Incredible Way,2024-08-08 21:00:33+00:00,313490,10137,1623,250,40.548,0.024662128834961,3.831063191808351
Ben Shapiro,Ben Shapiro Explains the Tim Walz Stolen Valor Controversy,2024-08-08 23:00:02+00:00,102265,3641,931,148,24.60135135135135,0.0406481735786871,4.61545983474307
Ben Shapiro,Trump Goes On The ATTACK,2024-08-09 17:00:06+00:00,516387,15914,2225,243,65.48971193415638,0.0152695739600351,3.5597333007995937
Ben Shapiro,THIS Should Be Trump's Campaign Strategy,2024-08-09 21:00:25+00:00,76039,3191,497,60,53.18333333333333,0.0188028831087433,4.929049566669735
Ben Shapiro,Is THIS The Only Honest Man In Left-Wing Media?,2024-08-09 23:00:32+00:00,210035,7028,1022,109,64.4770642201835,0.0155093910073989,3.884590663460852
Ben Shapiro,HOT TAKE! | 5 Best & Worst Marvel Movies,2024-08-10 14:00:55+00:00,326864,10255,2126,741,13.83940620782726,0.0722574353973671,4.014513681531157
Ben Shapiro,Kamala Is Still Missing | Ben After Dark,2024-08-10 19:00:16+00:00,184259,8036,1040,150,53.57333333333333,0.0186660029865604,5.007082422025518
Ben Shapiro,The Human Toll of Too Much Law | Justice Neil Gorsuch,2024-08-11 12:00:08+00:00,133893,5062,605,109,46.440366972477065,0.0215329909126827,4.313892436497801
Ben Shapiro,The PERVERSITY Of A Dead President,2024-08-12 17:00:06+00:00,376142,14726,2231,175,84.14857142857143,0.0118837430395219,4.554662866683326
Ben Shapiro,Is The Media's Kamala Push Working?,2024-08-12 21:00:36+00:00,65541,2875,641,32,89.84375,0.0111304347826086,5.413405349323324
Ben Shapiro,The Trump Campaign Needs To Up The Ante,2024-08-12 23:00:04+00:00,74475,2514,1054,127,19.79527559055118,0.0505171042163882,4.961396441758979
Ben Shapiro,TRUMP and MUSK vs. The TYRANTS,2024-08-13 17:00:06+00:00,371837,15168,2281,193,78.59067357512953,0.0127241561181434,4.744552048343763
Ben Shapiro,"Kamala COPIES ""No Tax on Tips""",2024-08-13 21:00:24+00:00,30923,1829,190,21,87.0952380952381,0.0114816839803171,6.597031335898845
Ben Shapiro,Scamala: Kamala Harris Unmasked | Episode 4 - Walz of Shame,2024-08-13 23:29:57+00:00,108153,6044,716,77,78.49350649350649,0.0127399073461283,6.321599955618429
Ben Shapiro,Peter Doocy OWNS White House on Border Stance,2024-08-14 00:30:28+00:00,143130,5468,429,29,188.55172413793105,0.0053035844915874,4.140292042199399
Ben Shapiro,Everything You Need To Know About The Legacy Media In One Clip,2024-08-14 17:00:07+00:00,268274,9241,1035,60,154.01666666666668,0.0064928038091115,3.8527773843160342
Ben Shapiro,"Disney Fumbles With ""Snow White"" AGAIN",2024-08-14 21:00:03+00:00,705879,22425,4143,559,40.11627906976744,0.024927536231884,3.8430099209637913
Ben Shapiro,The Media Are DEFINITELY Right-Wing. Definitely.,2024-08-14 23:00:24+00:00,83590,3400,555,101,33.663366336633665,0.0297058823529411,4.852255054432349
Ben Shapiro,DON’T BUY THE HYPE: Kamala Has BIG Problems,2024-08-15 17:00:06+00:00,445819,13342,2371,163,81.85276073619632,0.0122170589117073,3.561086449882126
Ben Shapiro,The REAL Reason Kamala Hasn't Announced Her Economic Policies,2024-08-15 21:00:01+00:00,34294,2059,328,24,85.79166666666667,0.0116561437591063,7.030384323788417
Ben Shapiro,Kamala Harris Has a Problem...,2024-08-15 23:00:18+00:00,130193,6350,693,48,132.29166666666666,0.0075590551181102,5.446529383300177
Ben Shapiro,Commie-la Harris’ Soviet-Style JOY!,2024-08-16 17:00:06+00:00,268700,9621,1630,435,22.117241379310343,0.0452135952603679,4.349088202456271
Ben Shapiro,"Don't Even THINK About Mispronouncing ""Kamala!""",2024-08-16 21:00:27+00:00,68105,3111,560,61,51.0,0.0196078431372549,5.479773878569856
Ben Shapiro,Let's Send a Message to Hollywood,2024-08-16 23:00:21+00:00,277412,7956,1000,127,62.645669291338585,0.01596279537456,3.2741914553083498
Ben Shapiro,"Ben Shapiro DESTROYS ""House Of The Dragon"" (Season 2)",2024-08-17 14:00:08+00:00,154825,5255,1387,358,14.67877094972067,0.0681255946717412,4.521233650896173
Ben Shapiro,The DNC Is Coming | Ben After Dark,2024-08-17 19:00:17+00:00,138823,6820,789,119,57.3109243697479,0.0174486803519061,5.566800890342378
Ben Shapiro,The Reagan Era | Dennis Quaid,2024-08-18 12:00:08+00:00,134763,5108,604,79,64.65822784810126,0.0154659357870007,4.29717355654
Ben Shapiro,THE DNC BEGINS: Free Abortions and Vasectomies!,2024-08-19 17:00:06+00:00,240792,8153,1910,97,84.05154639175258,0.0118974610572795,4.219409282700422
Ben Shapiro,LOL: Kamala Just Got Asked A Real Question,2024-08-19 21:00:22+00:00,453590,11503,1701,100,115.03,0.0086933843345214,2.933045261138914
Ben Shapiro,"No, Biden Did NOT ""Save Our Democracy""..",2024-08-19 23:00:03+00:00,47384,2029,247,36,56.36111111111112,0.0177427304090685,4.8792841465473575
Ben Shapiro,DNC NIGHT #1: Joe Biden’s Big Funeral Send-Off!,2024-08-20 17:00:06+00:00,292903,10562,1928,347,30.438040345821324,0.0328536262071577,4.38267959017149
Ben Shapiro,Steve Kerr Pretends He's Brave,2024-08-20 21:00:06+00:00,64713,2479,384,95,26.094736842105263,0.0383219039935457,4.5709517407630615
Ben Shapiro,Joe Biden Can't Stop Lying,2024-08-20 23:00:34+00:00,59198,3243,605,115,28.2,0.0354609929078014,6.694482921720328
Ben Shapiro,DNC Night #2: HYPOCRITE Obamas + SELL-OUT Jews For Anti-Semitism!,2024-08-21 17:00:25+00:00,246367,9636,1863,197,48.91370558375635,0.0204441677044416,4.747389057787772
Ben Shapiro,LOL: Bernie Just Said He's NOT Radical,2024-08-21 21:00:25+00:00,49883,2613,535,186,14.048387096774194,0.0711825487944891,6.683639716937634
Ben Shapiro,The Most PSYCHOTIC Thing Democrats Want,2024-08-21 23:00:29+00:00,80263,4413,662,108,40.86111111111112,0.0244731475186947,6.457520900041115
Ben Shapiro,4 Pieces Of TERRIBLE News For Kamala,2024-08-22 17:00:06+00:00,461587,18443,3183,173,106.60693641618496,0.0093802526703898,4.722620004462864
Ben Shapiro,Is Oprah Serious?,2024-08-22 21:00:16+00:00,49982,2838,506,39,72.76923076923077,0.0137420718816067,6.768436637189389
Ben Shapiro,I'm Tired Of Them LYING To Me!,2024-08-22 23:01:41+00:00,47365,4014,610,34,118.05882352941175,0.0084703537618335,9.83426580808614
Ben Shapiro,"Kamala: All Vibes, No Policies",2024-08-23 02:58:35+00:00,165847,5702,1102,95,60.02105263157895,0.0166608207646439,4.159858182541741
Ben Shapiro,"Yeah, Kamala’s Actual Strategy Is BS",2024-08-23 17:00:08+00:00,254341,9494,1392,143,66.39160839160839,0.0150621445123235,4.336304410220924
Ben Shapiro,BREAKING: RFK Jr. Suspends Campaign,2024-08-23 19:46:39+00:00,513848,17615,2158,161,109.40993788819875,0.0091399375532216,3.879357319674301
Ben Shapiro,Vivek Ramaswamy Chased Out Of DNC By Violent Protesters,2024-08-23 21:00:27+00:00,130890,5793,567,93,62.29032258064516,0.016053858104609,4.9300939720375885
Ben Shapiro,What Causes A GREAT DEPRESSION? | Facts Ep. 16,2024-08-24 14:00:32+00:00,295728,11076,1208,93,119.09677419354838,0.0083965330444203,4.185264837959206
Ben Shapiro,DNC 2024: Feel The Joy...Or Else! | Ben After Dark,2024-08-24 19:00:29+00:00,133046,6158,705,243,25.34156378600823,0.0394608639168561,5.341009876283391
Ben Shapiro,Unraveling The Mysteries of The Ancient World | Spencer Klavan,2024-08-25 12:00:06+00:00,77313,2524,892,306,8.248366013071895,0.1212361331220285,4.814196836237114
Ben Shapiro,"RFK ENDORSES Trump, Kamala’s Still Hiding",2024-08-26 17:00:06+00:00,399107,12789,1998,190,67.31052631578947,0.0148565173195715,3.752627741432749
Ben Shapiro,Democrats Think YOU Are an Idiot,2024-08-26 21:00:37+00:00,42002,2799,334,38,73.65789473684211,0.013576277241872,7.549640493309842
Ben Shapiro,THIS Is Actual Socialism,2024-08-26 23:00:59+00:00,89348,4178,623,25,167.12,0.0059837242699856,5.401352016833058
Ben Shapiro,"Kamala Lied, Americans Died",2024-08-27 17:00:06+00:00,247112,9819,993,107,91.76635514018692,0.010897240044811,4.41864417753893
Ben Shapiro,Tulsi Gabbard Endorses Trump,2024-08-27 21:00:40+00:00,90281,3997,349,52,76.86538461538461,0.0130097573179884,4.871456895692338
Ben Shapiro,Mark Zuckerberg Drops MAJOR Bombshell,2024-08-27 23:00:23+00:00,166823,7929,730,52,152.48076923076923,0.0065582040610417,5.221702043483212
Ben Shapiro,"Kamala FINALLY Agrees to Interview…Pre-Taped, With A Babysitter",2024-08-28 17:00:06+00:00,358948,11939,1821,236,50.58898305084746,0.0197671496775274,3.8991720249172577
Ben Shapiro,Robby Starbuck Just EXPOSED Lowe's,2024-08-28 21:00:34+00:00,369835,11159,1237,132,84.53787878787878,0.0118290169370015,3.387456568469723
Ben Shapiro,This Is Absolutely INSANE,2024-08-28 23:00:28+00:00,436319,14323,2046,218,65.70183486238533,0.0152202750820358,3.801576369582805
Ben Shapiro,Defending Kam-unism,2024-08-29 17:00:06+00:00,222241,7691,1016,83,92.66265060240964,0.010791834611884,3.9551657884908726
Ben Shapiro,"JD Vance: Kamala Can ""Go To Hell""",2024-08-29 21:00:07+00:00,113464,5096,486,41,124.29268292682929,0.0080455259026687,4.955756892053867
Ben Shapiro,Does Kamala Disagree With This Absurd Policy?,2024-08-29 23:00:11+00:00,27030,1477,137,23,64.21739130434783,0.0155721056194989,6.056233814280429
Ben Shapiro,Ben Reacts: Kamala Harris and Tim Walz First Interview,2024-08-30 02:40:36+00:00,995426,36537,3542,244,149.74180327868854,0.0066781618633166,4.050828489511024
Ben Shapiro,Kamala’s CAR WRECK First Interview!,2024-08-30 17:00:06+00:00,662975,20034,3839,289,69.32179930795847,0.0144254766896276,3.6444813152833815
Ben Shapiro,"Hollywood, Communism, and Reagan’s Presidency | Jon Voight",2024-08-30 22:01:52+00:00,26838,1611,168,18,89.5,0.0111731843575419,6.695729935166556
Ben Shapiro,You Should Be Afraid Of A Kamala Harris Presidency,2024-08-31 14:00:50+00:00,114681,6322,889,52,121.57692307692308,0.0082252451755773,6.333219975410051
Ben Shapiro,That Interview Killed The Vibe | Ben After Dark,2024-08-31 19:00:08+00:00,285389,11868,1580,160,74.175,0.0134816312773845,4.768228628293312
Ben Shapiro,How To Find Beauty In Suffering | Jordan Peterson,2024-09-01 12:00:07+00:00,147067,5536,592,238,23.26050420168067,0.0429913294797687,4.328639327653383
Ben Shapiro,Ben Shapiro Reacts To INSANE Woke TikToks | Volume 17,2024-09-02 16:00:08+00:00,980787,29759,2626,1009,29.493557978196232,0.0339057091972176,3.40481674410448
Ben Shapiro,"Take Out Hostages, Win A Prize From Biden-Harris!",2024-09-03 17:00:06+00:00,229796,8963,1176,228,39.31140350877193,0.0254379114135892,4.511392713537225
Ben Shapiro,Why Is She Talking Like That?,2024-09-03 21:00:21+00:00,124987,5371,606,76,70.67105263157895,0.0141500651647737,4.842903661980847
Ben Shapiro,Can We Resolve The Israeli-Palestinian Conflict? | Former Amb. David Friedman,2024-09-03 23:00:18+00:00,53230,2337,481,354,6.601694915254237,0.1514762516046213,5.959045650948713
Ben Shapiro,Will Kamala Go After Elon With The Law?,2024-09-04 17:00:07+00:00,272282,8308,985,144,57.69444444444444,0.0173326913818006,3.465891979638757
Ben Shapiro,LOL: Peter Doocy Just CALLED OUT Kamala Harris,2024-09-04 21:00:00+00:00,110677,4147,336,48,86.39583333333333,0.0115746322642874,4.093894847167885
Ben Shapiro,Democrats Just LOVE Chinese Spies,2024-09-04 23:00:08+00:00,43854,2356,288,76,31.0,0.032258064516129,6.202398868974324
Ben Shapiro,Russiagate II: Kamala’s Revenge,2024-09-05 17:45:07+00:00,206772,7193,930,278,25.87410071942446,0.0386486862227165,4.0629292167218
Ben Shapiro,The Heroic Story of Sam Brown,2024-09-05 21:00:10+00:00,32322,2280,159,43,53.02325581395349,0.018859649122807,7.6789802611224545
Ben Shapiro,Trump's Best Town Hall Moments,2024-09-05 23:00:45+00:00,130749,5361,364,100,53.61,0.0186532363365043,4.4551009950362905
Ben Shapiro,How Trump Can DESTROY Kamala In Debate,2024-09-06 17:00:06+00:00,294518,8803,1336,256,34.38671875,0.0290809951153016,3.5294956505205115
Ben Shapiro,The Mark Cuban MELTDOWN,2024-09-06 21:00:32+00:00,491005,13203,982,230,57.40434782608696,0.017420283268954,2.935815317562957
Ben Shapiro,Tim Pool Sets The Record Straight,2024-09-06 23:00:34+00:00,362992,14905,4100,1691,8.81431105854524,0.1134518617913451,5.701503063428396
Ben Shapiro,Ben Shapiro Reacts To Best TRUMP Moments,2024-09-07 14:00:27+00:00,459466,20347,1096,185,109.98378378378378,0.0090922494716665,4.707203579807864
Ben Shapiro,The King Of Satire And Disguise | Matt Walsh,2024-09-08 12:00:09+00:00,1023815,23658,2790,323,73.24458204334366,0.0136528869726942,2.6148278741764868
Ben Shapiro,"Kamala’s Momentum GONE, Trump Regains LEAD",2024-09-09 17:00:06+00:00,522943,16028,2254,193,83.04663212435233,0.0120414275018717,3.532889817819533
Ben Shapiro,I Don't Want A President Who Gives Hugs,2024-09-09 21:00:00+00:00,32297,1830,411,153,11.96078431372549,0.0836065573770491,7.412453169024986
Ben Shapiro,LOL: Kamala Harris Is Getting Debate Advice From HER?!,2024-09-09 23:00:22+00:00,60473,2808,284,44,63.81818181818182,0.0156695156695156,5.185785391827758
Ben Shapiro,Mark Cuban Attacks Me For Saying Kamala Isn’t My Momala,2024-09-10 17:00:06+00:00,286413,9371,1223,117,80.09401709401709,0.0124853270728844,3.739704552516821
Ben Shapiro,CNN Shocked By INSANE 2019 Kamala Policy,2024-09-10 21:00:21+00:00,47123,2451,143,20,122.55,0.0081599347205222,5.547185026420219
Ben Shapiro,The Ohio Chaos Is Worse Than You Think,2024-09-10 23:00:06+00:00,171068,6616,1311,135,49.007407407407406,0.0204050785973397,4.712745808684266
Ben Shapiro,Ben Reacts: Trump vs Kamala Presidential Debate,2024-09-11 03:16:29+00:00,1382227,48954,8450,1957,25.014818599897804,0.0399763042856559,4.294591264676496
Ben Shapiro,The Most RIGGED Debate In HISTORY,2024-09-11 17:00:06+00:00,554931,20125,5253,946,21.273784355179703,0.0470062111801242,4.743652814494054
Ben Shapiro,Taylor Swift Endorses Kamala! Are You Surprised?,2024-09-11 21:00:00+00:00,115711,4589,1276,280,16.389285714285716,0.0610154717803443,5.310644623242388
Ben Shapiro,"""An Embarrassment For ABC"" | Vivek Ramaswamy On Debate Moderators",2024-09-11 23:00:30+00:00,530082,15631,2455,388,40.2860824742268,0.0248224681722218,3.485121169932199
Ben Shapiro,"Post-Debate, Trump STILL Has The Advantage",2024-09-12 17:00:06+00:00,366556,10953,2257,221,49.56108597285068,0.0201771204236282,3.6641058937788498
Ben Shapiro,Joe Biden Caught Wearing A Trump Hat,2024-09-12 21:00:33+00:00,120293,4831,598,130,37.16153846153846,0.0269095425377768,4.621216529640129
Ben Shapiro,Tyreek Hill Was Detained By Police – And It's His Own Fault,2024-09-12 23:00:22+00:00,96063,4689,1656,297,15.787878787878787,0.0633397312859884,6.9142125480153656
Ben Shapiro,Matt Walsh DESTROYS The DEI Industry,2024-09-13 17:00:06+00:00,267312,9099,1054,60,151.65,0.0065941312232113,3.8206290776321294
Ben Shapiro,"Director Of ""Am I Racist?"" Reveals Behind-The-Scenes Secrets",2024-09-13 21:00:19+00:00,86746,2868,317,30,95.6,0.0104602510460251,3.7062227653148274
Ben Shapiro,"MSNBC Calls Trump Supporters ""Despicable""",2024-09-13 23:02:47+00:00,58135,3063,699,26,117.8076923076923,0.0084884100555011,6.515868237722542
Ben Shapiro,THESE Are The Democrats WOKEST Moments,2024-09-14 14:00:09+00:00,126025,4811,328,53,90.77358490566036,0.0110164207025566,4.119817496528467
Ben Shapiro,"DEBATE NIGHT: All Bark, No Bite | Ben After Dark",2024-09-14 19:00:13+00:00,126355,5208,540,101,51.56435643564357,0.0193932411674347,4.629021407937953
Ben Shapiro,Who Was The Bad Guy In WWII? | Niall Ferguson,2024-09-15 12:00:07+00:00,196789,6567,3331,985,6.667005076142132,0.1499923861732907,5.530288786466723
Ben Shapiro,Ben Reacts: Shooter Targets Trump at Palm Beach Golf Course,2024-09-15 21:54:04+00:00,1013798,41204,5245,262,157.26717557251908,0.0063586059605863,4.607525365013543
Ben Shapiro,BREAKING: SECOND Attempt On Trump's Life!,2024-09-16 17:00:06+00:00,412418,14523,2388,149,97.46979865771812,0.0102595882393444,4.136579877696899
Ben Shapiro,The Emmys Sucked. Here's Why.,2024-09-16 21:00:03+00:00,115665,3590,619,113,31.76991150442478,0.0314763231197771,3.736653265897203
Ben Shapiro,JD Vance WRECKS Dana Bash in INSANE Propagandist Interview,2024-09-16 23:00:16+00:00,193368,7505,963,308,24.36688311688312,0.0410393071285809,4.538496545447023
Ben Shapiro,"After Attempt On Trump's Life, Media Blame…Trump",2024-09-17 17:00:06+00:00,244916,7999,1252,105,76.18095238095238,0.0131266408301037,3.820085253719643
Ben Shapiro,"Trump Just Survived Another Attempt, and They're Blaming Him For THIS?!",2024-09-17 21:00:20+00:00,44582,2315,327,24,96.45833333333331,0.0103671706263498,5.97999192499215
Ben Shapiro,White House Gets Angry at Elon Musk For Posting Obvious Fact,2024-09-17 23:00:49+00:00,113744,6809,623,100,68.09,0.0146864444118079,6.6218877479251645
Ben Shapiro,The Single Greatest Mossad Operation OF ALL TIME,2024-09-18 17:00:26+00:00,458581,21166,3704,1615,13.105882352941176,0.0763016157989228,5.775424625093494
Ben Shapiro,"These Charges Were So Bad, He Was Denied Bail",2024-09-18 21:00:33+00:00,676457,13147,2192,195,67.42051282051283,0.0148322811287746,2.296376561998767
Ben Shapiro,Why The Fed Interest Rate Drop Matters To YOU | Facts Ep. 17,2024-09-18 22:22:15+00:00,236355,8132,638,76,107.0,0.0093457943925233,3.742675213132787
Ben Shapiro,The Federal Reserve Rides To Kamala’s RESCUE!,2024-09-19 17:00:06+00:00,200722,6853,895,54,126.9074074074074,0.0078797606887494,3.886968045356264
Ben Shapiro,Sunny Hostin Calls Brittany Mahomes A RACIST,2024-09-19 21:00:36+00:00,112897,3783,598,48,78.8125,0.0126883425852498,3.923044899333021
Ben Shapiro,Dana Bash ROASTS Kamala Harris: Even CNN Calls Out Her Babbling,2024-09-19 23:00:03+00:00,282117,10220,1207,152,67.23684210526316,0.0148727984344422,4.10432551033791
Ben Shapiro,WORD VOMIT and NARCISSISM For President!,2024-09-20 17:00:31+00:00,343126,13111,2424,82,159.890243902439,0.0062542902905956,4.551389285568567
Ben Shapiro,White Dudes For Harris Strikes Again,2024-09-20 21:00:34+00:00,161626,6763,1002,37,182.78378378378375,0.0054709448469614,4.8271936445868855
Ben Shapiro,Retired Border Patrol Agent Exposes SHOCKING Biden Policy,2024-09-20 23:00:47+00:00,37303,2468,183,2,1234.0,0.0008103727714748,7.112028523175081
Ben Shapiro,Ben Shapiro DESTROYS 2024 VMA’s,2024-09-21 14:00:40+00:00,456892,11669,1091,174,67.0632183908046,0.0149113034535949,2.830865937683304
Ben Shapiro,Pagers: The 90s Gadget That Took Down Hezbollah | Ben After Dark,2024-09-21 19:00:09+00:00,188539,10199,1329,318,32.07232704402516,0.0311795274046475,6.283050191207125
Ben Shapiro,Defining American Identity | Vivek Ramaswamy,2024-09-22 12:00:28+00:00,147930,5729,880,114,50.25438596491228,0.0198987606912201,4.544717095923748
Ben Shapiro,The Biggest Scandal In Modern American HISTORY…And No One Cares!,2024-09-23 17:00:26+00:00,628321,22187,3531,431,51.477958236658935,0.0194257898769549,4.16172625139061
Ben Shapiro,Biden Just FORGOT Who He Was Introducing,2024-09-23 21:00:39+00:00,181442,6823,1037,82,83.20731707317073,0.0120181738238311,4.3771563364601365
Ben Shapiro,Should We Believe Trump On THIS?,2024-09-23 23:00:17+00:00,91597,2835,849,84,33.75,0.0296296296296296,4.113671845147767
Ben Shapiro,ZELENSKY Election INTERFERENCE?!,2024-09-24 17:00:21+00:00,189820,6853,1175,153,44.790849673202615,0.0223259886181234,4.309872510799705
Ben Shapiro,"Everyone in Hollywood Knew About Diddy's ""White Parties""",2024-09-24 21:00:22+00:00,2298452,46977,8618,556,84.4910071942446,0.011835579113183,2.442992065964397
Ben Shapiro,"Trump's 2nd Would-Be Assassin Put A $150,000 Bounty On Him",2024-09-24 23:00:17+00:00,48563,2478,291,1,2478.0,0.0004035512510088,5.703930976257645
Ben Shapiro,Kamala’s Most INSANE Plan,2024-09-25 17:00:31+00:00,223808,7863,883,112,70.20535714285714,0.0142439272542286,3.957856734343723
Ben Shapiro,Joe Biden Fumbled Through His Last UN Speech,2024-09-25 21:00:31+00:00,45318,2173,327,2,1086.5,0.0009203865623561,5.520985039057328
Ben Shapiro,PROOF Stephanie Ruhle Will Not Ask Kamala a Difficult Question,2024-09-25 23:00:01+00:00,50429,2045,150,52,39.32692307692308,0.0254278728606356,4.455769497709651
Ben Shapiro,Harris COLLAPSES On National Television…AGAIN,2024-09-26 17:00:22+00:00,732294,23806,4236,343,69.40524781341108,0.0144081324035957,3.876175415884877
Ben Shapiro,THIS Is How Much Joe Biden and Whoopi Goldberg Hate Trump,2024-09-26 21:00:20+00:00,40585,2065,313,13,158.84615384615384,0.0062953995157384,5.891339164716028
Ben Shapiro,How the Dockworkers Strike Will Impact You | Facts Ep. 18,2024-09-26 23:03:25+00:00,449331,12208,1474,300,40.693333333333335,0.0245740498034076,3.1117372271220995
Ben Shapiro,The Not-So-Secret SOROS MACHINE,2024-09-27 17:00:26+00:00,204948,7763,912,105,73.93333333333334,0.0135256988277727,4.284013505864903
Ben Shapiro,Eric Adams Faces FIVE Felonies,2024-09-27 21:00:33+00:00,84084,3446,445,14,246.14285714285717,0.004062681369704,4.6441653584510725
Ben Shapiro,Donald Trump Was IMPEACHED For Doing This!,2024-09-27 23:00:49+00:00,99060,4325,558,71,60.91549295774648,0.0164161849710982,5.0010094891984656
Ben Shapiro,Do You Recognize These VIRAL Videos?,2024-09-28 14:00:10+00:00,276566,11071,893,91,121.65934065934066,0.0082196730196007,4.358814894093996
Ben Shapiro,Diddy Have Enough Baby Oil? | Ben After Dark,2024-09-28 19:00:19+00:00,222431,7465,705,63,118.4920634920635,0.0084393837910247,3.7013725604794296
Ben Shapiro,The Decay Of The American Medical Establishment | Dr. Drew Pinsky,2024-09-29 12:00:26+00:00,88573,3839,536,107,35.87850467289719,0.0278718416254232,5.060232802321249
Ben Shapiro,"EPIC: Israel TAKES OUT Hezbollah Leader, Totally REWRITES Middle East",2024-09-30 17:00:26+00:00,402911,13900,1318,430,32.325581395348834,0.0309352517985611,3.883736110456156
Ben Shapiro,"One of These Men Is ""Taking Back"" Football",2024-09-30 21:00:34+00:00,126733,4621,383,46,100.45652173913044,0.0099545552910625,3.9847553518026086
Ben Shapiro,Kamala Harris FINALLY Visited the Southern Border,2024-09-30 23:00:02+00:00,52754,2596,317,11,236.0,0.0042372881355932,5.542707661978239
Ben Shapiro,Breaking News: Iran Attacks Israel,2024-10-01 19:06:11+00:00,763243,21911,2029,803,27.28642590286426,0.03664825886541,3.2418246875503605
Ben Shapiro,Ben Reacts: Iran’s Strike on Israel,2024-10-01 19:57:50+00:00,390778,12586,1691,1220,10.316393442622951,0.0969331002701414,3.965678722957792
Ben Shapiro,"North Carolina DROWNS, Kamala Does PHOTO OPS",2024-10-01 20:10:09+00:00,205941,6502,731,102,63.74509803921568,0.0156874807751461,3.5616997101111485
Ben Shapiro,Ben Reacts to VP Debate: Walz Comes Crashing Down,2024-10-02 03:12:28+00:00,1687734,75408,4615,655,115.12671755725192,0.0086860810524082,4.780255656400831
Ben Shapiro,Vance DESTROYS Walz,2024-10-02 17:00:26+00:00,486980,15896,1799,263,60.44106463878327,0.0165450427780573,3.6876257751858392
Ben Shapiro,JD Vance SCHOOLS Moderators On Their Fact-Check,2024-10-02 21:00:39+00:00,130058,4913,421,125,39.304,0.0254427030327702,4.19735810176998
Ben Shapiro,This Was Tim Walz's WORST Debate Moment,2024-10-02 23:00:03+00:00,127473,4105,506,51,80.49019607843137,0.0124238733252131,3.65724506366054
Ben Shapiro,Exclusive Fireside Chat With Captain Sam Brown,2024-10-03 17:00:55+00:00,68040,3056,230,31,98.58064516129032,0.0101439790575916,4.875073486184597
Ben Shapiro,Matt Walsh Has the World's Greatest Deadpan,2024-10-03 21:00:31+00:00,106744,3582,281,37,96.8108108108108,0.0103294249022892,3.6536011391740986
Ben Shapiro,What Would a Decline of America Look Like? | With Victor Davis Hanson,2024-10-03 23:00:23+00:00,498706,12849,1951,278,46.21942446043165,0.0216359249747062,3.023424622924128
Ben Shapiro,The War On Truth | Eric Hovde,2024-10-04 18:08:11+00:00,71569,3093,387,27,114.55555555555556,0.008729388942774,4.900166273107072
Ben Shapiro,Why Jordan Peterson Relates to the Biblical Story of Jonah,2024-10-04 21:00:02+00:00,47820,2236,225,32,69.875,0.0143112701252236,5.213299874529485
Ben Shapiro,The Role Winston Churchill ACTUALLY Played In WWII,2024-10-04 23:00:44+00:00,41131,2154,395,55,39.16363636363637,0.0255338904363974,6.33099122316501
Ben Shapiro,Ben Shapiro's MIC DROP Debate Moments,2024-10-05 14:00:25+00:00,685388,13528,911,236,57.32203389830509,0.017445298639858,2.1411229843533883
Ben Shapiro,Catholics Should Be PISSED At This Movie,2024-10-05 19:00:16+00:00,702427,20856,6580,3991,5.225757955399649,0.1913598005370157,4.47405922608328
Ben Shapiro,The Dark Side of Fairy Tales | Jonathan Pageau,2024-10-06 12:00:35+00:00,112720,4173,426,124,33.653225806451616,0.0297148334531512,4.190028388928318
Ben Shapiro,ONE YEAR LATER: The 7 Lessons Of October 7,2024-10-07 17:00:27+00:00,179574,6937,1007,20,346.85,0.0028830906732016,4.434940470223975
Ben Shapiro,"""What Else Does the World Need in Order to Take Action on This?"" | Parents of a Hostage Speak Out",2024-10-07 21:09:18+00:00,27124,1465,149,51,28.725490196078432,0.0348122866894198,6.138475151157646
Ben Shapiro,Did They Forget the Draft Exists?,2024-10-07 23:00:04+00:00,79614,2711,378,21,129.0952380952381,0.0077462191073404,3.906348129725928
Ben Shapiro,How October 7 Broke America’s Colleges,2024-10-08 00:15:45+00:00,173679,6223,559,229,27.17467248908297,0.0367989715571267,4.0367574663603545
Ben Shapiro,Donald Trump Joins The Show!,2024-10-08 17:00:06+00:00,727726,31733,3956,480,66.11041666666667,0.0151262093089213,4.970139860332048
Ben Shapiro,Kamala Harris Is Not a Smart Human Being,2024-10-08 21:00:35+00:00,215271,10335,1615,68,151.98529411764707,0.0065795839380745,5.582730604679683
Ben Shapiro,"""I Had No Wars"" | Donald Trump on His ""Peace Through Strength"" Foreign Policy",2024-10-08 23:00:17+00:00,45392,2536,517,54,46.96296296296296,0.0212933753943217,6.844818470215015
Ben Shapiro,Kamala’s Blue Wall Is Collapsing!,2024-10-09 17:00:22+00:00,419219,14890,2250,87,171.1494252873563,0.0058428475486903,4.109308022775685
Ben Shapiro,This is why Kamala is falling behind in the polls...,2024-10-09 22:00:28+00:00,249486,7839,800,52,150.75,0.0066334991708126,3.4835622038912004
Ben Shapiro,How Biden is undermining Kamala's campaign...,2024-10-10 00:15:03+00:00,89164,3882,601,13,298.61538461538464,0.0033487892838742,5.0423937912161865
Ben Shapiro,PANIC At Kamala HQ,2024-10-10 17:00:06+00:00,397478,14406,1652,106,135.9056603773585,0.0073580452589198,4.066640166248195
Ben Shapiro,THIS Is Why Left-Wing Governance Always Fails...,2024-10-10 21:00:09+00:00,29244,1193,110,7,170.42857142857142,0.0058675607711651,4.479551360962933
Ben Shapiro,Kamala Harris is Panicking!,2024-10-10 23:00:53+00:00,262575,10615,1204,73,145.41095890410958,0.0068770607630711,4.528991716652385
Ben Shapiro,This Worldview Is TOTALLY EVIL…And It’s Now Mainstream,2024-10-11 17:00:26+00:00,339929,12442,2468,362,34.370165745856355,0.0290950008037293,4.492702887956014
Ben Shapiro,Kamala is Losing Momentum!,2024-10-11 21:00:03+00:00,169075,5687,766,34,167.26470588235293,0.005978547564621,3.8367588348366106
Ben Shapiro,They REALLY Think Obama Can Save This...?,2024-10-11 23:00:33+00:00,78125,3792,793,26,145.84615384615384,0.0068565400843881,5.90208
Ben Shapiro,5 Biggest October SURPRISES In Election History,2024-10-12 14:00:05+00:00,208323,7287,456,27,269.8888888888889,0.0037052284890901,3.729784997335868
Ben Shapiro,Kamala's Anti-Masculinity Campaign is BACKFIRING... | Ben After Dark,2024-10-12 19:00:31+00:00,255501,11018,919,103,106.97087378640776,0.0093483390815029,4.712310323638655
Ben Shapiro,Race and Religion in American Politics | Vince Everett Ellison,2024-10-13 12:00:07+00:00,116684,5721,688,87,65.75862068965517,0.015207131620346,5.567172877172535
Ben Shapiro,Kamala Campaign IMPLOSION?!,2024-10-14 17:00:06+00:00,519922,17129,2280,272,62.97426470588236,0.0158795025979333,3.785375498632488
Ben Shapiro,Kamala Wants to BAN Columbus Day,2024-10-14 21:00:24+00:00,54561,3088,975,37,83.45945945945945,0.011981865284974,7.514525027033962
Ben Shapiro,Elon Musk's Starship Rocket Landing Is A MAJOR Win for Humanity,2024-10-14 23:00:19+00:00,157495,8601,1094,140,61.43571428571428,0.0162771770724334,6.244642687069431
Ben Shapiro,"Kamala Harris, PLAGIARIST?!",2024-10-15 17:00:06+00:00,298702,10827,1443,58,186.67241379310343,0.0053569779255564,4.1271903100749245
Ben Shapiro,Kamala's Pathetic 'Vote Save America' Ad,2024-10-15 21:15:00+00:00,83524,3574,717,31,115.29032258064515,0.0086737548964745,5.174560605334993
Ben Shapiro,Biden Admin Employee Caught Spreading Pro-Kamala Propaganda & Misinformation,2024-10-15 23:00:30+00:00,72685,3255,274,26,125.1923076923077,0.0079877112135176,4.890967875077388
Ben Shapiro,Harris Should Be IMPEACHED,2024-10-16 17:00:05+00:00,403884,13814,1607,202,68.38613861386139,0.0146228463877226,3.868189876301116
Ben Shapiro,Kamala's Failing Attempts to Win Over Voters,2024-10-16 21:00:04+00:00,65841,2930,265,11,266.3636363636364,0.003754266211604,4.869306359259428
Ben Shapiro,Has The FBI Been Lying About Crime Stats?,2024-10-16 23:00:04+00:00,42380,2618,257,10,261.8,0.0038197097020626,6.807456347333648
Ben Shapiro,Ben Reacts: Kamala’s DISASTER Interview with Bret Baier,2024-10-16 23:16:49+00:00,1691328,91019,7028,632,144.01740506329114,0.0069436051813357,5.834409410829833
Ben Shapiro,The Lion’s Path: Igniting American Ambition,2024-10-17 17:00:41+00:00,45125,2439,169,20,121.95,0.00820008200082,5.82382271468144
Ben Shapiro,Why American Isolationism Does NOT Work | With Douglas Murray,2024-10-17 21:03:17+00:00,127176,5541,1276,400,13.8525,0.0721891355351019,5.674812857771907
Ben Shapiro,Reestablishing Credibility Within The American Medical Industry,2024-10-17 23:00:22+00:00,32597,1681,290,78,21.55128205128205,0.0464009518143961,6.285854526490168
Ben Shapiro,Ben Shapiro’s Q&A at Yale University | @YAFTV,2024-10-18 17:00:51+00:00,492374,10022,823,102,98.25490196078432,0.0101776092596288,2.223309922944753
Ben Shapiro,The Symbols that Guide Us | With Jonathan Pageau,2024-10-18 21:00:31+00:00,17609,822,59,47,17.48936170212766,0.0571776155717761,5.270032369810892
Ben Shapiro,Wrestling with Evil | Matt Fradd,2024-10-18 23:00:01+00:00,36442,1610,257,102,15.784313725490197,0.0633540372670807,5.403106305910763
Ben Shapiro,Ben Shapiro Reacts To Halloween TikToks,2024-10-19 14:00:05+00:00,279131,11204,441,110,101.85454545454546,0.0098179221706533,4.211284307368225
Ben Shapiro,"What The ""Man Enough"" Ad Really Says About The Harris Campaign | Ben After Dark",2024-10-19 23:18:03+00:00,181174,7472,616,41,182.2439024390244,0.0054871520342612,4.486846898561604
Ben Shapiro,Is the American Dream Still Alive? | Steve Ballmer,2024-10-20 12:00:07+00:00,60690,1854,377,49,37.83673469387755,0.0264293419633225,3.756796836381612
Ben Shapiro,"Trump’s CRUISING, Kamala’s CRASHING",2024-10-21 17:00:06+00:00,503931,19885,2609,189,105.21164021164022,0.0095046517475484,4.501211475380558
Ben Shapiro,Kamala Skips The Al Smith Dinner & Sends An Unfunny Video Instead,2024-10-21 21:00:26+00:00,65991,2993,229,21,142.52380952380952,0.0070163715335783,4.91430649634041
Ben Shapiro,Elon Musk DEMOLISHES Mark Cuban & Rachel Maddow,2024-10-21 23:00:36+00:00,280501,7778,475,101,77.00990099009901,0.0129853432759064,2.9782425018092624
Ben Shapiro,How Wokeness Ruined UCLA,2024-10-22 02:55:56+00:00,206933,6816,682,170,40.09411764705882,0.0249413145539906,3.7055472061005257
Ben Shapiro,Kamala Harris’ UNSERIOUS Campaign,2024-10-22 17:00:06+00:00,328262,11106,1456,82,135.4390243902439,0.0073833963623266,3.851801305055108
Ben Shapiro,Kamala's Last Resort Campaign,2024-10-22 21:00:25+00:00,177397,6632,780,47,141.10638297872342,0.007086851628468,4.204693427735531
Ben Shapiro,Kamala's Reaching Out for the Jewish Vote,2024-10-22 23:00:10+00:00,86287,3715,681,60,61.91666666666666,0.0161507402422611,5.164161461170281
Ben Shapiro,OCTOBER SURPRISE! Media Launch UGLIEST Anti-Trump Smears Yet,2024-10-23 17:00:06+00:00,491074,14824,2227,104,142.53846153846155,0.0070156502968159,3.4933635256600835
Ben Shapiro,Democrats LOSE IT over Trump's 'Enemy Within' Comments,2024-10-23 21:40:00+00:00,53289,2749,369,91,30.208791208791208,0.0331029465260094,6.021880688322168
Ben Shapiro,The Media's DESPERATE Attempt to Smear Trump,2024-10-23 23:23:54+00:00,66167,3420,411,66,51.81818181818182,0.019298245614035,5.889642873335651
Ben Shapiro,Ben Shapiro’s Q&A at UCLA | @YAFTV,2024-10-24 17:07:52+00:00,207794,5702,714,94,60.659574468085104,0.0164854437039635,3.132910478647122
Ben Shapiro,Why Science And Religion Are NOT Incompatible | Spencer Klavan,2024-10-24 21:00:25+00:00,22435,784,242,54,14.51851851851852,0.0688775510204081,4.813906841987965
Ben Shapiro,Why I’m Voting For Trump | Dennis Quaid,2024-10-24 23:47:33+00:00,79111,4185,371,71,58.94366197183098,0.0169653524492234,5.848744169584508
Ben Shapiro,"Who Are the Pioneers, the Warriors, and the Weavers?",2024-10-25 17:03:34+00:00,46363,2197,191,29,75.75862068965517,0.0131998179335457,5.213208808748355
Ben Shapiro,Not Everyone Needs To Go To College | Mike Rowe,2024-10-25 21:00:04+00:00,26668,1352,232,11,122.9090909090909,0.0081360946745562,5.980950952452377
Ben Shapiro,Steve Ballmer’s Advice For Young Entrepreneurs,2024-10-25 23:00:01+00:00,13857,467,41,26,17.96153846153846,0.0556745182012847,3.853647975752327
Ben Shapiro,Ben REACTS To Tim Walz's CRINGIEST Moments,2024-10-26 13:00:10+00:00,170591,8375,868,91,92.03296703296704,0.010865671641791,5.471566495301628
Ben Shapiro,The Dangers of Secularism | Bishop Robert Barron,2024-10-27 12:00:07+00:00,159119,5141,1018,357,14.400560224089636,0.0694417428515852,4.095048360032429
Ben Shapiro,"Trump ROCKS Madison Square Garden, Kamala PANICS!",2024-10-28 17:00:06+00:00,509635,17802,2579,106,167.9433962264151,0.0059543871475115,4.019935836431957
Ben Shapiro,President Trump's Rally at Madison Square Garden,2024-10-28 21:00:42+00:00,97456,4525,453,24,188.54166666666663,0.0053038674033149,5.132572648169431
Ben Shapiro,Ben Shapiro LIVE from Cornell University,2024-10-29 00:14:42+00:00,162693,6498,458,80,81.225,0.0123114804555247,4.324709729367582
Ben Shapiro,Democrats LOSE IT Over Trump's Shift At McDonald's,2024-10-29 01:00:02+00:00,73771,2922,178,27,108.22222222222224,0.0092402464065708,4.238793021648073
Ben Shapiro,I Got A SHOCKING Text From The New York Times,2024-10-29 17:00:06+00:00,768522,28285,3447,259,109.2084942084942,0.0091567968888103,4.162665479973247
Ben Shapiro,Far Left 'Washington Post' WON’T Endorse Kamala Harris,2024-10-29 21:00:23+00:00,40820,2039,171,10,203.9,0.0049043648847474,5.438510534051935
Ben Shapiro,The Left is Trying to Make Trump Look Like the Bad Guy,2024-10-29 23:00:25+00:00,69534,2764,684,74,37.35135135135136,0.0267727930535455,5.06514798515834
Ben Shapiro,Biden Calls Half of Americans GARBAGE!,2024-10-30 17:00:05+00:00,311950,12326,1920,99,124.5050505050505,0.0080318026934934,4.598493348292996
Ben Shapiro,Biden Calls Half of Americans GARBAGE,2024-10-30 21:00:33+00:00,56113,3208,609,169,18.98224852071006,0.0526807980049875,7.103523247732254
Ben Shapiro,Were You Better Off in 2019 or in 2024?,2024-10-30 23:00:28+00:00,45133,2181,295,23,94.82608695652172,0.0105456212746446,5.53696851527707
Ben Shapiro,I Just Got Another ASTOUNDING Email From The Washington Post,2024-10-31 17:00:06+00:00,316936,12599,1486,68,185.27941176470588,0.0053972537502976,4.465570335966882
Ben Shapiro,Donald Trump is a TRUE American,2024-10-31 22:05:23+00:00,106476,6375,502,64,99.609375,0.0100392156862745,6.518839926368384
Ben Shapiro,The State Of The Race In Florida With Governor Ron DeSantis,2024-10-31 23:00:26+00:00,84375,4629,596,9,514.3333333333334,0.0019442644199611,6.20325925925926
Ben Shapiro,The Importance of Matt Walsh's 'Am I Racist?',2024-11-01 02:00:36+00:00,74323,5285,121,47,112.44680851063828,0.0088930936613055,7.336894366481439
Ben Shapiro,4 Days To Go: Democrat DESPERATION!,2024-11-01 17:00:06+00:00,476898,15868,3168,162,97.95061728395062,0.0102092261154524,4.025598765354436
Ben Shapiro,Pro-Kamala Mark Cuban INSULTS Pro-Trump Women,2024-11-01 21:00:12+00:00,39847,1482,232,20,74.1,0.0134952766531713,4.351645042286747
Ben Shapiro,White House Re-Writes Joe Biden's 'Garbage' Transcript,2024-11-01 23:00:38+00:00,57564,2687,518,13,206.69230769230768,0.0048381094157052,5.5902994927385175
Ben Shapiro,The Ben Shapiro Show | Senate Election Special,2024-11-02 14:01:01+00:00,132533,4575,452,21,217.8571428571429,0.0045901639344262,3.8088626983468266
Ben Shapiro,Biden: ‘Trump Fans Are Trash!’ Kamala: 'Nods Uncomfortably',2024-11-02 18:00:09+00:00,134259,6043,516,92,65.68478260869566,0.015224226377627,4.953857841932384
Ben Shapiro,What Makes A Marxist? | Dr. Paul Kengor,2024-11-03 13:00:07+00:00,75095,2907,517,92,31.597826086956523,0.0316477468180254,4.68206937878687
Ben Shapiro,MY CLOSING STATEMENT: Why I Voted TRUMP,2024-11-04 17:13:18+00:00,459418,16727,1761,343,48.7667638483965,0.0205057691158008,4.098881628495184
Ben Shapiro,Why I'm Voting For Trump & AGAINST Kamala,2024-11-04 22:00:34+00:00,98312,4407,494,158,27.89240506329114,0.0358520535511686,5.14586215314509
Ben Shapiro,Kamala's CRINGEY SNL Appearance,2024-11-05 00:00:03+00:00,136869,5224,797,158,33.063291139240505,0.0302450229709035,4.514535797002973
Ben Shapiro,ELECTION DAY!! My Prediction And More,2024-11-05 16:59:14+00:00,730283,20335,2039,484,42.01446280991736,0.0238013277600196,3.1300194582100365
Ben Shapiro,Kamala's 'Momentum' Is Fading,2024-11-05 21:35:59+00:00,145715,6425,911,47,136.70212765957447,0.0073151750972762,5.066739868922212
Ben Shapiro,"The idea of ""shy Kamala voters"" does not exist",2024-11-05 23:00:31+00:00,73328,3400,95,116,29.310344827586206,0.0341176470588235,4.924449050840061
Ben Shapiro,Democrats Look To GO AFTER Elon Musk AGAIN,2024-11-06 00:00:26+00:00,67943,2568,239,33,77.81818181818181,0.0128504672897196,4.17997439029775
Ben Shapiro,Election Night 2024 with The Daily Wire,2024-11-06 08:16:43+00:00,2508066,39928,530,770,51.85454545454545,0.0192847124824684,1.6438163907967336
Ben Shapiro,Ben Reacts | Trump Wins!!!,2024-11-06 08:21:53+00:00,1151513,51996,4972,564,92.19148936170212,0.0108469882298638,4.996209335022705
Ben Shapiro,TRUMP WINS!!!,2024-11-06 17:11:06+00:00,1212020,43010,4208,497,86.53923541247485,0.0115554522204138,3.936816224154717
Ben Shapiro,Ben Reacts | Kamala Concedes,2024-11-06 22:25:41+00:00,319120,13988,1114,247,56.63157894736842,0.0176579925650557,4.809789420907496
Ben Shapiro,Election Coverage 2024: Kamala Concedes,2024-11-06 22:45:54+00:00,429719,9223,310,107,86.19626168224299,0.0116014312045972,2.243326452868037
Ben Shapiro,The Democrats LOST Big Time Last Night,2024-11-07 00:02:13+00:00,414728,17147,1309,206,83.2378640776699,0.012013763340526,4.499816747362127
Ben Shapiro,The Best Leftist MELTDOWNS From Election Night,2024-11-07 03:30:30+00:00,537591,17616,2817,168,104.85714285714286,0.0095367847411444,3.8320954033828696
Ben Shapiro,"WINNING! Kamala CONCEDES, Biden SURRENDERS",2024-11-07 17:06:33+00:00,498415,14948,1839,90,166.0888888888889,0.006020872357506,3.386134044922404
Ben Shapiro,Ben Reacts | Biden Speaks On Trump Victory,2024-11-07 17:49:53+00:00,309854,8950,625,245,36.53061224489796,0.0273743016759776,3.1692345427201194
Ben Shapiro,Kamala FINALLY Gave Her Concession Speech,2024-11-08 00:00:19+00:00,108236,4304,723,67,64.23880597014926,0.0155669144981412,4.706382349680329
Ben Shapiro,The View's Ridiculous MELTDOWN After Trump's Victory,2024-11-08 02:00:22+00:00,306851,11125,2326,72,154.51388888888889,0.0064719101123595,4.4070249078543
Ben Shapiro,Team Trump Gets Ready To TAKE OVER,2024-11-08 16:59:18+00:00,551347,16309,1657,222,73.46396396396396,0.0136121160095652,3.2988299564521077
Ben Shapiro,President Trump's New Foreign Policy Plans,2024-11-08 22:45:02+00:00,283863,9307,892,132,70.50757575757575,0.0141828731062641,3.639431697685151
Ben Shapiro,The Left Has Become Unhinged,2024-11-09 00:00:15+00:00,396496,13998,2019,92,152.15217391304347,0.0065723674810687,4.06284048262782
Ben Shapiro,Ben REBUTTAL: Walsh's Most Overrated Films,2024-11-09 15:00:53+00:00,831356,26908,5216,346,77.76878612716763,0.0128586294038947,3.905667367529674
Ben Shapiro,Trump’s Back,2024-11-09 19:00:33+00:00,361778,14789,1518,113,130.8761061946903,0.0076408141186016,4.538695000801597
Ben Shapiro,Harnessing the Power of AI | Avichal Garg,2024-11-10 13:00:08+00:00,1963887,41483,252,1417,29.275229357798164,0.0341585709808837,2.1972750978034887
Ben Shapiro,PROMISE KEPT! Trump Picks Hard Core BORDER CZAR,2024-11-11 18:00:06+00:00,742716,26254,2892,230,114.14782608695651,0.0087605698179325,3.955213028937037
Ben Shapiro,FEMA Discriminated Against Trump Supporters,2024-11-11 22:00:29+00:00,107051,5225,674,13,401.9230769230769,0.0024880382775119,5.522601376913808
Ben Shapiro,The Left Is STILL Panicking,2024-11-12 00:00:06+00:00,198217,7364,772,52,141.6153846153846,0.0070613796849538,4.130826316612602
Ben Shapiro,MORE WINNING! Trump Goes Full PEACE THROUGH STRENGTH,2024-11-12 18:00:06+00:00,483820,16581,1726,239,69.3765690376569,0.0144140884144502,3.8332437683435994
Ben Shapiro,President Trump's GREAT Picks For His Cabinet,2024-11-12 22:00:15+00:00,146045,5652,507,86,65.72093023255815,0.0152158527954706,4.276079290629601
Ben Shapiro,Trump Is Securing Our Borders,2024-11-13 00:00:11+00:00,120221,5028,683,44,114.27272727272728,0.0087509944311853,4.787017243243693
Ben Shapiro,TEAM OF THE CENTURY: More Stellar Trump PICKS!,2024-11-13 18:00:06+00:00,546555,19339,2051,273,70.83882783882784,0.0141165520450902,3.963553530751709
Ben Shapiro,Trump's Cleaning Up The CIA,2024-11-13 22:00:35+00:00,84671,4068,284,21,193.7142857142857,0.0051622418879056,5.164696295071512
Ben Shapiro,We Already See The Beneficial Effects of Trump's Win,2024-11-14 00:00:32+00:00,124936,4935,430,160,30.84375,0.0324214792299898,4.4222641992700265
Ben Shapiro,Ben Shapiro LIVE from Vanderbilt University,2024-11-14 03:09:12+00:00,234983,7462,380,25,298.48,0.003350308228357,3.3479017631062677
Ben Shapiro,Trump Meets Biden At The White House!,2024-11-14 18:00:06+00:00,433107,13078,1142,86,152.06976744186048,0.0065759290411377,3.303109855070456
Ben Shapiro,Trump's Two Controversial Picks For Today,2024-11-14 22:00:22+00:00,313309,8241,1605,313,26.329073482428115,0.0379808275694697,3.242485852624725
Ben Shapiro,What The Democrats Need To Do To Move Forward,2024-11-15 00:00:11+00:00,80638,2888,357,42,68.76190476190476,0.0145429362880886,4.0762419702869614
Ben Shapiro,It’s MAHA TIME: Trump Picks RFK Jr.,2024-11-15 18:00:06+00:00,466961,14101,1732,206,68.45145631067962,0.014608892986313,3.4347622178297543
Ben Shapiro,Were The Democrats LYING?,2024-11-15 22:00:21+00:00,305311,9217,1275,64,144.015625,0.0069436910057502,3.457458132854695
Ben Shapiro,This Administration Will Be QUITE Entertaining,2024-11-16 00:00:35+00:00,125431,4396,356,115,38.22608695652174,0.0261601455868971,3.8802209979989
Ben Shapiro,Ben Shapiro Reviews 'The Penguin',2024-11-16 15:00:28+00:00,269835,10636,1149,380,27.989473684210527,0.0357277171869123,4.508310634276502
Ben Shapiro,Democrats’ Dumpster Fire vs. Trump’s Dream Team,2024-11-16 19:00:19+00:00,185117,7057,476,103,68.51456310679612,0.0145954371545982,4.124958809833781
Ben Shapiro,We Who Wrestle With God | Dr. Jordan B. Peterson,2024-11-17 13:00:07+00:00,281847,8615,1544,263,32.756653992395435,0.0305281485780615,3.69775090740721
Ben Shapiro,Here Comes The BOOM: Trump Exploding Status Quo,2024-11-18 18:00:05+00:00,416746,13335,1241,98,136.07142857142858,0.0073490813648293,3.521089584543103
Ben Shapiro,Biden Authorizes Ukraine's Use of Missiles,2024-11-18 22:00:08+00:00,155192,4688,1101,115,40.76521739130435,0.0245307167235494,3.8043198102995
Ben Shapiro,Brendan Carr: The WARRIOR for Free Speech,2024-11-19 00:00:12+00:00,43926,1923,132,20,96.15,0.0104004160166406,4.723853754040887
Ben Shapiro,Joe and Mika BEND THE KNEE,2024-11-19 18:00:06+00:00,315289,9059,909,104,87.10576923076923,0.0114802958383927,3.194529463444649
Ben Shapiro,Trump Will Declare A National Emergency For Mass Deportations,2024-11-19 22:00:04+00:00,139337,4735,793,36,131.52777777777777,0.0076029567053854,3.993196351292191
Ben Shapiro,International Targeting Of Israel,2024-11-20 00:00:30+00:00,74337,3401,1129,422,8.059241706161137,0.1240811526021758,6.661554811197654
Ben Shapiro,The COLLAPSE Of The Elitists,2024-11-20 18:00:06+00:00,330762,10416,741,91,114.46153846153848,0.0087365591397849,3.400632478942563
Ben Shapiro,Dems Are PANICKING,2024-11-20 22:00:38+00:00,139727,4996,327,78,64.05128205128206,0.0156124899919935,3.865394662448919
Ben Shapiro,Gary Sinise's Tribute To His Son Mac,2024-11-21 00:00:30+00:00,62768,3530,295,67,52.6865671641791,0.0189801699716713,6.200611776701504
Ben Shapiro,Trump Is VENGEANCE,2024-11-21 18:00:06+00:00,374714,12007,1142,151,79.51655629139073,0.0125759973348879,3.549373655641369
Ben Shapiro,The World Is ALREADY Adjusting To Trump,2024-11-21 22:00:22+00:00,83076,3040,267,22,138.1818181818182,0.0072368421052631,4.0071741537868935
Ben Shapiro,Biden's Backhanded SLAP At Israel,2024-11-22 00:00:28+00:00,61584,2630,688,317,8.296529968454259,0.1205323193916349,5.902507144712913
Ben Shapiro,The Democrats’ Future Swirls The Toilet,2024-11-22 18:00:06+00:00,303006,9232,1117,73,126.46575342465754,0.0079072790294627,3.439535850775232
Ben Shapiro,The Left Can't Let Go Of 'Cultural Supremacy',2024-11-22 22:00:24+00:00,120674,4078,632,43,94.83720930232558,0.0105443845022069,3.938710907071946
Ben Shapiro,Morning Joe ‘Kisses the Ring’ Of President Trump,2024-11-23 00:00:35+00:00,45724,1964,199,43,45.674418604651166,0.0218940936863543,4.824599772548333
Ben Shapiro,Ben Reacts To The BEST Media Meltdowns Since Trump’s Win,2024-11-23 15:00:37+00:00,990857,32098,2580,366,87.69945355191257,0.011402579599975,3.536736380729005
Ben Shapiro,"Trump Gets Fries, Biden Gets Lost",2024-11-23 19:00:31+00:00,127517,5425,382,20,271.25,0.0036866359447004,4.569586800191347
Ben Shapiro,Debunking Social Media Lies | Montana Tucker,2024-11-24 13:00:08+00:00,139771,5016,563,104,48.23076923076923,0.0207336523125996,4.065936424580206
Ben Shapiro,Trump Makes His FINAL PICKS,2024-11-25 18:00:06+00:00,302403,8984,1125,205,43.82439024390244,0.0228183437221727,3.4106804495987144
Ben Shapiro,The ICC Is Targeting Benjamin Netanyahu,2024-11-25 22:00:22+00:00,59654,2267,565,308,7.36038961038961,0.1358623731804146,5.26368726321789
Ben Shapiro,Trump’s Picks For Secretary of the Treasury and Head of the FDA,2024-11-26 00:00:48+00:00,60181,2346,277,57,41.1578947368421,0.0242966751918158,4.453232747877237
Ben Shapiro,The Axis Of CAPITALISM,2024-11-26 18:00:06+00:00,195827,6357,505,83,76.59036144578313,0.0130564731791725,3.546497673967328
Ben Shapiro,Dems Changed Their Mind About The Filibuster,2024-11-26 22:00:38+00:00,46952,2325,187,11,211.3636363636364,0.0047311827956989,5.373573010734367
Ben Shapiro,Will Kamala Run AGAIN?,2024-11-27 00:00:30+00:00,122770,4343,690,34,127.73529411764706,0.0078286898457287,4.127229779262034
Ben Shapiro,The Media Root For TRUMPFLATION?!,2024-11-27 18:00:06+00:00,237229,6761,750,98,68.98979591836735,0.0144948972045555,3.20744934219678
Ben Shapiro,The Democratic Party Needs A Wellness Check,2024-11-27 22:00:12+00:00,441441,14507,2457,326,44.5,0.0224719101123595,3.916718202432489
Ben Shapiro,60-Day Ceasefire In Israel,2024-11-28 00:00:37+00:00,117984,4477,621,250,17.908,0.055840964931874,4.532818009221589
Ben Shapiro,Ben Shapiro Saves TikTok Thanksgiving | Volume 3,2024-11-28 15:00:27+00:00,764397,30210,3175,256,118.0078125,0.0084740152267461,4.400985351852506
Ben Shapiro,Ben Reviews The 7 WORST Statues Of All Time,2024-11-30 15:00:04+00:00,160861,6008,647,92,65.30434782608695,0.0153129161118508,4.194304399450457
Ben Shapiro,The Upside of Being Canceled | Rob Schneider,2024-12-01 13:00:07+00:00,396171,14063,974,82,171.5,0.0058309037900874,3.816281353254024
Ben Shapiro,Ben Reacts: Hunter Biden’s Pardon,2024-12-02 02:41:26+00:00,756655,37356,4792,259,144.23166023166024,0.006933290502195,5.604535752753897
Ben Shapiro,LIAR LIAR: Biden PARDONS Hunter After All!,2024-12-02 18:00:06+00:00,255176,8987,1255,188,47.8031914893617,0.0209191053744297,4.0873749882434085
Ben Shapiro,The Dishonesty and Corruption Of The Biden Administration,2024-12-02 22:00:07+00:00,71059,3715,322,76,48.88157894736842,0.020457604306864,5.7881478771162
Ben Shapiro,Trump Aims To Fix The Corrupt Government Institutions,2024-12-03 00:00:25+00:00,35933,1272,104,79,16.10126582278481,0.0621069182389937,4.049202682770712
Ben Shapiro,Democrats UNLEASH On Biden Over Hunter Pardon,2024-12-03 18:00:06+00:00,413472,12877,1599,319,40.36677115987461,0.0247728508192902,3.578235043727266
Ben Shapiro,Corrupt American Institutions Are Hurting Elon Musk,2024-12-03 22:00:30+00:00,89717,3510,242,292,12.02054794520548,0.0831908831908831,4.507506938484345
Ben Shapiro,Trump's Stance Against Hamas,2024-12-04 00:00:37+00:00,260330,10011,817,473,21.16490486257928,0.0472480271701128,4.34102869434948
Ben Shapiro,WTF Just Happened In SOUTH KOREA?,2024-12-04 18:00:06+00:00,496557,13954,1818,384,36.33854166666666,0.027518990970331,3.253604319342996
Ben Shapiro,The Destruction of Norms and Institutions,2024-12-04 22:30:01+00:00,48671,2275,138,171,13.304093567251462,0.0751648351648351,5.3091163115613
Ben Shapiro,The Atrophy of Checks and Balances,2024-12-05 00:00:09+00:00,30003,1405,107,182,7.71978021978022,0.1295373665480427,5.646102056461021
Ben Shapiro,A SHOCKING Targeted Attack…And The Left Celebrates!,2024-12-05 18:00:06+00:00,370135,8236,7732,46266,0.178014092422081,5.6175327829043225,16.81386521134181
Ben Shapiro,EVERYONE Gets A Pardon,2024-12-05 22:00:15+00:00,111156,3310,782,900,3.6777777777777776,0.2719033232628399,4.490985641800712
Ben Shapiro,US vs Skrmetti: What does the 14th Amendment ACTUALLY protect?,2024-12-06 00:00:27+00:00,57964,2604,373,276,9.434782608695652,0.1059907834101382,5.612104064591816
Ben Shapiro,The EVIL Revolutionary Left Cheers Murder!,2024-12-06 18:00:06+00:00,505100,7327,19885,63137,0.1160492262856961,8.617032892043127,17.887349039794103
Ben Shapiro,Federal Employees Are STILL Working Fully Remote,2024-12-06 22:00:33+00:00,73457,2706,888,6457,0.4190800681431005,2.386178861788618,13.682834855765956
Ben Shapiro,Pete Hegseth Still Has President Trump's FULL Support,2024-12-07 00:00:21+00:00,45708,1973,385,3247,0.607637819525716,1.6457171819564116,12.262623610746475
Ben Shapiro,Ben Shapiro Reviews 'Wicked',2024-12-07 15:00:13+00:00,917121,24459,5112,4452,5.493935309973046,0.1820188887526064,3.709761307395644
Ben Shapiro,Ariana’s Alien Press Tour,2024-12-08 00:40:00+00:00,126489,4812,847,1514,3.178335535006605,0.3146300914380714,5.670848848516472
Ben Shapiro,The Evolution of a Rockstar | Gene Simmons,2024-12-08 13:00:07+00:00,124121,4744,984,3295,1.4397572078907437,0.6945615514333895,7.269519259432328
Ben Shapiro,Ben Reacts: The End of Assad in Syria,2024-12-08 20:41:51+00:00,659086,24876,3192,4743,5.244781783681215,0.1906657018813314,4.978257769092349
Ben Shapiro,Ben Reacts: Daniel Penny Verdict,2024-12-09 17:44:31+00:00,250088,13894,1412,1011,13.742828882294758,0.0727652223981574,6.524503374812066
Ben Shapiro,SYRIA FALLS,2024-12-09 18:00:06+00:00,329766,9767,1212,1929,5.06324520476931,0.1975017917477219,3.914290739494066
Ben Shapiro,Who Will Be Effected By The Takeover In Syria?,2024-12-09 22:00:00+00:00,71826,3051,462,1525,2.000655737704918,0.4998361193051459,7.0141731406454495
Ben Shapiro,Trump Is Interested In Winning NOT Revenge,2024-12-10 00:00:20+00:00,60533,2115,523,2891,0.7315807679003805,1.366903073286052,9.133860869277914
Ben Shapiro,Alleged UnitedHealthcare CEO Shooter CAPTURED…HERE’S WHAT WE KNOW,2024-12-10 18:00:06+00:00,309438,7086,5518,24098,0.2940492986969873,3.400790290714084,11.860857425397011
Ben Shapiro,The Media Is Justifying Violence By Calling Brian Thompson Evil,2024-12-10 22:00:38+00:00,127637,1877,5285,15953,0.1176581207296433,8.499200852424082,18.10995244325705
Ben Shapiro,Chaos Continues In Syria,2024-12-11 00:00:03+00:00,98061,3844,649,2911,1.320508416351769,0.7572840790842872,7.550402300608805
Ben Shapiro,Bill Burr Goes Full A**hole,2024-12-11 18:00:06+00:00,436785,10745,9500,25382,0.4233314947600662,2.362214983713355,10.446100484219926
Ben Shapiro,Wanted Posters Of CEO's Are Appearing In New York,2024-12-11 22:00:10+00:00,59776,1839,2472,7461,0.2464817048652995,4.057096247960848,19.693522483940043
Ben Shapiro,Jamaal Bowman's Letter to White People,2024-12-12 00:00:30+00:00,47443,2342,642,1582,1.480404551201011,0.6754910333048676,9.624180595662162
Ben Shapiro,100 MEN?! The SICKNESS of OnlyFans,2024-12-12 18:00:06+00:00,406927,10934,3195,1148,9.524390243902438,0.1049935979513444,3.7542360177624
Ben Shapiro,Trump Is Named Time's 'Person of the Year',2024-12-12 23:00:05+00:00,58574,2547,637,865,2.9445086705202312,0.3396152336081665,6.912623348243248
Ben Shapiro,Joe Biden Is Leaving Office In INFAMY,2024-12-13 01:00:11+00:00,114230,4633,702,623,7.436597110754414,0.1344701057630045,5.215792698940733
Ben Shapiro,The Race Rape Hoax That Started It All…COLLAPSES,2024-12-13 18:00:06+00:00,249751,8602,1264,584,14.72945205479452,0.0678911880957916,4.184167430761038
Ben Shapiro,Biden Is AUCTIONING Off The Border Wall,2024-12-13 22:00:30+00:00,93928,3982,1087,179,22.24581005586592,0.0449522852837769,5.587258325525935
Ben Shapiro,Trump's Metrics Of Success,2024-12-14 00:00:08+00:00,44814,1906,247,391,4.874680306905371,0.2051416579223504,5.676797429374749
Ben Shapiro,Ben Shapiro REACTS to INSANE Election TikToks,2024-12-14 15:00:12+00:00,847549,26398,2904,590,44.742372881355934,0.0223501780437911,3.526875732258548
Ben Shapiro,"Murder is Hot, Saving Lives is Not: It’s The End Of 2024!",2024-12-14 20:00:04+00:00,63283,2390,1609,3287,0.727106784301795,1.3753138075313809,11.513360618175495
Ben Shapiro,A New American Century | Dr. Kevin Roberts,2024-12-15 13:00:07+00:00,55678,1943,564,1311,1.4820747520976354,0.6747297992794647,6.857286540464816
Ben Shapiro,What The HELL Are All These Drones?!,2024-12-16 18:00:06+00:00,339087,10465,2071,405,25.839506172839503,0.0387004300047778,3.816424693367779
Ben Shapiro,Most Dems Are NOT Attending President Trump's Inauguration,2024-12-16 22:00:21+00:00,111888,3829,1210,182,21.03846153846154,0.0475319926873857,4.666273416273416
Ben Shapiro,Caitlin Clark Acknowledges Her White Privilege,2024-12-17 00:00:23+00:00,50765,1827,559,321,5.691588785046729,0.1756978653530377,5.332414064808431
Ben Shapiro,TRUMP’S WORLD: Trudeau to RESIGN?! Germany Moves RIGHT?!,2024-12-17 18:00:06+00:00,316639,9929,1381,225,44.12888888888889,0.0226608923355826,3.642949857724412
Ben Shapiro,Canadian Government On The Brink,2024-12-17 22:00:24+00:00,220468,8900,1017,145,61.37931034482759,0.0162921348314606,4.563927644828274
Ben Shapiro,President Trump's Rapid Prosperity Agenda,2024-12-18 00:00:40+00:00,60601,2576,336,249,10.345381526104418,0.0966614906832298,5.216085543142852
Ben Shapiro,"No, Divorce Isn’t ‘Fine For The Kids’",2024-12-18 18:00:06+00:00,165766,5892,1340,315,18.704761904761902,0.0534623217922606,4.552803349299615
Ben Shapiro,Pierre Poilievre Is For The People,2024-12-18 22:19:29+00:00,477840,18778,3228,690,27.214492753623187,0.0367451272766002,4.749707014900386
Ben Shapiro,Democratic Party’s MASSIVE Internal Battle,2024-12-19 00:00:32+00:00,101705,3309,466,377,8.777188328912468,0.1139317014203687,4.08239516247972
Ben Shapiro,"Musk, Trump Team Up To KILL Pork Bill",2024-12-19 18:00:06+00:00,270031,7457,1228,546,13.657509157509155,0.0732197934826337,3.4184963948583684
Ben Shapiro,Democrats Now OPPOSING A Clean Continuing Resolution,2024-12-19 22:00:21+00:00,63562,2006,183,167,12.011976047904191,0.0832502492522432,3.7066171611969416
Ben Shapiro,Incentive Structure Still Exists In Our Government,2024-12-20 00:00:21+00:00,25100,1048,198,270,3.881481481481481,0.2576335877862595,6.039840637450199
Ben Shapiro,Ben Shapiro Live at AmericaFest 2024,2024-12-20 02:14:33+00:00,49723,1786,244,85,21.011764705882356,0.047592385218365,4.253564748707841
Ben Shapiro,The Greatest SCANDAL In Modern Presidential History,2024-12-20 18:00:06+00:00,418010,14061,1929,547,25.705667276051187,0.0389019273166915,3.956125451544221
Ben Shapiro,Trump's Doctrine: American Citizens Come First,2024-12-20 22:00:23+00:00,40753,1795,238,222,8.085585585585585,0.1236768802228412,5.533334969204721
Ben Shapiro,Bishop Robert Barron On The Importance Of Christmas,2024-12-21 00:00:24+00:00,65352,3172,465,799,3.969962453066333,0.2518915510718789,6.7878565307871215
Ben Shapiro,The Basics Of Watch Collecting With Ben Shapiro,2024-12-21 15:00:16+00:00,209744,7300,1854,1318,5.538694992412746,0.1805479452054794,4.992753070409642
Ben Shapiro,Ben Shapiro Speaks At AmericaFest 2024 | Day 1,2024-12-21 17:30:04+00:00,64305,2767,315,346,7.997109826589595,0.1250451752800867,5.330845190887178
Ben Shapiro,"Drones, Jonatics and Joe Biden’s Pardonpalooza",2024-12-21 20:00:07+00:00,110211,3686,275,413,8.924939467312349,0.1120455778621812,3.968750850641043
Ben Shapiro,The Trump Effect | Congressman Mike Waltz,2024-12-22 13:00:07+00:00,109827,3564,468,1171,3.0435525192143467,0.3285634118967452,4.737450717947317
Ben Shapiro,Ben BLOWS OFF THE ROOF In Argentina,2024-12-23 18:00:06+00:00,228458,10592,967,670,15.808955223880597,0.0632552870090634,5.352843848759948
Ben Shapiro,A Very BSS Hanukkah!,2024-12-26 18:00:39+00:00,113471,5524,652,766,7.211488250652741,0.1386676321506155,6.117862713821152
Ben Shapiro,Ben Shapiro’s Most OVERRATED Films,2024-12-27 18:00:14+00:00,501759,15039,4634,1270,11.841732283464568,0.0844471041957577,4.173916162938782
Ben Shapiro,A Look Back At 2024 | Ben’s Best Moments,2024-12-30 18:00:34+00:00,162564,6815,562,250,27.26,0.0366837857666911,4.69169065721808
Ben Shapiro,Daily Wire Live: Bourbon Street Attack—Press Conference Updates,2025-01-01 19:54:27+00:00,77594,2408,299,46,52.34782608695652,0.0191029900332225,3.5479547387684613
Ben Shapiro,Ben Reacts to New Orleans Tragedy and Cybertruck Explosion,2025-01-01 20:24:22+00:00,611008,28843,2856,454,63.530837004405285,0.0157403876157126,5.262287891484236
Ben Shapiro,Ben Shapiro’s Top Reactions of 2024,2025-01-02 18:00:29+00:00,427837,16726,667,295,56.69830508474576,0.017637211526964,4.134284786028323
Ben Shapiro,Trump’s Team: Best Ben Shapiro Show Moments,2025-01-03 18:00:38+00:00,140778,4453,447,357,12.473389355742295,0.0801706714574444,3.734248249016182
Ben Shapiro,Ben Reacts: Trudeau QUITS—How Trump’s Return Changes Everything for Canada,2025-01-06 17:32:43+00:00,700224,25055,4282,298,84.07718120805369,0.0118938335661544,4.232217119093319
Ben Shapiro,We’re BACK!,2025-01-06 18:00:27+00:00,233573,7610,985,401,18.97755610972569,0.0526938239159001,3.8514725589002152
Ben Shapiro,Did Biden Think This Was A Good Idea?,2025-01-06 22:00:04+00:00,142137,5152,714,107,48.149532710280376,0.0207686335403726,4.202283712193166
Ben Shapiro,Speaker Mike Johnson Is Re-Elected,2025-01-07 00:00:34+00:00,23028,815,105,91,8.956043956043956,0.1116564417177914,4.390307451797812
Ben Shapiro,MASSIVE MAGA WIN: Facebook REVERSES Its Censorship!,2025-01-07 18:00:06+00:00,218502,8404,1121,142,59.183098591549296,0.0168967158495954,4.424215796651747
Ben Shapiro,The Media Is DESPERATE For Stories,2025-01-07 22:00:11+00:00,47011,2199,218,71,30.97183098591549,0.0322874033651659,5.292378379528195
Ben Shapiro,Trudeau QUITS Because He Can't Deal With Trump,2025-01-08 00:00:32+00:00,129150,5242,926,167,31.389221556886227,0.0318580694391453,4.905149051490515
Ben Shapiro,Trump Gives The BEST PRESS CONFERENCE EVER,2025-01-08 18:00:06+00:00,803428,28358,4730,1545,18.354692556634305,0.0544819803935397,4.310653848260205
Ben Shapiro,Should Trump BUY Greenland?,2025-01-08 22:00:05+00:00,70889,2739,1889,2102,1.303044719314938,0.7674333698430084,9.49371552709165
Ben Shapiro,Meta Has The Left MAD Over New Censorship Policies,2025-01-09 00:00:07+00:00,35096,1951,243,107,18.233644859813083,0.0548436699128652,6.556302712559836
Ben Shapiro,Why Is California ON FIRE?!,2025-01-09 18:00:06+00:00,413744,15486,2867,214,72.3644859813084,0.0138189332300142,4.487557523492788
Ben Shapiro,Democrats Plan To Create AS MUCH Chaos As Possible,2025-01-09 22:00:20+00:00,67197,2910,348,47,61.91489361702128,0.0161512027491408,4.918374332187449
Ben Shapiro,LA's DEI Fire Department Has Its Priorities WRONG,2025-01-10 00:00:30+00:00,89561,3846,493,165,23.30909090909091,0.0429017160686427,5.02897466531191
Ben Shapiro,Trump’s Victory Tour Continues!,2025-01-10 18:00:26+00:00,314148,9858,1520,142,69.4225352112676,0.0144045445323595,3.667061385079644
Ben Shapiro,Shapiro X Kirk,2025-01-10 21:00:49+00:00,297060,10023,841,303,33.07920792079208,0.0302304699191858,3.759173230997105
Ben Shapiro,‘Emilia Pérez’ Musical Is GARBAGE,2025-01-10 22:00:36+00:00,318026,11197,3019,311,36.0032154340836,0.0277752969545413,4.567865520429147
Ben Shapiro,Please STOP Rewriting History,2025-01-11 00:00:22+00:00,325880,15505,2935,481,32.234927234927234,0.0310222508868107,5.806124953970787
Ben Shapiro,HOT or NOT: Ben's 2025 Film & Television Predictions,2025-01-11 15:00:02+00:00,273766,8460,958,188,45.0,0.0222222222222222,3.5088360132375827
Ben Shapiro,Hulk Hogan: Too Patriotic for Hollywood,2025-01-11 20:00:03+00:00,71724,2837,566,214,13.257009345794392,0.0754317941487486,5.042942390273828
Ben Shapiro,The Right Should DUMP Andrew Tate,2025-01-13 18:00:06+00:00,399104,13745,5149,2207,6.227911191662891,0.160567479083303,5.287093088518281
Ben Shapiro,Newsom Is Radically Incompetent,2025-01-13 22:00:15+00:00,184637,6671,1497,130,51.315384615384616,0.0194873332333982,4.494223801296599
Ben Shapiro,Trump's Cabinet Is Reasonable AND Rational,2025-01-14 00:00:37+00:00,52182,2258,203,140,16.12857142857143,0.0620017714791851,4.98447740600207
Ben Shapiro,Hegseth KICKS ASS: Confirm Him Now,2025-01-14 18:00:06+00:00,338765,12319,1424,198,62.21717171717172,0.0160727331763941,4.1152421294998005
Ben Shapiro,The Most HILARIOUS Media Moment,2025-01-14 22:00:29+00:00,121339,4161,319,74,56.229729729729726,0.0177841864936313,3.7531214201534544
Ben Shapiro,Will Israel and Hamas Strike A Deal?,2025-01-15 00:00:05+00:00,106849,3542,765,453,7.818984547461369,0.1278938452851496,4.454884931070951
Ben Shapiro,WAR FIGHTER: Hegseth Stuns Democrats At Confirmation Hearing,2025-01-15 18:00:06+00:00,273386,8740,1043,227,38.502202643171806,0.0259725400457665,3.661489615415566
Ben Shapiro,Dems LOSE THEIR MINDS Over Hegseth,2025-01-15 22:00:11+00:00,78984,3164,395,124,25.516129032258064,0.0391908975979772,4.662969715385395
Ben Shapiro,AOC Is So Predictable,2025-01-16 00:00:10+00:00,80531,3384,391,112,30.214285714285715,0.0330969267139479,4.82671269449032
Ben Shapiro,Trump Gets HOSTAGE DEAL In Gaza,2025-01-16 18:00:06+00:00,293133,8670,1350,392,22.117346938775512,0.0452133794694348,3.551971289482931
Ben Shapiro,Pam Bondi SMOKES Dems In Confirmation Hearing,2025-01-16 22:00:40+00:00,130381,4723,308,66,71.56060606060606,0.0139741689604065,3.909311939623104
Ben Shapiro,Biden's Farewell Address Is LAUGHABLE,2025-01-17 00:00:33+00:00,145948,6020,726,249,24.17670682730924,0.0413621262458471,4.792802916107107
Ben Shapiro,Trump RETURNS In 3…2…1…,2025-01-17 18:00:21+00:00,308604,8529,1040,235,36.2936170212766,0.0275530542853792,3.176886884162227
Ben Shapiro,"Senator Tim Sheehy On The ""America First"" Agenda",2025-01-17 22:00:05+00:00,16918,958,66,147,6.517006802721088,0.1534446764091858,6.921621941127793
Ben Shapiro,Will Blake Lively Ever Recover From This? | w/ Megyn Kelly,2025-01-18 00:00:18+00:00,1106225,24760,4347,756,32.75132275132275,0.0305331179321486,2.6995412325702275
Ben Shapiro,The WEIRDEST Inauguration Moments In History,2025-01-18 15:00:34+00:00,293019,8320,492,40,208.0,0.0048076923076923,3.020964510833769
Ben Shapiro,"Jill Biden vs Pelosi, Hegseth vs Senate Dems, Rapper vs Own Firearm",2025-01-18 20:00:21+00:00,158492,6083,376,136,44.72794117647059,0.022357389445997,4.161093304393913
Ben Shapiro,Ben Reacts: Trump Sworn In as #47,2025-01-20 18:40:52+00:00,189780,7874,642,140,56.24285714285714,0.0177800355600711,4.561070713457688
Ben Shapiro,Biden Is Handing Out Pardons,2025-01-20 21:23:34+00:00,106961,4596,595,122,37.67213114754098,0.026544821583986,4.967231046830153
Ben Shapiro,Trump Slated to Sign 200 Executive Orders,2025-01-20 22:30:10+00:00,260024,6758,687,137,49.32846715328467,0.0202722699023379,2.915884687567301
Ben Shapiro,The Ben Shapiro Show | Live from D.C.,2025-01-21 00:21:49+00:00,814948,13703,248,247,55.47773279352226,0.0180252499452674,1.7421970481552196
Ben Shapiro,TRUMP IS BACK!!!,2025-01-21 18:00:20+00:00,455740,18158,2220,549,33.07468123861567,0.0302346073356096,4.5918725589151705
Ben Shapiro,INSANITY: Biden Crime Family Gets Pardoned,2025-01-21 22:00:19+00:00,45679,2429,367,68,35.72058823529412,0.0279950596953478,6.269839532389063
Ben Shapiro,Trump’s Executive Orders Explained,2025-01-22 00:00:17+00:00,309064,9216,1181,276,33.391304347826086,0.0299479166666666,3.453330054616519
Ben Shapiro,Now ELON’S A Nazi?!,2025-01-22 18:00:16+00:00,394391,12243,5364,7957,1.5386452180470027,0.6499224046393858,6.481892335271343
Ben Shapiro,Bishop Spews WOKE NONSENSE At Trump And Vance,2025-01-22 21:58:34+00:00,92961,4212,1921,515,8.178640776699028,0.1222697056030389,7.151386065124084
Ben Shapiro,Everyone's Hitler!,2025-01-23 00:00:02+00:00,94747,3754,2444,3515,1.0679943100995732,0.9363345764517848,10.25151192122178
Ben Shapiro,"Trump Kills DEI, Affirmative Action!",2025-01-23 18:24:36+00:00,281328,9299,997,116,80.16379310344827,0.0124744596193139,3.701018028777797
Ben Shapiro,A Secure Border SAVES Lives,2025-01-23 22:00:06+00:00,42247,2055,233,67,30.671641791044777,0.032603406326034,5.574360309607783
Ben Shapiro,The End of DEI,2025-01-24 00:00:37+00:00,58487,2851,262,47,60.659574468085104,0.0164854437039635,5.402910048386821
Ben Shapiro,Trump WRECKS Davos!,2025-01-24 18:04:31+00:00,311600,10516,996,280,37.55714285714286,0.0266260935717002,3.78433889602054
Ben Shapiro,Trump Is Getting Things DONE,2025-01-24 22:00:43+00:00,87571,3524,472,235,14.995744680851065,0.0666855845629966,4.831508147674459
Ben Shapiro,Wokest Oscar Nominations EVER,2025-01-25 00:00:04+00:00,302229,8106,1915,343,23.632653061224488,0.042314335060449,3.429187801302985
Ben Shapiro,These Are My TOP EIGHT Broadway Musicals,2025-01-25 15:00:20+00:00,143468,5149,1352,151,34.09933774834437,0.0293260827345115,4.636574009535227
Ben Shapiro,"Elon’s Heartfelt Gesture, Sexyy Red's MLK Photoshop Blunder, and Trump's Deportation Express",2025-01-25 20:00:31+00:00,135495,5395,1929,3368,1.6018408551068883,0.6242817423540316,7.891066090999669
Ben Shapiro,Trump Goes FULL FAFO!,2025-01-27 18:00:06+00:00,496488,18239,2224,194,94.01546391752578,0.0106365480563627,4.160624224553263
Ben Shapiro,JD Vance Was Born To DESTROY The Legacy Media,2025-01-27 22:04:25+00:00,172456,6984,738,31,225.29032258064515,0.004438717067583,4.495639467458366
Ben Shapiro,President Trump Embarrasses LA Mayor,2025-01-28 00:00:29+00:00,61107,2834,278,49,57.83673469387755,0.0172900494001411,5.172893449195673
Ben Shapiro,Did China Just DRINK OUR MILKSHAKE?!,2025-01-28 18:00:05+00:00,286856,8587,1386,263,32.650190114068444,0.0306276930243391,3.56834090972474
Ben Shapiro,Democrats Are FREAKING OUT Over Deportations,2025-01-28 22:00:32+00:00,83420,3540,545,114,31.05263157894737,0.0322033898305084,5.033565092304004
Ben Shapiro,Trump Is Cracking Down On DEI In The Military,2025-01-29 00:00:04+00:00,51928,2344,313,104,22.53846153846154,0.0443686006825938,5.316977353258358
Ben Shapiro,Trump Takes A WRECKING BALL To The Federal Government!,2025-01-29 18:00:05+00:00,326435,11193,1152,184,60.83152173913044,0.0164388457071383,3.83813010247063
Ben Shapiro,Trump's Administration Is Getting It DONE,2025-01-29 22:00:43+00:00,71856,3443,377,140,24.59285714285714,0.0406622131861748,5.511022044088176
Ben Shapiro,A Star Has Been Born At The White House,2025-01-30 00:00:16+00:00,205053,8773,572,175,50.13142857142857,0.0199475663968995,4.642702130668656
Ben Shapiro,Jeremy Boreing Hosts a Special Daily Wire Townhall,2025-01-30 00:14:12+00:00,29295,664,334,535,1.2411214953271028,0.8057228915662651,5.232974910394265
Ben Shapiro,Bernie Goes NUTS: DENOUNCE THE ONESIES!,2025-01-30 18:00:06+00:00,222139,7165,863,318,22.531446540880506,0.0443824145150034,3.7571070365852015
Ben Shapiro,Joy Behar Just Got Away With Sexism?!,2025-01-30 22:00:34+00:00,82390,2685,335,44,61.02272727272727,0.0163873370577281,3.718897924505401
Ben Shapiro,My Favorite RFK Jr. Induced MELTDOWNS,2025-01-31 00:00:02+00:00,115869,4278,537,285,15.010526315789471,0.0666199158485273,4.401522408927323
Ben Shapiro,Did DEI Cause the DC Crash?!,2025-01-31 18:00:06+00:00,269914,7652,1660,440,17.39090909090909,0.0575013068478829,3.613002660106553
Ben Shapiro,Kash Patel Is WILDLY Qualified For Head Of The FBI,2025-01-31 22:00:00+00:00,120554,4816,350,167,28.83832335329341,0.0346760797342192,4.423743716508785
Ben Shapiro,What Happened To Sweet Bruno Mars?,2025-02-01 00:00:27+00:00,131708,4002,693,205,19.5219512195122,0.0512243878060969,3.720351079661069
Ben Shapiro,My Favorite BASED Professional Athletes,2025-02-01 15:00:13+00:00,73406,2595,161,72,36.04166666666666,0.0277456647398843,3.852546113396725
Ben Shapiro,Captain America's Sensitivity Training,2025-02-01 20:00:32+00:00,123041,4201,548,162,25.932098765432094,0.0385622470840276,3.9913524760039336
Ben Shapiro,TRADE WAR and Naked Grammys!,2025-02-03 18:24:41+00:00,342813,12170,1687,267,45.58052434456929,0.0219391947411668,4.120030453920942
Ben Shapiro,Could There Be A Trade War Coming?,2025-02-03 22:00:37+00:00,69354,2403,871,298,8.063758389261745,0.1240116521015397,5.150387865155579
Ben Shapiro,Bianca Censori Wore WHAT?!,2025-02-04 00:00:29+00:00,371447,12656,1970,491,25.775967413441958,0.0387958280657395,4.0697596157729095
Ben Shapiro,Trump and Musk Bring The CHAINSAW,2025-02-04 18:00:06+00:00,273274,9570,1262,273,35.05494505494506,0.028526645768025,4.063686995469748
Ben Shapiro,Is The DOE FINALLY Being Dismantled?,2025-02-04 22:00:17+00:00,92798,3885,442,149,26.073825503355703,0.0383526383526383,4.823379814220134
Ben Shapiro,Dems Are Declaring A Constitutional Crisis!,2025-02-05 00:00:22+00:00,100830,5028,1180,221,22.751131221719454,0.0439538583929992,6.376078548051176
Ben Shapiro,Trump Unleashes MIND-BLOWING Gaza Plan!,2025-02-05 18:00:06+00:00,406749,15060,3829,2309,6.5223040277176265,0.1533200531208499,5.211567821924577
Ben Shapiro,What Are Trump's Thoughts On The Middle East?,2025-02-05 22:00:46+00:00,52294,2202,629,460,4.78695652173913,0.2089009990917348,6.293265001721039
Ben Shapiro,Democrats Are Getting Dumber And Dumber,2025-02-06 00:00:32+00:00,100554,5062,761,345,14.672463768115945,0.068154879494271,6.134017542812817
Ben Shapiro,Democrats Plan Trump IMPEACHMENT?!,2025-02-06 18:00:06+00:00,291428,10604,1629,136,77.97058823529412,0.0128253489249339,4.244273027986329
Ben Shapiro,Democrats Will Turn Anything Into An Issue,2025-02-06 22:00:26+00:00,65629,3004,457,224,13.410714285714286,0.0745672436750998,5.614895853966996
Ben Shapiro,Baldoni/Lively SPICY UPDATES with Perez Hilton,2025-02-07 00:00:24+00:00,244301,7798,1230,366,21.306010928961747,0.0469351115670684,3.845256466408242
Ben Shapiro,Democrats Fear BIG BALLS!,2025-02-07 18:00:06+00:00,293816,10077,1580,371,27.161725067385444,0.0368165128510469,4.093718517711766
Ben Shapiro,They Want PERMANENT Greta Thunbergs?!,2025-02-07 22:00:26+00:00,79287,3641,578,93,39.1505376344086,0.0255424333974182,5.4384703671472
Ben Shapiro,Ben Shapiro's 'Beast Games' REVIEW,2025-02-08 00:00:32+00:00,168171,5066,840,287,17.65156794425087,0.0566521910777733,3.682561202585464
Ben Shapiro,REACTING To HILARIOUS Valentine's Day TikToks,2025-02-08 15:01:07+00:00,260691,10662,795,162,65.81481481481481,0.0151941474395047,4.457000817059277
Ben Shapiro,"Trump’s Gaza Glow-Up, Women’s Sports Get Saved, and Build-a-Bear for Creeps",2025-02-08 20:00:03+00:00,106222,4271,622,423,10.09692671394799,0.0990400374619527,5.004612980361883
Ben Shapiro,PATRIOTISM IS BACK! The Big Game Review,2025-02-10 18:00:06+00:00,299503,10537,1585,469,22.466950959488276,0.0445098225301319,4.203964567967599
Ben Shapiro,Trump's Highest Approval Ratings EVER!,2025-02-10 22:00:10+00:00,116744,4651,599,122,38.12295081967213,0.0262309180821328,4.6015212773247445
Ben Shapiro,MY REACTION: Commercials From 'The Big Game',2025-02-11 00:00:39+00:00,232361,6023,1105,206,29.237864077669904,0.0342022248049144,3.1562955917731466
Ben Shapiro,No More TRANSING The Military!,2025-02-11 18:00:06+00:00,198538,7070,781,150,47.13333333333333,0.0212164073550212,4.029959000292135
Ben Shapiro,Our Democracy Is Under Siege?!,2025-02-11 22:00:01+00:00,103505,4239,512,165,25.69090909090909,0.0389242745930644,4.74952900826047
Ben Shapiro,Football Fans HATE Taylor Swift,2025-02-12 00:00:12+00:00,179721,6297,1135,404,15.586633663366335,0.0641575353342861,4.360091475119769
Ben Shapiro,The Trump-Musk REVOLUTION Continues!,2025-02-12 18:00:06+00:00,306233,10004,1303,456,21.93859649122807,0.0455817672930827,3.841192817233937
Ben Shapiro,Democrats Can't Handle Harry Bōlz,2025-02-12 22:00:33+00:00,66102,3039,402,141,21.5531914893617,0.0463968410661401,5.418898066624308
Ben Shapiro,Disney Is Ditching DEI,2025-02-13 00:00:45+00:00,98281,4451,594,99,44.95959595959596,0.0222421927656706,5.233971978307099
Ben Shapiro,"Tulsi CONFIRMED, Trump Pushes UKRAINE DEAL",2025-02-13 18:00:06+00:00,226070,7096,994,334,21.24550898203593,0.0470687711386696,3.7262794709603217
Ben Shapiro,Americans Just Want An EFFICIENT Government,2025-02-13 22:00:08+00:00,46862,2191,317,61,35.91803278688525,0.0278411684162482,5.48205368955657
Ben Shapiro,The Most CRINGE Song Of The CENTURY,2025-02-14 00:00:12+00:00,54245,2488,678,30,82.93333333333334,0.0120578778135048,5.891787261498756
Ben Shapiro,SHOCKING Tapes: Department of Education Pushes The UNTHINKABLE,2025-02-14 18:00:06+00:00,360160,13371,1730,138,96.8913043478261,0.0103208436167825,4.231175033318525
Ben Shapiro,RFK's Epic Confirmation Speech,2025-02-14 22:00:11+00:00,70050,2593,243,170,15.25294117647059,0.0655611261087543,4.291220556745182
Ben Shapiro,Blake Lively Clip Resurfaces...And It's Not Good,2025-02-15 00:00:16+00:00,457485,12077,1742,546,22.11904761904762,0.0452099031216361,3.139993660994349
Ben Shapiro,4 SNL Skits That Would NEVER Get Made Today,2025-02-15 15:00:38+00:00,546745,14174,1312,187,75.79679144385027,0.0131931705940454,2.866601432111862
Ben Shapiro,"Taylor Booed, Kanye Unhinged, and Elon Saves America",2025-02-15 20:00:14+00:00,158573,5191,536,295,17.596610169491527,0.0568291273357734,3.797620023585352
Ben Shapiro,Ben Shapiro DESTROYS Presidential Trivia,2025-02-17 18:00:51+00:00,193452,7433,567,96,77.42708333333333,0.0129153773711825,4.185017472034406
Ben Shapiro,Trump & Vance WRECK Europe,2025-02-18 18:00:06+00:00,289474,9678,1765,553,17.500904159132006,0.0571399049390369,4.144068206471047
Ben Shapiro,Bill Burr's INSANE Take On Billionaires,2025-02-18 22:00:02+00:00,47691,1618,1189,1760,0.9193181818181818,1.0877626699629173,9.576230315992536
Ben Shapiro,SNL Made A Mistake,2025-02-19 00:00:17+00:00,394697,10136,1115,385,26.327272727272728,0.0379834254143646,2.948084226634609
Ben Shapiro,The Trump-Musk Show ROLLS ON,2025-02-19 18:00:06+00:00,232774,7796,1320,417,18.69544364508393,0.0534889687018984,4.09538866024556
Ben Shapiro,"The Left Is Trying To Scare You, Don't Fall For It",2025-02-19 22:00:15+00:00,61365,2763,516,207,13.347826086956522,0.0749185667752443,5.680762649718895
Ben Shapiro,"Yeah, My Chris Matthews Impression Is Great..",2025-02-20 00:00:25+00:00,100291,3338,345,69,48.3768115942029,0.0206710605152786,3.741113360122045
Ben Shapiro,Trump HAMMERS…Ukraine?!,2025-02-20 18:00:06+00:00,415018,16036,6418,670,23.934328358208955,0.0417809927662758,5.571806524054378
Ben Shapiro,Who Is The LEAST Horrible Nominee For 2028?,2025-02-20 22:00:03+00:00,81904,2151,300,68,31.63235294117647,0.0316132031613203,3.075551865598749
Ben Shapiro,Shark Tank Star Leaves CNN Panel STUNNED,2025-02-21 00:00:24+00:00,229880,6806,616,177,38.451977401129945,0.0260064648839259,3.3056377240299284
Ben Shapiro,"Daily Wire Backstage Live at CPAC: The Fight, The Wins, The Future",2025-02-21 00:31:40+00:00,36752,1016,99,141,7.205673758865248,0.1387795275590551,3.417501088376143
Ben Shapiro,The True Faces Of Evil,2025-02-21 18:00:06+00:00,271625,12399,2240,363,34.15702479338843,0.0292765545608516,5.523055683387022
Ben Shapiro,Why Are We Paying For Europe’s Defense?,2025-02-21 22:00:14+00:00,86211,3100,1580,667,4.6476761619190405,0.2151612903225806,6.202224774100753
Ben Shapiro,How OnlyF*** Is Destroying Our Society,2025-02-22 00:00:23+00:00,451317,12533,3316,346,36.22254335260116,0.0276071172105641,3.588386876629952
Ben Shapiro,"Yes, Les Misérables Is WILDLY Overrated",2025-02-22 15:00:56+00:00,153278,4730,2416,566,8.356890459363958,0.1196617336152219,5.031380889625386
Ben Shapiro,"Kamala Joins CAA, SNL Celebrates 50 Years of Decline, and Diddy Tries the Race Card",2025-02-22 20:00:25+00:00,124981,4016,366,154,26.07792207792208,0.0383466135458167,3.629351661452541
Ben Shapiro,More Trump WINS: Joy Reid GONE!,2025-02-24 18:00:06+00:00,340316,11905,1548,176,67.64204545454545,0.0147837043259134,4.004807296747728
Ben Shapiro,Trump's Plan For Ukraine Is Clear,2025-02-24 22:00:26+00:00,104517,3289,1553,952,3.4548319327731094,0.2894496807540286,5.543595778677153
Ben Shapiro,This INSANE Anti-Trump Rant Got A Standing Ovation,2025-02-25 00:00:52+00:00,49476,1916,350,196,9.775510204081632,0.1022964509394572,4.976150052550732
Ben Shapiro,The NSA’s Secret S** CHATS?!,2025-02-25 18:00:06+00:00,233130,8095,983,122,66.35245901639344,0.0150710315009264,3.946296057993394
Ben Shapiro,Rachel Maddow's On Air Meltdown!,2025-02-25 22:00:42+00:00,150876,5203,796,69,75.40579710144928,0.0132615798577743,4.0218457541292185
Ben Shapiro,What She Did To Star Wars Is UNFORGIVABLE,2025-02-26 00:00:28+00:00,319759,13522,2403,117,115.57264957264957,0.0086525661884336,5.01690335533949
Ben Shapiro,"MORE WINNING: House GOP Passes BIG, BEAUTIFUL Budget!",2025-02-26 18:00:06+00:00,299520,9217,1338,350,26.334285714285716,0.0379733101876966,3.6408253205128207
Ben Shapiro,President Trump Is The New Willy Wonka!,2025-02-26 22:00:08+00:00,67140,2272,810,351,6.472934472934473,0.1544894366197183,5.113196306225796
Ben Shapiro,Karoline Leavitt SMACKS The Press,2025-02-27 00:00:26+00:00,92127,4074,307,112,36.375,0.0274914089347079,4.876963322370206
Ben Shapiro,HUGE: The Washington Post SURRENDERS…To Reality!,2025-02-27 18:00:06+00:00,273682,9176,757,121,75.83471074380165,0.0131865736704446,3.673606594514802
Ben Shapiro,What Happened At Trump's BIG Cabinet Meeting?,2025-02-27 22:00:29+00:00,70684,2516,343,234,10.752136752136751,0.0930047694753577,4.375813479712523
Ben Shapiro,Biden's Inaugural Poet Wrote This INSANE Children's Book,2025-02-28 00:00:38+00:00,60555,3005,481,68,44.19117647058823,0.0226289517470881,5.869044670134588
Ben Shapiro,The Epstein File Release FIASCO,2025-02-28 18:00:06+00:00,255136,6860,1430,303,22.64026402640264,0.0441690962099125,3.3680076508215224
Ben Shapiro,Vivek Ramaswamy On Why He's Running For Governor Of Ohio,2025-02-28 22:00:36+00:00,58118,2228,449,263,8.47148288973384,0.1180430879712746,5.05867373275061
Ben Shapiro,Let's Talk About The Oscars!,2025-03-01 00:00:44+00:00,186371,4745,993,649,7.311248073959939,0.1367755532139093,3.4270353220189835
Ben Shapiro,TV Shows That SMACK The Left,2025-03-01 15:00:14+00:00,176882,5415,972,174,31.120689655172413,0.0321329639889196,3.709252496014292
Ben Shapiro,"Trump Sells Citizenship, MSNBC Sells Joy Reid’s Desk on Facebook Marketplace",2025-03-01 20:00:21+00:00,125552,4343,669,463,9.38012958963283,0.1066083352521298,4.360742959092647
Ben Shapiro,Trump-Zelenskyy Meeting GOES TOTALLY NUCLEAR,2025-03-03 18:00:06+00:00,438195,13710,6566,3421,4.007600116924876,0.249525893508388,5.407866360866738
Ben Shapiro,"Ben Shapiro Reacts: Trump, Vance & Zelensky’s Explosive Showdown",2025-03-03 23:26:10+00:00,148751,4770,2529,4777,0.9985346451747958,1.0014675052410902,8.118264751161338
Ben Shapiro,I Watched The Oscars So You Don't Have To,2025-03-04 00:00:44+00:00,349454,11825,2541,1187,9.962089300758214,0.1003805496828752,4.450657311119633
Ben Shapiro,Trump’s STATE OF THE UNION Pledge,2025-03-04 18:00:06+00:00,231291,6311,1283,430,14.67674418604651,0.0681350023768024,3.469222754019828
Ben Shapiro,What Does Zelenskyy Think He's Doing?,2025-03-04 22:00:31+00:00,70068,2221,1358,2140,1.0378504672897195,0.9635299414678072,8.16207113090141
Ben Shapiro,Sign My Petition To Pardon Derek Chauvin,2025-03-05 00:00:11+00:00,89164,3694,4842,3609,1.0235522305347742,0.9769897130481864,13.620968103718988
Ben Shapiro,Daily Wire Backstage: Trump’s Address to Congress Live,2025-03-05 05:03:38+00:00,215327,4972,390,155,32.07741935483871,0.0311745776347546,2.562149660748536
Ben Shapiro,Trump’s HOME RUN State of the Union!,2025-03-05 18:00:06+00:00,355997,13511,1838,544,24.83639705882353,0.0402634890089556,4.464363463737054
Ben Shapiro,MSNBC's Insane Take On New Honorary Secret Service Agent,2025-03-05 22:00:13+00:00,105311,3645,397,180,20.25,0.0493827160493827,4.009077874106218
Ben Shapiro,The SMARTEST Move Trump Made During His Speech,2025-03-06 00:00:03+00:00,2115337,77611,5114,1668,46.52937649880096,0.0214917988429475,3.9895770744803314
Ben Shapiro,The Supreme Court ATTACKS DOGE Cuts!,2025-03-06 18:00:06+00:00,215696,7280,997,312,23.33333333333333,0.0428571428571428,3.9819931755804463
Ben Shapiro,Democrats Blame RACISM & I'm Not Surprised,2025-03-06 22:00:23+00:00,75501,3423,417,125,27.384,0.0365176745544843,5.25158607170766
Ben Shapiro,The Aftermath Of Trump's Oval Office Showdown,2025-03-07 00:00:34+00:00,126698,4506,1616,321,14.037383177570094,0.0712383488681757,5.085320999542218
Ben Shapiro,The Democratic Collapse CONTINUES!,2025-03-07 18:00:41+00:00,342154,11491,2116,416,27.622596153846157,0.0362022452354016,4.098446898180352
Ben Shapiro,Ben Shapiro Breaks Apart AOC's Cringe Response To Trump's Speech,2025-03-07 22:00:11+00:00,504202,14561,3208,272,53.53308823529412,0.0186800357118329,3.5781294005180464
Ben Shapiro,These OnlyF*** Models Need Good Mothers | w/ Reagan Conrad,2025-03-08 00:00:11+00:00,80015,2635,1489,1127,2.338065661047028,0.4277039848197344,6.562519527588577
Ben Shapiro,These Talk Show Hosts LOVED Trump...Until....,2025-03-08 15:00:51+00:00,134502,4319,460,169,25.55621301775148,0.0391294281083584,3.6787557062348513
Ben Shapiro,"Trump Wins, Hollywood Whines, and Casey Anthony Tries TikTok",2025-03-08 20:00:11+00:00,119993,4214,420,298,14.140939597315436,0.0707166587565258,4.1102397639862325
Ben Shapiro,Stephen A. Smith ATTACKS Me!,2025-03-10 17:00:06+00:00,262996,7604,2216,558,13.627240143369177,0.0733824302998421,3.946067620800316
Ben Shapiro,What Will These Tariffs Do To The United States Economy?,2025-03-10 21:00:13+00:00,178426,4568,2201,471,9.698513800424628,0.103108581436077,4.05770459462186
Ben Shapiro,I Can't Believe I Agree With This Woke Chick,2025-03-10 23:00:42+00:00,89855,2296,428,114,20.140350877192983,0.0496515679442508,3.158421901953147
Ben Shapiro,Stock Market PLUNGES…So What’s Next?!,2025-03-11 17:00:06+00:00,289920,7571,3490,741,10.21727395411606,0.0978734645357284,4.070778145695364
Ben Shapiro,Democrats And Whoopi Goldberg Are LOSING IT,2025-03-11 21:00:56+00:00,132114,4390,521,103,42.62135922330097,0.0234624145785877,3.795207169565678
Ben Shapiro,How Can We Solve The National Debt Problem?,2025-03-11 23:00:16+00:00,65120,2370,867,718,3.3008356545961,0.3029535864978903,6.073402948402949
Ben Shapiro,Trump SLASHES AND BURNS Through Department of Education!,2025-03-12 17:00:06+00:00,230437,7609,1539,373,20.39946380697051,0.0490208963070048,4.131714958969263
Ben Shapiro,Democrats FREAK OUT During House Committee Meeting Over Pronouns,2025-03-12 21:00:06+00:00,113343,3768,664,136,27.705882352941178,0.0360934182590233,4.030244479147367
Ben Shapiro,"Ukraine Agrees To Ceasefire, What's Next?",2025-03-12 23:00:18+00:00,83983,2585,666,207,12.48792270531401,0.0800773694390715,4.11749997023207
Ben Shapiro,Democrats To SHUT DOWN The Government?,2025-03-13 17:00:06+00:00,208474,6396,1344,275,23.258181818181814,0.0429956222639149,3.844604123295951
Ben Shapiro,MSNBC And CNN Just CAN'T HANDLE DOGE,2025-03-13 21:00:13+00:00,99083,3317,422,220,15.077272727272728,0.066324992463069,3.995640018973992
Ben Shapiro,Marco Rubio Was Made For This,2025-03-13 23:00:03+00:00,55605,2974,1217,425,6.99764705882353,0.1429051782111634,8.301411743548243
Ben Shapiro,"Democrats CAVE, Trump Chalks Up Another Win!",2025-03-14 17:00:06+00:00,310321,9026,1743,520,17.357692307692307,0.0576113450033237,3.637845972396325
Ben Shapiro,Speaker Mike Johnson On Reducing The Size And Scope Of The Federal Government,2025-03-14 21:00:12+00:00,21472,1134,195,112,10.125,0.0987654320987654,6.711065573770492
Ben Shapiro,The Babylon Bee CEO Seth Dillon On Doing Comedy In This Absurd Era,2025-03-14 23:00:25+00:00,27768,1167,150,148,7.885135135135135,0.1268209083119109,5.275857101699798
Ben Shapiro,Top 4 Historically INACCURATE Films,2025-03-15 14:00:34+00:00,168211,5676,1379,283,20.0565371024735,0.0498590556730091,4.36237820356576
Ben Shapiro,"Newsom Tries Podcasting, NASA Tries a Moon Landing, and Florida Tries Murder for Hire",2025-03-15 19:00:44+00:00,103623,3554,307,168,21.154761904761905,0.0472706809229037,3.8881329434584986
Ben Shapiro,"Trump SOARS in Polling, UNLEASHES On Houthis!",2025-03-17 17:00:06+00:00,309624,10296,1219,459,22.431372549019606,0.0445804195804195,3.867271270960907
Ben Shapiro,President Trump WILL NOT Tolerate Houthi Attacks On American Vessels,2025-03-17 21:00:03+00:00,55257,2623,260,173,15.16184971098266,0.0659550133434998,5.530521019961272
Ben Shapiro,Don Lemon Just INSULTED Black Americans,2025-03-17 23:00:05+00:00,120928,3879,472,113,34.32743362831859,0.0291312193864398,3.691452765281821
Ben Shapiro,Floyd & Chauvin: What the Media Never Told You,2025-03-18 17:00:06+00:00,212495,6277,2034,1097,5.721969006381039,0.1747650151346184,4.427398291724511
Ben Shapiro,Making America SAFE Again By Invoking The Alien Enemies Act,2025-03-18 21:00:14+00:00,115579,4853,480,171,28.380116959064328,0.0352359365341026,4.762110764066136
Ben Shapiro,President Trump Will Hold Iran Accountable For ANY Future Houthi Attacks,2025-03-18 23:00:15+00:00,60991,2473,471,337,7.338278931750742,0.1362717347351395,5.379482218688003
Ben Shapiro,"NASA Astronauts Return, Trump Brokers Putin CEASEFIRE?!",2025-03-19 17:00:06+00:00,189263,5675,1015,507,11.193293885601578,0.0893392070484581,3.8026449966448808
Ben Shapiro,'The View' Hosts RIP Into Chuck Schumer,2025-03-19 21:00:07+00:00,56684,2088,189,33,63.27272727272727,0.0158045977011494,4.0752240491143885
Ben Shapiro,NASA Astronauts Return Home After NINE MONTHS Stuck In Space,2025-03-19 23:00:51+00:00,47317,2157,342,102,21.147058823529413,0.0472878998609179,5.496967263351438
Ben Shapiro,Facts in the George Floyd Footage REVEALED,2025-03-20 17:00:06+00:00,123595,3771,1247,622,6.062700964630225,0.1649429859453725,4.56329139528298
Ben Shapiro,Tesla Is Being VICTIMIZED By The Violent Left,2025-03-20 21:00:40+00:00,48321,2025,668,514,3.939688715953308,0.2538271604938271,6.636865958899857
Ben Shapiro,Democrats Have Started Attacking EACH OTHER!?,2025-03-20 23:01:00+00:00,78500,3402,418,162,21.0,0.0476190476190476,5.072611464968153
Ben Shapiro,The Left’s ASSAULT On Musk Continues…,2025-03-21 17:00:06+00:00,198723,6569,1422,484,13.572314049586776,0.0736794032577256,4.264730302984556
Ben Shapiro,Jasmine Crockett Is Starting A RIDICULOUS Movement,2025-03-21 21:00:27+00:00,36083,1587,321,81,19.59259259259259,0.051039697542533,5.512291106615304
Ben Shapiro,"""Severance"" Is The BEST Show On Television Right Now",2025-03-21 23:00:37+00:00,81802,2556,481,227,11.259911894273127,0.088810641627543,3.9901224908926434
Ben Shapiro,Make TV Characters GREAT Again!,2025-03-22 14:00:50+00:00,158309,5285,686,208,25.408653846153847,0.0393566698202459,3.903126164652673
Ben Shapiro,"Trump and Tesla Win, Kanye and Diddy Lose, and Alec Baldwin Gets Roasted",2025-03-22 19:00:30+00:00,154716,5964,606,609,9.79310344827586,0.102112676056338,4.640114790971845
Ben Shapiro,The Democrats’ 2028 Frontrunner Is…AOC?!,2025-03-24 17:00:06+00:00,279302,7698,1464,236,32.61864406779661,0.0306573135879449,3.364816578470616
Ben Shapiro,Democrats UNLEASH Full-Scale Class Warfare,2025-03-24 21:00:10+00:00,58677,2054,925,159,12.918238993710691,0.0774099318403115,5.3479216728871615
Ben Shapiro,Why 'Snow White' Is A Box Office DUD!,2025-03-24 23:00:48+00:00,254832,7931,1171,328,24.179878048780488,0.0413567015508763,3.7004771771206126
Ben Shapiro,National Security Bombshell & The Case For Derek Chauvin Ep.3 | The Autopsy,2025-03-25 17:00:06+00:00,175999,5012,1442,571,8.777583187390542,0.113926576217079,3.991499951704272
Ben Shapiro,The HIDDEN TRUTH Behind George Floyd’s Autopsy,2025-03-25 21:00:27+00:00,44446,2426,536,331,7.329305135951661,0.1364385820280296,7.408990685326014
Ben Shapiro,Jasmine Crockett Says You Should PUNCH Your Opponents?!,2025-03-25 23:00:23+00:00,35394,1650,621,238,6.932773109243698,0.1442424242424242,7.088772108266937
Ben Shapiro,“HOT WHEELS”: Democrat Launches Verbal ASSAULT on Disabled Texas Governor,2025-03-26 17:00:06+00:00,161643,5190,968,356,14.57865168539326,0.0685934489402697,4.029868289997093
Ben Shapiro,Ben Shapiro vs. Stephen A. Smith | Derek Chauvin,2025-03-26 21:00:52+00:00,61153,1685,472,287,5.871080139372823,0.1703264094955489,3.9965332853662128
Ben Shapiro,Hypocritical Dems Say THIS Is The Biggest National Security Debacle?!,2025-03-26 23:00:11+00:00,32192,1111,758,1441,0.7709923664122137,1.297029702970297,10.282057654075546
Ben Shapiro,"MORE TRUMP WINNING: NPR CEO IMPLODES, MS-13 Head ARRESTED",2025-03-27 17:00:21+00:00,236148,7767,935,397,19.564231738035264,0.0511136861078923,3.853092128665075
Ben Shapiro,Derek Chauvin's Trial Was Nothing Short Of MOB RULE,2025-03-27 21:00:43+00:00,25324,1351,533,249,5.42570281124498,0.1843079200592154,8.422839993681883
Ben Shapiro,Head Of NPR Caught LYING During Her Hearing,2025-03-27 23:00:19+00:00,184513,6510,972,128,50.859375,0.0196620583717357,4.124370640551072
Ben Shapiro,TRADE WAR: Trump Declares Massive Car Tariffs,2025-03-28 17:00:06+00:00,228277,5599,2216,499,11.220440881763528,0.089123057688873,3.642066436828941
Ben Shapiro,Jon Stewart Left SPEECHLESS Over INSANE Dem Bill,2025-03-28 21:00:33+00:00,338862,8611,774,160,53.81875,0.018580884914644,2.816780872449552
Ben Shapiro,Michael Knowles Suffered Through 'Snow White' So You Don't Have To,2025-03-28 23:00:59+00:00,234726,8739,1356,158,55.31012658227848,0.0180798718388831,4.368071709141723
Ben Shapiro,Ben DESTROYS Walsh's LOTR Review w/ The Experts,2025-03-29 14:01:04+00:00,516651,20268,3262,378,53.61904761904762,0.0186500888099467,4.62749515630474
Ben Shapiro,"Clones, Conflicts & The Worst First Pitches in History",2025-03-29 19:00:21+00:00,66822,2626,247,139,18.892086330935253,0.0529322162985529,4.507497530753344
Ben Shapiro,BREAKING: Le Pen BANNED?!?,2025-03-31 17:00:22+00:00,210645,6380,1296,363,17.575757575757574,0.0568965517241379,3.8163735194284234
Ben Shapiro,THIS Is Why We Can't Ignore What's Happening In South Africa,2025-03-31 21:00:47+00:00,252400,12843,3790,311,41.29581993569132,0.024215525967453,6.713153724247227
Ben Shapiro,France Is Banning Conservative Marine Le Pen From Running In The Next Election,2025-03-31 23:00:13+00:00,69951,3109,1060,266,11.68796992481203,0.085558057253136,6.340152392388958
Ben Shapiro,The Atlantic’s GIANT Fake News Screw-Up,2025-04-01 17:00:06+00:00,217358,6618,1123,271,24.420664206642066,0.0409489271683288,3.686084708177293
Ben Shapiro,Is Hillary Clinton Running For President AGAIN?!,2025-04-01 21:00:48+00:00,58702,2219,469,88,25.21590909090909,0.0396575033799008,4.728970052127695
Ben Shapiro,The harsh reality of policing with @malcolmgladwell,2025-04-01 22:00:33+00:00,40000,1693,121,68,24.897058823529413,0.0401653868871825,4.705
Ben Shapiro,Shapiro vs. Gladwell On George Floyd,2025-04-01 23:00:44+00:00,68583,1783,618,91,19.593406593406595,0.0510375771172181,3.63355350451278
Ben Shapiro,Who REALLY Shot JFK?,2025-04-02 17:00:06+00:00,191423,5420,1908,1204,4.501661129568106,0.222140221402214,4.457144648239762
Ben Shapiro,Cory Booker's 25-Hour Filibuster Was A JOKE,2025-04-02 21:00:18+00:00,34405,1442,624,234,6.162393162393163,0.1622746185852982,6.685074843772708
Ben Shapiro,Bill Burr Is Mad At Conservatives Because Of Snow White?!,2025-04-02 23:00:09+00:00,141458,4618,1649,497,9.29175050301811,0.1076223473365093,4.781631296922054
Ben Shapiro,What The Hell Happened on LIBERATION DAY?!,2025-04-03 17:00:06+00:00,590714,18199,8499,1335,13.632209737827717,0.0733556788834551,4.745612936209401
Ben Shapiro,"FALLOUT: Stock Market Drops, Trump Pushes On",2025-04-04 17:00:06+00:00,343510,7951,4970,926,8.586393088552915,0.1164633379449125,4.031032575470874
Ben Shapiro,Ezra Klein On The Strategy That HURTS Democrats,2025-04-04 21:04:02+00:00,59965,1536,321,114,13.473684210526317,0.07421875,3.286917368464938
Ben Shapiro,James Gunn's New 'Superman' Movie Looks TERRIBLE,2025-04-04 23:00:15+00:00,110472,3505,2884,3596,0.9746941045606228,1.025962910128388,9.0384893909769
Ben Shapiro,My Top 5 Greatest Films of All Time,2025-04-05 14:00:21+00:00,382253,11419,4238,356,32.075842696629216,0.0311761099921184,4.189110353613968
Ben Shapiro,"Booker Blabbers, Wallen Bails, and Diddy’s Drama Hits New Lows",2025-04-05 19:00:23+00:00,64892,2276,208,199,11.43718592964824,0.0874340949033391,4.134562041545953
Ben Shapiro,Difficult cases make bad law,2025-04-05 22:00:40+00:00,43486,1499,158,28,53.535714285714285,0.0186791194129419,3.874810283769489
Ben Shapiro,WHAT COMES NEXT?! Trump’s Tariff War Continues…,2025-04-07 12:00:22+00:00,336760,8667,4858,904,9.587389380530974,0.1043036806276681,4.2846537593538425
Ben Shapiro,Will President Trump Take The Off-Ramp With These Tariffs?,2025-04-07 21:00:09+00:00,66380,1982,825,364,5.445054945054945,0.1836528758829465,4.777041277493221
Ben Shapiro,The Waste In American Universities Is FINALLY Being CUT,2025-04-07 23:00:06+00:00,45149,1831,337,166,11.03012048192771,0.0906608410704533,5.169549713171942
Ben Shapiro,REBOUND or FALSE SPRING? Has The Market Hit Bottom?,2025-04-08 17:00:06+00:00,215462,4946,1754,398,12.42713567839196,0.0804690659118479,3.2943163991794373
Ben Shapiro,The Rationale Behind Trump's Tariffs,2025-04-08 21:00:36+00:00,72207,2017,817,233,8.656652360515022,0.1155180961824491,4.2475106291633775
Ben Shapiro,President Trump Is Racking Up Immigration Wins!,2025-04-08 23:00:09+00:00,54129,2283,332,172,13.273255813953488,0.0753394656154183,5.148811173308208
Ben Shapiro,Iran's nuclear regime has to be STOPPED,2025-04-09 01:00:06+00:00,43103,1923,57,133,14.458646616541351,0.0691627665106604,4.902210982994223
Ben Shapiro,MOTHER OF ALL TARIFFS: The Tariff War Has Begun,2025-04-09 14:47:24+00:00,269091,6178,3020,555,11.131531531531532,0.0898348980252509,3.6244244512079553
Ben Shapiro,"TRUMP U-TURN WIN: Tariff War Paused, China Isolated!",2025-04-10 17:00:06+00:00,254065,6609,2380,1045,6.324401913875598,0.1581177182629747,3.949383031901285
Ben Shapiro,What's Next For China In The Trade War?,2025-04-10 21:00:56+00:00,166766,4273,829,279,15.315412186379929,0.0652937046571495,3.226676900567261
Ben Shapiro,Ben Shapiro Rips Apart John Oliver's Insanely Stupid Monologue,2025-04-10 23:00:39+00:00,145347,4886,1086,171,28.57309941520468,0.0349979533360622,4.226437422169016
Ben Shapiro,China's CHEATING creates an unleveled playing field,2025-04-11 15:01:24+00:00,54473,2733,74,24,113.875,0.0087815587266739,5.197070108126962
Ben Shapiro,SHOWDOWN: Trump Stares Down China,2025-04-11 17:00:51+00:00,230251,5393,979,485,11.11958762886598,0.0899313925458928,2.9780543841286247
Ben Shapiro,Mike Gallagher's Take On President Trump's Tariff Regime,2025-04-11 21:00:53+00:00,91733,1814,552,155,11.703225806451613,0.0854465270121278,2.7481931257017647
Ben Shapiro,"What's up with all the chaos at screenings of ""A Minecraft Movie""??",2025-04-11 22:00:36+00:00,139731,3376,253,151,22.357615894039736,0.0447274881516587,2.7051978444296543
Ben Shapiro,"They Made Me Watch ""A Minecraft Movie"" & I Have Thoughts...",2025-04-11 23:00:44+00:00,98528,3493,1024,492,7.099593495934959,0.1408531348411107,5.083834037025008
Ben Shapiro,This OR That: Democratic Politicians Edition,2025-04-12 14:01:01+00:00,166255,5923,431,144,41.13194444444444,0.0243120040520006,3.908453881086283
Ben Shapiro,"Trump Art Fiasco, Dire Wolves Return, and Mattel Ruins Ken Forever",2025-04-12 19:00:02+00:00,76516,2807,270,81,34.65432098765432,0.0288564303526897,4.1272413612839145
Ben Shapiro,Why Tolkien Still Matters in 2025 | Ben Shapiro Talks with LOTR Expert Malcolm Guite,2025-04-14 14:00:45+00:00,190583,8850,966,184,48.09782608695652,0.0207909604519774,5.247057712387779
Ben Shapiro,Rev. Malcolm Guite on why no movie can match your own imagination,2025-04-14 18:59:42+00:00,53968,2289,79,78,29.346153846153847,0.0340760157273918,4.532315446190335
Ben Shapiro,Gandalf is an example of how not to exploit your powers,2025-04-14 22:00:44+00:00,84949,2833,146,209,13.555023923444976,0.0737733851041299,3.752839939257672
Ben Shapiro,Trump SMASHES Harvard,2025-04-15 17:01:26+00:00,230517,6183,1271,421,14.68646080760095,0.0680899239851205,3.416233943700465
Ben Shapiro,Blue Origin Helped Katy Perry ‘Solve’ Sexism By Floating In Space for 5 Minutes?,2025-04-15 21:00:02+00:00,164843,5004,1320,68,73.58823529411765,0.0135891286970423,3.8776290167007392
Ben Shapiro,Ben Shapiro Reacts to INSANE Coachella Outfits and Bernie Sanders' Cringe Speech,2025-04-15 23:00:57+00:00,91008,3696,451,171,21.614035087719294,0.0462662337662337,4.744637834036569
Ben Shapiro,This 'All-Female' Space Crew is kind of a joke...,2025-04-16 01:00:22+00:00,144045,5276,630,36,146.55555555555554,0.0068233510235026,4.125099795202888
Ben Shapiro,IMMIGRATION FIGHT: Will Salvadoran Illegal Immigrant Return?,2025-04-16 17:00:06+00:00,133688,3872,1487,245,15.80408163265306,0.0632747933884297,4.191849679851595
Ben Shapiro,"Biden Says ""Colored Kids"" & AOC Finds A New Accent",2025-04-16 21:00:08+00:00,92162,2999,537,74,40.52702702702703,0.0246748916305435,3.917015689763677
Ben Shapiro,Democrats Fly to El Salvador… to Fight for Gang Member’s ‘Rights'?!,2025-04-16 23:00:03+00:00,36972,1878,974,429,4.3776223776223775,0.2284345047923322,8.874283241371849
Ben Shapiro,When Murder Is Apparently Totally Fine,2025-04-17 17:00:06+00:00,234622,7971,1320,212,37.59905660377358,0.0265964119934763,4.050344809949621
Ben Shapiro,Ben Shapiro Interviews Sec. Marco Rubio About Shutting Down The Deep State Censorship Office,2025-04-17 21:36:02+00:00,108225,6499,496,123,52.83739837398374,0.0189259886136328,6.577038577038577
Ben Shapiro,Taylor Lorenz is a fan girl for Luigi Mangione?!,2025-04-17 22:00:28+00:00,31638,1390,86,37,37.567567567567565,0.0266187050359712,4.782223907958784
Ben Shapiro,Why Are Black Crime Rates So High? | Facts Ep. 19,2025-04-18 00:04:30+00:00,48712,2947,1508,29,101.6206896551724,0.009840515778758,9.2051239940877
Ben Shapiro,Blaming racism for this statistically makes NO sense,2025-04-18 01:00:17+00:00,52296,3215,222,9,357.22222222222223,0.0027993779160186,6.589414104329203
Ben Shapiro,The legacy media won't talk about Gov. Josh Shapiro being targeted,2025-04-18 15:01:30+00:00,44753,2824,106,46,61.391304347826086,0.0162889518413597,6.649833530713025
Ben Shapiro,The Democrat/MS-13 Love Match,2025-04-18 17:00:06+00:00,143061,4134,1172,395,10.465822784810127,0.0955491049830672,3.9850133858983225
Ben Shapiro,Mary Margaret Olohan joins Tulsi Gabbard to unveil the RFK files,2025-04-18 19:00:11+00:00,31860,1503,26,25,60.12,0.0166333998669328,4.87758945386064
Ben Shapiro,Trump Responds To Calls For Gun Control After The Devastating FSU Tragedy,2025-04-18 21:00:07+00:00,37744,1139,411,71,16.04225352112676,0.0623353819139596,4.294722339974565
Ben Shapiro,The exclusive RFK artifacts in the National Archives,2025-04-18 22:00:17+00:00,44563,2632,45,69,38.14492753623188,0.0262158054711246,6.162062697753742
Ben Shapiro,A Half-Horse Coachella Performer And Ryan Gosling In Star Wars?!,2025-04-18 23:01:01+00:00,58383,1871,463,109,17.165137614678898,0.0582576162479957,4.184437250569515
Ben Shapiro,Trump's response to gun control after the horrific FSU tragedy,2025-04-19 01:00:00+00:00,85835,4792,187,16,299.5,0.003338898163606,5.81930447952467
Ben Shapiro,Top Celebrity Trump Impressions | Ben & Michael REACT,2025-04-19 14:00:59+00:00,230772,7593,1115,195,38.93846153846154,0.0256815487949427,3.8579203716222072
Ben Shapiro,"Space Karens, Desert Weirdos & the Ghost of Trump Cameos Past",2025-04-19 19:00:15+00:00,122891,4366,581,119,36.6890756302521,0.0272560696289509,4.12235232848622
Ben Shapiro,Fyre Festival 2... is postponed,2025-04-20 22:00:04+00:00,56976,2341,44,128,18.2890625,0.0546774882528833,4.41062903678742
Ben Shapiro,"Pope Francis Dead, What Comes Next?",2025-04-22 17:00:06+00:00,148687,4240,923,165,25.696969696969692,0.0389150943396226,3.583366400559565
Ben Shapiro,Who Will Be the Next Pope of the Catholic Church Now That Pope Francis Has Passed?,2025-04-22 21:00:45+00:00,64454,1867,599,67,27.86567164179105,0.0358864488484199,3.929934526949452
Ben Shapiro,"Trump’s Immigration Policy Is Winning, But Dems Are Still Doing This?!",2025-04-22 23:00:19+00:00,41503,1726,320,104,16.596153846153847,0.0602549246813441,5.180348408548779
Ben Shapiro,Chris Van Hollen DEFENDS alleged MS-13 member,2025-04-23 01:00:50+00:00,38678,1646,108,25,65.84,0.0151883353584447,4.5995139355706085
Ben Shapiro,Is The Trade War ENDING?!,2025-04-23 18:31:13+00:00,215979,5518,898,276,19.99275362318841,0.0500181225081551,3.0984493862829257
Ben Shapiro,Elizabeth Warren can’t defend Biden OR herself,2025-04-23 18:56:36+00:00,74551,4450,402,59,75.42372881355932,0.0132584269662921,6.587436788238923
Ben Shapiro,The Left’s New Attempt At “Saving Democracy”,2025-04-23 21:15:40+00:00,110490,3372,570,66,51.09090909090909,0.0195729537366548,3.627477599782786
Ben Shapiro,Comedy is dead and Larry David killed it,2025-04-24 01:00:37+00:00,87413,4058,262,268,15.14179104477612,0.0660423854115327,5.248647226385091
Ben Shapiro,Democrats think memes will help them win?!,2025-04-24 03:00:03+00:00,41727,1769,82,25,70.76,0.0141322781232334,4.495889951350445
Ben Shapiro,SCOTUS Takes On LGBTQ Propaganda in Elementary Schools,2025-04-24 10:01:29+00:00,46903,1543,191,48,32.145833333333336,0.0311082307193778,3.799330533228152
Ben Shapiro,'60 Minutes' is FALLING APART because of this,2025-04-24 15:00:00+00:00,69523,3411,70,76,44.88157894736842,0.0222808560539431,5.116292449980582
Ben Shapiro,My Journey To Ukraine and My Interview With Zelensky,2025-04-24 17:00:06+00:00,806285,39847,9726,2104,18.93868821292776,0.0528019675257861,6.409272155627353
Ben Shapiro,President Zelensky talks about his meeting with Trump and Vance,2025-04-24 19:17:19+00:00,41546,1525,308,186,8.198924731182796,0.1219672131147541,4.859673614788427
Ben Shapiro,THIS Happened At Yale On Holocaust Remembrance Day,2025-04-24 21:01:03+00:00,118670,5878,1538,317,18.542586750788644,0.0539299081320176,6.516389989045251
Ben Shapiro,How is American funding being spent in Ukraine?,2025-04-24 22:00:04+00:00,30652,854,223,9,94.88888888888889,0.0105386416861826,3.5429988255252507
Ben Shapiro,Are people being grabbed off the streets in Ukraine?,2025-04-25 01:00:32+00:00,51924,2119,483,146,14.513698630136986,0.0689004247286455,5.292350358215854
Ben Shapiro,The Exclusive Zelensky Interview Part II…Plus China vs. Trump!,2025-04-25 17:00:06+00:00,220363,12301,2955,392,31.380102040816325,0.0318673278595236,7.1010106052286455
Ben Shapiro,President Zelensky responds to claims that Ukraine is a Nazi regime,2025-04-25 19:10:56+00:00,82083,2897,707,81,35.76543209876543,0.0279599585778391,4.489358332419624
Ben Shapiro,This Is Exactly Why Trump Put Tariffs on China,2025-04-25 21:01:02+00:00,113055,3456,895,313,11.041533546325878,0.0905671296296296,4.125425677767458
Ben Shapiro,Is Ukraine's culture a major factor in the war?,2025-04-25 22:00:33+00:00,24731,622,71,34,18.294117647058822,0.0546623794212218,2.939630423355303
Ben Shapiro,JoJo Siwa Is Confused AGAIN And Pedro Pascal Turns To “Trans Activism”,2025-04-25 23:00:28+00:00,151483,4342,830,77,56.38961038961039,0.0177337632427452,3.4650752889763208
Ben Shapiro,President Zelensky talks about Russia's anti-American coalition,2025-04-26 01:00:01+00:00,31537,1278,235,171,7.473684210526316,0.1338028169014084,5.339759647398294
Ben Shapiro,Does Zelensky think Putin will EVER be satisfied with a ceasefire?,2025-04-26 03:00:42+00:00,31926,777,130,46,16.891304347826086,0.0592020592020592,2.9850278769654826
Ben Shapiro,Ben Shapiro Reacts to His First Viral Debate with Piers Morgan in 2013,2025-04-26 14:00:01+00:00,128198,4569,588,101,45.23762376237624,0.0221054935434449,4.101468041623114
Ben Shapiro,Bitter Michelle is at it again!,2025-04-26 15:00:48+00:00,99463,2790,514,19,146.8421052631579,0.0068100358422939,3.340940852377266
Ben Shapiro,JoJo Siwa switches labels AGAIN,2025-04-26 17:00:09+00:00,60398,2015,222,22,91.5909090909091,0.0109181141439205,3.7401900725189576
Ben Shapiro,"Kanye’s Incest Bars, Fyre’s Final Flame, and Michelle’s No-Show",2025-04-26 19:00:42+00:00,91151,2990,347,85,35.1764705882353,0.0284280936454849,3.7542100470647606
Ben Shapiro,AOC is attempting to take a page out of Obama's book,2025-04-26 22:00:35+00:00,119242,5252,596,48,109.41666666666669,0.0091393754760091,4.944566511799533
Ben Shapiro,Pedro Pascal goes to whole new levels of WOKE,2025-04-27 19:00:15+00:00,158473,4591,343,238,19.289915966386555,0.0518405576127205,3.2636474352097835
Ben Shapiro,Pete Buttigieg says the adoption process is racist,2025-04-27 22:01:02+00:00,148069,3996,482,158,25.29113924050633,0.0395395395395395,3.130972722176823
Ben Shapiro,100 DAYS: Where Does Trump Stand?,2025-04-28 17:00:06+00:00,180125,4855,1696,367,13.228882833787466,0.0755921730175077,3.8406662040249824
Ben Shapiro,Trump Is Officially Tired Of Putin's Games,2025-04-28 21:00:37+00:00,113999,4457,1170,93,47.924731182795696,0.0208660533991474,5.017587873577838
Ben Shapiro,Bill Belichick's girlfriend is calling all the shots,2025-04-28 22:00:00+00:00,109447,2754,268,47,58.59574468085106,0.0170660856935366,2.804096960172504
Ben Shapiro,Bill Belichick’s Bizarre Interview With His 24-Year-Old Girlfriend,2025-04-29 11:00:43+00:00,99110,1937,583,69,28.07246376811594,0.0356220960247805,2.6122490162445766
Ben Shapiro,Canada Veers LEFT: Ugly Trudeau Wins!,2025-04-29 17:00:06+00:00,198562,6328,3684,402,15.74129353233831,0.0635271807838179,5.244709461024768
Ben Shapiro,Trump’s New Executive Orders Are Cracking Down on Illegal Immigration,2025-04-29 21:00:08+00:00,42962,2171,226,79,27.481012658227847,0.0363887609396591,5.763232624179508
Ben Shapiro,’60 Minutes’ Has Lost ALL Credibility and China Is Claiming the Pacific,2025-04-30 11:00:20+00:00,53372,2547,268,111,22.945945945945947,0.0435806831566548,5.482275350370982
Ben Shapiro,The Secret SUCCESS of DOGE,2025-04-30 17:00:06+00:00,146676,4278,972,270,15.844444444444443,0.0631136044880785,3.763396874744335
Ben Shapiro,China's newest anti-American propaganda film,2025-04-30 19:00:00+00:00,68349,2372,181,90,26.355555555555554,0.0379426644182124,3.866918316288461
Ben Shapiro,Did Trump Influence Canada’s Election?,2025-04-30 21:00:21+00:00,154306,6582,4215,341,19.302052785923756,0.0518079611060467,7.218125024302361
Ben Shapiro,Did Trump Influence Canada’s Election?,2025-04-30 22:00:57+00:00,43304,1301,273,4,325.25,0.0030745580322828,3.644005172732311
Ben Shapiro,"Trade deals are coming, hopefully sooner than we think",2025-05-01 01:00:07+00:00,32872,1043,27,11,94.8181818181818,0.0105465004793863,3.288513020199562
Ben Shapiro,DOGE is Cutting BILLIONS in Spending and The Media Can’t Accept It,2025-05-01 11:00:18+00:00,34992,1772,436,185,9.578378378378378,0.1044018058690745,6.838705989940558
Ben Shapiro,DOGE is cutting BILLIONS in spending,2025-05-01 15:01:19+00:00,54195,2862,192,12,238.5,0.0041928721174004,5.657348463880432
Ben Shapiro,The Biggest Danger To The Trump Administration,2025-05-01 17:00:06+00:00,133164,3915,1091,251,15.597609561752988,0.0641123882503192,3.947763659848007
Ben Shapiro,Ben Shapiro RIPS Kamala’s Comeback Speech,2025-05-01 21:00:16+00:00,151568,4331,819,98,44.19387755102041,0.0226275686908335,3.462472289665365
Ben Shapiro,"Ben Shapiro & Mike Huckabee on Israel, Iran, and Middle East Strategy",2025-05-02 11:01:29+00:00,58304,3360,534,608,5.526315789473684,0.1809523809523809,7.721597145993414
Ben Shapiro,SHAKE-UP At The White House,2025-05-02 17:00:06+00:00,142987,3994,615,253,15.786561264822137,0.0633450175262894,3.400309119010819
Ben Shapiro,The Left’s Immigration Priorities Are Broken,2025-05-02 21:00:55+00:00,27343,1383,340,89,15.539325842696629,0.064352856109906,6.626924624218264
Ben Shapiro,Ben Shapiro Reacts to Matt Walsh’s Brutal Review of 'Star Wars: Revenge of the Sith',2025-05-02 23:00:02+00:00,164018,5242,2171,104,50.40384615384615,0.0198397558183899,4.583033569486275
Ben Shapiro,My Top 5 Christopher Nolan Films,2025-05-03 14:00:11+00:00,210807,7706,1567,214,36.00934579439252,0.0277705683882688,4.500324941771384
Ben Shapiro,"Trump Gets Things Done, Belichick’s Getting Played, and Kanye’s Still a Disaster",2025-05-03 19:00:14+00:00,78548,2816,284,262,10.748091603053435,0.0930397727272727,4.280185364363192
Ben Shapiro,Stop Giving Your Money To Crappy People,2025-05-05 17:00:06+00:00,145580,4421,4822,9307,0.4750188030514666,2.1051798235693284,12.742134908641296
Ben Shapiro,How Trump’s Pope Meme Broke the Media,2025-05-05 21:05:32+00:00,43677,1992,904,630,3.1619047619047618,0.3162650602409638,8.072898779678091
Ben Shapiro,Trump is NOT dismissing the Constitution,2025-05-06 01:00:34+00:00,43775,2736,260,102,26.823529411764707,0.0372807017543859,7.077098800685324
Ben Shapiro,Sen. Tom Cotton Reveals the Shocking Truth About Iran's Nuclear Plans,2025-05-06 11:00:59+00:00,30574,1237,301,452,2.7367256637168142,0.3654001616814875,6.508798325374501
Ben Shapiro,President Trump wants total dismantlement of Iran's nuclear program,2025-05-06 15:01:06+00:00,27684,1115,36,11,101.36363636363636,0.0098654708520179,4.197370322207774
Ben Shapiro,The Ongoing INSANITY of The Met Gala,2025-05-06 17:00:06+00:00,147466,4534,585,268,16.917910447761194,0.059108954565505,3.653045447764231
Ben Shapiro,Trump responds to his viral Pope meme,2025-05-06 19:08:53+00:00,63994,3261,263,36,90.58333333333331,0.0110395584176632,5.563021533268744
Ben Shapiro,The New Yorker Just Proved Democrat Elites Are a Joke,2025-05-06 21:00:53+00:00,71636,2371,308,94,25.22340425531915,0.0396457191058625,3.870958735831146
Ben Shapiro,Is Trump reopening Alcatraz?,2025-05-06 22:00:01+00:00,72191,2678,210,174,15.39080459770115,0.0649738610903659,4.241525951988475
Ben Shapiro,This Is Why the Trump Admin Cut Off New Federal Grants for Harvard,2025-05-07 11:00:17+00:00,40755,2125,320,104,20.432692307692307,0.0489411764705882,6.254447307078887
Ben Shapiro,"Dave Portnoy, Shiloh Hendrix, and Cancel Culture",2025-05-07 17:00:26+00:00,145145,4181,1270,1423,2.938158819395643,0.3403491987562784,4.735953701470943
Ben Shapiro,The TRUTH About Cancel Culture,2025-05-07 21:00:26+00:00,26355,1261,258,154,8.188311688311689,0.1221252973830293,6.347941567065073
Ben Shapiro,He wants restitution for his own behavior?!,2025-05-08 03:00:18+00:00,52499,2038,108,44,46.31818181818182,0.0215897939156035,4.171508028724356
Ben Shapiro,Could This Conflict Go Nuclear?,2025-05-08 11:00:40+00:00,212357,5553,1315,232,23.935344827586206,0.0417792184404826,3.3434263998832154
Ben Shapiro,BACK TO WINNING: Trump Negotiates Tariff Deal With UK,2025-05-08 17:00:06+00:00,180772,5043,764,251,20.09163346613546,0.0497719611342454,3.3511827052862166
Ben Shapiro,Bernie Sanders is a HUGE hypocrite,2025-05-08 19:00:19+00:00,74604,3491,299,141,24.75886524822695,0.0403895731881982,5.26915446892928
Ben Shapiro,The New Statue in Times Square Explains the Left’s Collapse,2025-05-08 21:00:57+00:00,168942,6068,1362,103,58.9126213592233,0.0169742913645352,4.458926732251305
Ben Shapiro,The new statue in Times Square is POINTLESS,2025-05-08 22:00:26+00:00,101783,4581,430,1,4581.0,0.0002182929491377,4.924201487478263
Ben Shapiro,Sen. James Lankford is under fire for stating the obvious?!,2025-05-09 01:00:11+00:00,42943,1934,76,48,40.29166666666666,0.0248190279214064,4.7923992268821465
Ben Shapiro,The Left’s New “Hero” Is a Human Smuggler,2025-05-09 11:01:33+00:00,27045,1391,244,113,12.309734513274336,0.0812365204888569,6.463301904233684
Ben Shapiro,A New Pope…Plus Will Trump RAISE Taxes?!,2025-05-09 17:00:06+00:00,136271,3613,806,276,13.090579710144928,0.0763908109604207,3.445340534669885
Ben Shapiro,How the stock market reacted to Trump's UK deal,2025-05-09 19:00:01+00:00,56212,2197,85,41,53.58536585365854,0.0186618115612198,4.132569558101473
Ben Shapiro,Ben Shapiro Reacts to the First American Pope,2025-05-09 21:00:28+00:00,288024,7692,1579,502,15.322709163346614,0.0652626105044201,3.393120017776297
Ben Shapiro,Why Trump Picked Dr. Casey Means To Handle America’s Health Crisis,2025-05-09 23:00:32+00:00,39567,1324,340,146,9.068493150684931,0.1102719033232628,4.574519170015416
Ben Shapiro,6 Books You Must Read Before You Die,2025-05-10 14:01:14+00:00,390527,13809,2345,444,31.10135135135135,0.0321529437323484,4.250154278705442
Ben Shapiro,"Trump Trolls, Kool-Aid Chaos, Met Gala Madness, and Diddy’s Drama",2025-05-10 19:00:43+00:00,79000,3274,329,189,17.322751322751323,0.0577275503970678,4.8
Ben Shapiro,The Met Gala PROVES why Democrats lost,2025-05-11 19:00:32+00:00,81103,5305,227,46,115.32608695652172,0.0086710650329877,6.87767406877674
Ben Shapiro,Trump's plans for Alcatraz,2025-05-11 22:00:44+00:00,81174,3600,169,165,21.818181818181817,0.0458333333333333,4.846379382560919
Ben Shapiro,A China DEAL…PLUS A $400 Million Jet From Qatar?!,2025-05-12 17:00:06+00:00,251093,7223,3115,1466,4.927012278308322,0.2029627578568462,4.701047022417989
Ben Shapiro,Ben Shapiro Destroys Kanye’s Pro-Hitler Song,2025-05-12 21:03:31+00:00,208496,5187,6245,24892,0.2083802024746906,4.798920377867747,17.421916967231983
Ben Shapiro,Kanye West just dropped a pro-Hitler song?!,2025-05-12 22:00:31+00:00,495917,8470,3402,10608,0.7984539969834088,1.2524203069657616,4.533016613667206
Ben Shapiro,Here's How Trump Outsmarted China on Trade,2025-05-13 11:00:20+00:00,97506,2903,601,563,5.156305506216697,0.1939373062349293,4.171025372797572
Ben Shapiro,The last American hostage taken by Hamas is being released,2025-05-13 15:00:02+00:00,42607,2275,57,196,11.607142857142858,0.0861538461538461,5.933297345506607
Ben Shapiro,Left FREAKS As Trump Accepts White Refugees,2025-05-13 17:00:06+00:00,162309,5447,1375,404,13.482673267326732,0.0741692674866899,4.45200204548115
Ben Shapiro,Edan Alexander's emotional reunion with his family,2025-05-13 19:00:16+00:00,47943,2206,74,106,20.81132075471698,0.0480507706255666,4.976743215902217
Ben Shapiro,Why Trump’s Refugee Policy Is Driving the Media Crazy,2025-05-13 21:00:32+00:00,141908,5959,1928,273,21.82783882783883,0.0458130558818593,5.75020435775291
Ben Shapiro,Ernst Roets on the Afrikaner refugee plan,2025-05-14 03:00:26+00:00,34161,1931,143,112,17.241071428571427,0.0580010357327809,6.3991100963086565
Ben Shapiro,What the GOP’s $900B Budget Cut Means for Medicaid,2025-05-14 11:00:59+00:00,44577,1502,406,236,6.364406779661017,0.1571238348868175,4.809655203355991
Ben Shapiro,Scott Bessent lays out the future of Trump's economic plan,2025-05-14 15:00:02+00:00,24096,993,20,4,248.25,0.0040281973816717,4.220617529880478
Ben Shapiro,Trump’s Saudi TRIUMPH,2025-05-14 17:00:06+00:00,154447,4595,1258,758,6.062005277044855,0.164961915125136,4.280432769817478
Ben Shapiro,Archaeological Expert Breaks Down The History of Jerusalem,2025-05-14 21:01:01+00:00,41628,2123,425,701,3.028530670470756,0.3301931229392369,7.804842894205823
Ben Shapiro,Trump does what Biden could NEVER do,2025-05-15 00:00:43+00:00,66973,2768,88,46,60.17391304347826,0.0166184971098265,4.333089453959058
Ben Shapiro,Trump will NEVER hesitate to wield American power,2025-05-15 01:00:28+00:00,69496,3253,111,66,49.28787878787879,0.0202889640332001,4.935535858178889
Ben Shapiro,What Trump’s Foreign Policy Means for Iran,2025-05-15 11:00:15+00:00,51641,2106,715,603,3.492537313432836,0.2863247863247863,6.630390581127399
Ben Shapiro,"What’s In The Trump BIG, BEAUTIFUL BILL?",2025-05-15 17:00:06+00:00,129863,3552,800,317,11.205047318611989,0.0892454954954955,3.595327383473353
Ben Shapiro,"Ben Shapiro Breaks Down The GOP's Big, Beautiful Tax Bill",2025-05-15 21:00:49+00:00,92584,2284,486,266,8.586466165413533,0.11646234676007,3.2791843083038104
Ben Shapiro,Qatar gave Trump a royal welcome,2025-05-15 22:00:01+00:00,151011,5082,270,149,34.10738255033557,0.029319165682802,3.642780989464344
Ben Shapiro,The Truth About Medicaid and Who It’s Hurting,2025-05-16 11:00:31+00:00,27779,1335,420,219,6.095890410958904,0.1640449438202247,7.106087332157385
Ben Shapiro,James Gunn’s Superman trailer is a MESS,2025-05-16 15:00:19+00:00,109090,2083,353,873,2.38602520045819,0.4191070571291406,3.0332752772939777
Ben Shapiro,Former FBI Director Headed to JAIL for Threatening Trump?!,2025-05-16 17:00:06+00:00,211608,5978,1236,316,18.917721518987346,0.0528604884576781,3.558466598616309
Ben Shapiro,Ben Shapiro's TAKEDOWN of The Left's HORRIBLE Border Plan,2025-05-16 21:00:09+00:00,27321,1174,157,85,13.811764705882354,0.0724020442930153,5.18282639727682
Ben Shapiro,"Diddy’s Downfall, Menendez Mania & Clooney’s Regret",2025-05-16 23:30:12+00:00,60700,2106,211,140,15.042857142857144,0.0664767331433998,4.047775947281713
Ben Shapiro,Ben Shapiro Reacts To Famous Courtroom Movie Scenes,2025-05-17 14:01:22+00:00,165375,6072,659,160,37.95,0.0263504611330698,4.166893424036281
Ben Shapiro,Why the Romanian election was thrown out,2025-05-17 15:00:41+00:00,40667,1362,131,243,5.604938271604938,0.1784140969162995,4.268817468709273
Ben Shapiro,Ben Shapiro Reacts to Lorde’s Identity Crisis and Halle Berry’s Mother's Day Stunt,2025-05-17 16:01:24+00:00,95171,2374,428,135,17.585185185185185,0.056866048862679,3.086024103981255
Ben Shapiro,Lorde is a woman except when she's a man?!,2025-05-17 19:00:44+00:00,96582,5722,252,328,17.445121951219512,0.0573226144704648,6.52502536704562
Ben Shapiro,75-year-old Bruce Springsteen attempts to lead the Democrat resistance,2025-05-18 22:00:59+00:00,107658,3889,807,42,92.5952380952381,0.0107996914373875,4.400973452971447
Ben Shapiro,"Biden Was Senile, Had CANCER, And They Knew!",2025-05-19 17:00:06+00:00,205966,6591,1147,283,23.28975265017668,0.0429373387953269,3.894332074225843
Ben Shapiro,They covered up Biden's cancer for 10 YEARS?!,2025-05-19 19:00:41+00:00,107465,5355,289,107,50.046728971962615,0.0199813258636788,5.351509793886382
Ben Shapiro,Ben Shapiro Reacts to LEAKED AUDIO Exposing Biden’s Mental Decline,2025-05-19 21:00:31+00:00,101104,3250,357,107,30.373831775700936,0.0329230769230769,3.673445165374268
Ben Shapiro,Biden's Cancer Diagnosis is PROOF the Left LIED About His Health,2025-05-20 11:01:24+00:00,60892,2943,477,148,19.885135135135137,0.0502888209310227,5.859554621296722
Ben Shapiro,The Democrat-Media Scandal That Won’t Go Away,2025-05-20 17:00:06+00:00,210923,5827,1010,411,14.177615571776157,0.070533722327098,3.436325104421993
Ben Shapiro,Democrats' Conspiracy Theories CAN'T EXPLAIN Biden's Cancer Diagnosis,2025-05-20 21:00:03+00:00,28664,1403,203,151,9.291390728476822,0.1076265146115466,6.129639966508512
Ben Shapiro,Hillary Clinton just insulted MILLIONS of women,2025-05-21 03:00:44+00:00,74690,4031,335,24,167.95833333333334,0.0059538576035723,5.877627527112063
Ben Shapiro,"Trump Pushes for Peace, But Putin Refuses to Listen",2025-05-21 11:01:28+00:00,66508,4737,1227,173,27.38150289017341,0.0365210048553937,9.227461358032116
Ben Shapiro,Rubio BLOWS UP Senate Democrats,2025-05-21 17:00:06+00:00,217546,6355,639,346,18.36705202312139,0.0544453186467348,3.3739990622672904
Ben Shapiro,Why Are Democrats STILL Covering for Biden's Health Issues?,2025-05-21 21:00:07+00:00,43977,1910,289,143,13.356643356643357,0.0748691099476439,5.3255110626009055
Ben Shapiro,Bill Belichick’s 24-year-old girlfriend says she's not with him for his money?!,2025-05-22 01:00:09+00:00,50694,1829,99,27,67.74074074074075,0.0147621651175505,3.856472166331321
Ben Shapiro,Bill Belichick’s Relationship With Jordon Hudson Gets Weirder by the Minute,2025-05-22 11:00:56+00:00,49476,1574,310,54,29.14814814814815,0.0343074968233799,3.9170506912442393
Ben Shapiro,Could AOC take over the Democratic Party?,2025-05-22 15:00:01+00:00,48037,2196,186,41,53.5609756097561,0.0186703096539162,5.044028561317318
Ben Shapiro,Leftist Terrorist MURDERS 2 At Jewish Event In DC,2025-05-22 17:00:06+00:00,149188,5451,1391,473,11.52431289640592,0.0867730691616217,4.903209373408049
Ben Shapiro,Radical Leftist Terrorist Kills Israeli Embassy Couple in HORRIFIC D.C. Shooting,2025-05-22 21:00:20+00:00,108244,5672,1335,628,9.031847133757962,0.1107193229901269,7.05350873951443
Ben Shapiro,Ben Shapiro Reacts To the Diddy Trial Allegations Surrounding Kid Cudi,2025-05-23 11:00:35+00:00,93575,2475,252,115,21.52173913043478,0.0464646464646464,3.037135987176062
Ben Shapiro,Is There A Debt Bomb About To Drop?!,2025-05-23 17:00:43+00:00,174894,4431,1022,265,16.720754716981133,0.0598059128864816,3.2694088991046004
Ben Shapiro,How The Left Is Enabling Antisemitic Violence,2025-05-23 21:00:02+00:00,49115,2862,839,707,4.048090523338048,0.2470300489168413,8.97485493230174
Ben Shapiro,"Diddy Gets Punished, Cage Eats Madden & A WNBA Meltdown",2025-05-24 00:52:48+00:00,62301,1786,215,57,31.33333333333333,0.0319148936170212,3.303317763759811
Ben Shapiro,Did I Just Eat A Vomit Flavored Jelly Bean?,2025-05-24 14:00:56+00:00,61862,3248,293,93,34.924731182795696,0.0286330049261083,5.874365523261453
Ben Shapiro,Trump’s big beautiful bill just passed,2025-05-24 15:00:18+00:00,64685,3164,201,140,22.6,0.0442477876106194,5.418566901136276
Ben Shapiro,Is This the Biggest Presidential Scandal in U.S. History?,2025-05-24 16:00:41+00:00,161868,5414,947,300,18.046666666666667,0.0554118950868119,4.115081424370475
Ben Shapiro,Biden's most embarrassing moment with a celebrity EXPOSED,2025-05-24 19:00:12+00:00,72722,4242,127,12,353.5,0.0028288543140028,6.024311762602789
Ben Shapiro,Democrats planned to CATFISH voters with Biden?!,2025-05-24 22:00:03+00:00,53042,3431,79,50,68.62,0.0145730107840279,6.711662456166812
Ben Shapiro,Memorial Day: Remembering The Fallen w/ Sen. Tim Sheehy,2025-05-26 14:00:55+00:00,16718,956,120,228,4.192982456140351,0.2384937238493724,7.799976073693025
Ben Shapiro,Why Sen. Tim Sheehy chose to serve in the military,2025-05-26 22:00:21+00:00,24363,1662,43,36,46.16666666666666,0.0216606498194945,7.146082173788121
Ben Shapiro,Can Trump STOP World War III?,2025-05-27 17:00:49+00:00,178116,4741,1222,323,14.678018575851391,0.0681290866905716,3.52916077163197
Ben Shapiro,Is An Invasion Inevitable? | Ben Shapiro Explains the Conflict Between China and Taiwan,2025-05-27 21:00:47+00:00,96255,2872,531,178,16.134831460674157,0.0619777158774373,3.720326216819905
Ben Shapiro,Why Trump’s PEACE Through STRENGTH Policy Is Critical for Global Stability,2025-05-28 11:00:47+00:00,21431,1103,245,182,6.06043956043956,0.1650045330915684,7.139190891698941
Ben Shapiro,The American people aren't ready for this,2025-05-28 15:00:38+00:00,60945,2507,134,34,73.73529411764706,0.0135620263262863,4.389203380096808
Ben Shapiro,The Trump 2026 VICTORY Plan,2025-05-28 17:00:14+00:00,172760,4322,975,521,8.295585412667947,0.1205460434983803,3.3676777031720304
Ben Shapiro,Ben Shapiro Reacts to South African President Defending Genocidal Chant,2025-05-28 21:00:32+00:00,122517,5542,1313,280,19.792857142857144,0.0505232767953807,5.823681611531461
Ben Shapiro,South Africa’s President DEFENDS this chant?!,2025-05-28 22:00:21+00:00,97981,3770,251,38,99.21052631578948,0.0100795755968169,4.142639899572366
Ben Shapiro,King Charles is the LAST person who should say this,2025-05-29 03:00:37+00:00,78980,3041,271,42,72.4047619047619,0.013811246300559,4.246644720182324
Ben Shapiro,Ben Shapiro Reacts to Jennifer Lopez’s Viral Makeout Session and Diddy’s Scandal,2025-05-29 11:01:01+00:00,127129,5635,1359,313,18.003194888178914,0.0555456965394853,5.747705086958916
Ben Shapiro,Elon’s Farewell and Trump’s Tariff War Dead?,2025-05-29 17:00:45+00:00,200055,4920,1008,270,18.22222222222222,0.0548780487804878,3.0981480092974434
Ben Shapiro,Megyn Kelly Breaks Down the Diddy Trial For Ben Shapiro,2025-05-29 21:00:05+00:00,386336,9548,1018,922,10.355748373101951,0.0965647255969836,2.973577404124907
Ben Shapiro,J.D. Vance Explains Trump’s America-First Foreign Policy,2025-05-30 11:00:50+00:00,33411,1377,422,534,2.5786516853932584,0.3877995642701525,6.9827302385441925
Ben Shapiro,The WNBA’s race narrative just collapsed,2025-05-30 15:00:13+00:00,63117,3061,171,76,40.276315789473685,0.0248284874224109,5.241060253180601
Ben Shapiro,Battling For The Heart of Western Civilization | @ CPAC Hungary,2025-05-30 17:01:06+00:00,106329,4284,648,320,13.3875,0.0746965452847805,4.9393862445805
Ben Shapiro,How to respond to being called a racist,2025-05-30 19:00:44+00:00,66060,4692,204,29,161.79310344827587,0.0061807331628303,7.455343627005752
Ben Shapiro,Caitlin Clark Is at the Center of the WNBA’s Racism Debate,2025-05-30 21:00:30+00:00,180475,4691,973,194,24.18041237113402,0.0413557876785333,3.2458789305998064
Ben Shapiro,Why Western civilization CANNOT survive without God,2025-05-30 22:00:08+00:00,46158,2277,145,107,21.2803738317757,0.0469916556873078,5.479006889379956
Ben Shapiro,"Vodka, Woke Clowns, and Trophyless Tantrums",2025-05-31 00:00:45+00:00,61934,2291,225,91,25.17582417582417,0.0397206460061108,4.209319598282042
Ben Shapiro,Is wokeness losing support in America?,2025-05-31 01:00:50+00:00,79349,3884,123,28,138.71428571428572,0.0072090628218331,5.085130247388121
Ben Shapiro,Why spiritual life in the West is fading,2025-05-31 03:00:39+00:00,39663,1964,80,35,56.114285714285714,0.0178207739307535,5.241660993873383
Ben Shapiro,"Ben Shapiro Reviews ""Mission: Impossible – The Final Reckoning""",2025-05-31 14:00:59+00:00,166692,4605,1052,175,26.314285714285717,0.0380021715526601,3.4986682024332296
Ben Shapiro,"Ben Shapiro’s Q&A at CPAC Hungary - Trump, Bringing Back Religion, & the Death of Wokeness",2025-05-31 16:01:13+00:00,71611,2149,411,290,7.410344827586207,0.1349464867380176,3.979835500132661
Ben Shapiro,Would YOU eat a jelly bean that tastes like this?,2025-05-31 19:00:31+00:00,57397,2360,70,27,87.4074074074074,0.0114406779661016,4.280711535446104
Ben Shapiro,This is what passes for talent in Hollywood now?,2025-06-01 19:00:25+00:00,51620,2644,126,29,91.17241379310344,0.0109682299546142,5.42231693142193
Ben Shapiro,Who Is The Bigger Hater - Ben Shapiro or Adam Carolla?,2025-06-02 17:00:40+00:00,47185,2015,245,101,19.95049504950495,0.0501240694789081,5.003708805764544
Ben Shapiro,My team forced me to hate on the Constitution for 1 minute straight..,2025-06-02 22:00:42+00:00,49483,2076,42,34,61.05882352941177,0.0163776493256262,4.348968332558656
Ben Shapiro,Adam Carolla's NEVER seen 'The Godfather'?!,2025-06-03 01:00:05+00:00,30733,1652,120,44,37.54545454545455,0.0266343825665859,5.908957797806917
Ben Shapiro,Best Ben Shapiro Debate Moments Compilation,2025-06-03 17:00:56+00:00,330166,7201,695,226,31.86283185840708,0.0313845299263991,2.459974679403694
Ben Shapiro,This trans debate got heated FAST,2025-06-04 01:00:36+00:00,154080,5351,599,199,26.889447236180903,0.0371893104092692,3.9907840083073727
Ben Shapiro,Biology is not threatened; truth is threatened,2025-06-04 03:00:13+00:00,116694,4836,182,63,76.76190476190476,0.0130272952853598,4.354122748384665
Ben Shapiro,Greta Goes To Gaza!,2025-06-04 17:01:16+00:00,197781,6250,1649,331,18.882175226586103,0.05296,4.161168160743448
Ben Shapiro,Greta Thunberg is BEYOND obnoxious,2025-06-04 19:00:07+00:00,141446,5450,551,325,16.76923076923077,0.0596330275229357,4.472378151379325
Ben Shapiro,Is WOKE Pride Month Propaganda Coming To An End?,2025-06-04 21:00:02+00:00,53320,2044,474,87,23.49425287356322,0.0425636007827788,4.885596399099775
Ben Shapiro,Ben Reacts: Biden Defender KJP No Longer a Democrat,2025-06-04 21:06:21+00:00,132722,3757,535,59,63.67796610169491,0.0157040191642267,3.2782809180090715
Ben Shapiro,The most important attributes to look for in a spouse,2025-06-05 01:00:28+00:00,61731,3008,60,104,28.923076923076923,0.0345744680851063,5.13842315854271
Ben Shapiro,Greta Thunberg's Performative Activism Is Getting Old,2025-06-05 11:00:26+00:00,161608,7827,1912,619,12.644588045234247,0.0790852178356969,6.409336171476659
Ben Shapiro,A Big Announcement! Plus Trump’s NEW Travel Ban!,2025-06-05 17:08:53+00:00,154262,4134,781,172,24.03488372093023,0.0416061925495887,3.297636488571391
Ben Shapiro,This is the most common excuse in abortion debates,2025-06-05 19:14:01+00:00,29736,1780,122,25,71.2,0.0140449438202247,6.480360505784234
Ben Shapiro,Ben Shapiro Reacts to ‘Wicked: For Good’ Trailer,2025-06-05 21:00:18+00:00,73036,1928,367,161,11.975155279503106,0.08350622406639,3.362725231392738
Ben Shapiro,Trump is making America SAFE again with his newest executive order,2025-06-05 22:01:13+00:00,35848,2351,95,20,117.55,0.0085070182900893,6.879044856058915
Ben Shapiro,Ben Shapiro Reacts | Trump vs Elon: What The Hell Is Going On?,2025-06-05 22:16:12+00:00,1204166,37110,7675,2108,17.604364326375713,0.0568040959310158,3.8942305296778015
Ben Shapiro,Why Tucker Carlson Is WRONG About Iran,2025-06-06 11:00:08+00:00,135034,5425,2072,646,8.397832817337461,0.1190783410138248,6.030333101293008
Ben Shapiro,Why New York is turning red,2025-06-06 15:00:17+00:00,38483,2625,87,53,49.528301886792455,0.0201904761904761,7.184990775147468
Ben Shapiro,TRUMP VS. MUSK: THE ULTIMATE BATTLE!,2025-06-06 17:10:35+00:00,294567,5816,1692,305,19.068852459016394,0.0524415405777166,2.6523677126086764
Ben Shapiro,Who gave this person an award?!,2025-06-06 19:17:51+00:00,56704,2796,249,39,71.6923076923077,0.0139484978540772,5.438769751693003
Ben Shapiro,Ben Shapiro Explains Elon Musk’s Feud With Trump On X,2025-06-06 21:00:20+00:00,91209,2160,548,213,10.140845070422536,0.0986111111111111,3.2025348375708536
Ben Shapiro,"Trump says Elon has ""Trump Derangement Syndrome""",2025-06-06 22:00:57+00:00,41001,1636,178,121,13.520661157024794,0.073960880195599,4.7193970878759055
Ben Shapiro,"Pride Pandering, JoJo Siwa Goes Straight, TikTok’s McDonald’s Migraine Miracle",2025-06-07 00:18:34+00:00,71439,2299,200,64,35.921875,0.0278381905176163,3.5876761992749056
Ben Shapiro,James Carville just made an UNBELIEVABLE allegation against Jews,2025-06-07 03:00:43+00:00,86271,4099,325,59,69.47457627118644,0.0143937545742864,5.1964159451032215
Ben Shapiro,Raising Resilient Kids w/ Jordan B. Peterson,2025-06-07 14:00:50+00:00,98614,3032,302,256,11.84375,0.0844327176781002,3.640456730281704
Ben Shapiro,Democrats continue on their downward spiral,2025-06-07 15:01:26+00:00,39772,2194,96,74,29.64864864864865,0.0337283500455788,5.943880116664991
Ben Shapiro,"My thoughts on the ""Wicked: For Good"" trailer",2025-06-07 19:00:34+00:00,73243,2182,260,461,4.733188720173536,0.2112740604949587,3.9635186980325767
Ben Shapiro,Maybe they're onto something...,2025-06-07 22:01:02+00:00,77712,4187,212,44,95.1590909090909,0.010508717458801,5.717263743051267
Ben Shapiro,Ben Shapiro And Jordan Peterson Do WILD Pop Culture Impressions,2025-06-08 17:00:54+00:00,51016,2266,300,194,11.68041237113402,0.085613415710503,5.410067429825937
Ben Shapiro,Jordan deserves an Oscar for this,2025-06-08 19:00:29+00:00,59388,3501,121,77,45.46753246753247,0.0219937160811196,6.228531016366943
Ben Shapiro,Is Ben looking for his 'Real Housewives' moment?!,2025-06-08 22:00:28+00:00,31859,1248,24,63,19.80952380952381,0.0504807692307692,4.190338679807903
Ben Shapiro,ILLEGAL IMMIGRANT RIOTS! TRUMP SENDS IN THE TROOPS!,2025-06-09 17:00:36+00:00,286953,8451,2099,248,34.07661290322581,0.0293456395692817,3.7629855760351
Ben Shapiro,Ben Shapiro Reacts To Democrats DEFENDING The LA Riots,2025-06-09 21:00:26+00:00,282908,10137,1766,279,36.333333333333336,0.0275229357798165,4.305993467841136
Ben Shapiro,Stop pretending you’re for ‘small government’ when you’re not,2025-06-09 22:00:39+00:00,52989,2860,84,31,92.25806451612904,0.0108391608391608,5.614372794353545
Ben Shapiro,"Trump To ARREST Newsom?! PLUS, Hungary’s Viktor Orban Stops By!",2025-06-10 17:00:42+00:00,240606,5673,1363,279,20.33333333333333,0.0491803278688524,3.0402400605138693
Ben Shapiro,Ben Shapiro Interviews Riley Gaines About Her Viral Feud With Simone Biles,2025-06-10 21:00:44+00:00,131267,3901,470,78,50.01282051282051,0.0199948731094591,3.389275293866699
Ben Shapiro,"Ben Shapiro SLAMS Gavin Newsom on Immigration, Riots & Crime in Los Angeles",2025-06-11 11:00:45+00:00,103698,4571,772,140,32.65,0.0306278713629402,5.287469382244595
Ben Shapiro,Should Trump Let LA BURN? Plus FAKE GAVIN And Part II With Orban!,2025-06-11 17:00:20+00:00,212309,4873,1050,180,27.072222222222223,0.0369382310691565,2.874583743505928
Ben Shapiro,Miranda Devine on Trump’s genius ability to act and not ideologize,2025-06-11 19:00:01+00:00,22531,1111,28,14,79.35714285714286,0.0126012601260126,5.117393812968799
Ben Shapiro,Ben Shapiro Explains Why Trump Should Let California Burn,2025-06-11 21:00:24+00:00,213829,7824,1946,476,16.436974789915965,0.0608384458077709,4.7916793325507765
Ben Shapiro,"If there is no unrest in LA, then why do you need a curfew?",2025-06-11 22:00:24+00:00,90270,3846,306,2,1923.0,0.000520020800832,4.601750304641631
Ben Shapiro,The REAL way to fix wealth inequality,2025-06-12 03:01:00+00:00,40742,1846,170,122,15.131147540983608,0.066088840736728,5.247655981542389
Ben Shapiro,The Parasites Who Want To Run America,2025-06-12 17:00:55+00:00,237831,5398,2381,8255,0.6539067231980618,1.5292701000370508,6.741762007475898
Ben Shapiro,Dr. Phil describes what he's seen in LA during the riots,2025-06-12 19:00:08+00:00,63083,4367,124,62,70.43548387096774,0.0141973895122509,7.217475389566127
Ben Shapiro,Dr. Phil Tells Ben Shapiro About the INSANITY He’s Seen During The LA Riots,2025-06-12 21:00:31+00:00,94783,3317,233,91,36.45054945054945,0.0274344287006331,3.8414061593323696
Ben Shapiro,Ben Shapiro Reacts: Dem Senator DETAINED After MELTDOWN at Kristi Noem’s Press Conference,2025-06-12 21:45:01+00:00,108133,3989,576,193,20.66839378238342,0.0483830533968413,4.400136868486031
Ben Shapiro,This is what real white privilege looks like,2025-06-12 22:00:13+00:00,90494,5217,232,56,93.16071428571428,0.0107341383937128,6.083276239308684
Ben Shapiro,Corporate Pride Pandering has gone too far,2025-06-13 01:00:13+00:00,87042,3430,76,23,149.1304347826087,0.0067055393586005,4.054364559637876
Ben Shapiro,Breaking News: Israel Hits Iran with Targeted Airstrikes,2025-06-13 03:04:46+00:00,480205,15191,2157,2152,7.059014869888476,0.1416628266736883,4.060765714642705
Ben Shapiro,Ben just DESTROYED abortion logic,2025-06-13 15:00:53+00:00,36735,2349,117,46,51.06521739130435,0.0195828011919965,6.838165237511909
Ben Shapiro,IT’S HAPPENING: Israel WRECKS Iran,2025-06-13 17:00:02+00:00,361951,10875,2379,2744,3.9631924198250728,0.2523218390804598,4.419935295109006
Ben Shapiro,Dem Senator has a MELTDOWN at Kristi Noem’s press conference,2025-06-13 19:13:17+00:00,85986,3953,135,67,59.0,0.0169491525423728,4.83218198311353
Ben Shapiro,Ben Shapiro Explains How Trump's Policy Led to Israel's Surprise Strike on Iran,2025-06-13 21:00:02+00:00,86649,3209,624,778,4.124678663239075,0.2424431287005297,5.321469376449815
Ben Shapiro,Bonus Episode: THE REVENGE,2025-06-13 23:45:40+00:00,289271,9006,1664,1043,8.63470757430489,0.1158116811014879,4.049144228076786
Ben Shapiro,Iran Just FAFO'd | Ben After Dark Preview,2025-06-14 02:18:37+00:00,131479,4257,737,1038,4.101156069364162,0.2438336856941508,4.587804896599456
Ben Shapiro,Israel’s stunning operation crushed DECADES of threats,2025-06-14 03:00:30+00:00,98663,4247,227,207,20.516908212560388,0.0487402872615964,4.744433070147877
Ben Shapiro,The TRUTH About The Israel-Iran Conflict (A Comprehensive History),2025-06-14 15:01:18+00:00,428119,13375,2866,3063,4.366634018935684,0.2290093457943925,4.5090266958485845
Ben Shapiro,Jordan Peterson's advice for parents,2025-06-14 19:00:31+00:00,91525,3203,138,172,18.62209302325581,0.0536996565719637,3.838295547664573
Ben Shapiro,Ben Shapiro Reacts To Woke TikToks: ICE Raid Edition | Part 1,2025-06-15 15:00:37+00:00,641436,21281,3612,717,29.680613668061365,0.0336920257506696,3.9926040945628247
Ben Shapiro,Jordan Peterson explains why some risks are a good thing,2025-06-15 19:00:15+00:00,47371,2080,38,72,28.88888888888889,0.0346153846153846,4.623081632222246
Ben Shapiro,Israel’s DEVASTATING Offensive Continues…While Trump Plays 4D Chess,2025-06-16 17:00:55+00:00,331900,9867,1973,1692,5.831560283687943,0.1714806932198236,4.077131666164507
Ben Shapiro,"Yelling ‘F you’ is how we change minds now, apparently",2025-06-16 19:00:28+00:00,44559,2858,323,50,57.16,0.0174947515745276,7.251060391840032
Ben Shapiro,Ben Shapiro DISMANTLES Tucker Carlson’s Attacks on Trump,2025-06-16 21:13:29+00:00,313245,13092,4776,5463,2.396485447556288,0.4172777268560953,7.448163578029976
Ben Shapiro,The Left STILL doesn’t understand Iran,2025-06-17 01:00:27+00:00,47486,2291,132,104,22.028846153846157,0.0453950240069838,5.32156846228362
Ben Shapiro,Luigi Mangione’s Manifesto: 27 things he’s grateful for in jail,2025-06-17 03:00:26+00:00,69169,1917,418,1167,1.6426735218508997,0.6087636932707355,5.062961731411471
Ben Shapiro,Trump to Iran: SURRENDER Or Face The Consequences!,2025-06-17 19:50:54+00:00,320346,8697,2423,1923,4.522620904836193,0.2211107278371852,4.071535152616234
Ben Shapiro,Ben Shapiro DESTROYS Jon Stewart’s Take on the Iran Nuclear Deal and Israel,2025-06-18 00:00:33+00:00,198779,7210,2204,1506,4.787516600265604,0.208876560332871,5.493538049793992
Ben Shapiro,Israel just crippled Iran’s media system,2025-06-18 01:00:55+00:00,93805,5505,390,167,32.964071856287426,0.0303360581289736,6.462342092638986
Ben Shapiro,"Trump says Iran ""should've done the deal""",2025-06-18 03:00:17+00:00,79462,4061,246,155,26.2,0.0381679389312977,5.615262641262491
Ben Shapiro,I Met The Pope...PLUS SCOTUS Hands Matt Walsh A Win!,2025-06-18 19:23:18+00:00,250059,6708,1212,519,12.92485549132948,0.0773703041144901,3.374803546363058
Ben Shapiro,Arnold Schwarzenegger TRIGGERS ‘The View’ With An Immigration Truth Bomb,2025-06-18 23:00:55+00:00,287166,8235,1077,173,47.60115606936416,0.0210078931390406,3.3029676215150823
Ben Shapiro,"As I told Pope Leo, the 2005 White Sox World Series victory is a miracle we can all agree on.",2025-06-19 01:00:04+00:00,227127,7626,324,365,20.893150684931506,0.0478625753999475,3.660947399472541
Ben Shapiro,Arnold Schwarzenegger's truth bomb had Sunny Hostin panicking on-air,2025-06-19 03:00:19+00:00,149696,8821,375,110,80.19090909090909,0.0124702414692211,6.216598973920479
Ben Shapiro,Whoopi Goldberg Plays The Oppression Card!,2025-06-19 17:09:31+00:00,245270,4779,931,356,13.424157303370787,0.0744925716677129,2.473192807925959
Ben Shapiro,A rant SO WOKE it’s basically poetry 😂,2025-06-19 19:01:00+00:00,71266,3941,526,52,75.78846153846153,0.0131946206546561,6.341032189262761
Ben Shapiro,Ben Shapiro FACT CHECKS Democrats Take On Iran & Middle East Chaos,2025-06-19 21:00:14+00:00,66423,2004,795,900,2.2266666666666666,0.4491017964071856,5.568854161961971
Ben Shapiro,They're not violent... they're just trying to provoke cops?!,2025-06-19 22:00:02+00:00,91727,4270,165,147,29.047619047619047,0.0344262295081967,4.995257666772051
Ben Shapiro,Whoopi Goldberg's ABSURD claim on 'The View',2025-06-20 01:00:14+00:00,138309,7114,565,241,29.51867219917013,0.0338768625245993,5.726308483178969
Ben Shapiro,Trump clarifies key points about Iran’s nuclear threat,2025-06-20 15:01:36+00:00,67939,3465,114,153,22.647058823529413,0.0441558441558441,5.493162984441926
Ben Shapiro,Trump’s FINAL ULTIMATUM: Two Weeks To Stop The Attack!,2025-06-20 17:01:07+00:00,228620,5011,1422,724,6.921270718232044,0.1444821392935542,3.130522264018896
Ben Shapiro,Someone go check on this guy 😂,2025-06-20 19:00:19+00:00,53797,3117,588,93,33.516129032258064,0.0298363811357074,7.059873227131624
Ben Shapiro,What Happens If Trump Bombs Iran?,2025-06-20 21:01:11+00:00,290946,7324,1712,1694,4.323494687131051,0.2312943746586564,3.687969588858413
Ben Shapiro,Diddy’s Freak-Off Trial Is So Wild Even R. Kelly Tried to Escape,2025-06-21 00:30:27+00:00,74233,2585,161,226,11.438053097345133,0.0874274661508704,4.003610254199614
Ben Shapiro,He proposed… to his AI Chatbot?!,2025-06-21 01:01:04+00:00,57306,2410,173,71,33.943661971830984,0.029460580912863,4.631277702160332
Ben Shapiro,Match the license plate to the politician! 🚗,2025-06-21 03:01:14+00:00,100470,2654,34,100,26.54,0.0376789751318764,2.774957698815567
Ben Shapiro,Ben Shapiro Reacts to Unwoke Comedians,2025-06-21 14:01:33+00:00,1034691,29358,1102,804,36.514925373134325,0.0273860617208256,3.021578422930131
Ben Shapiro,This protester channeled rage… and the Lost Boys?,2025-06-21 19:00:35+00:00,101997,5239,565,51,102.72549019607844,0.0097346821912578,5.740364912693511
Ben Shapiro,BREAKING: Trump DESTROYS Iranian Nuclear Program!,2025-06-22 22:41:09+00:00,652421,25110,4336,1988,12.630784708249497,0.0791716447630426,4.818054599713988
Ben Shapiro,Trump's MASTERSTROKE: What Comes Next?!,2025-06-23 17:00:06+00:00,313682,7834,1627,503,15.57455268389662,0.0642073015062547,3.176465337507412
Ben Shapiro,Jasmine Crockett’s rant about Trump proves she knows NOTHING,2025-06-23 19:00:49+00:00,51293,3197,652,239,13.376569037656903,0.0747575852361589,7.969898426685902
Ben Shapiro,BREAKING: Iran Launches Missiles at U.S. Military Bases | Does This Mean War?,2025-06-23 21:16:33+00:00,209603,5688,879,610,9.324590163934426,0.1072433192686357,3.424092212420624
Ben Shapiro,Trump is the most transparent President in history,2025-06-24 03:00:12+00:00,124524,7649,304,625,12.2384,0.0817100274545692,6.888631910314477
Ben Shapiro,PEACE THROUGH STRENGTH: Triumphant Trump ENDS Israel-Iran War!,2025-06-24 18:01:57+00:00,276939,8554,2147,755,11.329801324503311,0.0882628010287584,4.13665103145458
Ben Shapiro,Trump DEMANDS a ceasefire after more chaos in the Middle East,2025-06-24 19:36:43+00:00,90910,3525,184,124,28.427419354838708,0.035177304964539,4.216257837421625
Ben Shapiro,Tucker Carlson & The Media Were WRONG About World War 3,2025-06-24 21:00:54+00:00,170024,7402,3007,1180,6.272881355932204,0.1594163739529857,6.816096551075142
Ben Shapiro,If you vote for this guy you deserve what's coming,2025-06-25 03:00:49+00:00,115852,5541,625,271,20.44649446494465,0.0489081393250315,5.556226910195767
Ben Shapiro,COMMUNIST WINS NYC! Mamdani STUNS Cuomo In Mayoral Primary,2025-06-25 17:00:42+00:00,309222,6966,2464,1750,3.980571428571429,0.2512202124605225,3.615525415397352
Ben Shapiro,Could NYC’s Radical Far-Left Shift Spread Nationwide?,2025-06-25 21:00:00+00:00,80665,2927,981,785,3.728662420382165,0.2681926887598223,5.817888799355359
Ben Shapiro,They really believe the ‘Death to America’ chants AREN'T hostile?!,2025-06-26 01:00:10+00:00,70447,4482,284,143,31.342657342657343,0.0319053993752788,6.968359192016694
Ben Shapiro,Dr. Phil is SHOCKED by Honey Boo Boo's journey,2025-06-26 03:00:43+00:00,77392,2931,90,40,73.275,0.0136472193790515,3.9551891668389496
Ben Shapiro,How to Destroy a Country: The New Democratic Playbook,2025-06-26 11:01:18+00:00,240072,5528,1169,379,14.58575197889182,0.0685600578871201,2.947449098603752
Ben Shapiro,LOL: NATO Secretary General Calls Trump ‘Daddy’,2025-06-26 19:30:01+00:00,101561,3273,419,169,19.366863905325445,0.0516345860067216,3.801656147536949
Ben Shapiro,Brace yourselves for the future of the Democratic Party,2025-06-26 22:01:10+00:00,85291,3753,359,163,23.02453987730061,0.0434319211297628,5.012252171975941
Ben Shapiro,Hegseth WRECKS Trump-Hating Media,2025-06-27 11:01:43+00:00,257782,6612,1024,253,26.134387351778656,0.0382637628554144,3.0603378048118177
Ben Shapiro,Bernie Sanders’ Socialist Agenda Is Taking Over the Democratic Party,2025-06-27 17:00:08+00:00,45987,1625,594,372,4.368279569892473,0.2289230769230769,5.634200969839302
Ben Shapiro,BREAKING: 3 HUGE WINS from the Supreme Court on Religious Liberty and Executive Power,2025-06-27 17:56:35+00:00,228887,8954,945,178,50.30337078651685,0.0198793835157471,4.402609147745394
Ben Shapiro,Bonnie Blue Became the One S*x Worker Andrew Tate Respects,2025-06-27 23:30:07+00:00,249182,8383,2737,726,11.546831955922864,0.0866038411070022,4.75395494056553
Ben Shapiro,Zohran Mamdani is going to tax corporations into oblivion,2025-06-28 01:00:07+00:00,120082,2872,522,479,5.995824634655532,0.1667827298050139,3.2252960477007377
Ben Shapiro,Ben Shapiro DESTROYS His Producers (on the Golf Course),2025-06-28 14:00:14+00:00,130146,4321,450,141,30.645390070921987,0.0326313353390418,3.774222795936871
Ben Shapiro,Who let this movie be made?!,2025-06-28 22:00:42+00:00,75568,3482,228,84,41.45238095238095,0.0241240666283744,5.020643658691509
Ben Shapiro,"STILL WINNING: Senate Passes Big, Beautiful Bill, PLUS Supreme Court Sides With Trump!",2025-06-30 11:33:23+00:00,343015,8675,1346,661,13.124054462934946,0.0761959654178674,3.114149526988616
Ben Shapiro,Zohran Mamdani & Glastonbury Music Festival Declare War on Western Values,2025-06-30 18:31:19+00:00,161184,5773,2732,3540,1.6307909604519777,0.6131993764074138,7.4728260869565215
Ben Shapiro,"""Trump's Worst Nightmare"" is delusional and dangerous",2025-07-01 01:01:00+00:00,71150,3684,472,160,23.025,0.0434310532030401,6.066057624736472
Ben Shapiro,So… it’s only wrong when Trump does it?,2025-07-01 03:01:02+00:00,140369,7060,127,45,156.88888888888889,0.0063739376770538,5.152134730602911
Ben Shapiro,Cuck Democrats and The Misguided Youth,2025-07-01 11:00:38+00:00,238689,5367,1080,356,15.075842696629213,0.0663312837711943,2.8501522902186527
Ben Shapiro,The Moderate Democrat Is Dead and Radicals Like Mamdani Killed It,2025-07-01 18:00:58+00:00,79335,2909,712,941,3.091392136025505,0.3234788587143348,5.750299363458751
Ben Shapiro,Is Syria joining the Abraham Accords?,2025-07-01 19:00:00+00:00,37928,1892,34,26,72.76923076923077,0.0137420718816067,5.146593545665471
Ben Shapiro,Pride parade waves flags of regimes that K*LL gays?!,2025-07-02 01:01:06+00:00,47473,3190,338,111,28.73873873873874,0.0347962382445141,7.665409811893076
Ben Shapiro,Karoline Leavitt SLAMS Jerome Powell over interest rates,2025-07-02 03:00:18+00:00,81588,3220,126,97,33.1958762886598,0.0301242236024844,4.219983330881993
Ben Shapiro,"2 MUSK 2 FURIOUS: Trump vs. Musk, Redux",2025-07-02 11:01:39+00:00,248841,4708,871,205,22.965853658536584,0.0435429056924384,2.324375806237718
Ben Shapiro,"Friend, Marry, Cancel: Left-Wing Politicians Edition",2025-07-02 15:00:20+00:00,60812,1992,90,9,221.33333333333331,0.0045180722891566,3.4384660922186407
Ben Shapiro,Why Pixar’s ‘Elio’ BOMBED at the Box Office,2025-07-02 17:30:13+00:00,444745,11603,2488,351,33.05698005698006,0.0302507972076187,3.247254044452439
Ben Shapiro,"This bill isn't perfect, BUT it's necessary",2025-07-02 19:00:38+00:00,64227,2746,277,170,16.152941176470588,0.0619082301529497,4.971429461130055
Ben Shapiro,Trump vs. Elon: EV mandate's edition,2025-07-03 01:00:43+00:00,90970,3207,166,87,36.86206896551724,0.0271281571562207,3.803451687369463
Ben Shapiro,The political FMK you didn’t know you needed,2025-07-03 03:00:41+00:00,76853,2521,45,66,38.196969696969695,0.0261800872669575,3.424719919846981
Ben Shapiro,Diddy ACQUITTED On Major Charges…PLUS Will The Big Beautiful Bill Pass?!,2025-07-03 11:01:04+00:00,250159,4221,694,127,33.23622047244095,0.0300876569533285,2.015518130469022
Ben Shapiro,Trump Wins AGAIN After UPenn Strips Lia Thomas of Titles and Bans Trans Athletes,2025-07-03 17:37:14+00:00,83118,2738,378,133,20.586466165413533,0.0485756026296566,3.908900599148199
Ben Shapiro,Mamdani wants to turn NYC into a slum,2025-07-03 19:00:55+00:00,116982,4125,501,248,16.633064516129032,0.0601212121212121,4.166452958574824
Ben Shapiro,Paula Scanlan speaks out after UPenn bans trans athletes,2025-07-04 01:00:15+00:00,49388,3752,88,40,93.8,0.0106609808102345,7.8561593909451695
Ben Shapiro,"Ben Reacts: Trump Called It, Republicans Passed It—The Big Beautiful Bill Is Here",2025-07-04 02:59:19+00:00,299370,9871,1661,666,14.82132132132132,0.0674703677438962,4.074556568794469
Ben Shapiro,Can Ben Shapiro Guess the Founding Father Quote? | Independence Day Special,2025-07-04 14:00:35+00:00,61579,2599,265,82,31.695121951219512,0.0315505963832243,4.784098475129508
Ben Shapiro,"Pelosi, Schumer, Buttigieg… Make your picks",2025-07-04 15:00:54+00:00,38143,1566,38,64,24.46875,0.0408684546615581,4.37301732952311
Ben Shapiro,Is there hope for Elizabeth Warren?,2025-07-04 19:00:50+00:00,83643,3184,95,275,11.578181818181818,0.0863693467336683,4.24901067632677
Ben Shapiro,Diddy Watch: Fans Throw Baby Oil Rave After Verdict,2025-07-04 23:30:01+00:00,53646,1499,244,125,11.992,0.0833889259506337,3.4820862692465417
Ben Shapiro,Ben Reacts to Anti-American TikToks | Volume 3,2025-07-05 14:00:40+00:00,384568,13182,1760,491,26.84725050916497,0.0372477620998331,4.013074410767406
Ben Shapiro,Of course Diddy’s trial ended in baby oil,2025-07-05 22:00:35+00:00,37717,2061,131,79,26.088607594936708,0.0383309073265405,6.021157568205319
Ben Shapiro,Can Ben out-putt his producers?,2025-07-06 19:00:21+00:00,23048,910,37,106,8.584905660377359,0.1164835164835164,4.568726136758071
Ben Shapiro,The richest man on earth went cheap for his wedding entertainment,2025-07-06 22:00:10+00:00,173196,7391,223,214,34.53738317757009,0.0289541334054931,4.519734866856048
Ben Shapiro,"Dems LIE, Blame Trump For Storm Deaths…PLUS, Illegal Immigrant “Superman”!",2025-07-07 17:03:33+00:00,221187,5458,1608,1317,4.144267274107821,0.241297178453646,3.790005741747933
Ben Shapiro,Superman is Going WOKE - You Know What That Means...,2025-07-07 21:30:06+00:00,161031,5421,3031,7484,0.7243452699091395,1.3805570927873083,9.896231160459786
Ben Shapiro,"Welcome to The Daily Wire, Isabel Brown!",2025-07-07 23:30:24+00:00,55230,2563,209,110,23.3,0.0429184549356223,5.2181785261633165
Ben Shapiro,Isabel Brown breaks down Gen Z’s culture crisis,2025-07-08 01:00:26+00:00,31176,1034,40,57,18.140350877192983,0.0551257253384913,3.627790608160123
Ben Shapiro,We're taking medical advice from Mike Tyson now?,2025-07-08 15:00:56+00:00,33854,1436,186,50,28.72,0.0348189415041782,4.938855083594258
Ben Shapiro,RADICAL LEFT VIOLENCE: Man OPENS FIRE On Border Patrol,2025-07-08 17:01:18+00:00,213908,4911,1323,1236,3.9733009708737854,0.2516799022602321,3.492155506105429
Ben Shapiro,The Epstein Files Disappeared?,2025-07-08 21:00:33+00:00,140953,3365,4500,15576,0.2160374935798664,4.628826151560179,16.630366150418936
Ben Shapiro,Race is injected into everything nowadays,2025-07-08 22:00:00+00:00,42821,1946,221,177,10.994350282485875,0.0909558067831449,5.473949697578291
Ben Shapiro,The REAL Jeffrey Epstein Story,2025-07-09 17:00:20+00:00,453377,5465,5985,17241,0.3169769734934168,3.1548032936871,6.328287495836799
Ben Shapiro,This isn't even CLOSE to being the best Jim Carrey movie,2025-07-09 19:00:08+00:00,67326,2226,208,212,10.5,0.0952380952380952,3.930131004366813
Ben Shapiro,A Deep Dive Into EVERY Legitimate Piece of Evidence of the Epstein Case,2025-07-09 21:20:01+00:00,99028,2636,3126,11278,0.2337293846426671,4.27845220030349,17.207254513874865
Ben Shapiro,This is NOT at the top of President Trump's priority list,2025-07-09 22:00:39+00:00,49298,2010,439,560,3.5892857142857144,0.2786069651741293,6.103695890299809
Ben Shapiro,Grok's rough day on X,2025-07-10 03:00:13+00:00,87978,2882,213,205,14.058536585365854,0.0711311589174184,3.750937734433609
Ben Shapiro,They were asking all the same questions as us and found no evidence,2025-07-10 15:01:08+00:00,40572,1268,282,547,2.3180987202925047,0.4313880126182965,5.168589174800355
Ben Shapiro,The SMOKING GUN In The Biden Cover-Up?,2025-07-10 17:01:32+00:00,421742,5087,1324,1856,2.7408405172413794,0.3648515824651071,1.9602031573805787
Ben Shapiro,Ben Shapiro DISMANTLES Stacey Abrams’ Delusional Autocracy Rant,2025-07-10 21:01:09+00:00,77916,2721,643,568,4.790492957746479,0.2087467842704888,5.046460290569331
Ben Shapiro,This is everything WRONG with the WNBA right now,2025-07-10 22:00:28+00:00,65410,2336,150,170,13.741176470588234,0.0727739726027397,4.060541201651124
Ben Shapiro,Democrats DEFEND Illegal Immigrant Child Labor On Pot Farm?!,2025-07-11 17:00:48+00:00,415621,4842,1052,806,6.007444168734492,0.1664601404378356,1.6120455896116894
Ben Shapiro,Why Michelle Obama’s Oppression Story Doesn’t Add Up,2025-07-11 21:00:29+00:00,103097,3451,753,558,6.184587813620071,0.1616922631121414,4.618951084900628
Ben Shapiro,Bad Celebrity Impressions with Ben Shapiro and Glenn Beck,2025-07-12 02:00:38+00:00,30685,1370,121,476,2.8781512605042017,0.3474452554744525,6.41029819129868
Ben Shapiro,Ben Shapiro's Review of 'Superman',2025-07-12 14:00:27+00:00,489436,12442,10345,44588,0.2790436888849018,3.583668220543321,13.76584476826388
Ben Shapiro,"If you think Denmark is SO much better, then move there",2025-07-12 19:00:32+00:00,228452,9907,1441,763,12.98427260812582,0.0770162511355607,5.3013324462031415
Ben Shapiro,The Biden Autopen Scandal Breaks WIDE OPEN,2025-07-14 17:01:21+00:00,444738,7446,2759,2067,3.602322206095791,0.2775987107171636,2.759377431206688
Ben Shapiro,Hollywood ERASED what made Superman a hero,2025-07-14 19:00:19+00:00,122303,4104,545,1343,3.0558451228592705,0.3272417153996101,4.899307457707497
Ben Shapiro,Tucker Carlson's Accusations Demand Evidence — And He Has None,2025-07-14 22:30:01+00:00,107552,3979,3691,5837,0.681685797498715,1.4669514953505909,12.558576316572449
Ben Shapiro,"Dissecting the 'Bee Movie' with our newest Daily Wire host, Isabel Brown",2025-07-15 03:00:57+00:00,33153,894,65,100,8.94,0.1118568232662192,3.194281060537508
Ben Shapiro,What “Separation of Church and State” REALLY means,2025-07-15 15:01:42+00:00,90525,3127,161,37,84.51351351351352,0.0118324272465622,3.673018503175919
Ben Shapiro,Democrats ABANDON Barack Obama?!,2025-07-15 17:00:37+00:00,513261,6517,1177,1186,5.494940978077572,0.1819855761853613,1.730113918649576
Ben Shapiro,The Democratic party is still stuck in the Obama model,2025-07-15 19:00:38+00:00,65643,2739,124,103,26.59223300970874,0.0376049653158086,4.518379720609966
Ben Shapiro,A Gavin Newsom Presidency Would Be CATASTROPHIC,2025-07-15 21:00:42+00:00,57958,1654,728,665,2.487218045112782,0.402055622732769,5.25725525380448
Ben Shapiro,Chip and Joanna Gaines SELL OUT?,2025-07-16 17:56:59+00:00,483168,5093,1212,867,5.874279123414071,0.1702336540349499,1.4843698258162792
Ben Shapiro,No. Superman is NOT like Israel-Palestine.,2025-07-16 19:00:13+00:00,97573,2074,782,2795,0.7420393559928443,1.3476374156219866,5.791561190083322
Ben Shapiro,Chip & Joanna Gaines Betray Their Faith and Fans In New Show,2025-07-16 21:01:02+00:00,187145,6575,1663,1318,4.988619119878604,0.2004562737642585,5.106201074033503
Ben Shapiro,Reminder: Trump is NOT to blame for the government being too big,2025-07-16 22:00:03+00:00,84058,3264,286,121,26.975206611570247,0.0370710784313725,4.367222631992195
Ben Shapiro,Chip Gaines just called his own fans intolerant,2025-07-17 03:00:18+00:00,54598,2197,135,32,68.65625,0.0145653163404642,4.329828931462691
Ben Shapiro,HILARIOUS: Shane Gillis Destroys The ESPYS…And Wokeness,2025-07-17 17:00:10+00:00,523034,6613,845,722,9.159279778393351,0.1091788900650234,1.563951865461901
Ben Shapiro,James Gunn should NOT have directed 'Superman',2025-07-17 19:00:27+00:00,80573,1898,615,1485,1.2781144781144782,0.7824025289778714,4.961959961773795
Ben Shapiro,Who Was REALLY Running the White House – Jill Biden or Anthony Bernal?,2025-07-17 22:00:23+00:00,44047,1823,535,936,1.9476495726495728,0.5134393856280856,7.478375371761982
Ben Shapiro,EPSTEIN BOMBSHELL? Plus Stephen Colbert GONE!,2025-07-18 17:00:37+00:00,462414,6292,2404,4593,1.369910733725234,0.7299745708836618,2.873831674646529
Ben Shapiro,Coldplay Kiss Cam Affair HUMILIATES Cheating Tech CEO,2025-07-18 21:00:25+00:00,444653,9752,2024,657,14.843226788432268,0.0673707957342083,2.796112924010408
Ben Shapiro,This guy seems WAY too comfortable about this,2025-07-19 01:00:21+00:00,108960,3693,251,109,33.88073394495413,0.0295152992147305,3.719713656387665
Ben Shapiro,12 Biographies You MUST Read Before You Die,2025-07-19 14:00:34+00:00,115633,4230,705,388,10.902061855670103,0.091725768321513,4.603357173125319
Ben Shapiro,'Superman' wasn't really about illegal immigration,2025-07-19 15:01:00+00:00,53781,1509,121,352,4.286931818181818,0.2332670642809808,3.685316375671706
Ben Shapiro,You can leave 😁,2025-07-19 19:00:52+00:00,102504,5734,581,85,67.45882352941176,0.0148238576909661,6.243658784047452
Ben Shapiro,"Whether it's comedy or politics, this is genius",2025-07-19 22:00:10+00:00,467331,10197,259,196,52.025510204081634,0.0192213396096891,2.279326644284244
Ben Shapiro,Seriously? THIS is your dystopia?,2025-07-20 19:00:52+00:00,135110,6754,635,294,22.972789115646258,0.0435297601421379,5.686477684849383
Ben Shapiro,Obama CONSPIRACY To Undermine Trump’s Presidency?,2025-07-21 14:50:01+00:00,485065,7528,1658,1468,5.128065395095367,0.1950053134962805,2.1964066671477016
Ben Shapiro,WNBA All-Star Protest & Stephen Colbert’s Firing Prove People Are Done Funding Losers,2025-07-21 21:00:36+00:00,255929,5419,976,271,19.99630996309963,0.0500092267946115,2.6046286274709
Ben Shapiro,Charlamagne tha God's take on Stephen Colbert is WILDLY delusional,2025-07-21 22:00:31+00:00,50709,2071,342,115,18.008695652173913,0.0555287300820859,4.985308327910233
Ben Shapiro,Hunter Biden MELTS DOWN…On Democrats!,2025-07-22 17:00:27+00:00,544924,5262,1187,598,8.799331103678929,0.1136450019004181,1.293207860178667
Ben Shapiro,This Conviction EXPOSES the Biden Admin's War on Cops,2025-07-22 21:30:00+00:00,31788,1349,264,276,4.88768115942029,0.2045959970348406,5.942494022901724
Ben Shapiro,Media LIES About Trump Explode In Their Faces!,2025-07-23 15:32:11+00:00,464713,7660,1262,1496,5.120320855614973,0.1953002610966057,2.241813764624618
Ben Shapiro,The REAL Russia Hoax: How Obama’s FBI Protected Hillary & Framed Trump,2025-07-23 21:00:53+00:00,77188,2827,809,1212,2.3325082508250827,0.4287230279448178,6.280769031455667
Ben Shapiro,George Clooney's political endorsements say A LOT,2025-07-23 22:00:34+00:00,267209,4536,500,167,27.161676646706585,0.0368165784832451,1.9471649532762745
Ben Shapiro,China’s population collapse is worse than you think,2025-07-24 01:00:53+00:00,177341,6405,491,93,68.87096774193549,0.014519906323185,3.940995032169662
Ben Shapiro,Tulsi’s BOMBSHELL: Team Obama Doctored Intel To Push Russiagate,2025-07-24 17:00:59+00:00,485775,4672,1136,1058,4.415879017013233,0.2264554794520548,1.4134115588492615
Ben Shapiro,The Obama administration tried to create a false narrative around President Trump and FAILED,2025-07-24 19:00:13+00:00,52356,2473,167,18,137.38888888888889,0.007278608976951,5.076782030712812
Ben Shapiro,Tulsi Gabbard EXPOSES Obama's Corruption,2025-07-24 21:00:25+00:00,60525,2110,812,1297,1.6268311488049343,0.614691943127962,6.970673275505989
Ben Shapiro,Chinese IP theft is costing the U.S. BILLIONS per year,2025-07-25 01:00:14+00:00,101643,4413,164,43,102.6279069767442,0.0097439383639247,4.545320386057082
Ben Shapiro,SHOWDOWN: Trump vs. Powell,2025-07-25 17:01:12+00:00,473753,3712,1112,896,4.142857142857143,0.2413793103448276,1.2073802171173589
Ben Shapiro,Hulk Hogan Dies A Legend & Pedro Pascal Gets Handsy,2025-07-25 21:00:59+00:00,109022,2470,523,429,5.757575757575758,0.1736842105263158,3.1388160187851994
Ben Shapiro,The NCAA shouldn't be able to prevent this,2025-07-25 22:00:41+00:00,57948,1730,100,33,52.42424242424242,0.0190751445086705,3.2149513356802646
Ben Shapiro,Ben Shapiro & Glenn Beck Try to Guess the INSANE Prices of Labubu's,2025-07-25 23:30:14+00:00,36414,1203,266,261,4.609195402298851,0.2169576059850374,4.750919975833471
Ben Shapiro,"Rest in peace to the legend, Hulk Hogan",2025-07-26 01:00:48+00:00,82461,3366,149,26,129.46153846153845,0.0077243018419489,4.294151174494609
Ben Shapiro,Ben Reacts To AI Biblical Selfies,2025-07-26 14:00:12+00:00,153129,5958,807,256,23.2734375,0.0429674387378314,4.585023085111247
Ben Shapiro,China’s military is weaker than you think,2025-07-26 19:00:22+00:00,125429,5568,376,258,21.58139534883721,0.0463362068965517,4.944630029737939
Ben Shapiro,Who's coming for whom?,2025-07-26 22:00:01+00:00,220913,7519,957,163,46.12883435582822,0.0216784146828035,3.910589236486762
Ben Shapiro,China’s economy is built on LIES,2025-07-27 01:00:15+00:00,91440,4123,229,220,18.74090909090909,0.0533592044627698,5.0
Ben Shapiro,Devastating New Polling…For DEMOCRATS,2025-07-28 17:25:03+00:00,534238,5890,989,696,8.46264367816092,0.1181663837011884,1.417907374615808
Ben Shapiro,Gen Z Socialists Are SPOILED Brats,2025-07-28 21:07:27+00:00,47448,1781,511,580,3.070689655172414,0.3256597417181359,6.05294216826842
Ben Shapiro,Why is no one talking about this attack?,2025-07-28 22:00:37+00:00,100054,6354,616,21,302.57142857142856,0.0033050047214353,6.987226897475363
Ben Shapiro,The Internet’s Cleavage Over Sydney Sweeney’s Commercial,2025-07-29 17:00:08+00:00,589806,4189,967,320,13.090625,0.0763905466698496,0.9284408771697812
Ben Shapiro,"Not gonna lie, I actually liked this.",2025-07-29 19:00:19+00:00,288382,13665,420,174,78.53448275862068,0.0127332601536772,4.944483358878155
Ben Shapiro,Ben Shapiro Reacts to Sydney Sweeney's American Eagle Ad Controversy,2025-07-29 21:00:27+00:00,313522,8194,2434,581,14.103270223752151,0.0709055406394923,3.575187706125886
Ben Shapiro,Is this REALLY who you want as Mayor of NYC?,2025-07-30 01:00:01+00:00,49566,2583,163,52,49.67307692307692,0.0201316298877274,5.644998587741597
Ben Shapiro,WINNING: Trump’s EPA WRECKS The Radical Green Agenda,2025-07-30 17:00:29+00:00,547644,4766,603,407,11.71007371007371,0.085396558959295,1.054699768462724
Ben Shapiro,If Gen Z wrote the bible... 😂,2025-07-30 19:00:33+00:00,104947,4729,103,202,23.41089108910891,0.0427151617678156,4.796706909201787
Ben Shapiro,Sen. Cory Booker's EMBARRASSING Meltdown Proves the Democratic Party is IMPLODING,2025-07-30 21:00:36+00:00,61948,2250,426,203,11.083743842364532,0.0902222222222222,4.6474462452379415
Ben Shapiro,He just sounds like he's putting on the WORST play,2025-07-30 22:01:13+00:00,89195,2865,397,166,17.259036144578314,0.0579406631762652,3.8432647569931047
Ben Shapiro,The Biden Health Coverup Is FALLING APART,2025-07-31 17:00:24+00:00,476431,4517,668,431,10.480278422273782,0.0954173123754704,1.1787646059975108
Ben Shapiro,Dr. Oz on the tech that could save Medicare,2025-07-31 19:00:21+00:00,33101,1439,72,67,21.47761194029851,0.0465601111883252,4.767227576206157
Ben Shapiro,AWKWARD: Nancy Pelosi TRIGGERED Over Insider Trading Allegations,2025-07-31 21:01:00+00:00,60732,1728,322,131,13.19083969465649,0.0758101851851851,3.5911875123493378
Ben Shapiro,Woke Bill Burr Attacks Me AGAIN...PLUS A Russiagate SMOKING GUN?!,2025-08-01 17:00:00+00:00,487162,5997,1892,2222,2.698919891989199,0.3705185926296481,2.0754902886514137
Ben Shapiro,Kamala’s DISASTROUS “Comeback” Tour Begins on Colbert,2025-08-01 21:00:39+00:00,174207,4384,1111,228,19.2280701754386,0.0520072992700729,3.2851722376253534
Ben Shapiro,YOU LAUGH YOU LOSE | Dad Jokes w/ Jordan Peterson,2025-08-01 23:30:03+00:00,306891,11264,956,561,20.07843137254902,0.0498046875,4.164670844045606
Ben Shapiro,Ben Reacts to Woke Religion TikToks Part 4,2025-08-02 14:01:14+00:00,266736,9330,1383,480,19.4375,0.0514469453376205,4.196283966168797
Ben Shapiro,If Adam and Eve had a vlog...,2025-08-02 22:00:47+00:00,108592,4648,243,105,44.266666666666666,0.0225903614457831,4.600707234418742
Ben Shapiro,The history of the Republican National Committee,2025-08-03 22:00:46+00:00,47295,2399,76,172,13.94767441860465,0.0716965402250938,5.59678612961201
Ben Shapiro,"Texas Democrats RUN AWAY…Plus, The REAL Gaza Starvation",2025-08-04 17:01:07+00:00,481314,6177,1262,960,6.434375,0.1554152501214181,1.7450146889556504
Ben Shapiro,Why the Media Ignored The Mob That BRUTALLY Attacked A White Woman,2025-08-04 21:00:32+00:00,106693,5057,1014,278,18.190647482014388,0.0549733043306308,5.950718416390954
Ben Shapiro,Jesus Christ Erivo vs. MAGA Sweeney!,2025-08-05 17:00:45+00:00,485104,4364,1058,244,17.885245901639344,0.0559120073327222,1.1679969655991294
Ben Shapiro,Cynthia Erivo’s Jesus is the left’s new religion,2025-08-05 19:00:22+00:00,72663,3242,508,116,27.948275862068964,0.0357803824799506,5.320451949410291
Ben Shapiro,Why Cynthia Erivo's Queer Jesus & Sydney Sweeney's Backlash Are Driving Voters to Trump,2025-08-05 21:00:33+00:00,91039,3178,742,226,14.061946902654867,0.0711139081183134,4.554092202242995
Ben Shapiro,"The America LAST Left Cuts Loose, Plus New Epstein SUBPOENAS",2025-08-06 17:01:18+00:00,469081,4081,811,439,9.296127562642369,0.1075716736094094,1.1364774953579446
Ben Shapiro,How Trump Is Leading a Historic Counter-Revolution | Ben Shapiro & Victor Davis Hanson,2025-08-06 21:00:41+00:00,97709,3740,408,826,4.527845036319612,0.220855614973262,5.090626247326244
Ben Shapiro,Why people find God when they hit rock bottom,2025-08-07 01:00:32+00:00,69056,4258,350,142,29.985915492957748,0.0333489901362141,6.878475440222428
Ben Shapiro,"America Needs Big Balls, NOT Mahmoud Khalil",2025-08-07 17:00:07+00:00,494574,4560,659,350,13.028571428571428,0.0767543859649122,1.1260195643119129
Ben Shapiro,"Democratic Socialists ADMIT They Want To ""Abolish"" The American Family",2025-08-07 21:00:15+00:00,87708,3297,778,562,5.866548042704626,0.170457992114043,5.286860947690062
Ben Shapiro,Is Trump WINNING The Tariff Wars?,2025-08-08 17:00:32+00:00,507519,4488,1036,541,8.295748613678374,0.1205436720142602,1.195029151617969
Ben Shapiro,Gina Carano Gets REVENGE on Disney – Is Woke Hollywood Crumbling?,2025-08-08 21:00:32+00:00,128791,5229,441,160,32.68125,0.0305985848154522,4.526713823170874
Ben Shapiro,This is the WORST Biblical example of bisexuality.,2025-08-08 22:00:26+00:00,90674,5157,376,96,53.71875,0.0186154741128563,6.207953768445199
Ben Shapiro,"F, Marry, Cancel: No Politician Is Safe from Ben Shapiro & Michael Knowles",2025-08-08 23:30:03+00:00,75121,2862,214,149,19.20805369127517,0.0520614954577218,4.293073840870063
Ben Shapiro,Gina Carano stood up to Disney and WON,2025-08-09 01:01:07+00:00,216545,9596,288,128,74.96875,0.0133388912046686,4.6235193608718745
Ben Shapiro,Lessons from past economic crashes,2025-08-10 19:00:29+00:00,63652,3301,107,66,50.01515151515152,0.0199939412299303,5.45780179727267
Ben Shapiro,CIVIL WAR: Red America vs. Blue America; Plus... Fmr. PM Liz Truss Stops By,2025-08-11 14:44:01+00:00,538255,4800,708,397,12.090680100755668,0.0827083333333333,1.097063659417934
Ben Shapiro,Former UK PM Liz Truss on what Britain must learn from Trump,2025-08-11 19:24:54+00:00,46959,2566,170,115,22.31304347826087,0.0448168355416991,6.071253646798271
Ben Shapiro,The Decline of the UK | Ben Shapiro & Fmr. UK PM Liz Truss,2025-08-11 21:00:30+00:00,135440,5914,1604,646,9.154798761609907,0.1092323300642543,6.027761370348494
Ben Shapiro,"Ben Shapiro shuts down a ""biblical"" pro-abortion argument",2025-08-11 22:00:40+00:00,116048,4330,662,258,16.782945736434108,0.0595842956120092,4.523990073073211
Ben Shapiro,WNBA Player or TikTok Star? Ben Shapiro Tries to Guess,2025-08-12 14:13:09+00:00,57519,1948,206,133,14.646616541353383,0.0682751540041067,3.976077470053373
Ben Shapiro,This isn't what Jesus was talking about,2025-08-12 19:00:47+00:00,108589,5761,761,175,32.92,0.0303766707168894,6.167291346268959
Ben Shapiro,TikTok Star or WNBA Player?,2025-08-12 22:00:51+00:00,209702,4546,63,122,37.26229508196721,0.0268367795864496,2.25605859743827
Ben Shapiro,People don't just go to prison for NO reason,2025-08-13 01:00:11+00:00,70624,3647,128,51,71.50980392156863,0.0139840965176857,5.4174218396012686
Ben Shapiro,Trump TAKES OVER Washington DC?!,2025-08-13 17:00:02+00:00,506886,4436,866,311,14.263665594855306,0.0701082055906221,1.1073495815627183
Ben Shapiro,"Socialism is a ""Luxury Belief""...Let Me Explain",2025-08-13 21:00:06+00:00,69304,3079,1090,415,7.419277108433735,0.1347840207859694,6.61433683481473
Ben Shapiro,President Trump puts DC Police under federal control,2025-08-13 22:01:01+00:00,58070,3850,171,54,71.29629629629629,0.014025974025974,7.017392801790942
Ben Shapiro,NYC’s Whiny Brats Pick A Mayor,2025-08-14 17:00:50+00:00,497922,4670,1203,821,5.688185140073082,0.1758029978586723,1.344387273508702
Ben Shapiro,This excellent advice is actually thousands of years old,2025-08-14 19:00:39+00:00,425786,13040,188,291,44.81099656357388,0.0223159509202454,3.175069166200861
Ben Shapiro,The Funniest Hate-Crime Hoax Ever! Jussie Smollett Controversy,2025-08-14 21:00:27+00:00,127091,3960,651,123,32.19512195121951,0.031060606060606,3.724890039420573
Ben Shapiro,Governor Greg Abbott calls out Newsom’s redistricting bluff,2025-08-14 22:00:36+00:00,76378,3150,161,10,315.0,0.0031746031746031,4.348110712508838
Ben Shapiro,Newsom’s REVENGE Redistricting…PLUS The Sandwich-Throwing Resistance!,2025-08-15 17:00:28+00:00,502199,4249,851,239,17.778242677824267,0.0562485290656625,1.0631243789812406
Ben Shapiro,Are Taylor Swift & Gen Z Becoming Republican?,2025-08-15 21:00:06+00:00,67756,2067,422,237,8.721518987341772,0.1146589259796806,4.023259932699687
Ben Shapiro,Isabel Brown breaks down Taylor Swift's appearance on Travis Kelce's podcast,2025-08-15 22:00:00+00:00,79935,2032,103,163,12.466257668711656,0.0802165354330708,2.874835804090824
Ben Shapiro,Adam Carolla vs. Ben Shapiro: Name That Tune Challenge,2025-08-15 23:30:04+00:00,25915,1060,108,59,17.966101694915253,0.0556603773584905,4.734709627628787
Ben Shapiro,The WORST Movie I’ve Ever Seen | War of The Worlds Review,2025-08-16 14:00:43+00:00,146034,5792,1101,177,32.72316384180791,0.0305593922651933,4.84133831847378
Ben Shapiro,Ben gives a forced apology?!🤯,2025-08-16 19:00:14+00:00,126846,4060,189,26,156.15384615384616,0.0064039408866995,3.3702284660139066
Ben Shapiro,Newsom's Redistricting Plan is TERRIBLE,2025-08-17 15:00:09+00:00,114356,4071,947,277,14.696750902527077,0.0680422500614099,4.630277379411662
Ben Shapiro,This is why Obama was one of the WORST presidents of my lifetime,2025-08-17 19:00:38+00:00,148609,8985,568,158,56.86708860759494,0.0175848636616583,6.53459750082431
Ben Shapiro,"The Trump/Putin FACEOFF: Who’s Winning, Who’s Losing?",2025-08-18 17:00:16+00:00,509772,4415,954,301,14.667774086378737,0.0681766704416761,1.1122619524022503
Ben Shapiro,The WISEST line from 'The Office',2025-08-18 19:00:03+00:00,386938,12622,273,149,84.71140939597315,0.0118047852955157,3.3710827057564776
Ben Shapiro,James Comey’s Weird Taylor Swift Obsession,2025-08-18 21:00:05+00:00,27230,1222,427,132,9.257575757575758,0.1080196399345335,6.540580242379729
Ben Shapiro,Ex-FBI Director James Comey is a SWIFTIE?!,2025-08-19 01:00:27+00:00,52716,1868,105,49,38.12244897959184,0.0262312633832976,3.8356476212155695
Ben Shapiro,Could Trump’s MASTERSTROKE End The Russia-Ukraine War?,2025-08-19 17:00:58+00:00,452385,5040,957,445,11.325842696629213,0.0882936507936508,1.4240083115045812
Ben Shapiro,Tom Cruise outsmarted EVERY studio during COVID,2025-08-19 19:00:28+00:00,1327113,51240,1489,473,108.32980972515855,0.0092310694769711,4.008852298184103
Ben Shapiro,Taylor Swift’s New Album Cover Is ABSURD,2025-08-19 21:01:05+00:00,89542,2650,1089,582,4.553264604810996,0.2196226415094339,4.825668401420562
Ben Shapiro,OPEN BORDERS DEATH: Illegal Immigrant Truck Driver KILLS Three,2025-08-20 17:00:04+00:00,479873,4163,688,268,15.53358208955224,0.0643766514532788,1.066740575110498
Ben Shapiro,Woke Jubilee Host Gets HUMILIATED,2025-08-20 21:00:01+00:00,497542,12856,1804,350,36.73142857142857,0.0272246421904169,3.016830739917434
Ben Shapiro,Democratic Party BLEEDING Voters!,2025-08-21 17:01:07+00:00,444801,4918,979,213,23.089201877934272,0.0433102887352582,1.3736479908993011
Ben Shapiro,Woke CEO RUINS Cracker Barrel,2025-08-21 21:00:58+00:00,511895,13167,5404,449,29.32516703786192,0.0341004025214551,3.715605739458287
Ben Shapiro,She can’t even have a REAL debate…,2025-08-21 22:00:02+00:00,242168,11121,814,24,463.375,0.0021580793094146,4.938307290806383
Ben Shapiro,"No, the Bible does not endorse gender insanity.",2025-08-22 01:00:28+00:00,76233,4153,446,14,296.6428571428572,0.0033710570671803,6.051185182270145
Ben Shapiro,STILL WINNING: Trump’s DC Crime Triumph PLUS Court Kills $500M Anti-Trump Judgment,2025-08-22 17:00:21+00:00,456544,4948,784,286,17.3006993006993,0.0578011317704122,1.318164295226747
Ben Shapiro,We Found The Viral Jubilee Teen,2025-08-22 21:00:32+00:00,203120,7762,995,103,75.35922330097087,0.0132697758309713,4.361953525009846
Ben Shapiro,My Producers ELECTROCUTE me,2025-08-22 23:30:15+00:00,48027,2101,195,191,11.0,0.0909090909090909,5.17833718533325
Ben Shapiro,10 Democrats Who Could WIN In 2028,2025-08-23 14:01:13+00:00,291173,7134,1977,753,9.474103585657373,0.1055508830950378,3.3876767420056115
Ben Shapiro,"No, abortion isn't about ""controlling women""",2025-08-23 19:00:29+00:00,87290,4950,251,38,130.26315789473685,0.0076767676767676,6.001832970557911
Ben Shapiro,The most dramatic 'Jersey Shore' moment just got MORE dramatic,2025-08-24 22:00:45+00:00,71196,3208,72,55,58.32727272727273,0.01714463840399,4.684251924265408
Ben Shapiro,Mamdani Can't LIFT...Plus Democrats Unleash Their 2028 CONTENDER?,2025-08-25 17:00:04+00:00,470135,4300,1282,1590,2.7044025157232703,0.3697674418604651,1.5255192657428185
Ben Shapiro,Zohran Mamdani shouldn’t have tried this,2025-08-25 19:00:49+00:00,106647,3972,519,465,8.541935483870967,0.1170694864048338,4.647106810318152
Ben Shapiro,Snoop Dogg Just Triggered The LGBT Community,2025-08-25 21:00:13+00:00,200517,5561,1175,189,29.423280423280424,0.03398669304082,3.4535725150486
Ben Shapiro,Trump Protects The American Flag!…PLUS We Break a MAJOR Story,2025-08-26 17:30:37+00:00,447726,4059,940,399,10.172932330827068,0.09830007390983,1.205648097273779
Ben Shapiro,Does gender change or not? The AMA can’t decide,2025-08-26 19:29:51+00:00,48949,2595,116,26,99.8076923076923,0.010019267822736,5.591534045639339
Ben Shapiro,LEAKED FOOTAGE: American Medical Association Exposed,2025-08-26 21:00:31+00:00,359319,18755,2052,320,58.609375,0.0170621167688616,5.879733607184702
Ben Shapiro,The INSANE logic behind ‘gender identity’,2025-08-26 22:00:48+00:00,52420,2579,84,4,644.75,0.0015509887553315,5.087752766119802
Ben Shapiro,BOMBSHELL: Taylor Swift ENGAGED! Plus Other Stuff Happens But Nobody Cares,2025-08-27 17:00:33+00:00,339718,3304,841,235,14.059574468085106,0.0711259079903147,1.289304658569755
Ben Shapiro,Did Taylor Swift and Travis Kelce Just Save America?,2025-08-27 21:25:52+00:00,52852,1712,445,274,6.248175182481752,0.1600467289719626,4.599636721410731
Ben Shapiro,"The Trans, Catholic-Hating, Trump-Hating OMNICAUSE Killer",2025-08-28 17:00:59+00:00,389872,9308,2424,369,25.22493224932249,0.0396433175762784,3.103839208765954
Ben Shapiro,Democrats Mock Prayer After Minneapolis Tragedy,2025-08-28 21:00:26+00:00,72191,3408,1022,122,27.9344262295082,0.0357981220657277,6.305495144824147
Ben Shapiro,I Went to Ukraine to Learn What’s Actually Happening,2025-08-29 12:39:56+00:00,317446,23856,4945,837,28.50179211469534,0.0350855130784708,9.336391071237312
Ben Shapiro,How State and Medical Institutions PROMOTED The Trans Church Shooting,2025-08-29 17:01:02+00:00,484493,5124,993,253,20.25296442687747,0.049375487900078,1.314776477678728
Ben Shapiro,Gavin Newsom MOCKS Trump In Cringey Video,2025-08-29 21:00:05+00:00,257748,9449,2047,382,24.73560209424084,0.0404275584717959,4.6083771746046525
Ben Shapiro,The real reason Russia invaded Ukraine,2025-08-29 22:00:39+00:00,55325,1910,198,134,14.25373134328358,0.0701570680628272,4.052417532760958
Ben Shapiro,Ben Shapiro Tries (And Fails) To Play Battlefield 6 & Battlefront 2,2025-08-30 14:00:53+00:00,116636,5455,953,172,31.71511627906977,0.0315307057745187,5.641482904077643
Ben Shapiro,Which Conspiracy Theory Is More Believable?,2025-08-31 14:01:32+00:00,75685,2676,791,250,10.704,0.093423019431988,4.911144876791966
Ben Shapiro,Why more Americans will turn away from the media,2025-08-31 19:00:19+00:00,70703,4012,124,12,334.3333333333333,0.0029910269192422,5.866794902620822
Ben Shapiro,Ben Shapiro's Favorite Sports Movie of All Time,2025-09-01 14:01:28+00:00,22457,923,239,156,5.916666666666667,0.1690140845070422,5.868994077570468
Ben Shapiro,Why Putin’s philosopher calls America the ‘common enemy’,2025-09-01 22:00:16+00:00,52547,2156,150,15,143.73333333333332,0.0069573283858998,4.416998115972367
Ben Shapiro,The Hate-America Barbarians Inside The Gates,2025-09-02 17:00:30+00:00,113311,4142,991,352,11.767045454545457,0.0849830999517141,4.840659777073718
Ben Shapiro,The greatest strategy for getting the gift you want😂,2025-09-02 19:00:04+00:00,530421,17679,328,59,299.64406779661016,0.003337292833305,3.405973745383384
Ben Shapiro,Trump FIRES DEI Fed Governor,2025-09-02 23:00:39+00:00,53626,2564,252,113,22.690265486725664,0.0440717628705148,5.461902808339239
Ben Shapiro,The UK’s Free Speech CRACKDOWN,2025-09-03 17:00:56+00:00,520507,4487,914,211,21.26540284360189,0.0470247381323824,1.0781795441751985
Ben Shapiro,Trump Death Rumor SPIRALS Out of Control,2025-09-03 21:01:00+00:00,51601,1941,299,108,17.97222222222222,0.0556414219474497,4.550299412802077
Ben Shapiro,Greta Thunberg represents a lost generation,2025-09-03 22:00:08+00:00,83736,4366,517,253,17.25691699604743,0.0579477782867613,6.133562625394095
Ben Shapiro,Unspoken Truths on Trans Can Now Be Said,2025-09-04 17:00:04+00:00,499496,4902,813,143,34.27972027972028,0.0291717666258669,1.172782164421737
Ben Shapiro,Putin and Xi Caught on Hot Mic,2025-09-04 21:00:03+00:00,106171,3588,683,158,22.70886075949367,0.044035674470457,4.171572274914995
Ben Shapiro,IT WILL NEVER DIE: Democrats Unleash New Brand of WOKE,2025-09-05 17:00:59+00:00,619365,6690,1262,177,37.79661016949152,0.026457399103139,1.3124732589022627
Ben Shapiro,Shaq tells his son the harsh truth about greatness,2025-09-05 19:00:51+00:00,271814,16139,344,144,112.07638888888889,0.0089224859037115,6.117050630210365
Ben Shapiro,Comedians Claim Israel Buys Support…While They’re Paid by Saudis,2025-09-05 20:59:42+00:00,55974,2871,1316,485,5.91958762886598,0.1689306861720654,8.346732411476756
Ben Shapiro,Ben Shapiro Reacts To Woke TikToks: Dumb Socialists Edition,2025-09-06 14:01:06+00:00,448570,15187,2190,761,19.956636005256243,0.0501086455521169,4.043516062153064
Ben Shapiro,Mentally Ill Repeat Criminal K*LLS Ukrainian Woman…Media Silent. Guess Why!,2025-09-08 17:01:14+00:00,576490,6954,1669,299,23.25752508361204,0.042996836353178,1.547641763083488
Ben Shapiro,What Isabel Brown will be talking about in her first episode!,2025-09-08 19:00:56+00:00,51899,2013,75,33,61.0,0.0163934426229508,4.086783945740765
Ben Shapiro,A fantastic week discussing all things 'Lions and Scavengers'. Order your copy today!,2025-09-08 19:38:31+00:00,139902,5738,122,42,136.61904761904762,0.0073196235622168,4.218667352861289
Ben Shapiro,Ben Shapiro Interviews Isabel Brown: The Conservative Voice of Gen Z,2025-09-08 21:00:45+00:00,20133,619,218,256,2.41796875,0.4135702746365105,5.428897829434262
Ben Shapiro,THIS is what happens when we don’t lock criminals up,2025-09-08 22:00:23+00:00,165180,9818,672,42,233.7619047619048,0.0042778569973518,6.376074585300884
Ben Shapiro,"DISASTER: Gen Z Hates Babies, Likes Socialism",2025-09-09 17:00:54+00:00,475222,3688,1350,483,7.635610766045549,0.1309652928416486,1.1617728135481942
Ben Shapiro,Should an ex-felon participate in policy making?,2025-09-09 19:00:20+00:00,241926,6223,325,60,103.71666666666668,0.009641651936365,2.7314137380851995
Ben Shapiro,Abortion Debate on 'The Breakfast Club' Gets Heated,2025-09-09 21:00:15+00:00,1165345,22073,8133,577,38.25476603119584,0.0261405336836859,2.6415353393201157
Ben Shapiro,"1 MINUTE, 35 SECONDS: Why Didn’t Anyone HELP Ukrainian Stabbing Victim?!",2025-09-10 17:00:22+00:00,576526,11356,4258,309,36.750809061488674,0.0272102853117294,2.7618875818263184
Ben Shapiro,Live Breaking News: Charlie Kirk Assassinated at 31,2025-09-10 23:13:31+00:00,2516291,83504,7789,1675,49.85313432835821,0.0200589193332055,3.694644220402171
Ben Shapiro,"UNTHINKABLE: Charlie Kirk, 31, Assassinated",2025-09-11 17:40:00+00:00,1530465,75368,14423,3514,21.447922595332955,0.0466245621483918,6.096513151231815
Ben Shapiro,BREAKING: CHARLIE KIRK ASSASSIN IN CUSTODY,2025-09-12 16:15:34+00:00,986215,34251,4836,751,45.60719041278296,0.0219263671133689,4.039484290950756
Ben Shapiro,How Charlie Kirk Transformed America,2025-09-13 16:30:17+00:00,447662,25400,3247,1403,18.10406272273699,0.0552362204724409,6.712653743225916
Ben Shapiro,"Kirk’s Shooter Had TRANS Boyfriend, Far-Left Views",2025-09-15 17:37:15+00:00,938197,23340,5905,1973,11.829700963000509,0.0845329905741216,3.327446154698853
Ben Shapiro,TERROR NETWORK? More Suspects May Be Coming in Kirk Assassination…,2025-09-16 15:05:36+00:00,748828,16162,3533,941,17.175345377258235,0.0582229922039351,2.755773021307964
Ben Shapiro,Charlie Kirk on why he started @turningpointusa,2025-09-16 22:00:04+00:00,597998,25509,590,436,58.50688073394495,0.0170920067427182,4.4373058103873255
Ben Shapiro,Kash Patel reveals details on the Charlie Kirk suspect,2025-09-17 01:00:14+00:00,244587,8857,630,196,45.18877551020408,0.0221293891836965,3.958918503436405
Ben Shapiro,"BREAKING: TEXT EXCHANGES Between Kirk Killer, Trans Lover",2025-09-17 17:01:02+00:00,735704,11451,2931,541,21.166358595194087,0.0472447821150991,2.028397290214543
Ben Shapiro,The Media’s Twisted Response to Charlie Kirk’s Death,2025-09-17 21:00:59+00:00,191102,6078,1571,466,13.042918454935622,0.0766699572227706,4.246423375998158
Ben Shapiro,We know the ideology that drove the assassination of Charlie Kirk,2025-09-18 01:00:23+00:00,213331,12863,929,540,23.82037037037037,0.041980875378994,6.718198480295879
Ben Shapiro,Kimmel SUSPENDED After Terrible Charlie Kirk Assassination Take,2025-09-18 17:00:27+00:00,746235,12780,2977,845,15.124260355029586,0.0661189358372457,2.224768337052001
Ben Shapiro,My first impression of Charlie Kirk,2025-09-18 19:00:36+00:00,233210,11948,347,324,36.876543209876544,0.0271175092065617,5.411002958706745
Ben Shapiro,Obama Misquotes Charlie Kirk to Push His Own Agenda,2025-09-18 21:01:03+00:00,274285,9815,2805,454,21.61894273127753,0.0462557310239429,4.766574912955503
Ben Shapiro,Did the government take Jimmy Kimmel off the air?,2025-09-18 22:00:43+00:00,224064,10932,607,247,44.25910931174089,0.0225942188071716,5.260104255926878
Ben Shapiro,Charlie Kirk explains the MAGA doctrine,2025-09-19 01:00:25+00:00,95228,5891,234,76,77.51315789473684,0.0129010354778475,6.511740244465914
Ben Shapiro,"THE DAY AFTER: Kimmel Suspended, Democrats LIVID",2025-09-19 17:00:59+00:00,696204,8322,1885,471,17.668789808917197,0.0565969718817591,1.5337458560996489
Ben Shapiro,Did Trump Fire Jimmy Kimmel With the FCC?,2025-09-19 21:00:25+00:00,82137,2482,1390,772,3.215025906735751,0.3110394842868654,5.653968369918551
Ben Shapiro,This Is What Charlie Kirk Actually Believed,2025-09-20 14:01:25+00:00,366136,17540,2229,996,17.610441767068274,0.0567844925883694,5.671389866060698
Ben Shapiro,Why America needed Trump,2025-09-20 19:00:25+00:00,64227,3636,85,5,727.2,0.0013751375137513,5.801298519314307
Ben Shapiro,One of Charlie's GREAT biblical comparisons,2025-09-21 19:00:15+00:00,144650,8569,230,7,1224.142857142857,0.0008168981211343,6.08779813342551
Ben Shapiro,Is the FCC coming after free speech?,2025-09-21 22:00:47+00:00,63986,3369,281,81,41.5925925925926,0.0240427426536064,5.830963023161317
Ben Shapiro,REVIVAL: Charlie Kirk’s MASSIVE Memorial Event,2025-09-22 17:43:21+00:00,306747,13211,2007,378,34.94973544973545,0.0286125198698054,5.084320303051049
Ben Shapiro,Charlie Kirk on what victory looks like for him,2025-09-22 20:00:34+00:00,159748,9648,270,104,92.76923076923076,0.0107794361525704,6.273630968775821
Ben Shapiro,The Memorial Moment That Stunned America,2025-09-22 21:00:02+00:00,164634,6409,740,391,16.391304347826086,0.0610079575596817,4.579855922834895
Ben Shapiro,Erika Kirk forgave her husband’s killer,2025-09-22 22:00:04+00:00,140657,6695,428,110,60.86363636363637,0.0164301717699775,5.142296508527838
Ben Shapiro,How to Win a War in 37 Hours,2025-09-23 17:00:06+00:00,178784,6931,966,223,31.08071748878924,0.0321742894243254,4.5417934490782175
Ben Shapiro,Charlie always spoke the truth,2025-09-23 22:01:00+00:00,428163,15755,291,142,110.95070422535213,0.009013011742304,3.780803105359407
Ben Shapiro,"Charlie Kirk's response to his ""liberal"" positions",2025-09-24 01:00:53+00:00,744258,42177,1422,568,74.25528169014085,0.0134670555041847,5.934366845905586
Ben Shapiro,Should Gen Z Go To College?,2025-09-24 16:30:29+00:00,81071,2730,714,166,16.44578313253012,0.0608058608058608,4.452886975613968
Ben Shapiro,Charlie Kirk's biggest issue with Bernie voters,2025-09-24 22:00:19+00:00,98810,6789,205,11,617.1818181818181,0.0016202680807188,7.0893634247545805
Ben Shapiro,Charlie Kirk got Gavin Newsom to admit THIS about the trans community,2025-09-25 01:00:21+00:00,164174,10020,337,63,159.04761904761904,0.0062874251497005,6.346924604383155
Ben Shapiro,MORE Left-Wing Violence: Deadly Shooting at ICE Facility!,2025-09-25 17:32:52+00:00,527302,5890,1470,287,20.522648083623693,0.0487266553480475,1.450212591645774
Ben Shapiro,Gavin Newsom’s Dangerous ICE Rant,2025-09-25 21:00:14+00:00,31860,1240,456,326,3.803680981595092,0.2629032258064516,6.346516007532957
Ben Shapiro,Gavin Newsom is playing a two-faced game,2025-09-26 01:00:13+00:00,63863,3710,302,23,161.30434782608697,0.006199460916442,6.318212423468989
Ben Shapiro,BREAKING: Former FBI Director James Comey INDICTED!,2025-09-26 17:00:49+00:00,575214,5844,919,181,32.28729281767956,0.0309719370294318,1.207202884491685
Ben Shapiro,Charlie Kirk on why unity is the United States' greatest strength,2025-09-26 19:00:48+00:00,116157,7784,224,50,155.68,0.0064234326824254,6.937162633332472
Ben Shapiro,Is Trump Weaponizing the DOJ?,2025-09-26 21:00:54+00:00,39847,1082,441,238,4.546218487394958,0.2199630314232902,4.419404221145883
Ben Shapiro,Who's That Celebrity?,2025-09-26 23:30:03+00:00,47010,1718,123,182,9.43956043956044,0.1059371362048894,4.303339714954265
Ben Shapiro,James Comey finally indicted?,2025-09-27 01:01:06+00:00,48358,2601,87,27,96.33333333333331,0.0103806228373702,5.614376111501716
Ben Shapiro,Reacting To Matt Walsh’s List Of Best Acting Performances,2025-09-27 14:00:16+00:00,142433,3746,1206,218,17.18348623853211,0.0581954084356647,3.629776807340996
Ben Shapiro,Charlie Kirk's irrefutable argument against abortion,2025-09-27 19:00:06+00:00,170539,11407,664,183,62.333333333333336,0.0160427807486631,7.185453180797355
Ben Shapiro,ANOTHER Church Shooting…What The Hell Is Going On?,2025-09-29 17:00:56+00:00,612815,7513,2332,256,29.34765625,0.0340742712631438,1.6482951624878637
Ben Shapiro,The New York Times LIED About Charlie Kirk,2025-09-29 21:00:10+00:00,74339,3209,513,176,18.232954545454547,0.0548457463384231,5.243546456099759
Ben Shapiro,BREAKING: Trump Unleashes GROUNDBREAKING Gaza Plan,2025-09-30 17:00:07+00:00,653122,7438,1564,483,15.399585921325052,0.064936810970691,1.4522554744749063
Ben Shapiro,J.K. Rowling Humiliates Emma Watson,2025-09-30 21:00:30+00:00,294136,8106,1128,310,26.148387096774197,0.0382432765852455,3.244757527130307
Ben Shapiro,J.K. Rowling goes after Emma Watson,2025-10-01 01:00:14+00:00,538231,17195,883,325,52.90769230769231,0.0189008432683919,3.41916389059716
Ben Shapiro,GOVERNMENT SHUTDOWN: VP JD Vance Stops By To Discuss,2025-10-01 17:00:45+00:00,891861,8545,1351,384,22.252604166666668,0.044938560561732,1.1526459840715089
Ben Shapiro,Pete Hegseth Won't Back Down,2025-10-01 21:00:09+00:00,104018,4122,854,317,13.003154574132491,0.0769044153323629,5.088542367667134
Ben Shapiro,Vice President JD Vance on Democrats taking the American economy hostage,2025-10-02 01:01:09+00:00,77507,3812,157,12,317.6666666666667,0.0031479538300104,5.136310268749919
Ben Shapiro,FLASHBACK: Biblical Masculinity w/ Voddie Baucham,2025-10-02 15:09:03+00:00,814926,2335,263,131,17.82442748091603,0.05610278372591,0.3348770317795726
Ben Shapiro,The left is holding the government hostage,2025-10-02 19:00:20+00:00,50104,2883,156,2,1441.5,0.0006937218175511,6.069375698547022
Ben Shapiro,"Bill Burr, Dave Chappelle Kiss Ass In SAUDI ARABIA",2025-10-03 17:01:01+00:00,478731,5495,1498,534,10.290262172284644,0.0971792538671519,1.5722817197967125
Ben Shapiro,Bill Burr has a new love for Saudi Arabia!,2025-10-03 19:00:41+00:00,82449,2416,335,139,17.381294964028775,0.0575331125827814,3.5051971521789222
Ben Shapiro,Ben Shapiro Reviews Taylor Swift’s New Album ‘The Life of a Showgirl’,2025-10-03 21:00:56+00:00,299381,3892,2476,3517,1.1066249644583452,0.9036485097636175,3.30181274028746
Ben Shapiro,Nancy Pelosi cannot stand AOC,2025-10-04 01:00:41+00:00,127451,4413,273,6,735.5,0.0013596193065941,3.681414818243874
Ben Shapiro,Ben Shapiro Reviews One Battle After Another,2025-10-04 14:00:32+00:00,237043,5872,4221,7738,0.7588524166451279,1.3177792915531334,7.52226389304894
Ben Shapiro,Meet The Democrat Who Fantasizes About SHOOTING A GOP Leader,2025-10-06 17:00:34+00:00,840988,4745,821,172,27.587209302325583,0.0362486828240252,0.6822927318820244
Ben Shapiro,EXCLUSIVE: Ben Shapiro Interviews Benjamin Netanyahu,2025-10-06 20:00:10+00:00,346191,18039,6882,7496,2.406483457844184,0.4155440988968346,9.363906051861544
Ben Shapiro,The NFL Turned On Its Fans,2025-10-06 22:00:14+00:00,60693,1941,971,430,4.513953488372093,0.2215352910870685,5.506401067668429
Ben Shapiro,Why compassion will take you further than empathy,2025-10-07 01:00:01+00:00,93038,4314,96,100,43.14,0.0231803430690774,4.847481674154647
Ben Shapiro,"“Lions & Scavengers"" Audiobook: Chapter 2",2025-10-07 15:00:16+00:00,783258,662,165,150,4.413333333333333,0.2265861027190332,0.1247354000852847
Ben Shapiro,Benjamin Netanyahu on why all countries need allies,2025-10-08 01:00:03+00:00,60466,2542,451,427,5.953161592505855,0.1679779701022816,5.656071180498131
Ben Shapiro,FLASHBACK: Balancing Faith & Reason w/ Matt Fradd,2025-10-08 15:00:01+00:00,715371,1348,267,132,10.212121212121213,0.0979228486646884,0.2442089489230063
Ben Shapiro,Parenting Hacks 101,2025-10-08 19:00:17+00:00,203107,6834,124,169,40.4378698224852,0.0247292947029558,3.5089878733869337
Ben Shapiro,"THE PEACE PRESIDENT: Trump Brokers Israel-Hamas HOSTAGE RELEASE, Ceasefire",2025-10-09 15:01:22+00:00,881832,7061,1442,459,15.383442265795209,0.0650049568049851,1.0162933529289024
Ben Shapiro,Hasan Piker's SHOCKING Controversy,2025-10-09 21:00:50+00:00,147420,6199,1548,175,35.42285714285714,0.0282303597354412,5.373762040428707
Ben Shapiro,THE TRUMP EFFECT: How To Win A War,2025-10-10 17:00:49+00:00,815772,4974,910,354,14.05084745762712,0.0711700844390832,0.7646744433493672
Ben Shapiro,The Left Can’t Ignore This Win.,2025-10-10 21:01:10+00:00,90584,3479,473,148,23.50675675675676,0.0425409600459902,4.526185639848097
Ben Shapiro,President Trump makes it clear: Columbus Day is back!,2025-10-10 22:32:05+00:00,101648,5889,447,170,34.641176470588235,0.0288673798607573,6.4005194396348175
Ben Shapiro,"If These Flop, Hollywood’s In Trouble",2025-10-11 14:00:42+00:00,181164,4912,649,230,21.35652173913044,0.0468241042345276,3.196551191185887
Ben Shapiro,What Trump Promised — What We Got,2025-10-13 18:24:16+00:00,994193,14322,1704,473,30.27906976744186,0.0330261136712749,1.6595369309580734
Ben Shapiro,"This ""best movie of the year"" is just woke propaganda",2025-10-13 19:37:56+00:00,48839,2184,165,118,18.508474576271187,0.054029304029304,5.05129097647372
Ben Shapiro,This Speech Changed Everything,2025-10-13 21:00:08+00:00,104590,4572,782,423,10.808510638297872,0.09251968503937,5.523472607323836
Ben Shapiro,The Diary of a CEO Playbook,2025-10-14 15:17:18+00:00,683724,561,113,111,5.054054054054054,0.1978609625668449,0.1148124096857796
Ben Shapiro,Saving America w/ Dan Bongino,2025-10-15 15:20:10+00:00,613852,1475,236,475,3.1052631578947367,0.3220338983050847,0.3561118966786782
Ben Shapiro,This was the worst presidency of my lifetime,2025-10-15 22:01:19+00:00,89870,4414,142,28,157.64285714285714,0.006343452650657,5.100701012573718
Ben Shapiro,"To understand history, you have to think like the people who lived it.",2025-10-16 01:00:50+00:00,58644,2790,81,59,47.28813559322034,0.0211469534050179,4.996248550576359
Ben Shapiro,Will ANYONE Fight The Radicalization?,2025-10-16 17:00:02+00:00,719012,4482,995,617,7.26418152350081,0.1376617581436858,0.8475519184658948
Ben Shapiro,Democrats want to undo everything President Trump has done in the past year,2025-10-16 19:00:29+00:00,52952,2214,218,7,316.2857142857143,0.0031616982836495,4.606058316966309
Ben Shapiro,They Weren't Supposed To See This,2025-10-16 21:00:54+00:00,47879,1348,1064,660,2.0424242424242425,0.4896142433234421,6.416174105557761
Ben Shapiro,Ben RUINED Knowles' proposal,2025-10-17 00:40:08+00:00,152587,5774,108,46,125.52173913043478,0.0079667474887426,3.884996755949065
Ben Shapiro,Democrats Aren't In Kansas Anymore,2025-10-17 17:01:06+00:00,753810,5644,1190,240,23.516666666666666,0.0425230333097094,0.9384327615712182
Ben Shapiro,What it’s like growing up with Donald Trump as your dad,2025-10-17 19:13:00+00:00,95792,4656,182,27,172.44444444444446,0.0057989690721649,5.078712209787874
Ben Shapiro,Mamdani's Debate Meltdown,2025-10-17 21:00:58+00:00,218948,7544,1871,1379,5.470630891950689,0.1827942735949098,4.929937702102782
Ben Shapiro,3 Movies I Do NOT Want To Watch This Year,2025-10-18 14:01:02+00:00,90881,3512,748,240,14.633333333333333,0.0683371298405467,4.951530022777038
Ben Shapiro,This does not define the value of human life,2025-10-18 19:00:04+00:00,1799049,64783,2323,433,149.61431870669745,0.0066838522451877,3.754150109307751
Ben Shapiro,How do we appeal to younger people who may still be on the fence?,2025-10-19 19:00:18+00:00,82442,4116,190,89,46.24719101123596,0.021622934888241,5.331020596298004
Ben Shapiro,What they aren't telling you about the protests,2025-10-20 17:00:29+00:00,804866,6731,1638,607,11.088962108731469,0.0901797652651909,1.1152166944559716
Ben Shapiro,Democrats Humiliated at ‘No Kings’ Protest,2025-10-20 21:04:11+00:00,146317,6443,1220,395,16.31139240506329,0.0613068446375911,5.5072206237142645
Ben Shapiro,Polls COLLAPSE For Democrats,2025-10-21 17:00:23+00:00,812511,5987,748,263,22.76425855513308,0.0439285117755136,0.8612806472773907
Ben Shapiro,Why Won’t Democrats End The Shutdown?,2025-10-21 21:00:04+00:00,47621,2088,488,270,7.733333333333333,0.1293103448275862,5.976354969446253
Ben Shapiro,Florida AG James Uthmeier exposes the dark side of Roblox,2025-10-22 01:00:38+00:00,49769,2451,95,16,153.1875,0.0065279477764177,5.147782756334264
Ben Shapiro,EXPOSED: The “Nazi Tattoo” Senate Candidate,2025-10-22 17:00:26+00:00,712185,4169,985,372,11.206989247311828,0.0892300311825377,0.7759219865624802
Ben Shapiro,They're STILL Defending This?,2025-10-22 21:00:56+00:00,26752,1238,225,264,4.6893939393939394,0.2132471728594507,6.455592105263158
Ben Shapiro,How to stop the emasculation of men,2025-10-23 01:00:49+00:00,52105,3314,109,117,28.324786324786324,0.0353047676523838,6.793973706937914
Ben Shapiro,Mamdani Gets Humiliated In Debate,2025-10-23 17:00:52+00:00,796510,7700,1792,1142,6.742556917688266,0.1483116883116883,1.335074261465644
Ben Shapiro,Isabel proves him wrong in SECONDS,2025-10-23 19:00:30+00:00,175035,9610,476,27,355.9259259259259,0.0028095733610822,5.777701602536635
Ben Shapiro,Trump Is Doing WHAT to the White House?,2025-10-23 21:00:22+00:00,88515,3215,991,366,8.78415300546448,0.1138413685847589,5.165226232841891
Ben Shapiro,I’m Shocked – SHOCKED! – To Find NBA Gambling Going On!,2025-10-24 17:01:04+00:00,695328,3582,486,231,15.506493506493506,0.0644891122278056,0.6182693635234019
Ben Shapiro,THIS Is How Conservatism Gets Corrupted,2025-10-24 21:01:03+00:00,113187,3450,790,823,4.191980558930741,0.2385507246376811,4.473128539496585
Ben Shapiro,Ben Vs. The Media,2025-10-25 14:00:20+00:00,124273,4537,408,285,15.919298245614035,0.0628168393211373,4.208476499320046
Ben Shapiro,Movie nights are great for expanding the palette of what your kids are willing to watch,2025-10-25 19:00:45+00:00,121032,5620,157,112,50.17857142857143,0.0199288256227758,4.865655363870712
Ben Shapiro,"If you don't have purpose when you retire, you get real old real fast",2025-10-26 19:00:32+00:00,384758,13479,503,410,32.87560975609756,0.0304176867720157,3.740533010359759
Ben Shapiro,Mamdani’s 9/11 INSANITY,2025-10-27 17:00:30+00:00,726300,4730,1373,732,6.461748633879782,0.1547568710359408,0.9410711827068704
Ben Shapiro,THIS will be the 2028 Democrat candidate,2025-10-27 21:20:00+00:00,116543,3555,880,346,10.27456647398844,0.0973277074542897,4.1023484893987625
Ben Shapiro,Mamdani COLLAPSES In Polls,2025-10-28 17:00:46+00:00,756660,7022,1807,1208,5.812913907284768,0.1720307604671034,1.3264874580392778
Ben Shapiro,Welfare Gets Cut By... DEMOCRATS?,2025-10-28 21:08:39+00:00,127242,5535,1150,502,11.025896414342627,0.0906955736224029,5.648292230552805
Ben Shapiro,New York HATES Mamdani's Policies,2025-10-29 17:00:35+00:00,695490,4484,1378,1345,3.333828996282528,0.2999553969669937,1.036247825274267
Ben Shapiro,Michael Knowles Testifies Before Congress,2025-10-29 21:01:07+00:00,77288,2907,244,224,12.977678571428571,0.0770553835569315,4.366783976813995
Ben Shapiro,Friendly Fire: A New Host & Mr. Knowles Goes to Washington,2025-10-30 00:21:29+00:00,40927,1303,252,222,5.86936936936937,0.170376055257099,4.341877000513109
Ben Shapiro,Woke Politics infected the Far Right,2025-10-30 17:00:54+00:00,707689,4530,1433,2289,1.979030144167759,0.5052980132450331,1.1660489282721649
Ben Shapiro,Trump Signs Trade Deals Of The Century,2025-10-30 21:32:05+00:00,59255,2185,338,540,4.046296296296297,0.2471395881006865,5.169184035102523
Ben Shapiro,Hiding in Plain Sight,2025-10-31 14:42:04+00:00,70423,3572,242,934,3.82441113490364,0.261478163493841,6.742115502037686
Ben Shapiro,The Democratic Socialists of America Prepare for VICTORY!,2025-10-31 17:00:04+00:00,673797,3993,1123,846,4.719858156028369,0.2118707738542449,0.8848362340586259
Ben Shapiro,Trans Activist Melts Down— Flips Table at College Event,2025-10-31 21:59:30+00:00,39822,1671,348,493,3.389452332657201,0.2950329144225015,6.308070915574306
Ben Shapiro,Can You Finish The Movie Quote? w/ Ben Shapiro,2025-11-01 14:01:27+00:00,72651,2603,307,411,6.333333333333333,0.1578947368421052,4.571169013502911
Ben Shapiro,Tucker Carlson Sabotages America,2025-11-03 14:02:09+00:00,1081060,41542,41277,58830,0.7061363250042495,1.4161571421693708,13.102788004366085
Ben Shapiro,Nick Fuentes in his own words.,2025-11-03 21:19:55+00:00,242258,5416,3049,6846,0.7911189015483494,1.2640324963072378,6.320121523334627
Ben Shapiro,How Tucker Launders Ideologies,2025-11-03 22:47:15+00:00,90792,4075,935,1605,2.5389408099688477,0.3938650306748466,7.28588421887391
Ben Shapiro,This Is Not How To Treat Friends,2025-11-04 00:33:08+00:00,241632,8996,1054,1759,5.114269471290506,0.1955313472654513,4.8871838167130175
Ben Shapiro,New York Voters Walk Off Cliff,2025-11-04 18:00:28+00:00,712408,6376,2990,4050,1.574320987654321,0.6351944792973652,1.8831905312685988
Ben Shapiro,"Nancy Pelosi Attacks Trump, And Then Retires",2025-11-04 22:00:24+00:00,52294,2108,655,2546,0.8279654359780048,1.2077798861480076,10.15221631544728
Ben Shapiro,The New York EVACUATION Begins,2025-11-05 20:00:17+00:00,722613,9308,3773,3055,3.046808510638298,0.3282122905027932,2.2330071559742213
Ben Shapiro,Why Did Mamdani Win?,2025-11-05 21:59:06+00:00,136631,4981,1087,1875,2.6565333333333334,0.3764304356554909,5.813468392970848
Ben Shapiro,THIS Is Why Republicans Are Losing,2025-11-05 23:01:44+00:00,91358,3965,3258,4281,0.9261854706844196,1.0796973518284994,12.592219619518817
Ben Shapiro,Mamdani Begins His Takeover of New York,2025-11-06 18:00:45+00:00,615273,5158,1729,2213,2.3307727067329416,0.4290422644435828,1.479018256936352
Ben Shapiro,Were Trump’s Tariffs a Bad Idea?,2025-11-06 22:25:20+00:00,62236,2228,1426,1780,1.2516853932584269,0.7989228007181328,8.731280930651069
Ben Shapiro,Bad News For Republicans,2025-11-07 21:43:45+00:00,590578,4082,2292,3360,1.2148809523809525,0.82312591866732,1.6482158156924234
Ben Shapiro,Sydney Sweeney's VIRAL Interview,2025-11-07 23:57:41+00:00,135562,4920,944,2441,2.0155673904137648,0.4961382113821138,6.126348091648102
Ben Shapiro,Can You Guess The Famous Movie Soundtracks? w/ Ben Shapiro,2025-11-08 15:01:09+00:00,44941,2322,1453,1803,1.2878535773710482,0.7764857881136951,12.411828842259853
Ben Shapiro,Democrats FOLD: Shutdown Ends,2025-11-10 18:00:24+00:00,625545,5160,1444,1656,3.1159420289855078,0.3209302325581395,1.3204485688479646
Ben Shapiro,THIS Is Why The Economy Is Failing,2025-11-10 23:01:08+00:00,57208,2499,1855,3170,0.7883280757097791,1.2685074029611845,13.152006712347925
Ben Shapiro,BBC COLLAPSES After Lying About Trump,2025-11-11 18:03:26+00:00,581093,5388,1190,1170,4.605128205128205,0.2171492204899777,1.333349395019386
Ben Shapiro,The Civil War Inside BOTH Parties,2025-11-11 22:49:43+00:00,50248,2272,1411,3158,0.7194426852438252,1.3899647887323945,13.614472217799714
Ben Shapiro,Thank You For Your Service,2025-11-11 23:10:53+00:00,42334,2349,116,63,37.285714285714285,0.0268199233716475,5.971559502999953
Ben Shapiro,Democrats Turn On Each Other,2025-11-12 18:00:32+00:00,562938,4044,1165,1720,2.3511627906976744,0.4253214638971315,1.2308637896180397
Ben Shapiro,My Words Are Being Taken Out Of Context,2025-11-12 22:04:52+00:00,147262,5604,4596,6743,0.8310840872015424,1.2032476802284082,11.50534421643058
Ben Shapiro,"20,000 Epstein Files RELEASED",2025-11-13 18:00:48+00:00,618616,4495,3465,4916,0.9143612693246542,1.0936596218020025,2.081420461158457
Ben Shapiro,I Can't Believe Democrats Did This...,2025-11-13 22:24:10+00:00,55156,2341,1412,2883,0.8120013874436351,1.2315249893208031,12.03132932047284
Ben Shapiro,The Democrats Are Fighting,2025-11-14 16:32:56+00:00,74082,2826,235,152,18.59210526315789,0.0537862703467799,4.337085931805297
Ben Shapiro,The Economy Is About To Burst,2025-11-14 18:00:22+00:00,632878,4891,1723,2250,2.1737777777777776,0.4600286240032713,1.4005858949118155
Ben Shapiro,Epstein Scandal Breaks Wide Open,2025-11-14 23:04:39+00:00,90870,2947,1763,4488,0.6566399286987522,1.5229046487953852,10.122152525586
Ben Shapiro,Ben Shapiro Reacts To Woke Socialist TikToks,2025-11-15 15:00:33+00:00,204232,8716,1634,1474,5.913161465400272,0.169114272602111,5.789494300599318
Ben Shapiro,Trump Ends MTG's Career,2025-11-17 18:01:48+00:00,589496,5059,2818,3139,1.6116597642561326,0.6204783554062068,1.8687149700761327
Ben Shapiro,I Can't Believe She Said This,2025-11-17 23:07:49+00:00,69327,3077,826,1138,2.703866432337434,0.3698407539811504,7.271337285617436
Ben Shapiro,The Bannon-Epstein Connection REVEALED!,2025-11-18 18:00:36+00:00,678800,5080,2126,2436,2.0853858784893267,0.4795275590551181,1.420447849145551
Ben Shapiro,They Are So Out Of Touch...,2025-11-18 22:05:55+00:00,47797,1685,643,1234,1.3654781199351702,0.7323442136498516,7.452350565935101
Ben Shapiro,Radical Islam’s Front Group EXPOSED By Texas!,2025-11-19 18:01:06+00:00,619299,5018,1452,1676,2.9940334128878283,0.3339976086090075,1.315358171093446
Ben Shapiro,They've Finally Lost it,2025-11-19 22:42:51+00:00,42973,2045,637,826,2.4757869249394675,0.4039119804400978,8.16326530612245
Ben Shapiro,Friendly Fire: Will AI Destroy Us?,2025-11-20 01:14:47+00:00,33720,1318,461,364,3.620879120879121,0.2761760242792109,6.355278766310795
Ben Shapiro,I Can't Believe These 2026 Polls...,2025-11-20 18:00:19+00:00,605727,3279,1423,1300,2.522307692307692,0.3964623360780726,0.9908754273790008
Ben Shapiro,Will AI Kill All Jobs?,2025-11-20 18:30:58+00:00,38685,1131,100,20,56.55,0.017683465959328,3.233811554866227
Ben Shapiro,New Epstein Case Revelations,2025-11-20 22:05:50+00:00,44703,1343,713,1857,0.7232094776521271,1.3827252419955325,8.75332751716887
Ben Shapiro,What The HELL Is Going On With The Economy?!,2025-11-21 18:39:34+00:00,649262,3896,1361,1283,3.0366328916601715,0.329312114989733,1.007297516256919
Ben Shapiro,I Can't Believe He Said This...,2025-11-21 22:47:15+00:00,82223,2392,1244,1435,1.6668989547038326,0.5999163879598662,6.1673740924072336
Ben Shapiro,Why Does He Know This?,2025-11-21 23:37:05+00:00,87552,3443,183,165,20.866666666666667,0.047923322683706,4.32999817251462
Ben Shapiro,What Did They Do To This Movie?,2025-11-22 15:01:40+00:00,190767,6427,1275,1186,5.419055649241146,0.1845339971993153,4.659086739320742
Ben Shapiro,Can You Finish The Movie Quote? | Part 2,2025-11-24 16:01:35+00:00,46133,2127,359,230,9.247826086956522,0.1081335213916314,5.887325775475256
Ben Shapiro,My Beliefs Got Challenged By Jordan Peterson,2025-11-25 16:00:23+00:00,597642,3081,725,1119,2.753351206434316,0.3631937682570594,0.8240719360419783
Ben Shapiro,I Was Taught What Is REALLY Happening In Hollywood,2025-11-26 16:01:17+00:00,478281,1064,400,413,2.5762711864406778,0.3881578947368421,0.3924471179076735
Ben Shapiro,The Issue With Wicked For Good,2025-11-26 16:21:03+00:00,78897,1968,181,47,41.87234042553192,0.0238821138211382,2.7833757937564165
Ben Shapiro,Ben Reacts: National Guard Terrorist Attack,2025-11-27 02:33:14+00:00,166265,10082,1902,849,11.87514723203769,0.0842094822455861,7.718401347246864
Ben Shapiro,These Socialists Don't Know Anything,2025-11-27 17:00:58+00:00,77593,3262,306,88,37.06818181818182,0.0269773145309626,4.711765236554844
Ben Shapiro,Do You Know About This Secret Military Game?,2025-11-28 15:00:18+00:00,19302,859,236,500,1.718,0.5820721769499418,8.263392394570511
Ben Shapiro,Ben Shapiro: Guess The Movie Score | Part 2,2025-11-29 15:01:50+00:00,34155,1643,437,254,6.468503937007874,0.1545952525867316,6.833552920509442
Ben Shapiro,The Trump Administration CRACKS DOWN on Third World Migration,2025-12-01 18:01:03+00:00,608789,4476,1036,377,11.872679045092838,0.0842269883824843,0.9673302244291536
Ben Shapiro,Did Pete Hegseth Commit A War Crime?,2025-12-01 22:14:56+00:00,67657,2262,1522,489,4.625766871165644,0.2161803713527851,6.3156805652038965
Ben Shapiro,War Crime Discussion Gets Heated?,2025-12-02 01:09:30+00:00,48380,1645,287,198,8.308080808080808,0.1203647416413373,4.402645721372468
Ben Shapiro,Hegseth Bombing Leaks REVEALED,2025-12-02 18:01:11+00:00,577886,3484,1171,239,14.577405857740583,0.0685993111366245,0.8468798344310123
Ben Shapiro,This Psycho Might Win,2025-12-02 22:04:23+00:00,25262,1007,321,286,3.520979020979021,0.2840119165839126,6.38904283112976
Ben Shapiro,Trump DEPORTS Somali Immigrants,2025-12-03 18:01:07+00:00,614378,5103,1242,370,13.791891891891892,0.0725063688026651,1.09297533440325
Ben Shapiro,Gen Z Confronts Me On The Economy,2025-12-03 22:00:44+00:00,56775,2004,690,469,4.272921108742004,0.2340319361277445,5.571114046675473
Ben Shapiro,How Can Gen Z Afford A House?,2025-12-03 23:53:17+00:00,55558,2043,324,366,5.581967213114754,0.1791483113069016,4.919183555923539
Ben Shapiro,Trump Fights The Climate Change Cult,2025-12-04 18:00:55+00:00,568222,2814,684,436,6.454128440366972,0.1549395877754086,0.692335038066108
Ben Shapiro,This New Attack On Trump Is Unreal,2025-12-04 23:07:39+00:00,88452,3574,402,613,5.830342577487765,0.1715165081141578,5.188124632569077
Ben Shapiro,"What Did Ilhan Omar Know, and When Did She Know It?!",2025-12-05 18:00:15+00:00,687974,6667,1224,655,10.178625954198472,0.0982450877456127,1.2421981063237857
Ben Shapiro,How The Pipe Bomber Was Caught,2025-12-05 22:22:55+00:00,29054,1290,339,257,5.019455252918288,0.1992248062015504,6.49136091415984
Ben Shapiro,Ben Reacts To Woke TikTok's: Bad Marriage Advice,2025-12-06 15:01:01+00:00,196218,6820,1101,391,17.44245524296675,0.0573313782991202,4.236104740645608
Ben Shapiro,Is The Economy About To Crash?,2025-12-08 18:00:55+00:00,624792,3584,1248,528,6.787878787878788,0.1473214285714285,0.8578855042958297
Ben Shapiro,ANOTHER Charlotte Stabbing...,2025-12-08 22:40:55+00:00,45903,1888,351,154,12.25974025974026,0.0815677966101695,5.213166895409886
Ben Shapiro,What Do We Do About CHINA?,2025-12-09 18:23:55+00:00,558336,2793,727,318,8.783018867924529,0.1138560687432867,0.6873997019715727
Ben Shapiro,Did Zelensky Blow Up The Ukraine Deal?,2025-12-09 22:28:41+00:00,59891,2654,1103,402,6.601990049751244,0.1514694800301431,6.944282112504382
Ben Shapiro,Is Affordability a “Democrat Hoax”?!,2025-12-10 19:29:03+00:00,524061,2213,1017,593,3.7318718381112985,0.2679620424762765,0.7294952305170581
Ben Shapiro,BILLIONS Of Dollars Of Fraud Uncovered,2025-12-10 23:15:23+00:00,33426,1587,211,207,7.666666666666667,0.1304347826086956,5.998324657452283
Ben Shapiro,US SEIZES Venezuelan Tanker!,2025-12-11 18:01:01+00:00,582449,3516,855,264,13.318181818181818,0.0750853242320819,0.7957778277583101
Ben Shapiro,Are We Going To War With Russia?,2025-12-11 22:23:15+00:00,62420,2083,755,292,7.133561643835616,0.1401824291886702,5.014418455623198
Ben Shapiro,Gavin Newsom Wants to Trans The Kids,2025-12-12 18:00:00+00:00,565408,2588,607,308,8.402597402597403,0.1190108191653786,0.6195526062595506
Ben Shapiro,Why Florida Is Turning Blue,2025-12-12 22:20:06+00:00,92365,3152,1238,672,4.690476190476191,0.2131979695431472,5.480430899150111
Ben Shapiro,Comedians Are Funny Again,2025-12-13 15:00:21+00:00,149989,5373,427,389,13.812339331619537,0.0723990321980271,4.126302595523672
Ben Shapiro,MASSACRE: 15 Plus Killed in Islamist Hanukkah Attack in Australia,2025-12-15 18:18:00+00:00,765810,8746,3606,730,11.98082191780822,0.0834667276469243,1.708256617176584
Ben Shapiro,University Shooting Victim Speaks Out,2025-12-15 22:34:03+00:00,21229,879,241,279,3.150537634408602,0.3174061433447099,6.590041923783503
Ben Shapiro,The Dumbest Assumption In All Of Politics,2025-12-16 18:00:54+00:00,601825,3307,807,376,8.795212765957446,0.1136982159056546,0.7460640551655381
Ben Shapiro,It's Not The Guns. It's THIS...,2025-12-16 22:59:33+00:00,44901,2113,550,465,4.544086021505376,0.2200662565073355,6.966437273111957
Ben Shapiro,Friendly Fire | Let's Talk About the Radical Islam Problem,2025-12-17 01:24:25+00:00,57897,2483,601,224,11.084821428571429,0.0902134514699959,5.713594832202014
Ben Shapiro,How White Men Became The Targets Of America’s Most Powerful Institutions,2025-12-17 18:00:16+00:00,565689,3245,954,539,6.020408163265306,0.1661016949152542,0.8375626890393839
Ben Shapiro,I Can't Believe This Marijuana Decision...,2025-12-17 22:09:03+00:00,50737,1144,1868,2150,0.532093023255814,1.8793706293706292,10.174034728107692
Ben Shapiro,So About Trump's Speech Last Night...,2025-12-18 18:00:23+00:00,637610,4136,1467,1157,3.57476231633535,0.2797388781431335,1.0602092188014616
Ben Shapiro,Are We Going To War With Venezuela?,2025-12-18 22:31:34+00:00,40717,1370,620,1296,1.057098765432099,0.945985401459854,8.070339170371097
Ben Shapiro,How can we unify?,2025-12-19 15:35:25+00:00,86071,2997,738,727,4.12242090784044,0.2425759092425759,5.184092202948729
Ben Shapiro,TPUSA Speech: Truth Over Cowardice and Grifting,2025-12-19 18:01:08+00:00,819332,17081,13001,9396,1.817901234567901,0.5500848896434635,4.818315408161771
Ben Shapiro,Healthcare Costs Are About To Explode,2025-12-19 22:09:18+00:00,45427,1370,1360,2343,0.5847204438753735,1.7102189781021897,11.167367424659345
Ben Shapiro,"Ben Shapiro Reviews: ""Wake Up Dead Man: A Knives Out Mystery""",2025-12-20 15:01:04+00:00,77754,2210,2019,3709,0.5958479374494473,1.6782805429864254,10.209121074156958
Ben Shapiro,Hanukkah or Chanukah?,2025-12-20 17:50:15+00:00,64901,2348,261,1423,1.6500351370344344,0.6060477001703578,6.212539098010817
Ben Shapiro,The Screwtape Letters by C. S. Lewis | Ben Shapiro's Book Club,2025-12-22 18:00:58+00:00,614565,2552,1217,1443,1.7685377685377686,0.5654388714733543,0.8480795359319193
Ben Shapiro,The Greatest Stories Ever Told,2025-12-23 18:00:26+00:00,28024,1332,734,770,1.7298701298701298,0.5780780780780781,10.119897230944904
Ben Shapiro,Ben Shapiro DESTROYS Words of the Year,2025-12-24 18:00:24+00:00,48109,2376,878,913,2.602409638554217,0.3842592592592592,8.661580993161362
Ben Shapiro,Biblical Idolatry & The Role of Moses w/ Jordan B. Peterson,2025-12-26 18:00:18+00:00,688132,1194,726,1175,1.0161702127659575,0.9840871021775544,0.4497683583963542
Ben Shapiro,Ben Shapiro Reacts To Woke TikToks: Dumb Socialists Edition | Volume 2,2025-12-27 15:00:38+00:00,124186,5646,1268,851,6.63454759106933,0.1507261778250088,6.252717697647078
Ben Shapiro,Ben Shapiro Reacts to Clair Obscur Expedition 33 | Violinist Analysis,2025-12-29 15:01:33+00:00,95130,3485,1373,2378,1.4655172413793105,0.6823529411764706,7.60643330179754
Ben Shapiro,The New Nuclear Arms Race,2025-12-30 15:01:41+00:00,66114,3025,693,671,4.508196721311475,0.2218181818181818,6.638533442236137
Ben Shapiro,Ben Shapiro Reacts To Most Viral Moments of 2025,2025-12-31 17:49:00+00:00,62096,2958,762,620,4.770967741935484,0.2096010818120351,6.9891780468951294
Ben Shapiro,"Epstein, Trump and Meeting the Pope",2026-01-02 15:01:30+00:00,43974,1872,625,537,3.4860335195530725,0.2868589743589743,6.899531541365351
Ben Shapiro,The Craziest Moments Of The Year.,2026-01-02 19:03:57+00:00,89360,2931,194,36,81.41666666666667,0.0122824974411463,3.5373769024171886
Ben Shapiro,Where Your Favorite Movie Music Comes From,2026-01-03 15:01:47+00:00,32607,2022,371,137,14.75912408759124,0.0677546983184965,7.759070138313858
Ben Shapiro,Ben Reacts: The U.S. Takes Down Maduro,2026-01-04 02:59:29+00:00,1401771,38476,6434,2395,16.065135699373695,0.0622465952801746,3.3746596270004163
Ben Shapiro,2026 SHOCK: Trump DEPOSES Maduro!,2026-01-05 18:00:53+00:00,954018,8660,1777,628,13.789808917197451,0.0725173210161662,1.1598313658652142
Ben Shapiro,It's Over For Tim Walz,2026-01-05 22:26:46+00:00,105525,3989,560,347,11.495677233429396,0.0869892203559789,4.639658848614073
Ben Shapiro,MASTERSTROKE: Trump’s Venezuela Coup Ends The Iraq Syndrome,2026-01-06 18:00:57+00:00,643031,5952,1253,608,9.789473684210526,0.1021505376344086,1.2150269582648423
Ben Shapiro,I Can't Believe Mamdani Did this...,2026-01-06 22:36:28+00:00,135398,5916,1479,872,6.784403669724771,0.1473968897903989,6.105703186162277
Ben Shapiro,Will Republicans Win In 2026?,2026-01-07 18:00:53+00:00,740233,3596,1062,574,6.264808362369338,0.1596218020022247,0.7068044791302198
Ben Shapiro,RFK's INCREDIBLE New Change,2026-01-07 22:05:48+00:00,32677,1361,838,610,2.2311475409836063,0.4481998530492285,8.596260366618722
Ben Shapiro,CHAOS IN MINNEAPOLIS: ICE Officer Shoots Minneapolis Driver,2026-01-08 18:00:15+00:00,818740,7248,4557,1940,3.736082474226804,0.2676600441501103,1.678799130371058
Ben Shapiro,What Our Reporter Saw At The Minneapolis Protests,2026-01-08 22:27:00+00:00,97232,3010,870,673,4.472511144130758,0.2235880398671096,4.682614777028139
Ben Shapiro,UNHINGED: Top Democrats Label ICE The Enemy,2026-01-09 18:00:52+00:00,752436,4924,1574,831,5.925391095066185,0.1687652315190901,0.9740363300001595
Ben Shapiro,Will Trump Kill Ayatollah Khamenei?,2026-01-09 22:08:36+00:00,80077,2920,864,1023,2.854349951124145,0.3503424657534246,6.002972139315908
Ben Shapiro,Ben Shapiro Reacts To Woke TikToks: Venezuela Meltdowns,2026-01-10 15:01:37+00:00,148695,7208,1038,384,18.77083333333333,0.053274139844617,5.803826624970577
Ben Shapiro,Hundreds Killed In Iran,2026-01-12 18:00:07+00:00,779838,6355,1564,720,8.82638888888889,0.1132966168371361,1.107794182894396
Ben Shapiro,The Daily Wire Has Been Taken Over,2026-01-12 22:31:21+00:00,38212,1815,422,531,3.4180790960451977,0.2925619834710743,7.243797759866011
Ben Shapiro,Trump Declares War…On Jerome Powell,2026-01-13 18:00:12+00:00,695238,2809,749,287,9.787456445993032,0.1021715913136347,0.5530480209654823
Ben Shapiro,Iran's Plan To Kill Protestors,2026-01-13 21:58:47+00:00,66485,3066,772,336,9.125,0.1095890410958904,6.278107843874558
Ben Shapiro,Iran SLAUGHTER In The Streets?!,2026-01-14 18:00:15+00:00,668412,5451,1158,521,10.46257197696737,0.0955787928820399,1.0667073601311765
Ben Shapiro,He's Finally Doing It...,2026-01-14 22:22:00+00:00,82489,3292,687,835,3.94251497005988,0.2536452004860267,5.835929639103395
Ben Shapiro,Democrats: ICE Is Just Like The Ayatollahs,2026-01-15 18:00:33+00:00,686680,3772,902,288,13.09722222222222,0.0763520678685047,0.7226073280130483
Ben Shapiro,ICE Agent Hit By Car Has Internal Bleeding,2026-01-15 23:08:06+00:00,37488,1840,645,736,2.5,0.4,8.592082799829278
Ben Shapiro,What I Learned From Sitting With Gavin Newsom,2026-01-16 18:00:35+00:00,794646,5768,1460,841,6.858501783590963,0.1458044382801664,1.015420703055197
Ben Shapiro,Reviewing My Gavin Newsom Conversation,2026-01-16 22:33:19+00:00,191518,5216,517,388,13.443298969072163,0.0743865030674846,3.19604423605092
Ben Shapiro,Gavin for President? | Friendly Fire,2026-01-16 23:12:09+00:00,37635,1246,242,142,8.774647887323944,0.1139646869983948,4.331074797396041
Ben Shapiro,Trump Is NOT A Dictator,2026-01-17 15:00:56+00:00,54945,3050,1749,1108,2.752707581227437,0.3632786885245901,10.75075075075075
Ben Shapiro,ICE Protesters Invade...A CHURCH?!,2026-01-19 18:00:56+00:00,706381,4769,1599,413,11.54721549636804,0.0866009645628014,0.9599635324279672
Ben Shapiro,Trump Moves To Take Greenland,2026-01-19 22:54:15+00:00,130925,4063,2419,538,7.552044609665428,0.1324144720649766,5.361848386480809
Ben Shapiro,The Left Says Opposing Illegal Immigration Is WHITE SUPREMACY,2026-01-20 18:01:06+00:00,604677,3369,840,208,16.197115384615383,0.0617393885425942,0.7304726324963575
Ben Shapiro,THIS Is What ICE Sees In Minneapolis,2026-01-20 22:51:47+00:00,56280,2475,492,341,7.258064516129032,0.1377777777777777,5.877754086709311
Ben Shapiro,Trump Prepares To Drop Davos BOMBS,2026-01-21 12:01:41+00:00,634498,3700,966,595,6.218487394957983,0.1608108108108108,0.8291594299745625
Ben Shapiro,Unhinged Church Protestor Speaks Out,2026-01-21 23:13:12+00:00,46821,2004,279,308,6.5064935064935066,0.1536926147704591,5.533841652250058
Ben Shapiro,OPERATION GREENLAND: Trump Takes Davos!,2026-01-22 15:01:08+00:00,780394,5450,1476,1187,4.591406908171862,0.2177981651376146,1.0396030722942513
Ben Shapiro,This Decision Saves Lives,2026-01-22 23:04:14+00:00,23361,958,166,118,8.11864406779661,0.1231732776617954,5.316553229741877
Ben Shapiro,Another Ridiculous Media LIE About ICE!,2026-01-23 15:01:51+00:00,749256,3742,852,596,6.278523489932886,0.1592731159807589,0.6926871456484833
Ben Shapiro,Will Don Lemon Go To Jail?,2026-01-23 21:59:20+00:00,64595,2664,461,128,20.8125,0.048048048048048,5.035993497948757
Ben Shapiro,Ben Shapiro Reacts To Woke Tiktoks: ICE Meltdowns | Part 2,2026-01-24 15:00:12+00:00,131155,5268,1362,875,6.0205714285714285,0.1660971905846621,5.7222370477679085
Ben Shapiro,DEMOCRATS' CHAOS OPERATION: Minneapolis Explodes After ANOTHER ICE Shooting,2026-01-26 19:04:39+00:00,634916,5295,5098,3504,1.5111301369863013,0.6617563739376771,2.188793478192391
Ben Shapiro,Tim Walz Humiliated Himself,2026-01-26 22:03:46+00:00,92387,4392,886,557,7.885098743267505,0.1268214936247723,6.315823654843214
Ben Shapiro,"COURSE CORRECTION? Bovino OUT, Trump and Walz Make Nice",2026-01-27 20:14:42+00:00,839867,3244,979,371,8.743935309973045,0.1143649815043156,0.5469913688714999
Ben Shapiro,Kanye Is Back...,2026-01-28 00:21:07+00:00,56498,2703,578,426,6.345070422535211,0.1576026637069922,6.561294205104605
Ben Shapiro,Are We Headed Toward Civil War?,2026-01-28 15:00:55+00:00,139825,7062,1207,429,16.46153846153846,0.0607476635514018,6.220632934024674
Ben Shapiro,Democrats Seek Illegal Immigrant JAILBREAK In Response To ICE Shootings?!,2026-01-28 18:16:15+00:00,366878,2482,497,203,12.226600985221674,0.0817888799355358,0.8673182910940422
Ben Shapiro,Ilhan Omar Assaulted?!,2026-01-28 22:00:43+00:00,65397,2295,713,237,9.683544303797468,0.1032679738562091,4.962001315045033
Ben Shapiro,NEW TAPE: Pretti’s Not-So-Nonviolent ICE Protest Past,2026-01-29 18:22:36+00:00,539761,4076,1430,1095,3.722374429223744,0.2686457311089303,1.2229486754322747
Ben Shapiro,Marco Rubio DESTROYS Democrats,2026-01-29 22:20:02+00:00,149918,7114,912,344,20.680232558139537,0.0483553556367725,5.583052068464093
Ben Shapiro,Don Lemon ARRESTED!,2026-01-30 18:01:04+00:00,626462,6442,1471,664,9.701807228915662,0.1030735796336541,1.369117360669921
Ben Shapiro,Tom Homan HUMILIATES Tim Walz,2026-01-30 21:58:34+00:00,90925,3441,395,328,10.490853658536585,0.095321127579192,4.579598570250206
Ben Shapiro,No Michelle Obama...You Are Not A Victim,2026-01-31 15:01:00+00:00,64937,2524,876,820,3.078048780487805,0.3248811410459588,6.498606341531023
Ben Shapiro,The Grammys vs. ICE!,2026-02-02 18:00:20+00:00,580774,4035,1655,2762,1.4608979000724114,0.6845105328376704,1.4552993074758855
Ben Shapiro,Here’s the REAL Reason Democrats Are Obstructing ICE,2026-02-03 18:00:35+00:00,573767,3826,1195,1697,2.254566882734237,0.4435441714584422,1.1708585540820575
Ben Shapiro,America's Funniest Senator,2026-02-03 22:23:57+00:00,62054,3490,411,1008,3.4623015873015874,0.2888252148997134,7.910851838721114
Ben Shapiro,Transing of Children in America…IS DEAD,2026-02-04 18:00:20+00:00,542415,3580,924,981,3.649337410805301,0.2740223463687151,1.011218347575196
Ben Shapiro,The INSANE Bitcoin Kidnapping Ransom,2026-02-04 22:05:48+00:00,37763,1303,432,893,1.4591265397536397,0.6853415195702226,6.9591928607367
Ben Shapiro,"Left-Wing ""Journalists"" PANIC As WaPo FIRES 300+",2026-02-05 18:25:07+00:00,535261,3689,642,449,8.216035634743875,0.1217132014095961,0.8930222825873733
Ben Shapiro,Maxine Waters Gets HUMBLED,2026-02-05 22:00:01+00:00,52617,2236,349,492,4.544715447154472,0.220035778175313,5.847919873805044
Ben Shapiro,The Media Doesn't Care About You,2026-02-05 23:59:09+00:00,47968,1921,118,232,8.280172413793103,0.1207704320666319,4.734406270847232
Ben Shapiro,SHOCKING Kidnapping Update,2026-02-06 18:11:56+00:00,563509,4117,741,626,6.57667731629393,0.152052465387418,0.9731876509514488
Ben Shapiro,These Commercials Are Insane...,2026-02-06 22:38:04+00:00,91206,2773,466,429,6.463869463869464,0.1547060944825099,4.021665241321843
Ben Shapiro,Ben Shapiro DESTROYS Celebrity ICE Reactions,2026-02-07 15:01:11+00:00,81629,3316,799,737,4.49932157394844,0.2222557297949336,5.943965992478163
Ben Shapiro,A Very BAD Bunny Super Bowl,2026-02-09 18:00:04+00:00,770505,7686,4156,5024,1.5298566878980893,0.653655997918293,2.188953997702805
Ben Shapiro,Trump Makes Move Against Iran,2026-02-09 22:43:24+00:00,83507,3446,489,366,9.415300546448089,0.1062100986651189,5.150466427964123
Ben Shapiro,CON INC: Bannon-Epstein Connection EXPLODES,2026-02-10 20:33:06+00:00,619414,4392,1264,752,5.840425531914893,0.1712204007285974,1.034526181197067
Ben Shapiro,DAMNING Epstein File leaks,2026-02-10 23:11:00+00:00,82792,2306,1127,1685,1.368545994065282,0.730702515177797,6.181756691467775
Ben Shapiro,Of Course This Was On Purpose,2026-02-11 16:45:42+00:00,176628,5200,394,52,100.0,0.01,3.1965486785787074
Ben Shapiro,TAPE Emerges in Nancy Guthrie Kidnapping,2026-02-11 18:00:40+00:00,500138,2376,397,174,13.655172413793103,0.0732323232323232,0.5892373704857459
Ben Shapiro,ANOTHER Transgender Shooting,2026-02-11 22:13:41+00:00,112592,5837,1069,442,13.205882352941176,0.0757238307349666,6.526218559045048
Ben Shapiro,The Epstein Bannon Ties REVEALED,2026-02-11 22:27:05+00:00,83048,2547,286,189,13.476190476190476,0.0742049469964664,3.638859454773143
Ben Shapiro,Mamdani Leaves Homeless to FREEZE To Death,2026-02-12 18:00:21+00:00,549824,3771,961,588,6.413265306122449,0.1559268098647573,0.9675823536258876
Ben Shapiro,This Did NOT Go Well...,2026-02-12 22:08:29+00:00,71764,1819,1354,1337,1.3605086013462977,0.7350192413413964,6.284488044144696
Ben Shapiro,"It’s BERNIE’s Party, You Can Cry If You Want To",2026-02-13 18:00:58+00:00,538092,2706,596,369,7.333333333333333,0.1363636363636363,0.6822253443649041
Ben Shapiro,Will Kristi Noem Get Fired For This?,2026-02-13 22:10:20+00:00,35439,1117,313,110,10.154545454545454,0.0984780662488809,4.345495076046164
Ben Shapiro,Ben After Dark: Be Mine (Or Be Destroyed),2026-02-13 23:47:13+00:00,39672,2181,323,239,9.125523012552302,0.1095827602017423,6.914196410566646
Ben Shapiro,This Is Insane,2026-02-14 15:00:50+00:00,94168,3342,936,261,12.804597701149426,0.078096947935368,4.820108741823124
Ben Shapiro,Why America Kicks Ass,2026-02-16 18:00:51+00:00,46037,2530,581,479,5.281837160751566,0.1893280632411067,7.798075461042204
Ben Shapiro,"Rubio SHINES in Europe, AOC Collapses!",2026-02-17 18:00:45+00:00,593009,5628,1093,283,19.886925795053003,0.0502842928216062,1.1810950592655425
Ben Shapiro,Hillary's HUMILIATING Press Conference,2026-02-17 22:15:52+00:00,55464,2394,411,208,11.509615384615383,0.0868838763575605,5.4323525169479305
Ben Shapiro,RED FLAG,2026-02-18 00:38:30+00:00,91491,3097,203,195,15.882051282051282,0.0629641588634162,3.8200478735613337
Ben Shapiro,Promoting This Rhetoric Is Evil,2026-02-18 15:39:07+00:00,58069,2324,472,18,129.11111111111111,0.0077452667814113,4.845959117601474
Ben Shapiro,Dave Chappelle Has LOST IT,2026-02-18 18:00:05+00:00,545331,4525,968,327,13.837920489296636,0.0722651933701657,1.067241730251902
Ben Shapiro,The Dumbest Person In Congress,2026-02-18 20:50:02+00:00,133111,8360,734,86,97.2093023255814,0.0102870813397129,6.896499913605939
Ben Shapiro,Steven Colbert Crosses A Line,2026-02-18 22:02:50+00:00,40282,1749,299,201,8.701492537313433,0.1149228130360205,5.583138870959735
Ben Shapiro,Prince Andrew Arrested,2026-02-19 18:01:03+00:00,529177,4171,1254,365,11.427397260273972,0.0875089906497242,1.0941518622313515
Ben Shapiro,Iran Makes A Move,2026-02-19 22:38:27+00:00,116960,4877,783,132,36.946969696969695,0.0270658191511174,4.952120383036935
Ben Shapiro,PLEASE DO NOT DO THIS!!,2026-02-19 23:35:41+00:00,56489,3170,238,48,66.04166666666667,0.0151419558359621,6.118005275363346
Ben Shapiro,LIVE: Supreme Court WRECKS Trump's Tariffs,2026-02-20 17:14:42+00:00,103888,3007,848,77,39.05194805194805,0.0256069171932158,3.7848452179269994
Ben Shapiro,Can Trump Reimpose Tariffs?,2026-02-20 23:28:12+00:00,23920,1033,232,83,12.44578313253012,0.0803484995159729,5.635451505016722
Ben Shapiro,Ben After Dark: Make America Grapple Again,2026-02-21 00:54:21+00:00,12892,829,95,45,18.42222222222222,0.0542822677925211,7.516289171579274
Ben Shapiro,Ben Shapiro Reacts To Finance Bros,2026-02-21 15:00:28+00:00,12446,1085,152,28,38.75,0.0258064516129032,10.163908082918208
