YouTuber_Name,Title,Date,Views,Likes,Comments,Dislikes,Like_to_Dislike_Ratio,Dislike_to_Like_Ratio,Engagement_Ratio
Markiplier,3 Scary Games #37,2020-01-01 17:00:08+00:00,6706002,186376,8445,1663,112.07215874924835,0.008922822681031893,2.92997228452959
Markiplier,REALLY GOOD HORROR GAME | The Possession Experiment,2020-01-03 16:00:14+00:00,6278084,217098,7770,1568,138.45535714285714,0.007222544657251564,3.6067691990103983
Markiplier,One Hour With Mr. Hopp,2020-01-05 16:00:00+00:00,2971420,126550,7268,890,142.19101123595505,0.007032793362307389,4.533455384967457
Markiplier,TERRIFYING CREEPYPASTA GAME | Theater Unrest,2020-01-06 16:00:07+00:00,3477769,122427,5827,920,133.07282608695652,0.007514682218791606,3.7142777453016578
Markiplier,kinda scary... | ANATOMY,2020-01-07 16:00:06+00:00,4100533,133529,8715,1238,107.85864297253634,0.009271394228968988,3.49910609181782
Markiplier,3 Scary Games #38,2020-01-08 16:00:07+00:00,4938258,153379,10375,1164,131.7689003436426,0.007589044132508362,3.33959870059442
Markiplier,Where Does YouTube Send New Viewers NOW IN 2020?!,2020-01-09 16:00:11+00:00,5428702,283739,13318,1910,148.55445026178012,0.006731538491360017,5.507154380549899
Markiplier,we're not getting out alive... | GTFO Part 1,2020-01-12 17:24:28+00:00,11376916,241625,9172,2105,114.78622327790974,0.008711846870150025,2.2229398547022763
Markiplier,THE CARD OF INFINITE SKIPS | UNO,2020-01-13 17:04:01+00:00,11287974,199968,5060,1874,106.70651013874067,0.009371499439910386,1.832941854756221
Markiplier,being eaten alive in front of my friends... | GTFO Part 2,2020-01-16 16:09:00+00:00,6374285,127541,3852,1009,126.40336967294351,0.00791118150241883,2.0771270817040657
Markiplier,The *NEW* Worst Game on Steam (3% positive reviews...),2020-01-17 17:06:50+00:00,7321615,295015,12799,3513,83.97808141189866,0.011907869091402132,4.252162944924036
Markiplier,Beating the First Level of GTFO SOLO,2020-01-18 16:21:59+00:00,3809171,120682,6429,890,135.59775280898876,0.007374753484363865,3.360337459252945
Markiplier,3 SCARY GAMES #39,2020-01-19 17:15:00+00:00,6372233,177218,9514,1629,108.78944137507673,0.00919206852577052,2.9559653578266833
Markiplier,Escape the Ayuwoki: Steam Edition - Part 1,2020-01-22 16:21:43+00:00,4952621,181745,10438,1097,165.67456700091157,0.006035929461608297,3.9025800682103475
Markiplier,Granny Chapter 2 FULL GAME,2020-01-23 19:06:59+00:00,12629242,284819,12733,3076,92.59395318595578,0.01079984130272208,2.38041206273504
Markiplier,2nd Level of GTFO Solo'd,2020-01-24 16:00:02+00:00,2750897,79056,3808,446,177.2556053811659,0.005641570532280915,3.0284667146752495
Markiplier,Escape the Ayuwoki: Steam Edition - Part 2,2020-01-26 18:20:43+00:00,2645109,106143,6005,620,171.19838709677418,0.005841176526007367,4.263264765270542
Markiplier,SCP Needs Your Help,2020-01-27 16:00:07+00:00,3738515,301317,21049,1682,179.14209274673007,0.005582160979964622,8.667826663795651
Markiplier,maybe WE'RE the monsters... | GTFO Part 3,2020-01-28 16:00:09+00:00,4598171,99379,2703,631,157.4944532488114,0.006349429960051923,2.233779474491053
Markiplier,3 SCARY GAMES #40,2020-01-29 16:00:11+00:00,7929134,191667,9845,1553,123.41725692208628,0.008102594604183297,2.560998464649481
Markiplier,FIRE ABSOLUTELY EVERYTHING!! | GTFO Part 4,2020-01-30 17:00:16+00:00,3569300,76453,2210,464,164.76939655172413,0.006069088197977843,2.216877258846272
Markiplier,SURPRISINGLY SCARY | A Girl's Fabric Face,2020-01-31 16:32:29+00:00,7327999,172533,6684,1327,130.01733232856066,0.00769128224745411,2.4637557947265005
Markiplier,VR is BEAUTIFUL with BONES | Boneworks,2020-02-02 16:06:54+00:00,3582293,119360,5978,1277,93.469068128426,0.01069872654155496,3.5344680069441554
Markiplier,EMERGENCY FAMILY MEETING!! get your SORRY BUTT IN HERE!!,2020-02-06 02:22:49+00:00,2031537,136030,10042,2205,61.69160997732426,0.016209659633904284,7.298759510656218
Markiplier,I ACTUALLY WON ONE! | Apex Legends w/ Bob & Wade,2020-02-07 17:00:10+00:00,1868069,68076,3177,970,70.18144329896907,0.01424878077442858,3.8661848143724886
Markiplier,3 SCARY GAMES #41,2020-02-08 16:00:05+00:00,4524959,153504,7047,978,156.95705521472394,0.006371169480925578,3.5697340020097417
Markiplier,it feels good to be this good,2020-02-10 03:54:19+00:00,1975009,76861,4267,1535,50.07231270358306,0.019971116691169775,4.185449281496945
Markiplier,I AM LITERALLY THE GRIM REAPER | Death and Taxes,2020-02-11 17:00:02+00:00,7961189,225230,7547,2573,87.5359502526234,0.011423877813790348,2.9562167158699535
Markiplier,HI HO! HI HO! It's Off to WUMP We Go! | GTFO Part 5,2020-02-12 17:39:43+00:00,4329301,83767,2599,649,129.0708782742681,0.0077476810677235665,2.0099087589428413
Markiplier,DOOM Eternal's Game Director BROKE INTO MY HOUSE and FORCED Me to Play!!,2020-02-13 20:38:30+00:00,2312512,106219,5614,1000,106.219,0.009414511528069366,4.8792395455677635
Markiplier,"Sour Patch Kids Sent Me a ""PERSONALIZED"" Gift Box",2020-02-14 16:00:12+00:00,7011240,310319,16066,2780,111.62553956834532,0.008958523325996797,4.694818605553368
Markiplier,ZOMBIES IN YOUR FACE!! | The Walking Dead: Saints and Sinners,2020-02-16 18:00:02+00:00,4982149,139129,5870,1443,96.41649341649341,0.010371669457841284,2.939334010283514
Markiplier,3 SCARY GAMES #42,2020-02-17 16:00:17+00:00,4829381,164110,10791,1200,136.75833333333333,0.0073121686673572606,3.6464507563184596
Markiplier,Markiplier Will MOUNT You,2020-02-19 16:00:09+00:00,5118998,156438,6166,1964,79.65274949083503,0.012554494432299057,3.2148479057815615
Markiplier,"INFINIBUS | Snakeybus w/ Jack, Bob, Wade",2020-02-20 17:09:08+00:00,7412954,184319,3981,1537,119.92127521145088,0.008338803921462247,2.560881937214233
Markiplier,I'M ALONE AND SCARED | The Convenience Store,2020-02-23 00:41:59+00:00,8758086,259132,9638,2511,103.19872560732776,0.009690042140685057,3.0974918492465133
Markiplier,"3 Scary Games LIVE (special surprise at 33,333 likes)",2020-02-24 19:51:27+00:00,9460378,422744,16400,6057,69.79428760112266,0.014327820146471623,4.7059536098874695
Markiplier,3 SCARY GAMES #43,2020-02-25 16:00:06+00:00,4573310,130355,5817,1916,68.03496868475992,0.014698323808062599,3.019432314887904
Markiplier,4 ALPHA MALES Beat the 2nd Hardest Level | GTFO Part 6,2020-02-26 16:00:00+00:00,4071516,89015,2595,634,140.40220820189273,0.00712239510194911,2.265593454624764
Markiplier,ACTUALLY HILARIOUS | Human Fall Flat w/ Bob & Wade,2020-02-28 16:00:06+00:00,6703014,171762,5664,2114,81.24976348155155,0.01230772813544323,2.6784965688569353
Markiplier,Hand Simulator SURVIVAL,2020-03-01 16:00:00+00:00,11979616,244281,7545,2224,109.83857913669065,0.009104269263675848,2.1206856713938076
Markiplier,PRAISE THE SUN!! | GTFO Part 7,2020-03-02 16:58:35+00:00,2973188,71899,2800,478,150.4163179916318,0.006648214856952113,2.528498029724323
Markiplier,i fell down... go boom... | Human Fall Flat w/ Bob & Wade - Part 2,2020-03-03 17:00:05+00:00,4423165,119256,3090,670,177.99402985074627,0.005618165962299591,2.7811759226707573
Markiplier,"Clickhole Quizzes: R.L. Stine, Master of ""Love""",2020-03-04 16:00:05+00:00,828171,65511,2350,684,95.77631578947368,0.01044099464212117,8.276672329748324
Markiplier,3 SCARY GAMES #44,2020-03-05 17:45:01+00:00,5638950,176437,6829,1199,147.1534612176814,0.006795626767628105,3.271265040477394
Markiplier,Someone Wrote a Book About Me... WITHOUT MY PERMISSION?!,2020-03-07 16:00:03+00:00,4670303,318713,76070,2753,115.76934253541592,0.008637865414965815,8.511995902621306
Markiplier,THIS VIDEO WILL DELETE YOUR BRAIN CELLS,2020-03-09 15:00:03+00:00,1635665,106854,8474,2029,52.663380975850174,0.018988526400509107,7.174879941797372
Markiplier,I GOT PEPPER SPRAYED!!,2020-03-10 19:00:12+00:00,1430719,98822,5918,711,138.9901547116737,0.0071947542045293555,7.370489942469486
Markiplier,3 SCARY GAMES #45,2020-03-11 18:48:33+00:00,9004509,240513,10790,2384,100.8863255033557,0.009912146120999697,2.8173329606311683
Markiplier,Let's talk about Coronavirus,2020-03-12 22:12:37+00:00,3619945,351947,46909,6019,58.4726698787174,0.017102006836256595,11.184562196386961
Markiplier,OVERTHROW ALL THE PARENTS | Blackout Club - Part 1,2020-03-13 16:24:18+00:00,6238510,150571,3867,1351,111.45151739452258,0.008972511306958178,2.497214879835089
Markiplier,Can Markiplier Learn a TikTok Dance in 1 HOUR?,2020-03-14 15:00:10+00:00,1869774,141889,5187,1195,118.73556485355648,0.00842207641184306,7.929888852877406
Markiplier,THIS HORROR GAME MADE ME SO UNCOMFORTABLE | Discover My Body,2020-03-16 00:30:47+00:00,4365973,234988,8191,1929,121.81855883877657,0.008208929817692818,5.614052125379612
Markiplier,A Day in the Life of Markiplier,2020-03-16 20:49:00+00:00,6766241,343695,17074,2006,171.3334995014955,0.005836570214870743,5.361544172015155
Markiplier,SHADOW PEOPLE ARE REAL!! | Blackout Club - Part 2,2020-03-17 17:03:37+00:00,2896930,95895,2294,599,160.09181969949915,0.00624641535012253,3.4100927533630427
Markiplier,MY LITERAL NIGHTMARE | Night of the Consumers,2020-03-18 18:51:57+00:00,11452519,353588,16360,3914,90.33929483903934,0.011069380182585381,3.26445212620909
Markiplier,Resident Evil 3 DEMO,2020-03-19 20:34:30+00:00,1605744,71701,3418,821,87.33373934226553,0.01145032844730199,4.729271913829352
Markiplier,"1 vs 1,000,000 | DOOM Eternal - Part 1",2020-03-20 15:00:05+00:00,11190460,235668,14685,2964,79.51012145748987,0.012577015122969602,2.263687104909003
Markiplier,Hand Simulator Survival: BEATEN SOLO,2020-03-21 15:00:16+00:00,2213840,122615,4265,819,149.7130647130647,0.006679443787464829,5.7682126982979804
Markiplier,THEY PUT MY DAD IN THE GAME!! | DOOM Eternal - Part 2,2020-03-22 16:00:10+00:00,7129296,206873,13160,1612,128.33312655086849,0.007792220347749585,3.1089324948774744
Markiplier,3 SCARY GAMES #46,2020-03-23 15:00:24+00:00,4261076,156702,10224,1042,150.38579654510556,0.00664956414085334,3.941915140682776
Markiplier,THE DOOM HUNTER RISES!! | DOOM Eternal - Part 3,2020-03-24 16:00:13+00:00,3583976,86325,4409,736,117.28940217391305,0.008525919490298291,2.5521934298667177
Markiplier,THE DEVS INVADED OUR GAME!! | Blackout Club - Part 3,2020-03-25 16:00:32+00:00,2406893,87728,2230,609,144.05254515599344,0.00694191136239285,3.7628178734991544
Markiplier,MIND IF I BORROW THIS? | DOOM Eternal - Part 4,2020-03-26 15:18:19+00:00,2935464,78567,4382,581,135.22719449225474,0.007394962261509285,2.8455467346899845
Markiplier,THE ULTIMATE LIFE SIMULATOR | Imagine Lifetimes,2020-03-27 15:00:02+00:00,7551904,313956,12627,2994,104.86172344689379,0.009536368153499217,4.364157701157218
Markiplier,CALLING the MARAUDER a CHUMP RIGHT to his BIG DUMB FACE | DOOM Eternal - Part 5,2020-03-28 15:00:11+00:00,3063815,79722,6097,769,103.66970091027308,0.009646019919219286,2.826149751208869
Markiplier,A COMPLETELY NEW WAY TO PLAY!! | UNO Flip!,2020-03-29 16:00:02+00:00,7659450,172966,5513,1645,105.14650455927051,0.009510539643629384,2.3516571033168177
Markiplier,"WHO IS THE ""DOOM GUY""? | Doom Eternal - Part 6",2020-03-30 18:57:33+00:00,2751742,75685,9616,2060,36.74029126213592,0.027218074915769306,3.1747525749143635
Markiplier,*FLIP* *FLIP* *FLIP* | House Flipper,2020-03-31 15:00:14+00:00,8143294,327511,14601,1718,190.63504074505238,0.005245625337774914,4.222247164353885
Markiplier,I... HAVE... THE POWEEEERRRRR!!! | Doom Eternal - Part 7,2020-04-01 15:00:21+00:00,2545343,69134,5505,646,107.0185758513932,0.009344172187346313,2.957754613032507
Markiplier,THIS CHALLENGE BROKE ME: 100000 Steps in a Single Day,2020-04-02 16:18:09+00:00,6770508,318350,14215,1897,167.81760674749606,0.0059588503219726715,4.9399838239612155
Markiplier,THE NEMESIS RETURNS | Resident Evil 3 - Part 1,2020-04-03 15:00:23+00:00,8041424,179105,14601,2014,88.92999006951341,0.011244800535998436,2.4338972798847567
Markiplier,GO THROUGH HELL 2 GET TO HEAVEN!! | DOOM Eternal - Part 8,2020-04-04 16:00:18+00:00,1982419,61915,3878,527,117.48576850094877,0.008511669223936041,3.3454078073303375
Markiplier,UH OH... | Resident Evil 3 - Part 2,2020-04-05 15:50:44+00:00,3700082,93326,6425,782,119.34271099744245,0.008379229796626878,2.717047892452113
Markiplier,TURN BACK! THIS IS NOT WHAT IT SEE̴̹̾M̷̨̖͖͈͒̇̏S̵̘͔͎̥̗̈́̋͒≠̯̆-̶̻͝ Welcome to The Open House!,2020-04-05 18:41:25+00:00,3242474,144797,7055,1091,132.71952337305225,0.007534686492123455,4.716861260876726
Markiplier,BEING BULLIED BECAUSE I'M AMAZING AT UNO | UNO w/ JackSepticEye and Pokimane,2020-04-06 16:05:41+00:00,8772476,265192,14769,3042,87.17685733070348,0.01147093426649371,3.226033334260476
Markiplier,ONLY RICH PEOPLE are ALLOWED in HERE,2020-04-08 02:42:30+00:00,2599289,111640,2361,1755,63.61253561253561,0.015720171981368686,4.453371672022619
Markiplier,YOU ARE LEGALLY REQUIRED TO HATE THIS MAN | Resident Evil 3 - Part 3,2020-04-08 15:32:40+00:00,2975310,86109,5567,636,135.39150943396226,0.0073859875274361565,3.1026010735015848
Markiplier,Five Nights at Freddy's: REVISITED,2020-04-09 16:00:15+00:00,12051235,496914,37990,3140,158.2528662420382,0.006319000873390566,4.4646378566180145
Markiplier,THE DEMON'S END | DOOM Eternal - Part 9 (FINALE),2020-04-10 16:14:04+00:00,2806481,81235,9908,1454,55.87001375515818,0.01789868898873638,3.2993987844564066
Markiplier,BIG-E WILL KISS YOUR BOO-BOO AND MAKE IT ALL BETTER | Resident Evil 3 - Part 4,2020-04-11 16:05:55+00:00,2645927,73749,3816,491,150.20162932790225,0.006657717392778207,2.950043595307051
Markiplier,Who is SIREN HEAD?,2020-04-12 15:20:22+00:00,5473077,253194,22644,1885,134.320424403183,0.007444884159972195,5.074348488062565
Markiplier,"TITLE PENDING --MARK, PLEASE DON'T RELEASE THIS VIDEO WITHOUT A TITLE-- | Resident Evil 3 - Part 5",2020-04-13 15:00:21+00:00,2673741,88976,6143,611,145.62356792144027,0.006867020320086316,3.580376708140392
Markiplier,WADE HAS NO IDEA... | UNO,2020-04-14 16:00:01+00:00,7940337,161681,5206,1390,116.31726618705036,0.0085971759204854,2.119267733850591
Markiplier,THE BEST TITLE YOU'VE EVER SEEN | Resident Evil 3 - Part 6 (ENDING),2020-04-15 17:32:20+00:00,2374416,83893,5156,681,123.19089574155653,0.008117482984277592,3.7790345078537206
Markiplier,3 SCARY GAMES #47,2020-04-16 16:00:14+00:00,7435979,231583,15073,1726,134.17323290845886,0.007453051389782497,3.340273015832885
Markiplier,7 YEARS LATER... | 7 Days to Die #22,2020-04-17 15:57:23+00:00,7330959,169300,8534,1456,116.27747252747253,0.008600118133490845,2.4456554729060684
Markiplier,Sour Patch Kids: THE FINAL INSULT,2020-04-18 15:00:21+00:00,4277533,271317,11679,1336,203.08158682634732,0.004924129339481124,6.6471024303026995
Markiplier,"in this episode, wade betrays his friends... | Human Fall Flat w/ Bob & Wade - Part 3",2020-04-19 15:06:48+00:00,6145764,155686,6049,1100,141.53272727272727,0.0070655036419459685,2.6495485345678746
Markiplier,BETRAYING EACH OTHER OURSELVES APART TOGETHER | Resident Evil: Resistance,2020-04-21 18:30:02+00:00,6996033,136355,3248,1623,84.01417128773876,0.011902753841076601,2.0186582882041866
Markiplier,Markiplier Reviews BOOTLEG Markiplier Merch,2020-04-23 16:00:19+00:00,8582352,387262,19906,3587,107.96264287705604,0.009262463138650319,4.786042334315814
Markiplier,DIGGING MY OWN GRAVE | 7 Days to Die #23,2020-04-26 15:28:55+00:00,4933418,107094,4563,886,120.87358916478556,0.008273105869609875,2.2812378760526677
Markiplier,we deliver things in a Totally Reliable way with our Delivery Service,2020-04-27 18:39:52+00:00,4039311,135336,3843,938,144.2814498933902,0.006930897913341609,3.4688341650345818
Markiplier,ALL HELL BREAKS LOOSE (literally) | 7 Days to Die #24,2020-04-29 19:48:26+00:00,4881937,114496,4263,757,151.24966974900926,0.006611584684181107,2.448126634981156
Markiplier,wade DOES NOT betray us at all... | Human Fall Flat w/ Bob & Wade - Part 4,2020-04-30 16:38:56+00:00,5874177,125067,4488,1047,119.45272206303724,0.008371512869102161,2.223324220567409
Markiplier,Beware the GOOP (MEGA EPISODE) || G.T.F.O. w/ da boiz,2020-05-01 17:06:05+00:00,7404400,106327,4240,1216,87.43996710526316,0.011436417843069023,1.509683431473178
Markiplier,"BOB'S FILTHY, DIRTY, UNBELIEVABLE LUCK | Monopoly",2020-05-02 17:24:06+00:00,4457618,129757,3579,933,139.07502679528403,0.0071903635256672085,3.01212441263473
Markiplier,3 SCARY GAMES #48,2020-05-03 16:04:47+00:00,4840496,165599,9298,1186,139.62816188870153,0.007161878996853846,3.637705722719325
Markiplier,SCP-173 HAS BEEN CHANGED!! | SCP Containment Breach UNITY REMAKE,2020-05-04 15:44:50+00:00,6658115,239449,12813,1800,133.02722222222224,0.007517258372346512,3.8158247491970325
Markiplier,Happy's Humble Burger Barn,2020-05-05 15:49:25+00:00,4606540,163774,8013,1108,147.81046931407943,0.006765420640638929,3.753250812974597
Markiplier,THIS GAME WILL BE THE END OF US... | Monopoly,2020-05-06 17:57:18+00:00,6123763,130381,4034,1277,102.09945184025058,0.009794371879338248,2.215827098468703
Markiplier,WHAT HAPPENS IF EVERY NIGHT IS A BLOOD MOON?! | 7 Days to Die MEGA EPISODE,2020-05-07 20:00:09+00:00,15176004,212116,8730,2916,72.74211248285323,0.013747194931075448,1.4744461058391918
Markiplier,EVERYONE IS AN IDIOT EXCEPT FOR ME | Moving Out,2020-05-09 17:53:57+00:00,9650119,186914,5319,1730,108.042774566474,0.009255593481494163,2.0099544886441296
Markiplier,help... | RAFT,2020-05-10 18:12:00+00:00,14260584,288232,10133,2335,123.43982869379015,0.008101112992311749,2.1086092967861623
Markiplier,LITERALLY A PICTURE OF A HAND | Hand Simulator w/ JackSepticEye and Pokimane,2020-05-11 17:46:48+00:00,2901802,127128,5913,1918,66.281543274244,0.015087156251966521,4.650868667124773
Markiplier,this is fine... | RAFT,2020-05-12 17:32:00+00:00,9045489,205283,8256,1463,140.31647300068352,0.007126746978561303,2.3768974789533215
Markiplier,3 SCARY GAMES #49,2020-05-13 15:49:00+00:00,6201411,204154,10177,2133,95.7121425222691,0.010447995140923028,3.4905604547094202
Markiplier,please don't... | RAFT,2020-05-14 15:45:21+00:00,8106306,197858,7913,1176,168.24659863945578,0.005943656561776628,2.552913743942062
Markiplier,I COULD HAVE BEEN AN ENGINEER... | Scrap Mechanic: Survival,2020-05-16 16:05:15+00:00,4716072,153555,5170,1188,129.2550505050505,0.007736641594217056,3.39080913098867
Markiplier,2 AND a HALF HANDS | Hand Simulator w/ JackSepticEye and Pokimane,2020-05-17 17:32:19+00:00,2761131,114327,5704,2262,50.54244031830239,0.01978535254139442,4.429090832705873
Markiplier,THEY MADE THIS GAME EVEN SCARIER | SCP Containment Breach UNITY REMAKE,2020-05-19 15:00:14+00:00,4384713,181865,10328,1213,149.92992580379226,0.006669782530998268,4.410915834172043
Markiplier,SIREN HEAD is COMING FOR YOU,2020-05-20 15:00:19+00:00,6308256,252974,17581,2045,123.70366748166259,0.008083834702380482,4.321321138520695
Markiplier,MY FRIENDS LAUGH AT MY SUFFERING... | Scrap Mechanic: Survival,2020-05-22 15:56:02+00:00,3515568,115798,3439,854,135.59484777517565,0.007374911483790739,3.4159771621541672
Markiplier,3 SCARY GAMES #50 (Siren Head Edition),2020-05-23 15:27:55+00:00,4380683,175251,9304,1500,116.834,0.008559152301556053,4.247168763409724
Markiplier,I FOUND THE BEST SCP EVER | SCP Containment Breach UNITY REMAKE,2020-05-24 17:48:10+00:00,4137992,154301,6569,946,163.10887949260044,0.006130874070809651,3.9104957186964113
Markiplier,3 SCARY GAMES #51,2020-05-25 15:00:06+00:00,6063956,195016,10473,1673,116.56664674237896,0.00857878327932067,3.416284682804427
Markiplier,5 YEARS LATER... | Minecraft - Part 1,2020-05-26 16:00:32+00:00,11163460,507664,45680,2853,177.9404135997196,0.00561985880424848,4.98229939463213
Markiplier,uh oh... | RAFT,2020-05-27 22:40:33+00:00,9063751,205538,11364,1493,137.66778298727394,0.007263863616460217,2.409543245395863
Markiplier,3 SCARY GAMES #52,2020-05-28 15:52:51+00:00,4900015,162983,11943,1346,121.08692421991084,0.008258530030739402,3.5973767427242573
Markiplier,THIS GAME IS SO UNFAIR... | Minecraft - Part 2,2020-05-29 15:00:10+00:00,6261865,239987,21124,1452,165.28030303030303,0.006050327726085163,4.193047917832786
Markiplier,The problem we need to confront.,2020-05-29 21:34:19+00:00,4452727,566924,81661,28593,19.827370335396775,0.05043533171994835,15.20816344680462
Markiplier,that can't be good... | RAFT,2020-05-30 15:45:15+00:00,7151757,176423,5647,1357,130.00957995578483,0.007691740872788695,2.56478233250934
Markiplier,3 SCARY GAMES #53,2020-06-01 16:58:06+00:00,4902918,174231,11279,1401,124.36188436830835,0.008041048952253044,3.812239976275353
Markiplier,DIGGING STRAIGHT DOWN... | Minecraft - Part 3,2020-06-03 15:41:57+00:00,5731898,207982,18193,1556,133.66452442159382,0.007481416661057207,3.9730469732713316
Markiplier,what the hell is that...? | RAFT,2020-06-04 15:54:23+00:00,5986339,181048,5345,991,182.69223007063573,0.0054736865361672046,3.130193595785337
Markiplier,Minecraft Dungeons w/ Bob and Wade,2020-06-05 18:56:49+00:00,6904893,141379,5532,1719,82.24490983129726,0.012158807177869414,2.152531545383831
Markiplier,3 SCARY GAMES #54,2020-06-06 18:08:04+00:00,7177225,216881,12131,2034,106.62782694198623,0.009378414891115404,3.2191550355464686
Markiplier,BUILDING MY FIRST HOUSE... | Minecraft - Part 4,2020-06-08 17:25:28+00:00,5694661,212581,19359,1478,143.8301759133965,0.006952643933371279,4.098891927017253
Markiplier,ODDLY TERRIFYING HORROR GAME | Dead Dreams,2020-06-09 15:28:52+00:00,2991202,139181,6149,957,145.43469174503656,0.006875938526091923,4.890575761850922
Markiplier,THIS IS IMPOSSIBLE!! | Factorio: DEATH WORLD,2020-06-10 16:00:03+00:00,2556815,127381,8957,1084,117.51014760147602,0.008509903360783791,5.3747337996687286
Markiplier,FARMING MY FIRST FARM... | Minecraft - Part 5,2020-06-11 16:58:25+00:00,4792017,187120,14466,1396,134.04011461318052,0.007460453185121847,4.235836392066221
Markiplier,BIGGEST JUMPSCARE OF MY LIFE!! | SCP Containment Breach UNITY REMAKE,2020-06-12 15:41:06+00:00,3734121,147842,6610,891,165.92817059483727,0.006026704184196642,4.1600955084208575
Markiplier,bears... | RAFT,2020-06-14 15:00:18+00:00,6938931,183218,6392,1278,143.36306729264476,0.0069752971869576135,2.7509712951461833
Markiplier,I FIND DIAMOND... | Minecraft - Part 6,2020-06-15 15:55:37+00:00,4393128,190528,20703,1343,141.867460908414,0.00704883271750084,4.838784574453555
Markiplier,IT GETS WORSE | Dead Dreams - Part 2,2020-06-16 16:05:33+00:00,1665902,67426,3604,511,131.9491193737769,0.007578678847922167,4.294430284614581
Markiplier,THERE'S NO HOPE!! | Factorio: DEATH WORLD - Part 2,2020-06-17 16:01:44+00:00,1532024,77449,5464,463,167.27645788336932,0.005978127541995378,5.442212393539527
Markiplier,VISITING THE NETHER... | Minecraft - Part 7,2020-06-18 15:57:35+00:00,4289097,170650,14541,1019,167.46810598626104,0.005971286258423674,4.341473275143929
Markiplier,the secret of the island... | RAFT,2020-06-19 16:48:32+00:00,5671231,162738,6294,969,167.94427244582045,0.0059543560815544004,2.9976031658735116
Markiplier,I TEST YOUR TERRIBLE AWFUL NO-GOOD EMBARRASSING BRIDGES | Poly Bridge 2,2020-06-21 15:15:01+00:00,11326136,265654,11324,3590,73.9983286908078,0.013513818726614318,2.477173150666741
Markiplier,AT 30:50 WE ALMOST LAUGH OURSELVES TO DEATH | Scrap Mechanic: Challenge Mode,2020-06-22 16:02:03+00:00,14381004,269626,9469,2758,97.76142131979695,0.010228983851705696,1.9598979320219923
Markiplier,bees were a mistake... | RAFT,2020-06-23 15:52:58+00:00,5227221,160026,6215,1135,140.9920704845815,0.007092597452913902,3.2020073381247895
Markiplier,3 SCARY GAMES #55,2020-06-24 16:15:43+00:00,6028719,218802,12248,1600,136.75125,0.007312547417299659,3.859028758845785
Markiplier,I LOST EVERYTHING... | Minecraft - Part 8,2020-06-26 15:28:44+00:00,4282104,184550,23926,2163,85.3213129912159,0.011720400975345435,4.919053810930327
Markiplier,it's my birthday,2020-06-28 21:11:27+00:00,3482491,606903,137665,1241,489.04351329572927,0.002044807819371465,21.415963458340595
Markiplier,FARMER MARKIPLIER REPORTING FOR DUTY | Farm Simulator 2019,2020-06-29 15:51:14+00:00,6304127,180217,7060,1252,143.94329073482427,0.006947180343696765,2.9905647522646674
Markiplier,THE NEW NETHER UPDATE... | Minecraft - Part 9,2020-06-30 15:44:51+00:00,4077359,176364,23175,1409,125.16962384669979,0.007989158785239618,4.928386242172936
Markiplier,WORLD'S LOUDEST NINJA | Ninjala,2020-07-01 18:38:03+00:00,1491411,70821,5449,1380,51.31956521739131,0.019485745753378234,5.2064789652215255
Markiplier,3 SCARY GAMES #56,2020-07-02 16:15:00+00:00,5467871,194574,9610,1653,117.70961887477314,0.00849548243855808,3.7644816419407117
Markiplier,Baldi's Basics PLUS,2020-07-04 15:57:56+00:00,6169652,222567,9298,2318,96.01682484900776,0.010414841373608846,3.7957246210969435
Markiplier,I'VE NEVER SCREWED UP THIS BAD IN MY ENTIRE LIFE | Farming Simulator 2019,2020-07-05 15:21:16+00:00,5014320,153186,7557,1459,104.99383139136395,0.00952436906766937,3.2347756026739423
Markiplier,TRYING TO LEARN MAGIC... | Minecraft - Part 10,2020-07-06 15:28:35+00:00,3859718,163812,15785,1248,131.2596153846154,0.007618489487949601,4.685445931542149
Markiplier,Baldis Basics Plus: IN SCHOOL SUSPENSION,2020-07-07 16:49:33+00:00,4692210,171214,7194,1552,110.31829896907216,0.009064679290244957,3.835292964296142
Markiplier,LOOK INTO MY EYES | Ninjala #2,2020-07-08 19:45:52+00:00,812342,39271,2811,816,48.12622549019608,0.02077869165542003,5.280780754903723
Markiplier,IT'S THE END OF THE WORLD!! | 7 Days to Die #26,2020-07-09 16:00:07+00:00,5819613,124274,4335,949,130.95258166491044,0.007636351932021179,2.22623050708011
Markiplier,CHAIR F*CKING SIMULATOR,2020-07-10 15:59:15+00:00,8529275,449870,27363,9181,49.00010892059689,0.020408117900726875,5.702876270257437
Markiplier,THE QUEST FOR COW... | Minecraft - Part 11,2020-07-12 14:51:39+00:00,3765680,158114,17260,1375,114.992,0.008696257130930847,4.693680822587155
Markiplier,EVERYTHING GOES WRONG | 7 Days to Die #27,2020-07-14 17:04:13+00:00,4856220,106795,3500,945,113.01058201058201,0.008848728873074582,2.290670521516735
Markiplier,I'M BEING BULLIED!! | UNO,2020-07-15 18:45:02+00:00,8452179,190870,5841,1544,123.62046632124353,0.008089275423062817,2.3456081561926223
Markiplier,BRAND NEW MAP... BRAND NEW PAIN... | Pogostuck,2020-07-16 20:39:19+00:00,3056772,170985,6282,1450,117.92068965517241,0.008480276047606514,5.846592418407392
Markiplier,NOW WE ARE ONE... | UNO,2020-07-17 16:30:02+00:00,6438626,139843,3533,1154,121.18110918544194,0.008252111296239354,2.244733581357265
Markiplier,THE SOURCE OF ALL MY MISERY | Pogostuck,2020-07-18 16:51:46+00:00,2081399,112713,5468,890,126.64382022471911,0.007896161046196979,5.720719573709799
Markiplier,JUMPSCARES FROM THE PAST!! | Monstrum,2020-07-19 17:02:27+00:00,3833043,144189,8191,985,146.38477157360407,0.006831311681196208,4.001129128997509
Markiplier,I'M IN HELL... | Pogostuck,2020-07-21 15:33:11+00:00,2187037,114274,9445,1207,94.67605633802818,0.010562332639095508,5.712111866420184
Markiplier,DON'T GO IN THE WOODS... | Darkwood,2020-07-22 15:46:16+00:00,4987553,188097,12037,1386,135.71212121212122,0.0073685385731829854,4.040458316934176
Markiplier,I FOUND A VILLAGE... | Minecraft - Part 12,2020-07-24 16:28:54+00:00,3636113,196662,12831,1481,132.79000675219447,0.007530687168848075,5.802184915595308
Markiplier,i will delete this game... | Pogostuck,2020-07-26 19:14:38+00:00,2101584,118275,6655,930,127.1774193548387,0.00786303107165504,5.988816054937609
Markiplier,MAKING MORE COWS... | Minecraft - Part 13,2020-07-27 16:04:07+00:00,3176203,155824,12175,978,159.32924335378323,0.006276311736317897,5.320094464994838
Markiplier,EARTH SHATTERING RAGE!! | Pogostuck,2020-07-28 15:46:46+00:00,3543214,203642,12983,1500,135.76133333333334,0.00736586755188026,6.156133950701256
Markiplier,"HONEY, WE SHRUNK OURSELVES | Grounded - Part 1",2020-07-30 18:05:51+00:00,9330088,246339,7542,2582,95.40627420604183,0.010481490953523397,2.748773645007421
Markiplier,A TINY BIT ANGRY... | Pogostuck,2020-07-31 16:27:32+00:00,2305323,105107,5682,895,117.43798882681564,0.008515132198616647,4.844613965158027
Markiplier,A NEW FRIEND | Darkwood - Part 2,2020-08-01 17:19:46+00:00,2715743,96406,3739,771,125.0402075226978,0.00799742754600336,3.71596281385978
Markiplier,THROWING SHARKS TO ASSERT MY DOMINANCE | Bad Guy at School,2020-08-03 16:59:54+00:00,8374719,205971,5609,2088,98.64511494252874,0.010137349432687126,2.5513453048394816
Markiplier,I DON'T TRUST LIKE THAT... | Darkwood - Part 3,2020-08-04 15:53:30+00:00,2345425,82962,3233,620,133.80967741935484,0.0074733010293869485,3.7014613556178513
Markiplier,STAY AWAY FROM THE SPIDERS!! | Grounded - Part 2,2020-08-05 15:36:51+00:00,4465742,149236,4368,969,154.01031991744065,0.006493071376879573,3.461306094261603
Markiplier,MARKIPLIER IS WINNING?! | Fall Guys,2020-08-06 15:57:31+00:00,10036993,291397,8390,2572,113.29587869362364,0.00882644639443783,3.0124460582965433
Markiplier,I ALSO LOVE SPACE... | Darkwood - Part 4,2020-08-07 15:44:39+00:00,1946847,75528,3315,495,152.5818181818182,0.006553860819828408,4.075204677100974
Markiplier,MISSION UN-POSSIBLE (i missed this...) | Completing the Mission,2020-08-08 19:13:55+00:00,35324608,711170,63250,9168,77.5708987783595,0.012891432428252036,2.218249668899369
Markiplier,SOMETHING'S WATCHING YOU... | Darkwood - Part 5,2020-08-09 17:34:16+00:00,1989681,79447,3272,542,146.5811808118081,0.006822158168338641,4.184640653451483
Markiplier,3 SCARY GAMES #57,2020-08-10 15:50:05+00:00,5746690,216130,12779,1683,128.4194890077243,0.007786980058298246,4.012605517262981
Markiplier,I'VE MADE A MISTAKE | Darkwood - Part 6,2020-08-11 18:06:57+00:00,1710548,72207,3237,416,173.57451923076923,0.005761214286703505,4.4348360876163655
Markiplier,KINGS (peasants) OF THE JUNGLE (backyard) | Grounded - Part 3,2020-08-12 18:06:27+00:00,5202831,138222,5020,1133,121.99646954986761,0.008196958516010476,2.7749315709082225
Markiplier,THIS IS WHAT I ACTUALLY LOOK LIKE | Darkwood - Part 7,2020-08-13 15:00:11+00:00,1840481,78035,3451,506,154.2193675889328,0.006484269878900493,4.454922381703478
Markiplier,Henry Stickmin: Completing the Mission (THE END),2020-08-14 16:54:22+00:00,23050896,528217,41821,5926,89.13550455619304,0.011218874061228623,2.4986620910527733
Markiplier,THAT CAN'T BE GOOD... | Darkwood - Part 8,2020-08-16 22:36:10+00:00,1668233,74319,4047,481,154.50935550935552,0.006472100001345551,4.7263781498148045
Markiplier,A REVERSE HORROR GAME | CARRION,2020-08-17 15:55:50+00:00,25113498,505707,22434,8078,62.60299579103739,0.01597367645692071,2.1351824425255295
Markiplier,I FOUND THE DOCTOR | Darkwood - Part 9,2020-08-18 17:42:08+00:00,1504018,67535,3326,472,143.08262711864407,0.00698896868290516,4.742828875718243
Markiplier,I'M ON A HORSE!! | Minecraft - Part 14,2020-08-20 16:17:57+00:00,3234613,155213,15000,1039,149.3869104908566,0.006694026917848376,5.294358243165411
Markiplier,THIS IS WHERE THE SECRET DOOR LEADS... | Darkwood - Part 10,2020-08-21 15:00:09+00:00,1667108,76860,3894,473,162.49471458773783,0.006154046317980744,4.872329807067088
Markiplier,I AM THE WINNER!! | Fall Guys,2020-08-22 17:24:24+00:00,12835234,318309,9302,2921,108.97261211913728,0.009176617689100842,2.575192629912318
Markiplier,HORROR... SADNESS... REGRET... | Darkwood - Part 11,2020-08-23 21:22:01+00:00,1537235,69365,4069,452,153.46238938053096,0.006516254595256974,4.806421919875621
Markiplier,REDSTONE and ILLAGERS!! | Minecraft - Part 15,2020-08-24 17:59:37+00:00,3735035,172089,14241,1409,122.13555713271823,0.00818762384580072,5.026432148560857
Markiplier,I WON'T EAT YOU... | Darkwood - Part 12,2020-08-26 19:30:01+00:00,1178857,57986,3752,378,153.4021164021164,0.006518814886351878,5.26917174856662
Markiplier,3 SCARY GAMES #58,2020-08-27 16:20:33+00:00,12472507,321037,15591,2868,111.93758716875871,0.008933549715453359,2.721954776212994
Markiplier,THE MOST UNFAIR THING TO EVER HAPPEN TO ME | Darkwood - Part 13,2020-08-28 19:42:44+00:00,1645210,70713,4434,717,98.6234309623431,0.010139578295362946,4.611204648646678
Markiplier,WADE NEVER WINS | Fall Guys,2020-08-31 17:25:33+00:00,9461710,247454,9141,2490,99.37911646586345,0.010062476258213647,2.7382471033248748
Markiplier,YouTube Just Gave Me a Strike...,2020-09-02 19:03:54+00:00,10797932,962660,65810,6838,140.78093009651946,0.007103234786944508,9.588021113672507
Markiplier,WE'RE A DOCTOR!! | Surgeon Simulator 2,2020-09-03 19:45:00+00:00,13281849,237875,8497,3065,77.61011419249593,0.012884918549658434,1.8780291810274308
Markiplier,THE ELEPHANTS | Darkwood - Part 14,2020-09-05 16:00:36+00:00,1409143,65258,3477,423,154.27423167848698,0.00648196389714671,4.907805666280853
Markiplier,LAVA IS HOT HAHAHaha... | Minecraft - Part 16,2020-09-07 17:06:54+00:00,3670595,165561,14349,1224,135.26225490196077,0.007393045463605559,4.93473129015868
Markiplier,"A LEVEL SO UNFAIR, IT BROKE MY BRAIN | Pogostuck",2020-09-12 20:01:36+00:00,2690810,159799,11065,1359,117.58572479764533,0.008504433694829129,6.4004147450024345
Markiplier,WE SHOULDN'T BE DOING THIS!! | Unrailed,2020-09-14 15:00:00+00:00,6011548,183909,3935,1250,147.1272,0.006796839741393841,3.145512603409305
Markiplier,I FEEL TERRIBLE... | Darkwood - Part 15,2020-09-15 16:22:07+00:00,1274378,60400,3772,380,158.94736842105263,0.006291390728476821,5.065373068273306
Markiplier,THE PERFECT WINNING STRATEGY | Fall Guys,2020-09-16 16:18:08+00:00,8150327,192834,8267,1868,103.23019271948608,0.00968708837653111,2.490317259663324
Markiplier,THE SECRET OF THE FOREST | Darkwood - Part 16 (ENDING),2020-09-19 17:33:12+00:00,1204033,72083,5009,374,192.73529411764707,0.0051884632992522505,6.433876812346504
Markiplier,I AM AMONG YOU... | Among Us,2020-09-20 17:43:03+00:00,10616956,446928,19318,3289,135.88567953785346,0.007359127197221924,4.422501138744477
Markiplier,Not Gonna Lie... Kinda Struggling Right Now | STRUGGLING w/ JackSepticEye,2020-09-21 15:55:10+00:00,2389503,103197,3436,774,133.3294573643411,0.007500218029593883,4.494951460617543
Markiplier,MISTAKES WERE MADE!! | Unrailed - Part 2,2020-09-22 22:25:58+00:00,3900844,114840,3330,902,127.3170731707317,0.007854406130268199,3.052467619827914
Markiplier,HEH... ALMOST TOO EASY | Among Us,2020-09-23 15:43:06+00:00,9821104,304426,9867,2543,119.71136453008258,0.008353425791489557,3.226073158374048
Markiplier,3 SCARY GAMES #59,2020-09-26 22:08:50+00:00,7187235,259899,15563,1809,143.66998341625208,0.006960396153890549,3.8578257146176522
Markiplier,I GOT AWAY WITH THAT?? | Among Us,2020-09-27 16:34:33+00:00,10729178,359489,10559,1867,192.54900910551686,0.005193482971662554,3.466388571426441
Markiplier,EVERYTHING IS FINE. | Minecraft - Part 17,2020-09-28 21:12:19+00:00,3452041,156237,17166,2308,67.69367417677643,0.014772429066098299,5.09006121306207
Markiplier,DO NOT WATCH | There Is No Game: Wrong Dimension,2020-09-30 16:48:59+00:00,22308615,679733,34363,6464,105.15671410891089,0.00950961627580241,3.229962953773688
Markiplier,i broke my nose... twice...,2020-10-01 23:12:31+00:00,4545309,719468,39025,7384,97.43607800650054,0.010263138874835294,16.849833531669685
Markiplier,THIS IS A BAD IDEA,2020-10-04 23:32:39+00:00,8534260,226048,12623,3248,69.5960591133005,0.014368629671574179,2.834680452669593
Markiplier,GHOST HUNTING with THE BOYS | Phasmophobia,2020-10-05 15:00:06+00:00,22643427,491965,18642,3390,145.12241887905606,0.00689073409693779,2.2699611679804477
Markiplier,THIS IS WHAT HAPPENS WHEN THE GHOSTS GET YOU | Phasmophobia,2020-10-07 19:05:18+00:00,14007635,320738,10576,1737,184.65054691997696,0.005415635191339972,2.3776390518456543
Markiplier,STILL NOTHING TO SEE HERE | There Is No Game: Wrong Dimension - Part 2,2020-10-08 16:18:25+00:00,9486672,285568,9770,2679,106.59499813363195,0.009381303227252353,3.14142831121388
Markiplier,THEY LEFT ME TO DIE... | Phasmophobia,2020-10-09 15:56:04+00:00,13101949,286342,9162,1671,171.35966487133453,0.005835679013207982,2.268173994571342
Markiplier,AFK Arena - Official Trailer,2020-10-10 15:38:51+00:00,2071032,194772,20796,5195,37.49220404234841,0.02667221161152527,10.659564893251288
Markiplier,LIXIAN IS GONE. LUNKY IS HERE. | Minecraft - Part 18,2020-10-11 18:18:21+00:00,3914601,188870,16868,1222,154.55810147299508,0.00647005877058294,5.286873425925146
Markiplier,3 SCARY GAMES #60,2020-10-14 20:55:28+00:00,8292776,215653,14022,1628,132.46498771498773,0.007549164630216134,2.789210754034596
Markiplier,UP CLOSE AND WAY TOO PERSONAL | Phasmophobia,2020-10-18 17:25:52+00:00,15914995,365187,13142,2458,148.57078925956063,0.006730798193802079,2.3926303464122984
Markiplier,3 SCARY GAMES #61,2020-10-20 16:27:19+00:00,6305045,207900,15534,1431,145.28301886792454,0.006883116883116883,3.566429739993925
Markiplier,I FINALLY BEAT IT... | Pogostuck,2020-10-21 19:23:22+00:00,4497643,211677,12881,1963,107.83341823739175,0.009273563022907542,5.03643797429009
Markiplier,oh no... | RAFT,2020-10-22 16:02:51+00:00,6403623,190741,8343,1374,138.8216885007278,0.007203485354485926,3.1303841590924386
Markiplier,"BABY, I'M BACK! | Amnesia: Rebirth - Part 1",2020-10-23 16:32:23+00:00,7393930,186984,9941,1762,106.12031782065834,0.009423266161810636,2.687163659921043
Markiplier,WATCHING THIS VIDEO IS ILLEGAL!! | There Is No Game: Wrong Dimension - Part 3,2020-10-24 17:07:58+00:00,7061292,268955,14426,1886,142.60604453870624,0.007012325481957948,4.039869757545786
Markiplier,SOMETHING'S WRONG WITH ME... | Amnesia: Rebirth - Part 2,2020-10-26 18:30:49+00:00,3534639,85561,4382,662,129.24622356495468,0.007737169972300464,2.5633452242223322
Markiplier,THAT'S NOT GOOD!! | Phasmophobia,2020-10-27 20:33:59+00:00,11182711,279081,10895,1609,173.44996892479801,0.005765351277944396,2.607462537483084
Markiplier,NO THANK YOU!! | Amnesia: Rebirth - Part 3,2020-10-28 19:06:36+00:00,2550483,75080,4556,575,130.57391304347826,0.0076584976025572725,3.1449337243180997
Markiplier,i'd rather not... | RAFT,2020-10-30 16:29:10+00:00,6288681,163999,6709,1307,125.47742922723795,0.007969560790004817,2.7353112679749536
Markiplier,DETECTIVE MARKIPLIER... | Among Us,2020-11-01 18:25:24+00:00,9184759,232620,13018,2806,82.90092658588739,0.012062591350700714,2.704959378901504
Markiplier,100% SPOOKY | Sign of Silence,2020-11-07 22:22:45+00:00,8762973,234177,7974,1703,137.508514386377,0.0072722769529031455,2.782777032406696
Markiplier,"YEAH, THIS IS BIG BRAIN TIME | Among Us",2020-11-08 19:25:21+00:00,6987320,202579,9608,1495,135.50434782608696,0.007379837001861002,3.058139601449483
Markiplier,DON'T MAKE A SOUND... | In Silence,2020-11-09 19:46:25+00:00,9734145,385052,14021,2741,140.4786574242977,0.007118519057166305,4.127881801637432
Markiplier,LOST IN A MAZE (with friends...) | Labyrinthine,2020-11-12 18:28:09+00:00,13101651,308686,21227,2556,120.76917057902973,0.008280258903869952,2.537611481178975
Markiplier,Unus Annus - Post Mortem,2020-11-15 00:12:50+00:00,6534948,690453,73044,4803,143.75452841973765,0.006956302601335645,11.756788271306826
Markiplier,MARKIPLIER DOESN'T SURVIVE... | Phasmophobia,2020-11-15 19:22:35+00:00,13085416,299815,14749,2082,144.00336215177714,0.0069442823074229105,2.4198390024436365
Markiplier,THE BABY WITHIN... | Amnesia: Rebirth - Part 4,2020-11-17 16:36:05+00:00,1708161,60778,6459,443,137.196388261851,0.007288821613083682,3.962155792106248
Markiplier,Superliminal (FULL GAME),2020-11-18 18:15:43+00:00,27922945,880750,27257,7522,117.0898697155012,0.008540448481407892,3.2787694850955016
Markiplier,SING THE DEMONS AWAY | Sign of Silence,2020-11-19 21:24:45+00:00,5803387,177127,4098,1117,158.57385854968666,0.006306209668768737,3.1419927707733435
Markiplier,I Bought the World's Brightest Flashlight,2020-11-20 16:26:39+00:00,11938450,808781,45435,3383,239.07212533254508,0.004182838123051852,7.183503721169833
Markiplier,I'M THE MONSTER NOW... | In Silence,2020-11-21 17:51:59+00:00,7806622,276114,6232,1897,145.55297838692672,0.006870350652266818,3.6410498676636323
Markiplier,Del Monte is Dead to Me,2020-11-23 17:47:39+00:00,7590183,724086,50561,7827,92.51130701418168,0.010809489480531318,10.309026804755565
Markiplier,~yes~ PROXIMITY CHAT ~yes~ | Among Us,2020-11-25 23:26:48+00:00,9566292,319555,14081,3022,105.74288550628722,0.009456901002957237,3.5192109962773457
Markiplier,is this the end...? | Raft,2020-11-26 17:05:21+00:00,4992671,169746,7278,1328,127.82078313253012,0.00782345386636504,3.5722762425162804
Markiplier,I Have a Confession to Make...,2020-11-28 16:39:22+00:00,9078937,615496,54672,9623,63.96092694585888,0.015634545147328333,7.487561594490632
Markiplier,Firefighting Simulator,2020-11-30 17:06:46+00:00,12373133,254414,10751,3151,80.74071723262456,0.012385324706973674,2.1685372653797543
Markiplier,I had to go to the hospital... again.,2020-12-02 13:35:23+00:00,5735953,617835,77276,2334,264.7107969151671,0.003777707640389424,12.159182615338723
Markiplier,Hospital Update,2020-12-03 00:13:34+00:00,4676534,552438,52652,1521,363.20710059171597,0.002753250138477078,12.971380086192038
Markiplier,I'm Back From the Hospital,2020-12-05 19:11:05+00:00,2732515,335486,30399,1105,303.6072398190045,0.0032937290974884197,13.430484370625596
Markiplier,are we safe...? | RAFT,2020-12-06 21:36:03+00:00,4683829,161495,5654,1093,147.75388838060385,0.006768011393541596,3.5919757104710697
Markiplier,I really messed up... | Among Us,2020-12-07 19:21:10+00:00,6084742,236291,79191,107000,2.208327102803738,0.4528314662852161,6.943301786665729
Markiplier,oh well... | RAFT,2020-12-08 16:40:26+00:00,4303852,148396,4770,923,160.77573131094258,0.0062198442006523086,3.580257871320854
Markiplier,ULTRAKILL,2020-12-09 19:11:08+00:00,5328849,244147,11921,1674,145.84647550776583,0.006856524962420181,4.836729282439792
Markiplier,THE TERROR OF THE TREES | The Forest,2020-12-10 20:00:56+00:00,19283899,405551,17114,2744,147.79555393586006,0.00676610340006559,2.206032089257468
Markiplier,HILARIOUS and BRUTAL | People Playground,2020-12-11 20:58:11+00:00,20696718,572669,22728,6829,83.8583980084932,0.011924864101252207,2.909765693285283
Markiplier,THEY'RE COMING FOR US!! | The Forest,2020-12-13 00:06:37+00:00,12152983,281050,8838,1675,167.7910447761194,0.005959793631026508,2.399106458060544
Markiplier,COLD CALL,2020-12-13 17:24:03+00:00,3546536,183369,9147,952,192.61449579831933,0.005191717247735441,5.455125790348667
Markiplier,BRAND NEW MAP | Phasmophobia,2020-12-15 19:09:37+00:00,11969161,272205,11482,2119,128.45917885795185,0.007784574126118183,2.387853250532765
Markiplier,WELL THAT DIDN'T GO AS PLANNED... | The Forest,2020-12-16 18:07:52+00:00,10442578,247460,7255,1248,198.2852564102564,0.005043239311403863,2.4511475997593695
Markiplier,YOU LEFT YOUR DOOR OPEN LAST NIGHT... | Tiny Bunny,2020-12-17 16:57:21+00:00,5170832,235269,17353,1581,148.8102466793169,0.006719967356515308,4.916094740652955
Markiplier,GOING WHERE NO ONE SHOULD EVER GO | Minecraft - Part 19,2020-12-18 18:47:19+00:00,3090750,166081,13629,981,169.29765545361875,0.0059067563417850326,5.846186200760333
Markiplier,We Need to Delete Artbreeder Before It's Too Late,2020-12-19 19:37:00+00:00,3524618,272368,13075,1636,166.4841075794621,0.006006579333842448,8.144967766719684
Markiplier,I Take a Hearing Test but a Leaf Blower is Blasting Right Outside My Window,2020-12-20 18:33:19+00:00,2094145,156219,23016,1110,140.73783783783784,0.007105409713287116,8.611867850602513
Markiplier,DESTROYING THE FOREST | The Forest,2020-12-21 19:45:46+00:00,9911809,253791,7960,1428,177.7247899159664,0.005626677068926794,2.6552065319257063
Markiplier,He Escaped...,2020-12-22 18:32:55+00:00,3632501,282183,36704,1867,151.14247455811463,0.006616273836481999,8.83011456844747
Markiplier,3̴ ̵S̸C̸Ȧ̴̜͍̤̉R̷̜̣̄Y̶̰͛͝ ̴̠͛́G̷a̸ḿ̴̡̡͎̯̩̦̪̮͍͗̆͋͒e̷S̵̙̭̪͒,2020-12-23 18:03:18+00:00,5831129,364869,25089,1694,215.38902007083826,0.004642762196843251,6.716572382466586
Markiplier,EXPLORING THE CAVES (spoiler: they scary) | The Forest,2020-12-24 20:14:15+00:00,10022214,254638,10873,1403,181.49536707056308,0.005509782514785695,2.6632239143965597
Markiplier,3 Scary CHRISTMAS Games,2020-12-25 17:45:06+00:00,4885194,214563,16076,1632,131.47242647058823,0.007606157632024161,4.754591117568719
Markiplier,"Trying Korean, Russian, and American MREs",2020-12-27 18:50:26+00:00,28100439,1256397,81078,11645,107.89154143409189,0.00926856718059658,4.8010637840924835
Markiplier,Phasmophobia VR Solo is TERRIFYING,2020-12-28 17:37:37+00:00,8673363,264781,13269,1697,156.0288744843842,0.00640907013720773,3.225357914801905
Markiplier,ESCAPING THE SINKHOLE | The Forest,2020-12-29 19:21:30+00:00,9085378,248288,21931,1809,137.2515201768933,0.007285893800747519,2.9941296883850073
Markiplier,MOST CARDS I'VE EVER DRAWN | UNO,2020-12-30 16:57:24+00:00,10567848,243397,8451,1807,134.6967349197565,0.007424084931202932,2.400252161083316
Markiplier,3 SCARY GAMES #62,2020-12-31 16:20:01+00:00,5836080,295107,14055,1664,177.34795673076923,0.0056386327670980355,5.325937958355609
Markiplier,2020 - A Comprehensive Review,2021-01-01 03:29:37+00:00,5418327,549123,22085,2217,247.6874154262517,0.004037346823935621,10.583063739047127
Markiplier,JUST GO IN THE HOLE | Golf Around,2021-01-02 19:56:40+00:00,10493381,242121,7444,2454,98.6638141809291,0.010135428153691749,2.401694935121483
Markiplier,Markiplier Isn't Real,2021-01-04 20:19:14+00:00,5745830,465095,34852,3993,116.47758577510643,0.008585342779432159,8.770534457162848
Markiplier,Lixian's Confession,2021-01-05 21:52:11+00:00,4545642,394533,31082,3006,131.24850299401197,0.007619134521066679,9.42927313677584
Markiplier,Marcus and Rachel's Confession,2021-01-07 18:42:28+00:00,1929521,170788,17475,1824,93.63377192982456,0.01067990725343701,9.851512370168555
Markiplier,Wade's Confession,2021-01-08 17:33:29+00:00,2550430,246125,22148,1841,133.6909288430201,0.007479939055358049,10.590919962516125
Markiplier,Bob's Confession,2021-01-10 18:13:15+00:00,2299067,210905,21297,1705,123.69794721407625,0.008084208529906831,10.17399666908359
Markiplier,Markiplier Is Real,2021-01-11 17:50:37+00:00,5239623,477725,37497,3429,139.31904345290172,0.00717776963734366,9.898632019899141
Markiplier,Spooky Scary Horror Compilation,2021-01-12 16:56:48+00:00,4441294,237981,8703,1453,163.78596008258776,0.006105529433021964,5.587042875342187
Markiplier,THE HELL OF GOLF | Golf Around,2021-01-14 18:36:23+00:00,8882973,192218,5976,1578,121.81115335868188,0.008209428877628527,2.2489317484135096
Markiplier,Markiplier & Lixian MEGA COMPILATION 2021,2021-01-15 18:53:17+00:00,17734533,676214,18652,3414,198.07088459285296,0.005048697601646816,3.937402806152268
Markiplier,Cooking Simulator,2021-01-17 18:38:05+00:00,8960135,353972,17255,2189,161.70488807674738,0.006184104957454262,4.167526493741445
Markiplier,3 SCARY GAMES #63,2021-01-20 17:15:52+00:00,6139038,226941,10054,1533,148.0371819960861,0.006755059685116396,3.8854296063976146
Markiplier,The Bob & Wade Compilation,2021-01-21 17:03:49+00:00,3283871,139647,3447,814,171.55651105651106,0.005828983078762881,4.382267147521934
Markiplier,Car Accident Simulator,2021-01-22 17:00:16+00:00,5540894,235102,9085,1734,135.5836216839677,0.007375522113805923,4.438291005025543
Markiplier,Streamer Life Simulator,2021-01-24 16:59:25+00:00,14701494,390502,15741,2828,138.08415841584159,0.007241960348474527,2.782513124176359
Markiplier,Border Officer,2021-01-25 18:31:35+00:00,5994518,223009,7775,1593,139.99309478970497,0.0071432094668825025,3.8764918213607835
Markiplier,3 SCARY GAMES #64,2021-01-26 19:00:21+00:00,5449994,204481,11871,1640,124.68353658536586,0.008020305065018265,3.9998576145221447
Markiplier,WHY DIDN'T YOU TELL ME ABOUT THIS??,2021-01-28 15:04:02+00:00,5611366,465295,40002,2763,168.4020991675715,0.005938168258846539,9.054123363188214
Markiplier,well that's ABSOLUTELY HORRIFYING | The Forest,2021-01-29 17:34:12+00:00,9014855,285864,12195,1392,205.36206896551724,0.0048694484090336665,3.3217505994272782
Markiplier,Blacksmith Simulator,2021-01-30 18:22:01+00:00,6250780,238714,11992,2142,111.44444444444444,0.00897308075772682,4.045063176115621
Markiplier,hi!,2021-02-03 21:36:46+00:00,2257757,184671,6469,1010,182.84257425742575,0.005469185741128819,8.510659030179067
Markiplier,THE WORST BRIDGE EVER MADE | The Forest,2021-02-04 21:48:05+00:00,7667508,255522,7956,1427,179.06236860546602,0.0055846463318227,3.454903470593053
Markiplier,Emergency Simulator,2021-02-05 18:26:45+00:00,3156564,126183,6251,1448,87.14295580110497,0.011475396844265868,4.241383985878316
Markiplier,OUR DEFENSES DO NOTHING!! | The Forest,2021-02-06 18:01:51+00:00,8470603,251431,9379,1673,150.28750747160788,0.006653913001976685,3.0987522375915857
Markiplier,watching funny videos,2021-02-08 02:03:59+00:00,9967711,290896,10023,3081,94.41609866926322,0.010591414113635114,3.0498476530870526
Markiplier,3 SCARY GAMES #65,2021-02-08 17:08:58+00:00,7221521,269317,16059,1728,155.85474537037038,0.006416230687257024,3.9756721610308965
Markiplier,BREAK LITERALLY EVERYTHING | Teardown,2021-02-10 18:52:36+00:00,4838892,231537,10495,1323,175.00907029478458,0.00571398955674471,5.029147168401361
Markiplier,Cooking Simulator #2,2021-02-11 17:18:38+00:00,6449331,236416,12785,1684,140.3895486935867,0.0071230373578776394,3.890093406587443
Markiplier,American Truck Simulator,2021-02-12 20:07:39+00:00,5812677,203134,10878,1771,114.70016939582158,0.008718382939340534,3.7122826539303664
Markiplier,"SEARCH and ""RESCUE"" |  Stormworks",2021-02-13 18:44:47+00:00,3325197,144959,7520,1585,91.45678233438485,0.010934126201201719,4.633229249274554
Markiplier,Return to MONKE Simulator,2021-02-14 17:06:01+00:00,5134867,253100,18360,2294,110.33129904097646,0.00906361122086132,5.331277324222809
Markiplier,A PROPERLY SCARY GAME | At Dead of Night - PART 1,2021-02-16 17:23:27+00:00,16114874,460602,26660,3205,143.71357254290172,0.0069582850269864225,3.04356707970537
Markiplier,MARKIPLIER STILL LOVES YOU | Huniepop 2 - PART 1,2021-02-17 17:55:06+00:00,6905522,335415,29709,3254,103.07775046097112,0.009701414665414486,5.334542414027499
Markiplier,WEIRD and/or HILARIOUS | Barn Finders,2021-02-18 17:45:49+00:00,4436799,193296,8617,1402,137.8716119828816,0.00725312474132936,4.582470380109624
Markiplier,THIS GAME IS TERRIFYING!! | At Dead of Night - PART 2,2021-02-19 18:01:57+00:00,7950849,264170,11976,1064,248.2800751879699,0.0040277094295340125,3.4865459022049095
Markiplier,LONG LOST LOVES | Huniepop 2 - PART 2,2021-02-20 17:34:41+00:00,3578621,180493,10875,1663,108.53457606734817,0.009213653715102525,5.394005120966987
Markiplier,EMERGENCY MEETING!!,2021-02-20 21:30:15+00:00,1731376,164554,11834,1504,109.41090425531915,0.00913985682511516,10.274602397168495
Markiplier,Thief Simulator,2021-02-21 16:40:28+00:00,8822302,252270,10143,1957,128.90648952478284,0.00775756134300551,2.996610181787021
Markiplier,i broke my foot...,2021-02-22 02:49:14+00:00,2850555,262870,26193,1810,145.23204419889504,0.0068855327728535014,10.20408306452603
Markiplier,JIMMY WILL FIND YOU... | At Dead of Night - PART 3,2021-02-23 17:40:04+00:00,6953438,235196,11433,1238,189.98061389337641,0.005263694960798653,3.5646682978981046
Markiplier,GETTING A LITTLE SPICY... | Huniepop 2 - PART 3,2021-02-25 16:19:46+00:00,3589912,188324,13555,2110,89.25308056872038,0.01120409507019817,5.682284133984343
Markiplier,KILL IT WITH FIRE!! | The Forest,2021-02-28 18:00:10+00:00,7623429,246501,8408,1296,190.20138888888889,0.005257585161926321,3.360758000107301
Markiplier,Jackbox n' Chill,2021-03-02 01:06:06+00:00,2291155,108537,3948,766,141.69321148825065,0.007057501128647374,4.942965447558109
Markiplier,BEING VIKINGS w/ FRIENDS | Valheim,2021-03-02 19:21:28+00:00,5438625,164029,6392,1326,123.70211161387633,0.00808393637710405,3.1579121561056334
Markiplier,DYNAMITE FIXES EVERYTHING | The Forest,2021-03-03 19:40:21+00:00,6736962,203909,6980,1078,189.15491651205937,0.005286671995841282,3.146329161423205
Markiplier,HERE'S JIMMY!! | At Dead of Night - PART 4,2021-03-04 16:56:24+00:00,8115195,232593,17995,1787,130.15836597649692,0.007682948326045926,3.1099067859737195
Markiplier,"I ""Eat"" Every Flavor of Takis",2021-03-05 18:27:51+00:00,17760062,986694,59787,15279,64.57844099744747,0.01548504399540283,5.978357507986177
Markiplier,The Warfstache Automated Interview Automaton,2021-03-07 16:45:15+00:00,4780690,253876,10319,1017,249.6322517207473,0.004005892640501663,5.547567401358381
Markiplier,WHERE WE SHOULDN'T BE... | The Forest,2021-03-09 16:14:33+00:00,7205269,218380,7185,1371,159.28519328956966,0.006278047440241781,3.1495840058157443
Markiplier,DIDN'T KNOW HE COULD BE THERE!! | At Dead of Night - PART 5,2021-03-10 16:54:57+00:00,7782492,214488,15027,1766,121.45413363533409,0.00823356085188915,2.971811599677841
Markiplier,JOINING A CULT with FRIENDS | Devour,2021-03-11 18:08:10+00:00,5799445,213549,6829,1671,127.79712746858169,0.00782490201312111,3.8287974107867218
Markiplier,3 SCARY GAMES #66,2021-03-14 16:12:23+00:00,4950331,191707,8113,1282,149.5374414976599,0.006687288414090252,4.062395019646161
Markiplier,THERE IS NO ESCAPE... | Devour,2021-03-16 15:45:27+00:00,4342888,158385,4513,1075,147.33488372093024,0.006787258894466016,3.7756672518379477
Markiplier,MOMMA WANTS TO SAY HI!! | At Dead of Night - PART 6,2021-03-17 15:36:04+00:00,5725379,193350,9593,1069,180.86997193638913,0.005528833721230929,3.5632924912045123
Markiplier,I Review Amazon Self Defense Products,2021-03-18 16:28:28+00:00,21149265,797686,37926,8088,98.62586547972305,0.010139328006258101,3.9892639295029877
Markiplier,BACK IN THE THICC OF IT | Huniepop 2 - PART 4,2021-03-20 18:29:32+00:00,3175532,137413,6604,1473,93.2878479293958,0.01071950979892732,4.581594517076193
Markiplier,FAREWELL JIMMY!! | At Dead of Night - PART 7,2021-03-21 15:26:45+00:00,6428205,238890,16296,1492,160.11394101876675,0.006245552346268157,3.9929964896888013
Markiplier,HAPPY BIRTHDAY CHICA!!,2021-03-26 17:25:45+00:00,1992231,313559,129486,487,643.8583162217659,0.0015531367302485338,22.263080937903286
Markiplier,I ACCIDENTALLY DESTROYED THE EARTH | Solar Smash,2021-03-26 22:53:38+00:00,19081141,619421,30646,7757,79.85316488333119,0.012522985174864915,3.4475087207835218
Markiplier,THE LONGEST GAME EVER PLAYED | UNO,2021-03-28 19:02:50+00:00,11389146,261717,7700,1727,151.54429646786335,0.006598730690020136,2.3807228390961006
Markiplier,A LITTLE OFF THE TOP | Huniepop 2 - PART 5,2021-03-29 17:00:17+00:00,2468218,116991,7065,899,130.13459399332592,0.007684351787744357,5.062559303918859
Markiplier,The Glitched Attraction,2021-03-30 17:00:16+00:00,9359507,423990,15773,2071,204.7271849348141,0.004884549163895375,4.720697361517011
Markiplier,3 SCARY GAMES #67,2021-04-01 18:31:44+00:00,6128559,221689,10481,1326,167.18627450980392,0.005981352254735237,3.809965768462048
Markiplier,Markiplier Loses His Sanity Simulator,2021-04-02 18:20:54+00:00,4577079,251143,16902,1901,132.11099421357181,0.007569392736409137,5.897778910960462
Markiplier,Treasure Hunter Simulator,2021-04-03 18:27:18+00:00,3960298,167170,7086,1264,132.25474683544303,0.007561165280851828,4.4319897139053674
Markiplier,FASTEST AMBULANCE ON YOUTUBE | Flashing Lights,2021-04-05 16:28:52+00:00,3433399,139430,5042,1107,125.95302619692863,0.00793946783332138,4.2400839517923785
Markiplier,DON'T LET HIM IN... | Still Ridge,2021-04-06 16:45:55+00:00,6097558,222504,8683,1622,137.17879161528975,0.007289756588645597,3.818069463217898
Markiplier,The Fall,2021-04-08 22:44:17+00:00,4131980,183463,9562,1923,95.40457618304733,0.010481677504455939,4.718028644862753
Markiplier,The *NEWEST* Worst Game on Steam,2021-04-09 17:00:04+00:00,5287224,291698,9430,1665,175.19399399399398,0.005707958230772922,5.726880495322309
Markiplier,3 SCARY GAMES #68,2021-04-10 19:39:16+00:00,5510681,206014,11372,1909,107.91723415400733,0.009266360538604173,3.9794537190594044
Markiplier,uhh...,2021-04-16 20:10:40+00:00,3412225,348211,29698,1214,286.829489291598,0.003486391871595096,11.110726871762559
Markiplier,3 SCARY GAMES #69,2021-04-21 03:23:32+00:00,6109506,257764,25171,1420,181.52394366197183,0.005508915131670831,4.654304292360136
Markiplier,You Will Like This Video,2021-04-22 01:54:39+00:00,2420247,438604,92303,11876,36.931963624115866,0.027076816444902462,22.42676057443724
Markiplier,Alien Isolation: REVISITED,2021-04-27 21:29:50+00:00,2436103,161518,9757,1477,109.35545023696683,0.009144491635607177,7.091325777276249
Markiplier,Don't Open the Door,2021-04-28 17:26:04+00:00,3429815,185635,7596,780,237.99358974358975,0.004201793842755945,5.656602469812512
Markiplier,Fishing Simulator,2021-04-29 22:06:06+00:00,4297721,172224,6041,1076,160.05947955390334,0.006247677443329617,4.172932584502345
Markiplier,You’re too late...,2021-05-01 14:02:18+00:00,1886304,110780,14297,3409,32.496333235552946,0.03077270265390865,6.811521366651399
Markiplier,MY ADHD NIGHTMARE | Papers Please - Part 1,2021-05-02 22:15:29+00:00,9492189,413374,17251,2396,172.52671118530884,0.0057962039218722025,4.561866604215319
Markiplier,Where Does YouTube Send New CANADIAN Viewers?,2021-05-04 19:37:51+00:00,4039880,357260,13437,1424,250.88483146067415,0.0039858926272182725,9.211189441270532
Markiplier,ABSOLUTELY NO MISTAKES** | Papers Please - Part 2,2021-05-05 20:42:00+00:00,5334312,248190,10851,1188,208.91414141414143,0.004786655384987308,4.878398563863532
Markiplier,I ACCIDENTALLY DESTROYED YOUR ROOM | Room Smash,2021-05-06 19:13:18+00:00,3893821,166795,6419,1632,102.20281862745098,0.009784465961209868,4.490345087768544
Markiplier,THE LADY AWAITS | Resident Evil: Village - Part 1,2021-05-07 22:45:16+00:00,13089446,464066,20276,2453,189.18304117407257,0.005285886059310529,3.7189885652914567
Markiplier,EZIC IS WATCHING | Papers Please - Part 3,2021-05-08 21:48:33+00:00,4277852,206456,5389,873,236.49026345933564,0.004228503894292246,4.972542294590836
Markiplier,MY FAIR LADY DIMITRESCU | Resident Evil: Village - Part 2,2021-05-09 22:45:13+00:00,9078444,306441,12757,1589,192.8514789175582,0.005185337471160844,3.5335019965976553
Markiplier,X-RAY ABUSE | Papers Please - Part 4,2021-05-10 15:15:00+00:00,4329576,205642,4651,793,259.32156368221945,0.0038562161426167808,4.875442768529759
Markiplier,3 TIMES A LADY DIMITRESCU | Resident Evil: Village - Part 3,2021-05-11 15:15:00+00:00,7610926,258864,10878,1551,166.90135396518374,0.005991563137400333,3.564520269938244
Markiplier,AT WHAT COST...? | Papers Please - Part 5,2021-05-13 15:15:00+00:00,4010967,224647,10129,1058,212.33175803402648,0.004709611078714606,5.879729252322445
Markiplier,THE LADY ASKS FOR MY HAND | Resident Evil: Village - Part 4,2021-05-14 15:17:56+00:00,6818288,240440,12499,1525,157.6655737704918,0.006342538679088338,3.732080545732301
Markiplier,3 Satisfying Games,2021-05-16 16:36:29+00:00,12185018,506460,20926,5605,90.3586083853702,0.011067014176835288,4.374150288493624
Markiplier,OUR FIRST FIGHT 😢 | Resident Evil: Village - Part 5,2021-05-17 20:07:33+00:00,5809437,228578,9889,1238,184.63489499192247,0.005416094287289241,4.126131327355818
Markiplier,I Literally Won't Shut Up Until You Listen To Distractible,2021-05-18 03:10:48+00:00,1488894,109155,5543,1159,94.18032786885246,0.010617928633594429,7.7814135861921665
Markiplier,QWOP ON STILTS | Walk Master,2021-05-18 20:55:29+00:00,2673835,140875,8507,1072,131.4132462686567,0.007609582963620231,5.626899191610552
Markiplier,ACTUALLY TERRIFYING | Resident Evil: Village - Part 6,2021-05-19 16:16:15+00:00,5526784,222659,14738,1132,196.6952296819788,0.005084007383487755,4.315873390383992
Markiplier,CRYSTAL DIMITRESCU WATCHES ME WIN | Resident Evil: Village - Part 7,2021-05-21 17:50:19+00:00,5106062,184802,7919,1037,178.2082931533269,0.005611411131914157,3.794666026381975
Markiplier,Getting Arrested by Canadian FBI Speedrun (world record),2021-05-22 16:20:54+00:00,1758743,132553,10100,1548,85.62855297157623,0.011678347528912962,8.199094466900508
Markiplier,KINDA GROSS... | Resident Evil: Village - Part 8,2021-05-23 17:40:35+00:00,4443779,244614,16102,1488,164.39112903225808,0.0060830533003017,5.90047344838706
Markiplier,"I Review Canadian ""Candy""",2021-05-24 16:41:46+00:00,10142506,496250,57551,3173,156.39773085408132,0.006393954659949622,5.491483071343512
Markiplier,WEREWOLF SANTA CLAUS | Resident Evil: Village - Part 9,2021-05-25 21:47:14+00:00,4360049,174032,8323,1335,130.36104868913858,0.007671003033924795,4.213026046266911
Markiplier,BRAND NEW GAME MODE!! | UNO,2021-05-27 16:15:02+00:00,8055879,213759,6800,1756,121.73063781321184,0.008214858789571433,2.75966160862148
Markiplier,IT'S JUST A PRANK BRO... | Prank Master,2021-05-28 16:15:01+00:00,6371834,255952,10289,3390,75.50206489675516,0.01324467087578921,4.231607414756882
Markiplier,A TINY CLUE OF LADY DIMITRESCU'S ORIGIN | Resident Evil: Village - Part 10,2021-05-29 20:54:55+00:00,4159951,164378,8896,1025,160.36878048780488,0.0062356276387351105,4.189929160223282
Markiplier,DODGEBALL: THE GAME | Knockout City,2021-05-30 16:53:23+00:00,1849622,98545,3335,1089,90.49127640036731,0.011050788979653964,5.567029371406698
Markiplier,I Bought EVERY Maple Syrup,2021-05-31 18:26:22+00:00,6074646,270763,19776,1882,143.86981934112646,0.0069507281275506625,4.81379491084748
Markiplier,UNCLE CHRIS IS HERE TO HELP | Resident Evil: Village - Part 11,2021-06-01 19:26:49+00:00,3579801,178541,7992,1000,178.541,0.005600954402630208,5.238643153627813
Markiplier,OH... HI MIA... | Resident Evil: Village - Part 12,2021-06-03 17:16:46+00:00,3463824,159848,6236,697,229.3371592539455,0.004360392372754116,4.8149386342955065
Markiplier,Everyone Looks Like Markiplier...,2021-06-04 17:17:35+00:00,12621765,700718,34230,2913,240.54857535187094,0.004157164508404237,5.84594151451877
Markiplier,"GOODBYE, LADY DIMITRESCU... | Resident Evil: Village - Part 13",2021-06-05 17:48:51+00:00,3056061,160289,8729,885,181.1175141242938,0.005521277193070017,5.5595421688245095
Markiplier,TIM HORTONS vs EVERY AMERICAN FAST FOOD,2021-06-06 18:10:46+00:00,9160645,410674,29489,2923,140.49743414300377,0.007117567705771488,4.8368428205655825
Markiplier,Markiplier's PRIVATE Lady Dimitrescu Compilation (KEEP OUT!!),2021-06-14 00:11:56+00:00,4554573,269896,9895,1395,193.47383512544803,0.005168657556984912,6.173707172988554
Markiplier,Chica KICKS!!,2021-06-15 16:47:37+00:00,2469808,393849,17420,793,496.65699873896597,0.0020134620120909282,16.683968956291338
Markiplier,Takis is Dead to Me,2021-06-20 01:36:28+00:00,5924417,309124,89825,3871,79.85636786360114,0.012522482887126202,6.799318819050043
Markiplier,MIGHTY ANGER,2021-06-21 21:06:34+00:00,2223187,155555,7738,994,156.49396378269617,0.0063900228215100765,7.389706758810663
Markiplier,3 SCARY GAMES #70,2021-06-23 16:58:59+00:00,6900120,269031,10948,1371,196.2297592997812,0.005096066995996744,4.07746531944372
Markiplier,THE MIDNIGHT SPECIAL | Lunch Lady,2021-06-24 16:30:10+00:00,3406118,186763,7684,758,246.38918205804748,0.004058619748022896,5.7310110806495835
Markiplier,3 SCARY GAMES #71,2021-06-26 17:06:54+00:00,5361041,236790,9655,1328,178.30572289156626,0.0056083449469994506,4.621732980590896
Markiplier,Mr. Hopp's Playhouse 2 DEMO,2021-06-27 18:07:52+00:00,3394076,166521,8044,880,189.22840909090908,0.005284618756793437,5.169153548712521
Markiplier,it is my birthday,2021-06-28 17:45:05+00:00,3004976,225290,19581,713,315.9747545582048,0.0031648098007013184,8.172577751036947
Markiplier,"Please, Don't Touch Anything 3D",2021-06-30 19:24:37+00:00,9242076,346405,9508,1940,178.55927835051546,0.005600381056855415,3.8719980229550157
Markiplier,AMONG US HORROR GAME | Impostor Hide,2021-07-03 18:42:18+00:00,5723057,230884,9548,2202,104.8519527702089,0.009537256804282671,4.239587339423668
Markiplier,[🅑🅡🅐🅝🅓] is Dead to Me,2021-07-04 18:22:56+00:00,4925687,229744,24756,1510,152.14834437086094,0.006572532906191239,5.197447584468928
Markiplier,1001 WAYS TO DIE | House - Part 1,2021-07-05 21:00:02+00:00,15855400,551231,18607,4568,120.67228546409807,0.00828690694101021,3.622778359423288
Markiplier,THE MOST SATISFYING GAME EVER MADE | PowerWash Simulator - Part 1,2021-07-06 16:34:50+00:00,9783772,374105,18449,2982,125.45439302481556,0.00797102417770412,4.042776139918224
Markiplier,STABBITY STAB STAB | Chivalry 2,2021-07-08 17:16:13+00:00,2665301,132524,5610,1431,92.6093640810622,0.010798044127856087,5.236369175564036
Markiplier,DEATH IN EVERY CORNER | House - Part 2,2021-07-09 18:17:18+00:00,8292693,360785,10384,1694,212.97815820543093,0.004695317155646715,4.496283655984853
Markiplier,100% PURE SATISFACTION | PowerWash Simulator - Part 2,2021-07-10 18:28:40+00:00,7760347,318145,21702,2082,152.8073967339097,0.006544185827217149,4.406104520841659
Markiplier,BRAINS PLEASE | Mind Scanners - Part 1,2021-07-11 17:45:08+00:00,3312771,172255,5967,1176,146.47534013605443,0.006827087747815738,5.415345642665914
Markiplier,ONE HAPPY FAMILY!! (ignore the body...) | House - Part 3,2021-07-13 16:34:31+00:00,6255201,328143,8697,1358,241.63696612665686,0.004138439643691927,5.406668786502624
Markiplier,3 SCARY GAMES #72,2021-07-14 18:57:26+00:00,4763475,206612,10357,1172,176.2901023890785,0.005672468201266142,4.579450926057133
Markiplier,NEW POWERWASHER is SO GOOD | PowerWash Simulator - Part 3,2021-07-15 20:04:05+00:00,5302702,217827,13816,1330,163.7796992481203,0.006105762830135842,4.393477136750283
Markiplier,GET OUT OF MY HEAD!! | Mind Scanners - Part 2,2021-07-16 19:03:11+00:00,2227268,107721,2959,715,150.65874125874126,0.006637517290036298,5.001418778521489
Markiplier,THE NIGHTMARE ENDS | House - Part 4,2021-07-17 18:22:54+00:00,6218204,346555,10968,1540,225.03571428571428,0.004443739089033487,5.774384372079141
Markiplier,BEGINNING OF THE END | The Forest,2021-07-19 23:34:09+00:00,7095656,248427,11730,1379,180.15010877447426,0.005550926429091846,3.6858607576241016
Markiplier,MY BEST WASH YET | PowerWash Simulator - Part 4,2021-07-20 16:34:09+00:00,5294156,225922,18629,1523,148.34011818778725,0.0067412646842715624,4.64803077204374
Markiplier,I MADE A MISTAKE... | Mind Scanners - Part 3,2021-07-22 13:34:34+00:00,1878581,96138,3612,671,143.2757078986587,0.006979550229877884,5.345577326716282
Markiplier,THE BOTTOM OF THE SINKHOLE | The Forest,2021-07-25 17:25:30+00:00,6290669,187638,6359,1285,146.0217898832685,0.006848292989692919,3.1043121168829577
Markiplier,Buddy Simulator,2021-07-28 13:03:55+00:00,2657358,148206,6531,846,175.18439716312056,0.00570827092020566,5.854800143601277
Markiplier,YOU CAN ROTATE THE NOZZLE!! | PowerWash Simulator - Part 5,2021-07-29 16:50:39+00:00,4440384,209623,14412,1196,175.27006688963212,0.0057054807917070165,5.072331582133438
Markiplier,THE END...? | The Forest,2021-07-30 16:55:22+00:00,6101323,217475,8282,1719,126.51250727166958,0.00790435682262329,3.7283061395044976
Markiplier,Watching the Scariest Video on YouTube,2021-08-01 20:51:21+00:00,4290753,270082,19125,2255,119.77028824833702,0.00834931613361868,6.792793712432293
Markiplier,Bridge Constructor but with Zombies,2021-08-02 17:00:33+00:00,4394711,177810,6083,2377,74.80437526293647,0.013368202013385073,4.2385039653346945
Markiplier,CLEAN COMES AT SUCH A HEAVY PRICE... | PowerWash Simulator - Part 6,2021-08-04 17:00:30+00:00,4276520,171537,11740,1436,119.45473537604457,0.008371371774019599,4.319236201397398
Markiplier,SO MANY SCARES | Find Yourself,2021-08-07 15:54:09+00:00,4576609,189739,8436,1046,181.39483747609944,0.005512836053736976,4.353026443814623
Markiplier,3 SCARY GAMES #73,2021-08-08 17:14:31+00:00,4973052,197371,7575,1197,164.88805346700084,0.006064720754315477,4.145200975175808
Markiplier,A RELAXED RAGE | PowerWash Simulator - Part 7,2021-08-11 17:00:14+00:00,3383362,148055,7051,1094,135.33363802559415,0.0073891459255006585,4.616709651524134
Markiplier,Locked Up,2021-08-13 18:14:54+00:00,5837183,173543,8045,1205,144.01908713692947,0.006943524083368387,3.131527656405496
Markiplier,GO FOR THE CROTCH!! | Totally Accurate Battle Simulator,2021-08-14 17:00:12+00:00,4405717,216125,7078,1427,151.4540995094604,0.006602660497397339,5.098602565711778
Markiplier,THE NEED FOR SPEED!! | Power Wash Simulator - Part 8,2021-08-15 17:00:10+00:00,1683540,103635,5091,1571,65.96753660089115,0.01515897138997443,6.551492688026421
Markiplier,I Let a Sketchy Website Pick a Random Steam Game for Me to Play,2021-08-17 17:00:38+00:00,6277816,330644,10789,2554,129.46123727486295,0.007724319812245194,5.479405576716489
Markiplier,THERE'S A DARK SECRET...?? | People Playground,2021-08-21 17:00:20+00:00,5663040,221788,7099,1687,131.4688796680498,0.007606362832975634,4.071558738769283
Markiplier,The Story of How I Snuck Out of the House for LOVE,2021-08-22 15:32:59+00:00,6261730,367217,5580,782,469.5869565217391,0.002129531040229619,5.966066885668977
Markiplier,GOTTA MAKE IT LAST... | PowerWash Simulator - Part 9,2021-08-23 17:00:20+00:00,2985845,141111,4688,801,176.1685393258427,0.005676382422348364,4.909832894875655
Markiplier,MY WORST NIGHTMARE | Mannequin House,2021-08-24 17:00:33+00:00,6327431,261849,10464,1555,168.39163987138264,0.005938537095807125,4.328265294398311
Markiplier,ACTUALLY KINDA EPIC?! | Totally Accurate Battle Simulator,2021-08-25 17:00:00+00:00,3961002,184295,6103,1095,168.30593607305937,0.005941561084131419,4.834458553668996
Markiplier,3 SCARY GAMES #74,2021-08-26 17:00:35+00:00,6572765,223364,9635,1461,152.88432580424367,0.006540892892319264,3.5671441166693163
Markiplier,1 NIGHT OF SPOOPS | Security Booth,2021-08-30 16:00:26+00:00,2598166,146274,6231,910,160.74065934065933,0.006221201307135923,5.904742037267827
Markiplier,THIS GAME IS AMAZING!! | Voidtrain,2021-09-02 15:08:43+00:00,3378958,183854,9004,1422,129.29254571026723,0.0077343979461964385,5.7497015352070076
Markiplier,Everything has to end.,2021-09-03 16:00:35+00:00,4077628,321119,21301,1842,174.33170466883823,0.005736191256200973,8.442702473104461
Markiplier,hello friends,2021-09-06 20:11:23+00:00,3028736,330960,18832,1026,322.5730994152047,0.003100072516316171,11.582983792578819
Markiplier,DON'T GO TO GRANDMA'S HOUSE... | Nocturnal Visit,2021-09-08 17:00:34+00:00,2182794,116935,2860,673,173.7518573551263,0.005755334160003421,5.518981635463539
Markiplier,Voidtrain - Part 2,2021-09-09 17:00:26+00:00,2029734,108108,3643,747,144.72289156626505,0.00690975690975691,5.542499657590601
Markiplier,THE SPOOKIEST DOOT | Trumpets,2021-09-13 16:00:31+00:00,2291869,140721,8453,1017,138.36873156342182,0.007227066322723687,6.553210501996405
Markiplier,SURPRISINGLY SCARY | Burger & Frights,2021-09-14 16:00:13+00:00,4993906,212047,6344,1271,166.83477576711252,0.005993954170537664,4.398601014916981
Markiplier,heh,2021-09-19 16:35:57+00:00,2106556,272677,19589,606,449.96204620462044,0.0022224096641814306,13.902882240016407
Markiplier,heh.exe,2021-09-20 02:41:10+00:00,1471924,146378,15625,1089,134.41505968778696,0.007439642569238547,11.080191640329257
Markiplier,BLOODY VIOLENT RAGE | Super Meat Boy: Forever,2021-09-21 16:00:28+00:00,2003331,133995,4389,670,199.99253731343285,0.0050001865741259,6.941139532109272
Markiplier,Spooky's Jump Scare Mansion: The Doll House - Part 1,2021-09-23 20:59:18+00:00,2941116,147673,3326,644,229.305900621118,0.004360986774833585,5.155968006702218
Markiplier,Try Not To Laugh Challenge #24,2021-09-24 18:20:20+00:00,16525906,747051,29764,5186,144.05148476667952,0.006941962463071463,4.7319705194982955
Markiplier,Spooky's Jump Scare Mansion: The Doll House - Part 2,2021-09-25 18:05:48+00:00,1953050,95166,2671,409,232.679706601467,0.004297753399323288,5.030388366913289
Markiplier,OH SO SATISFYING | PowerWash Simulator - Part 10,2021-09-26 18:21:25+00:00,2799301,131797,22001,922,142.94685466377442,0.006995606880278003,5.52709408527343
Markiplier,THE END OF SPOOKY | Spooky's Jump Scare Mansion: The Doll House - Part 3,2021-09-27 16:51:55+00:00,1689173,95108,3504,446,213.24663677130044,0.004689405728224755,5.864289803353475
Markiplier,GET OUT OF THE HOUSE!! | Murder House,2021-09-28 19:42:56+00:00,2973730,164152,6445,794,206.74055415617127,0.00483698035966665,5.763502402706366
Markiplier,BEECOME THE BEE | Bee Simulator,2021-09-30 15:54:56+00:00,4006337,199777,10415,1358,147.11119293078056,0.006797579300920526,5.280384550775434
Markiplier,A LOT OF ZOMBIES,2021-10-01 17:24:39+00:00,3844341,168750,11786,2064,81.75872093023256,0.012231111111111111,4.749838789014815
Markiplier,Drug Dealer Simulator,2021-10-03 17:15:18+00:00,11182576,357173,12194,2930,121.90204778156996,0.008203307640835114,3.3292597340720063
Markiplier,3 SCARY GAMES #75,2021-10-06 20:48:56+00:00,6199241,217721,7772,1365,159.5025641025641,0.006269491688904607,3.6594479872616668
Markiplier,Gas Station Simulator,2021-10-08 17:00:06+00:00,10210691,294683,10199,2390,123.29832635983263,0.00811041016957205,3.009316411592516
Markiplier,Prison Simulator,2021-10-09 16:44:07+00:00,5916667,179101,5328,1768,101.30147058823529,0.009871525005443856,3.1469913720004863
Markiplier,3 SCARY GAMES #76,2021-10-11 18:22:28+00:00,5664229,218045,7565,1137,191.77220756376428,0.005214519938544796,4.0031397035677765
Markiplier,WELL THAT'S TERRIFYING... | Bloodwash,2021-10-13 16:00:28+00:00,7461568,232654,13617,1537,151.36890045543265,0.006606376851461827,3.3211249967835177
Markiplier,BILLIONS OF ZOMBIES,2021-10-14 19:50:13+00:00,3688528,149444,6010,1216,122.89802631578948,0.008136827172720216,4.247493851205684
Markiplier,Kyle is Famous,2021-10-15 19:25:04+00:00,2910463,156060,5577,1046,149.19694072657742,0.0067025503011662185,5.589591759111866
Markiplier,Lawn Mowing Simulator,2021-10-17 19:21:27+00:00,4541628,168787,7205,1506,112.07636122177955,0.008922488106311506,3.908246117911903
Markiplier,Tealerland,2021-10-19 16:10:17+00:00,5380608,238268,8459,1308,182.16207951070336,0.0054896167340977384,4.60979502688172
Markiplier,Poppy Playtime,2021-10-20 17:40:02+00:00,23517186,775078,29557,6247,124.07203457659676,0.008059833977999633,3.4480400843876478
Markiplier,Alchemist Simulator,2021-10-21 16:17:05+00:00,4430735,204011,7050,1186,172.01602023608768,0.00581341202190078,4.790333883655872
Markiplier,NOW WITH MORE IDIOTS | Voidtrain,2021-10-22 17:03:23+00:00,4049461,158552,3639,873,181.61741122565866,0.005506080024219184,4.026807518333921
Markiplier,HE'S RIGHT BEHIND YOU!! | Haunt Chaser,2021-10-25 16:57:34+00:00,3624460,141239,3187,1445,97.74325259515571,0.01023088523708041,4.024627116867064
Markiplier,"WORKING ""PERFECTLY"" | Voidtrain",2021-10-27 16:00:40+00:00,2547714,109789,2709,639,171.81377151799688,0.0058202552168250005,4.440726078358874
Markiplier,Back 4 Blood,2021-10-30 19:05:44+00:00,5846345,151302,4318,1488,101.68145161290323,0.009834635365031527,2.687285817036114
Markiplier,HuniePop 2: MEGA EPISODE,2021-11-01 03:10:20+00:00,5985438,178693,14260,2707,66.01145179165127,0.015148886637976866,3.2689337020949845
Markiplier,INTO THE BASEMENT... | Haunt Chaser,2021-11-02 19:27:28+00:00,2827541,107052,2316,839,127.5947556615018,0.007837312707842917,3.8976269486454838
Markiplier,ROFLEEMO MY BELOVED!! | Voidtrain,2021-11-03 16:00:25+00:00,2525325,113830,3172,665,171.17293233082708,0.005842045155055785,4.659479472939126
Markiplier,EVERYTHING WILL KILL YOU | Shut In,2021-11-05 16:00:22+00:00,14241499,301707,9462,2875,104.9415652173913,0.009529112682171777,2.205133041121584
Markiplier,WE WIN! YOU LOSE!! | Haunt Chaser,2021-11-07 18:05:14+00:00,2593076,113023,2916,798,141.6328320802005,0.007060509807738248,4.501873450681739
Markiplier,3 SCARY GAMES #77,2021-11-11 17:06:33+00:00,7255829,227880,7202,1573,144.8696757787667,0.006902755836405126,3.261584582547356
Markiplier,SNAAAAAAAAAAIL!!! | Half Dead 3,2021-11-12 17:46:28+00:00,8352323,194700,4000,1221,159.45945945945945,0.006271186440677966,2.3935975656113873
Markiplier,I Can Explain...,2021-11-13 22:57:55+00:00,2169289,144333,4942,875,164.952,0.006062369659052331,6.921622706794715
Markiplier,Memento Mori,2021-11-14 08:00:14+00:00,3793601,538657,40553,1488,362.00067204301075,0.0027624258108592294,15.307303008408107
Markiplier,ILASWPARSGFMTP #2,2021-11-15 16:03:37+00:00,3340527,168539,6036,1072,157.21921641791045,0.006360545630388219,5.258062575156554
Markiplier,3 SCARY GAMES #78,2021-11-17 19:25:31+00:00,6937920,262603,8417,1588,165.36712846347606,0.006047151022646352,3.929246805959135
Markiplier,BIGFOOT is BACK,2021-11-18 17:11:45+00:00,7304330,239746,5636,1277,187.74158183241974,0.0053264705146279815,3.376887407879983
Markiplier,60 Seconds! REATOMIZED,2021-11-20 18:24:32+00:00,9186711,290373,6293,2265,128.2,0.0078003120124804995,3.253950189572743
Markiplier,Inscryption,2021-11-21 19:18:33+00:00,10947510,340907,11037,3124,109.12516005121638,0.009163789537909165,3.2433676699085
Markiplier,THIS MAN WILL CONSUME THE WORLD | Myth of Empires,2021-11-22 20:02:20+00:00,2743154,119224,4514,1209,98.61373035566584,0.01014057572300879,4.554866405604644
Markiplier,BIGFOOT KNOWS NO MERCY!!,2021-11-23 20:28:04+00:00,5595012,179550,3933,1023,175.5131964809384,0.005697577276524645,3.2976872971854214
Markiplier,Inscryption - Part 2,2021-11-25 18:48:51+00:00,6073532,206724,7628,1426,144.96774193548387,0.006898086337338674,3.5527597450709076
Markiplier,Maple County,2021-11-28 21:04:27+00:00,6956374,337516,13987,1845,182.93550135501354,0.005466407518458384,5.0794853755706635
Markiplier,Inscryption - Part 3,2021-11-30 21:17:42+00:00,5932995,196336,8490,1181,166.24555461473327,0.0060151984353353435,3.4722260848020263
Markiplier,Claytown Horror,2021-12-06 17:10:28+00:00,2819692,137204,3444,715,191.8937062937063,0.005211218331827061,5.01341990543648
Markiplier,Inscryption - Part 4,2021-12-07 19:11:12+00:00,6099839,184530,8051,1343,137.4013402829486,0.007277949384923861,3.1791658763452606
Markiplier,The Mortuary Assistant,2021-12-08 17:11:36+00:00,5176990,199586,5877,1088,183.44301470588235,0.0054512841582074895,3.989789433628421
Markiplier,Rogue Legacy 2,2021-12-10 00:26:52+00:00,2706480,99310,2794,991,100.21190716448032,0.009978854093243379,3.8091912742750735
Markiplier,Happy Game,2021-12-10 21:30:13+00:00,8577488,273719,10744,2190,124.98584474885845,0.0080009060386747,3.3419224835989274
Markiplier,HEY YOU!!,2021-12-12 01:37:41+00:00,1819581,147854,2637,426,347.07511737089203,0.0028812206636276328,8.294052312043267
Markiplier,Everything has to begin.,2021-12-12 03:27:10+00:00,2374542,199577,10217,656,304.2332317073171,0.0032869519032754277,8.86276174521234
Markiplier,Inscryption - Part 5,2021-12-13 17:00:25+00:00,4800188,185790,5824,890,208.75280898876406,0.004790354701544755,4.0103429282353105
Markiplier,Happy’s Humble Burger Farm,2021-12-14 17:00:20+00:00,7058958,225115,5931,1500,150.07666666666665,0.006663260999933368,3.2943389095104405
Markiplier,3 SCARY GAMES #79,2021-12-15 17:54:42+00:00,4505314,204927,6849,1285,159.4762645914397,0.0062705256017996655,4.729104342116887
Markiplier,Five Nights at Freddy's: Security Breach - Part 1,2021-12-17 17:28:32+00:00,47469416,1282953,51438,10544,121.6761191198786,0.008218539572377163,2.833266370919752
Markiplier,Five Nights at Freddy's: Security Breach - Part 2,2021-12-18 18:24:34+00:00,27403198,810988,30230,5920,136.99121621621623,0.007299738097234484,3.0913837136818847
Markiplier,Five Nights at Freddy's: Security Breach - Part 3,2021-12-19 19:13:00+00:00,24017425,701924,25590,4540,154.60881057268722,0.006467936699699682,3.048012016275683
Markiplier,Five Nights at Freddy's: Security Breach - Part 4,2021-12-20 19:29:11+00:00,21854558,635009,26388,4609,137.7758732913864,0.00725816484490771,3.04744666993494
Markiplier,Five Nights at Freddy's: Security Breach - Part 5,2021-12-21 18:23:50+00:00,20557668,608385,36920,4587,132.6324395029431,0.007539633620158288,3.1613118764248944
Markiplier,Five Nights at Freddy's: Security Breach - Part 6,2021-12-22 21:28:58+00:00,18124621,580851,29663,3879,149.74245939675174,0.006678132601992594,3.3898253651759114
Markiplier,Five Nights at Freddy's: Security Breach - Part 7,2021-12-23 22:42:11+00:00,14166142,576995,27730,3696,156.1133658008658,0.006405601435021101,4.294895533307516
Markiplier,Five Nights at Freddy's: Security Breach - Part 8,2021-12-24 22:41:17+00:00,17055233,558185,30884,3505,159.25392296718974,0.006279280166969732,3.474440953108058
Markiplier,Merry Christmas,2021-12-25 21:07:44+00:00,2792855,437151,30732,666,656.3828828828829,0.0015235010328238984,16.776703409235353
Markiplier,Five Nights at Freddy's: Security Breach - Part 9,2021-12-26 22:46:46+00:00,54036806,636839,30575,5835,109.14121679520137,0.00916244137058189,1.2459082056034176
Markiplier,Five Nights at Freddy's: Security Breach - Part 10,2021-12-28 00:03:56+00:00,18842958,512367,32597,3206,159.8150343106675,0.00625723358452047,2.909150463531257
Markiplier,Leenie Boog,2021-12-29 18:41:18+00:00,5998486,235895,9797,1399,168.6168691922802,0.0059306047182008945,4.11922275054072
Markiplier,INVITATIONEM,2022-01-01 18:32:33+00:00,4822924,207790,6427,893,232.68756998880178,0.004297608162086722,4.4601573651170945
Markiplier,Inscryption - Part 6,2022-01-02 19:14:16+00:00,5105853,157806,6376,1095,144.1150684931507,0.006938899661609824,3.2370105445652273
Markiplier,ALL BOSSES ON HARD MODE!! | Rogue Legacy 2,2022-01-04 23:26:43+00:00,3058682,101035,3984,996,101.44076305220884,0.009857970010392438,3.4660353707904252
Markiplier,Inscryption - Part 7,2022-01-05 16:20:12+00:00,3741702,132027,5506,830,159.06867469879518,0.0062865928938777675,3.6978626304286126
Markiplier,Happy Game - Part 2,2022-01-06 18:19:15+00:00,3433799,127073,4990,966,131.5455486542443,0.007601929599521535,3.874105618878682
Markiplier,Inscryption - Part 8,2022-01-07 22:32:49+00:00,3698008,142811,6667,814,175.44348894348894,0.005699841048658717,4.064133987811816
Markiplier,"GTFO w/ Bob, Sean, Wade",2022-01-09 20:31:00+00:00,5868054,195407,5942,964,202.70435684647302,0.004933293075478361,3.447701742349338
Markiplier,it is my birthday,2022-01-10 18:35:23+00:00,2941962,299861,30959,1092,274.59798534798534,0.0036416873151226734,11.281994804827526
Markiplier,Inscryption - Part 9,2022-01-11 18:23:16+00:00,4069000,131987,3840,449,293.9576837416481,0.003401850182214915,3.349127549766527
Markiplier,"GTFO w/ Bob, Sean, Wade - Part 2",2022-01-12 21:15:05+00:00,5602311,130713,3249,821,159.21193666260658,0.006280936096639202,2.405846444440517
Markiplier,Inscryption - Part 10,2022-01-13 19:35:26+00:00,3047046,127385,6081,302,421.8046357615894,0.0023707657887506377,4.390087973729311
Markiplier,3 SCARY GAMES #80,2022-01-14 19:07:08+00:00,9949193,322871,9586,2017,160.07486365889935,0.006247077005986911,3.361820400910908
Markiplier,Inscryption - Part 11,2022-01-15 17:36:34+00:00,2911189,130342,4232,633,205.91153238546605,0.00485645455800893,4.644391003126215
Markiplier,"GTFO w/ Bob, Sean, Wade - Part 3",2022-01-16 18:28:20+00:00,3851170,114424,2903,618,185.15210355987054,0.005400964832552611,3.062575788656434
Markiplier,Inscryption - Part 12 (ENDING),2022-01-19 18:26:52+00:00,4008018,156198,9445,464,336.6336206896552,0.002970588611890037,4.144367615115501
Markiplier,Analogue Horror,2022-01-20 20:07:49+00:00,8183330,343468,16323,1404,244.63532763532763,0.004087717050787846,4.413789985250503
Markiplier,"GTFO w/ Bob, Sean, Wade - Part 4",2022-01-22 21:05:56+00:00,3575241,105337,2893,535,196.89158878504674,0.005078937125606387,3.042172541655234
Markiplier,3 SCARY GAMES #81,2022-01-23 20:57:53+00:00,9096023,257785,9026,685,376.3284671532847,0.002657253137304343,2.940801710813616
Markiplier,x,2022-01-25 00:11:44+00:00,3049727,259082,13190,2588,100.10896445131375,0.009989115415196733,9.012609981155691
Markiplier,"GTFO w/ Bob, Sean, Wade - Part 5",2022-01-25 22:31:53+00:00,4877572,107502,2855,706,152.26912181303115,0.006567319677773437,2.2770140553537703
Markiplier,Heavenly Bodies w/ Sean,2022-01-26 19:49:19+00:00,3595767,153535,3637,854,179.78337236533957,0.005562249649916957,4.3947786383266765
Markiplier,3 SCARY GAMES #82,2022-01-28 17:59:35+00:00,6155587,257582,5660,800,321.9775,0.0031058070827930523,4.2894690628204915
Markiplier,Heavenly Bodies w/ Sean - Part 2,2022-01-29 20:10:26+00:00,1803383,84876,2340,499,170.09218436873746,0.005879164899382628,4.863914099223515
Markiplier,Mandela Invasion,2022-01-31 17:48:25+00:00,4735575,233030,7570,652,357.4079754601227,0.00279792301420418,5.094460545973826
Markiplier,"GTFO w/ Bob, Sean, Wade - Part 6",2022-02-01 22:34:39+00:00,5157534,105565,2857,245,430.8775510204082,0.0023208449770283713,2.106956541634044
Markiplier,FEEDVID,2022-02-02 19:29:11+00:00,3280417,209736,14201,581,360.9913941480207,0.002770149139871076,6.844190845249247
Markiplier,Saiko No Sutoka,2022-02-03 19:18:53+00:00,5451102,231866,8620,981,236.35677879714578,0.004230891980712998,4.429691464221363
Markiplier,"GTFO w/ Bob, Sean, Wade - Part 7 (FINAL BOSS)",2022-02-04 20:30:49+00:00,3165804,98519,3270,521,189.09596928982725,0.005288320019488627,3.2317224945069243
Markiplier,Fears to Fathom: Home Alone,2022-02-05 19:29:27+00:00,5860616,251512,7078,1208,208.20529801324503,0.004802951747829129,4.4329469803174275
Markiplier,Heavenly Bodies w/ Sean - Part 3,2022-02-06 23:06:03+00:00,1499986,78322,2319,289,271.0103806228374,0.003689895559357524,5.395383690247776
Markiplier,I'm on Observation Duty,2022-02-07 16:43:23+00:00,8631931,285829,8949,803,355.95143212951433,0.0028093720371270936,3.4242743599317462
Markiplier,3 SCARY GAMES #83,2022-02-08 18:30:58+00:00,7245732,225027,7962,1554,144.8050193050193,0.006905837966110734,3.2369814395564176
Markiplier,The Blood Bowl,2022-02-10 17:00:18+00:00,2182174,109911,4560,1296,84.80787037037037,0.01179135846275623,5.305122322967829
Markiplier,Smash or Pass: All 898 Pokémon,2022-02-12 16:06:28+00:00,22939616,1168960,81203,6759,172.94866104453322,0.005782062688201479,5.479263471541982
Markiplier,Sucker for Love: First Date,2022-02-14 17:00:26+00:00,8718141,373953,9252,1472,254.04415760869566,0.003936323548681252,4.412374151783046
Markiplier,Wade Buys a Pregnancy Test,2022-02-16 22:24:39+00:00,6149603,355605,4724,711,500.1476793248945,0.0019994094571223688,5.870948092096351
Markiplier,Bad End Theater,2022-02-17 21:02:20+00:00,8699030,342303,12626,1816,188.49284140969164,0.00530524126285776,4.100974476464617
Markiplier,nothing strange happening here.,2022-02-20 19:14:43+00:00,2073832,115577,2295,475,243.32,0.004109814236396515,5.706682122756328
Markiplier,Sucker for Love: Second Date,2022-02-20 19:56:32+00:00,7238523,302789,11294,1085,279.06820276497695,0.0035833534243317955,4.354037418959641
Markiplier,3 SCARY GAMES #84,2022-02-21 17:00:40+00:00,8307166,259197,9661,1149,225.58485639686685,0.004432921677334228,3.2502901711606578
Markiplier,Fears To Fathom: Norwood Hitchhike,2022-02-22 17:50:00+00:00,8151753,243074,7025,876,277.48173515981733,0.003603840805680575,3.078785630526342
Markiplier,The Test,2022-02-24 19:37:08+00:00,5777383,298809,15361,1359,219.87417218543047,0.004548055781452366,5.461452010365247
Markiplier,elden ring,2022-02-26 20:39:40+00:00,4549364,169301,6239,1835,92.26212534059945,0.010838683764419585,3.898896636980466
Markiplier,3 SCARY GAMES #85,2022-02-28 17:15:58+00:00,5809624,229424,6814,694,330.5821325648415,0.003024966873561615,4.078267371520085
Markiplier,Mark and Bob Bunk Their Beds,2022-03-02 20:01:39+00:00,15780507,589974,6081,1383,426.59002169197396,0.0023441710990653826,3.785923988373758
Markiplier,In Space with Markiplier | Official Trailer,2022-03-04 20:00:09+00:00,26203539,492826,43278,1468,335.7125340599455,0.00297873894640299,2.0515244143167073
Markiplier,Watching the Same Video 100 Times,2022-03-10 02:42:15+00:00,2820219,171619,4276,1222,140.44108019639935,0.007120423729307361,6.2802569587680965
Markiplier,Sucker for Love: Third Date,2022-03-10 20:06:07+00:00,5765240,257737,10006,780,330.4320512820513,0.0030263408047738584,4.657620498019163
Markiplier,The Test 2,2022-03-11 20:15:14+00:00,3628549,163853,7412,1354,121.01403249630724,0.008263504482676546,4.7572459404571905
Markiplier,Five Nights at Freddy's 2: REVISITED,2022-03-14 00:42:56+00:00,22379265,470032,15081,3573,131.55107752588862,0.007601610103141913,2.1836552719671536
Markiplier,Assessment Examination,2022-03-16 21:19:26+00:00,5164542,226285,6831,1372,164.9307580174927,0.0060631504518638005,4.5403445261941915
Markiplier,Five Nights at Freddy's 3: REVISITED,2022-03-19 01:37:31+00:00,9897204,208124,6496,1565,132.98658146964857,0.007519555649516635,2.1843037690240594
Markiplier,Five Nights at Freddy's 4: REVISITED,2022-03-21 02:37:45+00:00,11904464,253233,8825,2468,102.60656401944895,0.009745965178314043,2.222074005179906
Markiplier,Five Nights at Freddy's Sister Location: REVISITED,2022-03-22 02:00:38+00:00,10805763,245207,7897,2766,88.65039768618945,0.011280265245282558,2.3679031272479323
Markiplier,In Space with Markiplier: Part 1,2022-04-04 19:00:11+00:00,23569884,744803,43336,3205,232.38783151326052,0.004303151303096255,3.3574369733851896
Markiplier,Ë̸̼R̴̢̼̂R̵̡̙̚͜Ǫ̸͙͚̈R̶̦̮̝͗,2022-04-11 19:00:06+00:00,2037609,159459,6865,674,236.58605341246292,0.004226791839908691,8.195782409677225
Markiplier,Smash or Pass: MatPat's Perfect Pokémon,2022-04-12 19:00:09+00:00,5335908,395015,10673,1053,375.1329534662868,0.0026657215548776627,7.622713884872077
Markiplier,We Went Back,2022-04-13 19:00:07+00:00,3684636,180111,6740,819,219.91575091575092,0.004547195895864217,5.093311795249246
Markiplier,Try Not to Crash Simulator | Drive Time Radio,2022-04-15 21:57:48+00:00,3618584,193684,4235,533,363.38461538461536,0.00275190516511431,5.484244665869301
Markiplier,Mark Is Too Stupid to Understand Sports,2022-04-17 19:00:09+00:00,5562766,306877,7178,875,350.71657142857146,0.0028513052460757892,5.661392192301456
Markiplier,P̴̮̌̓A̵̧͌͜R̶̰̀A̶D̶O̵X̴͓̟̖̭̠̜̣̪̹́͗͗͊̆̀͝ ̵͙̈̚D̴̖̍E̷T̷E̵̩͑͜ͅC̵̻͊T̸̺͎̾̾È̷͕Ḓ̴̵̛̥̫̰̊͗̔̃̌̅̀̓̂̕͝ͅ,2022-04-18 19:00:10+00:00,2199305,176522,10268,666,265.04804804804803,0.003772900828225377,8.523419898558863
Markiplier,The Multiverse Is Littered With the Corpses of Your Failures,2022-04-25 19:00:22+00:00,3349094,95504,4882,321,297.5202492211838,0.0033611157647847213,3.0069923388235744
Markiplier,YOU DO NOT RECOGNIZE THE BODIES IN THE WORMHOLE,2022-04-27 12:26:55+00:00,4283583,312871,6882,2049,152.69448511469008,0.006549024997522941,7.512449274357472
Markiplier,In Space with Markiplier: Part 2,2022-05-02 19:00:09+00:00,8414975,301574,16932,1019,295.9509322865554,0.0033789385026560645,3.797099813130758
Markiplier,10 Years of Markiplier,2022-05-09 01:41:22+00:00,3128632,208944,5661,555,376.4756756756757,0.0026562141052147944,6.877127127767024
Markiplier,In Space with Markiplier: BLOOPERS + BTS,2022-05-15 19:00:13+00:00,2742247,170198,6863,324,525.3024691358024,0.001903665142951151,6.468600385012728
Markiplier,The Stanley Parable: Ultra Deluxe | FULL GAME,2022-05-16 19:55:16+00:00,48333401,417178,51888,5892,70.80414120841819,0.014123467680462536,0.9826703483994432
Markiplier,Five Nights at Freddy's Pizzeria Simulator: REVISITED,2022-05-17 01:01:17+00:00,6956022,159274,3100,1511,105.409662475182,0.009486796338385424,2.3560161253084018
Markiplier,Five Nights at Freddy's Ultimate Custom Night: REVISITED,2022-05-17 01:01:20+00:00,7279842,179327,3108,1396,128.4577363896848,0.007784661540091564,2.5252059041940744
Markiplier,Poppy Playtime: Chapter 2,2022-05-17 01:14:08+00:00,28939191,526724,28200,7125,73.92617543859649,0.01352700845224444,1.9421724677790753
Markiplier,SO MANY UPDATES!! | Phasmophobia w/ Bob & Wade,2022-05-17 19:00:08+00:00,9277024,277715,6244,720,385.71527777777777,0.0025925859244189187,3.0686457208691063
Markiplier,sonic.EYX,2022-05-18 16:00:27+00:00,8344394,331043,10346,1486,222.77456258411843,0.004488842839147784,4.109046145232356
Markiplier,IRON LUNG,2022-05-19 16:00:14+00:00,16046136,631986,26083,2101,300.8024750118991,0.003324440731282022,4.114199206587804
Markiplier,BIGFOOT is BIG ANGRY,2022-05-20 16:09:04+00:00,7853704,242520,4724,1128,215.0,0.004651162790697674,3.162482314077536
Markiplier,Mr. Hopp's Manor Escape,2022-05-21 16:00:09+00:00,3081771,159943,4022,508,314.84842519685037,0.003176131496845751,5.336963713397265
Markiplier,3 SCARY GAMES #86,2022-05-22 16:07:11+00:00,6674122,286483,7400,975,293.82871794871795,0.0034033433048383326,4.417929429518969
Markiplier,Mr. White is standing right behind you...,2022-05-23 17:19:35+00:00,4291948,207191,11776,775,267.3432258064516,0.003740509964235898,5.119866317112882
Markiplier,"GHOST HUNTING with FRIENDS! | Devour w/ Bob, Wade & JackSepticEye",2022-05-24 19:24:56+00:00,5296698,186800,3275,691,270.3328509406657,0.0036991434689507495,3.601602356789079
Markiplier,Aftonbuilt,2022-05-25 19:59:45+00:00,7209813,296118,7092,1424,207.94803370786516,0.004808893751815155,4.225269088116432
Markiplier,MISTAKES WERE MADE... | Evil Dead,2022-05-26 20:56:24+00:00,3711017,156961,3201,904,173.62942477876106,0.005759392460547525,4.340211861061267
Markiplier,3 Simulator Games,2022-05-28 18:46:42+00:00,4265517,194379,6036,881,220.6345062429058,0.00453238261334815,4.7191465887956845
Markiplier,The Closing Shift,2022-05-30 18:45:56+00:00,19842945,341493,10571,1561,218.76553491351697,0.004571103946493779,1.7821195392115436
Markiplier,NIGHTMARE AT HIGH NOON | Devour,2022-05-31 17:29:18+00:00,4426433,137760,2845,529,260.41587901701325,0.0038400116144018583,3.1884363775527604
Markiplier,2 Boys 1 Ball,2022-06-01 16:00:04+00:00,4635687,235555,3049,865,272.3179190751445,0.003672178472119038,5.165771545835601
Markiplier,Why is this game SO HIGHLY RATED?,2022-06-04 00:14:17+00:00,5368862,255778,11436,1253,204.13248204309656,0.004898779410269843,5.000445159514251
Markiplier,3 SCARY GAMES #87,2022-06-04 18:35:05+00:00,5599843,234062,6294,916,255.52620087336246,0.0039134930061265815,4.308549364687546
Markiplier,Ultimate Epic Battle Simulator 2,2022-06-06 16:18:04+00:00,5537662,238544,12038,1054,226.32258064516128,0.004418472063854048,4.5440837667593295
Markiplier,Bob's Fridge,2022-06-07 18:18:01+00:00,8534009,396484,5822,709,559.2157968970381,0.0017882184400883768,4.722458108492738
Markiplier,The Chernobyl Liquidators,2022-06-08 16:14:25+00:00,8066485,310409,10204,1294,239.88330757341578,0.004168693562364493,3.9906725172116477
Markiplier,DALL-E Mini: A Meme Nightmare,2022-06-10 18:36:51+00:00,3394439,195877,7027,666,294.1096096096096,0.003400092915452044,5.997161828508333
Markiplier,The Man From the Window,2022-06-11 23:55:27+00:00,12876101,474170,13317,1542,307.50324254215303,0.003251998228483455,3.7979587143654743
Markiplier,BACK TO SATISFYING | PowerWash Simulator - Part 11,2022-06-13 19:20:58+00:00,3105146,174018,12990,1128,154.2712765957447,0.006482088059855877,6.058845542206389
Markiplier,SPOOKY SCARY GOOFS | Phasmophobia w/ Bob & Wade,2022-06-15 16:10:18+00:00,7116763,213399,4789,1268,168.29574132492112,0.005941921002441436,3.083649125311606
Markiplier,YOUR PHONE IS STILL WATCHING YOU | Simulacra 2 - Part 1,2022-06-16 16:58:32+00:00,5023613,306553,6502,1046,293.0717017208413,0.0034121342802060327,6.252491981368788
Markiplier,Laughing at Ai Generated Stories,2022-06-17 16:23:35+00:00,9100131,398308,25823,1172,339.8532423208191,0.002942446548901855,4.673592061476917
Markiplier,THE TRASH BOYS ARE BACK | Prop Hunt #51,2022-06-19 17:43:37+00:00,8143533,247358,5747,805,307.27701863354037,0.0032543924190848892,3.117934193918045
Markiplier,DON'T LOOK AWAY... | Simulacra 2 - Part 2,2022-06-20 16:35:57+00:00,2773151,137402,3784,415,331.089156626506,0.003020334492947701,5.106140992683052
Markiplier,GRANDES IN THE OFFICE | Prop Hunt #52,2022-06-22 16:42:03+00:00,5469379,189612,3745,517,366.75435203094776,0.002726620678016159,3.544716868222151
Markiplier,IT'S TOO LATE... | Simulacra 2 - Part 3,2022-06-23 22:30:05+00:00,2557317,115792,3693,459,252.27015250544662,0.003964004421721708,4.690228078881108
Markiplier,3 SCARY GAMES #88,2022-06-25 20:15:11+00:00,4985288,207497,6646,967,214.5780765253361,0.004660308341807352,4.314896150433034
Markiplier,Smash or Pass: MatPat's NEW Perfect Pokémon,2022-06-27 02:06:51+00:00,4876231,412197,12455,1013,406.90720631786775,0.0024575627673175692,8.729385461845428
Markiplier,My Friendly Neighborhood,2022-06-29 18:51:04+00:00,5140087,211484,6349,696,303.85632183908046,0.0032910291085850468,4.251465004386112
Markiplier,Andy's Apple Farm,2022-07-02 23:05:18+00:00,3974144,186149,7009,671,277.4202682563338,0.0036046392943287365,4.877251554045349
Markiplier,"THE ""OTHER"" OFFICE... | Prop Hunt #53",2022-07-05 16:39:24+00:00,5460232,179147,2666,441,406.22902494331066,0.002461665559568399,3.337843520202072
Markiplier,Baby in Yellow: FULL UPDATE,2022-07-06 19:49:48+00:00,7131506,209938,6011,881,238.29511918274687,0.004196477055130562,3.040451764325796
Markiplier,The Elevator,2022-07-07 21:29:25+00:00,3609553,183427,12782,953,192.47324239244492,0.005195527376013346,5.4622275943863405
Markiplier,Lawn Mowing Simulator but with Dinosaurs,2022-07-09 19:42:45+00:00,3271436,159823,5657,1093,146.22415370539798,0.006838815439580035,5.091739529674431
Markiplier,ABSOLUTELY TERRIFYING | From the Darkness,2022-07-11 16:38:18+00:00,6145785,226563,7795,713,317.7601683029453,0.0031470275375943997,3.8249141484773705
Markiplier,i'm back... | Raft,2022-07-12 20:27:14+00:00,6158461,243495,7107,599,406.5025041736227,0.002460009445779174,4.078957388867121
Markiplier,Iron Lung: THE LORE UPDATE,2022-07-13 20:32:51+00:00,7665024,357329,9609,777,459.8828828828829,0.002174466667972653,4.79731048461166
Markiplier,Aka Manto,2022-07-14 19:35:43+00:00,3847392,177263,7293,822,215.6484184914842,0.004637177527177132,4.818276900300256
Markiplier,i am captain now... | Raft,2022-07-15 17:32:34+00:00,5163316,201700,5812,510,395.4901960784314,0.002528507684680218,4.028845029047225
Markiplier,The Day I Broke My Ass,2022-07-16 17:28:30+00:00,10229609,497686,7216,1039,479.004812319538,0.0020876616983399173,4.945848858934882
Markiplier,3 SCARY GAMES #89,2022-07-18 21:51:28+00:00,5920624,236027,5355,616,383.1607142857143,0.0026098709045998974,4.0873732228224595
Markiplier,Mavis Beacon Teaches Markiplier Typing,2022-07-20 16:24:43+00:00,2262566,106798,7874,808,132.1757425742574,0.007565684750650762,5.103939509388898
Markiplier,WINNING... BUT AT WHAT COST? | Golf With Your Friends,2022-07-22 19:54:33+00:00,5256383,173004,2688,639,270.74178403755866,0.003693556218353333,3.3546071509629343
Markiplier,Absurd Trolley Problems,2022-07-23 17:53:53+00:00,6784235,290282,7967,1280,226.7828125,0.004409505239732398,4.415074065093559
Markiplier,youtube easter egg (CONFIRMED REAL),2022-07-24 01:06:37+00:00,2203658,132284,5027,607,217.9308072487644,0.004588612379426083,6.258593665623251
Markiplier,PowerWash Pals: JackSepticEye,2022-07-25 19:41:38+00:00,3781704,239771,16334,759,315.9038208168643,0.0031655204340808522,6.792281997744933
Markiplier,3 SCARY GAMES #90,2022-07-28 15:36:44+00:00,4287650,181339,5650,548,330.91058394160586,0.0030219643871423137,4.373887794013037
Markiplier,trouble at sea... | Raft,2022-07-29 17:42:51+00:00,4549425,164789,3558,406,405.884236453202,0.002463756682788293,3.7093259038230104
Markiplier,Mavis Beacon Prepares Markiplier for War,2022-07-31 18:46:07+00:00,1299505,60854,3213,436,139.57339449541286,0.00716468925625267,4.963659239479648
Markiplier,stealing other people's content,2022-08-01 00:47:50+00:00,2247773,121669,3470,888,137.01463963963963,0.007298490165942023,5.606749435997319
Markiplier,The Floor is Breathing,2022-08-01 16:00:08+00:00,4316403,183385,4495,708,259.0183615819209,0.0038607301578646018,4.369100846237018
Markiplier,BACK INTO THE DEEP! | We Need To Go Deeper,2022-08-02 20:29:23+00:00,4832954,158785,3095,510,311.34313725490193,0.003211890291904147,3.3600568099758448
Markiplier,bad leadership... | Raft,2022-08-04 20:40:41+00:00,4469945,163885,3920,682,240.30058651026394,0.004161454678585593,3.7693304951179485
Markiplier,THE LONGEYED PROJECT,2022-08-07 15:45:05+00:00,6216229,221583,7147,1246,177.8354735152488,0.0056231750630689175,3.6996063047226864
Markiplier,PowerWash Pals: CrankGameplays,2022-08-08 17:22:13+00:00,1693104,117444,6624,382,307.4450261780105,0.0032526140117843396,7.3504049367315885
Markiplier,The Mortuary Assistant: Part 1,2022-08-09 17:39:48+00:00,14501671,396961,11324,2353,168.70420739481514,0.005927534442930162,2.831659882505954
Markiplier,BIGFOOT AFTER DARK,2022-08-10 15:56:01+00:00,4357910,162499,4531,444,365.98873873873873,0.0027323245066123484,3.84298895571501
Markiplier,3 SCARY GAMES #91,2022-08-11 16:17:38+00:00,5763482,197111,5696,825,238.92242424242426,0.004185458954599185,3.5331419444009713
Markiplier,The Mortuary Assistant: Part 2,2022-08-12 17:04:32+00:00,6103408,190849,5164,546,349.540293040293,0.0028609005024914985,3.2204794436157633
Markiplier,Congratulations.,2022-08-14 03:02:10+00:00,4160982,386680,451956,2016,191.80555555555554,0.0052136133236784935,20.20321164571248
Markiplier,HERE THERE BE MONSTERS | We Need To Go Deeper,2022-08-15 22:26:28+00:00,4165916,141017,2932,621,227.0805152979066,0.004403724373657077,3.4703052101866674
Markiplier,Petting Chica Simulator,2022-08-16 16:03:29+00:00,5958650,335583,6596,983,341.3865717192269,0.002929230622528555,5.759056162050129
Markiplier,The Mortuary Assistant: Part 3,2022-08-17 18:57:04+00:00,4265162,172737,6442,89,1940.8651685393259,0.000515234142077262,4.2030759910174575
Markiplier,BIGFOOT GOES DOWN!!,2022-08-21 22:27:24+00:00,3651423,152237,4421,358,425.24301675977654,0.002351596523841116,4.300131756852055
Markiplier,The Mortuary Assistant: Part 4,2022-08-23 16:43:53+00:00,2909345,152327,4739,67,2273.5373134328356,0.000439843231994328,5.400975133578177
Markiplier,TENTACLES IN THE TOILET!! | Toilet Chronicles,2022-08-24 19:06:17+00:00,4611247,170930,4697,587,291.19250425894376,0.003434154332182765,3.8213958176606027
Markiplier,3 SCARY GAMES #92,2022-08-26 16:07:00+00:00,4493115,171977,5150,693,248.16305916305916,0.004029608610453724,3.957610699926443
Markiplier,Try Not To Get AGE-RESTRICTED Challenge,2022-08-27 18:09:16+00:00,11244991,638301,35033,2972,214.771534320323,0.004656110518391793,6.014286716636767
Markiplier,YouTube Cut This Content,2022-08-28 15:54:26+00:00,4020136,240605,7465,711,338.4036568213783,0.0029550508094179258,6.188372731668779
Markiplier,congratulations.,2022-08-30 04:24:23+00:00,14125703,1150125,208967,8608,133.6111756505576,0.007484403869144658,9.682349968705982
Markiplier,I WILL CATCH THE NEW BIGFOOT,2022-08-30 22:40:01+00:00,5133309,180002,5175,677,265.8818316100443,0.0037610693214519837,3.6205496298781155
Markiplier,UNDERWATER ALIEN POWER | We Need To Go Deeper,2022-08-31 19:28:09+00:00,3465414,121638,2134,577,210.8110918544194,0.004743583419655042,3.588286998321124
Markiplier,Markiplier & Lixian MEGA COMPILATION 2022,2022-09-03 19:51:57+00:00,6092251,248005,7063,792,313.13762626262627,0.0031934840023386626,4.19976130333435
Markiplier,NEW BIGFOOT = BIG DEAD,2022-09-04 17:59:57+00:00,4001900,154983,4466,498,311.21084337349396,0.0032132556473935853,3.9967765311477046
Markiplier,The Complex: Backrooms Found Footage,2022-09-05 20:25:53+00:00,5411922,239187,10722,1399,170.9699785561115,0.0058489800867103986,4.6435998153705835
Markiplier,PowerWash Pals: MatPat from Game Theory,2022-09-06 17:00:06+00:00,5160671,203970,7772,1137,179.39313984168865,0.00557434916899544,4.125025602290864
Markiplier,JUST PLAIN SCARY!! | It Steals,2022-09-08 16:00:26+00:00,5065444,214912,5264,791,271.69658659924147,0.0036805762358546753,4.362243467699969
Markiplier,Markiplier is livin’ la vida loca,2022-09-09 21:22:33+00:00,2961605,367313,16168,1008,364.39781746031747,0.0027442535385352545,12.982453770843849
Markiplier,Five Nights at JR's,2022-09-11 16:00:13+00:00,19831853,620146,12552,2105,294.6061757719715,0.003394361972825754,3.2009263077938304
Markiplier,Markiplier’s Mom Beats the Absolute Sh!t out of Ethan,2022-09-17 18:52:58+00:00,2139231,216399,5195,1215,178.10617283950617,0.005614628533403574,10.415378236384944
Markiplier,Five Nights at JR's: Part 2,2022-09-18 20:16:34+00:00,9756281,283235,7493,1072,264.21175373134326,0.0037848429749148234,2.990893763720008
Markiplier,EVERY HORROR GAME IN ONE | Nightmare of Decay,2022-09-20 19:58:30+00:00,6178724,205123,6101,959,213.89259645464026,0.00467524363430722,3.434090922332831
Markiplier,Growing My Grandpa,2022-09-22 18:53:35+00:00,5793733,199898,3854,1103,181.23118766999093,0.005517814085183444,3.535803254999842
Markiplier,i survived,2022-09-24 00:26:54+00:00,2219866,154727,4501,1177,131.45879354290568,0.0076069464282251965,7.225886607570006
Markiplier,I Review Amazon ADHD Fidget Toys,2022-09-24 20:16:45+00:00,8378294,445045,28543,2126,209.33443085606774,0.004777045017919536,5.677933956483265
Markiplier,DON'T LISTEN TO IT... | It Steals: Part 2,2022-09-25 17:18:39+00:00,3142553,127920,3008,479,267.0563674321503,0.0037445278298936834,4.181536476870876
Markiplier,Bob and Wade are Terrible People,2022-09-26 16:40:22+00:00,3163142,173000,2203,538,321.5613382899628,0.0031098265895953756,5.555899798365043
Markiplier,SCP-087 B: EXTENDED EDITION,2022-09-28 01:42:31+00:00,4677788,189362,7135,1286,147.248833592535,0.0067912252722299084,4.228130902896839
Markiplier,CLOSE YOUR EYES,2022-09-30 17:10:53+00:00,7694222,212454,17128,1066,199.30018761726078,0.005017556741694673,2.9976779978534545
Markiplier,LIXIAN MADE THIS HORROR GAME!! | Late Night Mop,2022-10-01 18:50:02+00:00,3893342,230286,6068,750,307.048,0.0032568197806206196,6.089986443523328
Markiplier,3 SCARY GAMES #93,2022-10-02 16:39:02+00:00,6595983,225324,5643,938,240.21748400852877,0.004162894321066553,3.5158519965864077
Markiplier,AT THE BOTTOM... | Nightmare of Decay: ENDING,2022-10-04 17:19:09+00:00,2840538,98371,2149,393,250.30788804071247,0.003995079850769028,3.5526016550385875
Markiplier,HAPPY GRANDPA / SAD GRANDPA | Growing My Grandpa: Part 2,2022-10-05 17:31:39+00:00,2095869,90961,1943,349,260.63323782234954,0.0038368091819571026,4.449371597175205
Markiplier,a little too comfortable... | Raft,2022-10-06 18:55:28+00:00,4029403,140670,3434,606,232.12871287128712,0.004307954787801237,3.591350877536945
Markiplier,3 SCARY GAMES #94,2022-10-07 16:00:39+00:00,8456889,296886,18000,1610,184.40124223602484,0.005422956959910538,3.742463688479298
Markiplier,im on shark duty... | Raft,2022-10-08 16:00:02+00:00,3956650,131902,3330,741,178.00539811066128,0.005617807159861109,3.436568814527441
Markiplier,Broken Through,2022-10-10 16:56:02+00:00,6977320,187745,6697,1118,167.92933810375672,0.005954885616128259,2.802795342624389
Markiplier,we haven't seen each other in 5 years,2022-10-15 00:32:17+00:00,7160426,155488,2482,1607,96.75668948350965,0.010335202716608356,2.228596455015386
Markiplier,I Will Start an Only Fans...,2022-10-16 22:17:29+00:00,7712311,827760,41533,11154,74.2119419042496,0.013474920266743984,11.416124168229212
Markiplier,...wow,2022-10-22 01:07:38+00:00,6303890,702273,26438,4892,143.55539656582175,0.006965951987332562,11.637306488533271
Markiplier,fine,2022-10-26 23:09:08+00:00,4680850,222191,5926,2092,106.20984703632887,0.009415322852860827,4.918102481386928
Markiplier,3 SCARY GAMES #95,2022-10-27 17:07:04+00:00,5437668,200231,6648,1318,151.92033383915023,0.0065823973310826,3.828792048356023
Markiplier,MARKIPLIER IS TINY (again...) | Grounded - Part 4,2022-10-29 19:37:33+00:00,3806492,112398,3010,674,166.7626112759644,0.005996547981280805,3.0495795078513233
Markiplier,SHADOW OF ROSE | Resident Evil: Village DLC - Part 1,2022-10-30 16:53:14+00:00,4695303,218747,5713,1059,206.55996222851746,0.004841209250869726,4.803076606557659
Markiplier,just a dream... | Raft,2022-10-31 16:05:40+00:00,4434985,131258,2525,985,133.25685279187817,0.007504304499535266,3.0387475944112547
Markiplier,WHERE IS SHE?! | Resident Evil: Village DLC - Part 2,2022-11-01 16:18:11+00:00,2600292,123599,2113,720,171.6652777777778,0.00582528984862337,4.8622231657060055
Markiplier,you win...,2022-11-02 21:11:00+00:00,5023986,483425,17533,3776,128.02568855932202,0.007810932409370637,10.046485002147696
Markiplier,Amanda the Adventurer: UPDATE,2022-11-03 18:28:39+00:00,2982426,155927,3850,1075,145.04837209302326,0.00689425179731541,5.393327445509126
Markiplier,NOT THE MANNEQUINS... | Resident Evil: Village DLC - Part 3,2022-11-05 18:41:54+00:00,2683118,125520,4301,465,269.93548387096774,0.0037045889101338433,4.855768549873692
Markiplier,FNAF Escape Room | The Glitched Attraction,2022-11-06 22:08:15+00:00,11120388,389449,9455,1801,216.24042198778457,0.0046244822813770224,3.6033365022875103
Markiplier,there's no time,2022-11-11 18:52:42+00:00,1806148,153158,4230,920,166.47608695652173,0.006006868723801564,8.764951709383727
Markiplier,Mori,2022-11-13 20:02:00+00:00,3818495,298447,17496,1551,192.42230818826565,0.005196902632628239,8.314637049413447
Markiplier,there is time,2022-11-20 02:46:32+00:00,1502738,62016,2581,473,131.1120507399577,0.007627063983488132,4.330096131195192
Markiplier,EVIL RETURNS!! | Resident Evil: Village DLC - Part 4,2022-11-20 19:19:30+00:00,1728946,91680,1990,352,260.45454545454544,0.0038394415357766143,5.438110849037506
Markiplier,Getting Over It Again,2022-11-21 21:00:05+00:00,4863539,169118,4826,959,176.3482794577685,0.005670596861363072,3.5962084399857797
Markiplier,SPIDER HELL | Grounded - Part 5,2022-11-22 17:47:08+00:00,3296978,95571,2268,554,172.51083032490973,0.005796737504054577,2.9843389916462892
Markiplier,END OF ROSE | Resident Evil: Village DLC - Part 5,2022-11-23 19:58:26+00:00,1459337,78467,2314,355,221.0338028169014,0.004524194884473727,5.559785025665764
Markiplier,THE LADY RETURNS | Resident Evil: Village DLC - ENDING,2022-11-25 18:57:27+00:00,1628355,92692,2996,383,242.01566579634465,0.004131963923531696,5.899880554301734
Markiplier,its a boat... | Raft,2022-11-27 22:45:08+00:00,2592404,109650,2661,574,191.02787456445992,0.00523483812129503,4.354452469599646
Markiplier,FAITH: Chapter 3,2022-11-28 19:53:13+00:00,5323217,139704,7657,863,161.88180764774043,0.006177346389509248,2.784481639579976
Markiplier,we found a message... | Raft,2022-11-30 18:57:08+00:00,3280911,100241,2199,378,265.1878306878307,0.0037709121018345785,3.133824721243581
Markiplier,"CTHULHU, BUT FUNNY | Shadows Over Loathing - Part 1",2022-12-01 23:34:40+00:00,3909921,176732,14623,657,268.9984779299848,0.0037174931534753185,4.91089206150201
Markiplier,island of death... | Raft,2022-12-02 18:21:57+00:00,3160957,97595,1971,335,291.32835820895525,0.0034325528971771097,3.1604669092303377
Markiplier,Bendy and the Dark Revival: Part 1,2022-12-04 20:28:08+00:00,5582555,195397,6172,1097,178.11941659070192,0.00561421106772366,3.6303448868842314
Markiplier,drowning... | Raft,2022-12-05 17:00:14+00:00,2909237,103034,2164,357,288.6106442577031,0.0034648756721082363,3.6282709177698482
Markiplier,"OH, NEAT! I'M HAUNTED! | Shadows Over Loathing - Part 2",2022-12-06 23:54:24+00:00,2715567,107626,3023,622,173.032154340836,0.005779272666456061,4.097523647915886
Markiplier,Bendy and the Dark Revival: Part 2,2022-12-07 21:47:18+00:00,3295370,105267,2851,605,173.99504132231405,0.0057472902239068275,3.2992653328761263
Markiplier,here...,2022-12-09 02:21:00+00:00,4738673,339837,18555,3868,87.85858324715615,0.011381927218048652,7.644756242939743
Markiplier,Choo Choo Charles,2022-12-11 23:12:49+00:00,22775292,335228,11723,3693,90.77389656106146,0.011016382879711718,1.5395806999971724
Markiplier,we're DEAD and in SPACE!! | The Callisto Protocol,2022-12-12 18:57:20+00:00,3400461,140986,6073,863,163.3673232908459,0.006121175152142766,4.350057242238626
Markiplier,I'M... A DINOSAUR? | Shadows Over Loathing - Part 3,2022-12-13 21:57:17+00:00,2019660,83236,2319,373,223.15281501340482,0.004481234081407083,4.254577503144094
Markiplier,IT'S INSIDE ME!! | Endoparasitic - Part 1,2022-12-14 18:14:48+00:00,9306839,291076,6835,1171,248.57045260461143,0.004023004301282139,3.2135722988224034
Markiplier,hanging by a thread... | Raft,2022-12-16 18:45:34+00:00,2729905,98705,2608,478,206.4958158995816,0.004842713135099539,3.728737813220607
Markiplier,NOT THE TENTACLES!! | The Callisto Protocol - Part 2,2022-12-19 17:00:07+00:00,2203054,80961,3122,337,240.24035608308606,0.00416249799286076,3.831953279402139
Markiplier,birds… | Raft,2022-12-22 19:01:20+00:00,2700789,97882,3802,386,253.58031088082902,0.00394352383482152,3.779265984865904
Markiplier,IT'S OUTSIDE ME!! | Endoparasitic - Part 2,2022-12-25 17:37:47+00:00,4029840,135231,3522,605,223.52231404958678,0.004473826267645732,3.458152184702122
Markiplier,Bendy and the Dark Revival: Part 3,2022-12-26 17:00:32+00:00,2485256,88267,2746,471,187.40339702760085,0.00533608256766402,3.6810694753377518
Markiplier,...OOPS! | Shadows Over Loathing - Part 4,2022-12-27 17:00:01+00:00,1723601,70290,2000,283,248.37455830388691,0.004026177265613886,4.210545248001132
Markiplier,The Fall of Markiplier,2022-12-28 21:25:36+00:00,4075867,228220,3227,704,324.1761363636364,0.0030847427920427657,5.695745224267622
Markiplier,best raft ever… | Raft,2022-12-30 17:00:30+00:00,3506727,109369,2577,462,236.72943722943722,0.004224231729283435,3.205496179200719
Markiplier,My Mom Plays Five Nights at Freddy's: Sister Location,2023-01-02 17:35:18+00:00,3373678,261136,10712,856,305.06542056074767,0.0032779854175601984,8.08328477110145
Markiplier,IT'S ENDING ME!! | Endoparasitic - Part 3,2023-01-03 17:00:14+00:00,2575837,116502,2711,404,288.3712871287129,0.003467751626581518,4.643810924371379
Markiplier,Driving Home,2023-01-06 18:48:01+00:00,2439161,152343,5013,705,216.08936170212766,0.004627715090289675,6.48013804746796
Markiplier,You Are Liam,2023-01-07 21:46:07+00:00,2032575,116288,7526,654,177.81039755351682,0.005623968079251513,6.123660873522502
Markiplier,Where Does YouTube Send NEW Viewers in 2023?,2023-01-09 22:15:51+00:00,1905012,109671,4187,1296,84.62268518518519,0.011817162239789918,6.044791318899828
Markiplier,The Last Monday,2023-01-10 17:49:34+00:00,2641973,127261,3006,750,169.68133333333333,0.005893400177587792,4.959059006280533
Markiplier,Bendy and the Dark Revival: Part 4,2023-01-11 23:37:30+00:00,1927955,72091,2266,443,162.73363431151242,0.006145011166442413,3.879758604324271
Markiplier,Crimson Snow,2023-01-13 02:12:36+00:00,6134439,186221,4530,1530,121.71307189542483,0.008216044377379566,3.1344512513695224
Markiplier,THE POOP ZONE | The Callisto Protocol - Part 3,2023-01-14 20:03:32+00:00,1491130,61642,3152,324,190.2530864197531,0.005256156516660718,4.3670236666152515
Markiplier,GIVE ME YOUR C***IE!! | Shadows Over Loathing - Part 5,2023-01-15 23:47:06+00:00,5070567,85062,2806,992,85.74798387096774,0.011662081775646,1.752466735968581
Markiplier,3 SCARY GAMES #96,2023-01-16 18:44:47+00:00,4785519,181370,5601,984,184.3191056910569,0.005425373545790374,3.927578179085696
Markiplier,Bendy and the Dark Revival: Part 5,2023-01-17 19:21:03+00:00,1721729,69294,2310,333,208.0900900900901,0.0048056108754004675,4.17818367466657
Markiplier,Garten of BanBan,2023-01-19 18:21:26+00:00,5213844,211523,7928,3122,67.75240230621397,0.014759624248899646,4.268884914853609
Markiplier,The Glitched Attraction - Part 2,2023-01-20 19:29:32+00:00,5941813,198896,3663,679,292.9248895434462,0.003413844421205052,3.4204711592236245
Markiplier,Screaming_Face.JPG | The Callisto Protocol - Part 4,2023-01-21 20:39:07+00:00,1285002,53261,2549,222,239.9144144144144,0.004168153057584349,4.360460139361651
Markiplier,100% TERRIFYING | Elevated Dread,2023-01-22 18:31:48+00:00,3265538,149392,4886,684,218.4093567251462,0.004578558423476492,4.745374269109715
Markiplier,The Glitched Attraction - Part 3,2023-01-23 17:00:07+00:00,6186629,193574,3706,639,302.93270735524254,0.003301063159308585,3.1991412447715875
Markiplier,3 SCARY GAMES #97,2023-01-24 21:27:33+00:00,4671023,161182,5321,859,187.63911525029104,0.00532937921107816,3.5829838559989966
Markiplier,The Glitched Attraction - Part 4,2023-01-25 23:00:09+00:00,5103632,172334,3678,616,279.762987012987,0.0035744542574303387,3.460829464193343
Markiplier,Dead Space: REMAKE - Part 1,2023-01-27 19:48:15+00:00,4855167,147695,5538,926,159.49784017278617,0.00626967737567284,3.175153398430991
Markiplier,Bendy and the Dark Revival: Part 6,2023-01-28 19:28:42+00:00,1677305,67162,2910,446,150.58744394618833,0.006640659896965546,4.204244308578344
Markiplier,Dead Space: REMAKE - Part 2,2023-01-29 17:51:31+00:00,2452869,71898,2821,58,1239.6206896551723,0.0008066983782580878,3.0485525317495554
Markiplier,The Glitched Attraction - Part 5,2023-01-30 20:23:49+00:00,4612642,162982,4510,633,257.47551342812005,0.003883864475831687,3.644874239102016
Markiplier,SCP + THE BACKROOMS | The Classrooms,2023-01-31 18:42:35+00:00,4809672,189742,6613,879,215.86120591581343,0.004632606381296708,4.100778597792116
Markiplier,Dead Space: REMAKE - Part 3,2023-02-01 20:47:47+00:00,1963294,57035,2353,280,203.69642857142858,0.004909266240028053,3.039178034466565
Markiplier,The Glitched Attraction - Part 6,2023-02-02 18:46:05+00:00,4651236,159887,4391,557,287.05026929982046,0.00348371037044913,3.5438967190656414
Markiplier,Dead Space: REMAKE - Part 4,2023-02-03 19:42:06+00:00,1475048,49013,1489,307,159.6514657980456,0.006263644339256932,3.4445658717546817
Markiplier,3 SCARY GAMES #98,2023-02-04 19:17:31+00:00,6016721,199956,6895,1081,184.9731729879741,0.005406189361659565,3.4559023095802512
Markiplier,Dead Space: REMAKE - Part 5,2023-02-05 17:33:14+00:00,1245402,46973,1499,289,162.5363321799308,0.006152470568198752,3.9152819732102566
Markiplier,The Glitched Attraction - Part 7,2023-02-06 20:11:36+00:00,3977777,227152,8008,933,243.46409431939978,0.0041073818412340635,5.935300043215093
Markiplier,Dead Space: REMAKE - Part 6,2023-02-07 18:45:41+00:00,1395230,45856,1714,259,177.05019305019306,0.005648115840893231,3.428036954480623
Markiplier,Sinister Squidward,2023-02-08 18:59:50+00:00,10039415,318457,7235,1163,273.8237317282889,0.0036519844123382435,3.255717589122474
Markiplier,Dead Space: REMAKE - Part 7,2023-02-09 17:00:43+00:00,1642317,44938,1618,193,232.83937823834196,0.004294806177399973,2.8465271929840585
Markiplier,I'm on Observation Duty 2,2023-02-11 19:21:36+00:00,4488638,171847,5600,682,251.97507331378299,0.003968646528598113,3.9684420975806023
Markiplier,Dead Space: REMAKE - Part 8,2023-02-12 23:04:36+00:00,1083742,39219,1420,251,156.25099601593627,0.006399959203447309,3.7730382323468135
Markiplier,The Man From the Window 2,2023-02-13 20:49:08+00:00,6077173,239178,6167,800,298.9725,0.003344789236468237,4.050320765921918
Markiplier,Dead Space: REMAKE - Part 9,2023-02-14 20:24:39+00:00,895470,37363,1282,188,198.73936170212767,0.005031715868640098,4.3366053580801145
Markiplier,INPUT6,2023-02-15 20:20:45+00:00,3063827,138100,4120,575,240.17391304347825,0.004163649529326575,4.660674378807942
Markiplier,Dead Space: REMAKE - Part 10,2023-02-16 17:09:08+00:00,1192767,38393,1436,182,210.95054945054946,0.004740447477404736,3.3544690622728495
Markiplier,Markiplier's Korean Massage,2023-02-17 19:39:25+00:00,6029912,318831,4384,1007,316.6146971201589,0.003158413077774746,5.376894389171849
Markiplier,Dead Space: REMAKE - Part 11,2023-02-18 23:38:48+00:00,867706,36672,1701,174,210.75862068965517,0.004744764397905759,4.442403302501077
Markiplier,Fears To Fathom: Carson House,2023-02-21 17:00:37+00:00,7985063,177250,4584,830,213.55421686746988,0.004682651622002821,2.287571181341963
Markiplier,Dead Space: REMAKE - Part 12,2023-02-22 17:00:00+00:00,921759,39166,1721,189,207.2275132275132,0.004825614053005157,4.456262428682551
Markiplier,BIG SCARY CHICKEN | Chicken Feet,2023-02-24 17:00:15+00:00,3748377,162140,5083,742,218.51752021563343,0.004576292093252745,4.481006046083412
Markiplier,I'm on Observation Duty 3,2023-02-27 18:55:35+00:00,4275540,159475,5203,542,294.2343173431734,0.0033986518263050634,3.864307198622864
Markiplier,Need Some Help,2023-03-01 01:42:51+00:00,6114566,515365,43502,2857,180.38676933846693,0.005543643825250065,9.1866536398495
Markiplier,freaking out,2023-03-25 21:10:14+00:00,3093880,299920,17131,1100,272.6545454545454,0.0036676447052547347,10.283236583190039
Markiplier,Chica,2023-03-26 21:14:15+00:00,5091120,633303,27993,1289,491.3134212567882,0.0020353606409570144,13.014523326890743
Markiplier,INPUT6 (Full Game),2023-04-01 16:29:14+00:00,3563253,121344,3230,451,269.05543237250555,0.003716706223628692,3.5087320490574205
Markiplier,I'm on Observation Duty 4,2023-04-02 17:50:35+00:00,4448479,158875,5963,657,241.81887366818873,0.0041353265145554685,3.7202603406692494
Markiplier,uhh... guys? | Raft,2023-04-06 15:00:45+00:00,3124011,126375,4293,378,334.3253968253968,0.0029910979228486645,4.194799570167967
Markiplier,Stay Out Of The House,2023-04-09 17:41:18+00:00,9278409,246320,6346,1157,212.895419187554,0.004697141929197792,2.7356306452970545
Markiplier,I Was Abducted...,2023-04-15 16:00:40+00:00,1330533,95464,4465,5350,17.84373831775701,0.056042068214195925,7.912543319105953
Markiplier,i am tired,2023-04-17 00:20:19+00:00,1550043,92885,2926,811,114.53144266337854,0.008731226785810411,6.233504489875442
Markiplier,Iron Lung | Official Teaser Trailer,2023-04-21 16:00:29+00:00,7279393,452070,15998,1546,292.41267787839587,0.003419824363483531,6.451279660268376
Markiplier,i'm back,2023-04-29 21:43:00+00:00,1984501,189389,12111,712,265.9957865168539,0.003759458046665857,10.189564026422763
Markiplier,Squirrel Stapler,2023-05-05 19:52:33+00:00,5852011,234550,6670,1008,232.68849206349208,0.004297591131954807,4.139226669259507
Markiplier,dangerous waters... | Raft,2023-05-07 19:38:57+00:00,2245609,91323,1939,267,342.03370786516854,0.0029236884465030713,4.1649726198995465
Markiplier,I'm on Observation Duty 5,2023-05-08 16:00:32+00:00,5397104,174181,4260,511,340.86301369863014,0.002933729855724792,3.3157041257681894
Markiplier,we're... saved? | Raft,2023-05-10 22:41:49+00:00,2040866,84493,2348,420,201.17380952380952,0.004970825985584604,4.275684929828808
Markiplier,Cave Crawler,2023-05-11 16:32:12+00:00,4261653,175342,5392,882,198.80045351473922,0.005030169611388031,4.26163275142298
Markiplier,Garten of BanBan 2,2023-05-13 22:56:08+00:00,4377986,152718,5734,1139,134.08077260755047,0.0074581909139721575,3.645306312080486
Markiplier,Amanda the Adventurer,2023-05-16 03:20:57+00:00,10239666,234671,5639,2266,103.56178287731686,0.009656071691857962,2.3689835195796425
Markiplier,Ronald McDonalds,2023-05-18 18:08:20+00:00,3459211,147782,4072,703,210.21621621621622,0.004757006942658781,4.410167520859525
Markiplier,BODY CAM HORROR GAME | DEPPART,2023-05-19 16:03:42+00:00,4115427,182744,6085,588,310.7891156462585,0.003217615899838025,4.602608672198535
Markiplier,Amanda the Adventurer: ALL ENDINGS,2023-05-20 00:55:07+00:00,4078782,114448,3411,1278,89.55242566510172,0.011166643366419683,2.9208964833129105
Markiplier,The Return to Bloody Nights: Part 1,2023-05-21 17:15:35+00:00,11166063,368664,10810,1173,314.2915601023018,0.0031817590000651,3.408963392020983
Markiplier,Garten of BanBan 3,2023-05-22 16:27:31+00:00,4491132,140592,5138,1050,133.89714285714285,0.007468419255718675,3.2682183467330734
Markiplier,The Return to Bloody Nights: Part 2,2023-05-23 15:55:13+00:00,6184013,242965,6968,539,450.76994434137293,0.0022184265223386085,4.0503149006963595
Markiplier,Sucker for Love 2: Just a Tease,2023-05-27 18:36:50+00:00,3631745,179020,6600,1119,159.98212689901698,0.006250698246006033,5.141853296418113
Markiplier,LIXIAN'S NEWEST HORROR GAME | Sinking Iron,2023-05-28 17:42:12+00:00,5716560,298491,9362,966,308.9968944099379,0.0032362784807582136,5.402182431392306
Markiplier,The Return to Bloody Nights: Part 3,2023-05-29 16:00:40+00:00,4814272,221785,6680,516,429.8158914728682,0.0023265775413125324,4.756295448200683
Markiplier,Nightmare in Squidville,2023-05-30 16:00:34+00:00,4500604,194734,3616,629,309.5930047694754,0.0032300471412285477,4.421162137348676
Markiplier,The Return to Bloody Nights: Part 4,2023-06-01 18:52:44+00:00,3927817,177948,5007,485,366.90309278350514,0.002725515319081979,4.670278681516985
Markiplier,Alternate Watch,2023-06-02 18:13:18+00:00,5573597,224299,6943,683,328.402635431918,0.0030450425548040785,4.161136874445712
Markiplier,secret...,2023-06-03 21:09:28+00:00,1696257,82173,2545,1067,77.01312089971884,0.012984800360215643,5.0573114805126815
Markiplier,3 SCARY GAMES #99,2023-06-04 16:00:05+00:00,4658667,193910,6606,620,312.758064516129,0.003197359599814347,4.317458191366757
Markiplier,Locked in Sewer,2023-06-05 20:48:25+00:00,3594756,156794,4181,810,193.57283950617284,0.005166014005637971,4.500583627929128
Markiplier,Trombone Champ,2023-06-06 16:00:00+00:00,2434300,144269,5340,578,249.60034602076124,0.004006404702326903,6.169617549192787
Markiplier,SOLO GHOST HUNTING | Demonologist,2023-06-08 16:05:05+00:00,3083046,131456,3458,619,212.36833602584815,0.004708799902629016,4.39607453148607
Markiplier,Night of the Consumers UPDATED!! (yep... the update... all new... didn't download the wrong one...),2023-06-09 17:45:44+00:00,3299691,159780,4172,890,179.52808988764045,0.0055701589685818,4.995679898511709
Markiplier,Baby in Yellow: The Black Cat,2023-06-11 19:17:02+00:00,3224029,115598,3842,576,200.69097222222223,0.004982785169293586,3.722547160711023
Markiplier,Baldi's Basics in Nightmares,2023-06-13 18:38:38+00:00,6125623,257291,6798,1056,243.6467803030303,0.004104302132604716,4.328457693201164
Markiplier,The Heilwald Loophole,2023-06-14 19:36:43+00:00,3845882,197807,6216,517,382.60541586073504,0.0026136587683954562,5.31841590563621
Markiplier,Bob's First Kiss,2023-06-16 20:52:12+00:00,2400608,133370,2337,465,286.81720430107526,0.0034865412011696783,5.672396326264013
Markiplier,Mannequin,2023-06-18 17:19:56+00:00,2815696,163285,4443,400,408.2125,0.0024497045043941575,5.971099152749445
Markiplier,Incident at Grove Lake,2023-06-19 16:45:33+00:00,2322047,113122,4563,452,250.26991150442478,0.003995686073442832,5.0876231187396295
Markiplier,Amnesia: The Bunker - Part 1,2023-06-20 18:51:15+00:00,5481668,188489,7078,717,262.88563458856345,0.0038039355081728905,3.5807349149930277
Markiplier,The Fear Assessment,2023-06-21 16:41:00+00:00,3340583,188671,7509,671,281.17883755588673,0.0035564554171017273,5.892713936459594
Markiplier,SCP: Observer,2023-06-22 16:00:25+00:00,3911286,173267,3929,663,261.33785822021116,0.0038264643584756475,4.547327912098476
Markiplier,Locked in Sewer: THE UPDATE,2023-06-23 19:40:00+00:00,3290416,161385,5443,729,221.37860082304528,0.004517148433869318,5.092274046807455
Markiplier,THE BEGINNING...? | Sons of the Forest,2023-06-24 18:50:38+00:00,6320631,219002,7408,1238,176.89983844911146,0.005652916411722267,3.6016657197675355
Markiplier,Amnesia: The Bunker - Part 2,2023-06-26 20:22:37+00:00,3386237,115496,5401,297,388.8754208754209,0.0025715176283161324,3.579017062302491
Markiplier,THEY'RE IN THE TREES!! | Sons of the Forest,2023-06-30 17:27:19+00:00,3959064,135239,3596,502,269.4003984063745,0.0037119469975376925,3.519442979451709
Markiplier,I Went To The Hospital... For My Birthday,2023-07-01 03:20:20+00:00,4423924,417930,24619,921,453.7785016286645,0.0022037183260354607,10.024358465470925
Markiplier,Amnesia: The Bunker - Part 3,2023-07-02 16:00:28+00:00,2688081,101411,3973,279,363.48028673835125,0.002751180838370591,3.9307967282235916
Markiplier,Important Update,2023-07-10 19:25:23+00:00,4860456,441818,19953,1221,361.84930384930385,0.0027635813841898702,9.525690593639775
Markiplier,is someone trying to murder me?,2023-07-15 23:45:45+00:00,1242526,58180,1348,481,120.95634095634095,0.008267445857683053,4.829597127142611
Markiplier,Amnesia: The Bunker - Part 4,2023-07-16 00:07:38+00:00,2005429,75976,3047,192,395.7083333333333,0.002527113825418553,3.950027649944227
Markiplier,LEAVE ME ALONE!! | Sons of the Forest,2023-07-16 20:06:00+00:00,3020682,121766,3523,832,146.3533653846154,0.006832777622653286,4.175249165585785
Markiplier,You Didn't Pay the Cheese Tax...,2023-07-18 00:14:53+00:00,2859943,164918,2745,651,253.33026113671275,0.003947416291732861,5.885222187994656
Markiplier,Amnesia: The Bunker - ENDING,2023-07-19 17:23:49+00:00,1815089,80204,2416,232,345.7068965517241,0.00289262380928632,4.564624654768995
Markiplier,SparkyMarky,2023-07-20 16:52:38+00:00,3356610,125987,4668,1080,116.65462962962962,0.008572313016422329,3.9246442094851655
Markiplier,Mystery Flesh Pit: The Game | LIVING ABYSS,2023-07-22 19:35:51+00:00,3508057,144469,4714,636,227.15251572327045,0.004402328527227294,4.270711678858126
Markiplier,Five Nights at Freddy's Security Breach: RUIN - Part 1,2023-07-26 03:58:32+00:00,17496970,632024,26864,2356,268.26146010186756,0.003727706542789514,3.7791914828681765
Markiplier,Five Nights at Freddy's Security Breach: RUIN - Part 2,2023-07-27 17:21:40+00:00,10288129,354380,11937,1228,288.5830618892508,0.003465206840115131,3.572515469042039
Markiplier,Five Nights at Freddy's Security Breach: RUIN - Part 3,2023-07-28 17:24:53+00:00,8606230,286363,9490,949,301.7523709167545,0.003313975618358517,3.448687752941764
Markiplier,Five Nights at Freddy's Security Breach: RUIN - Part 4,2023-07-29 18:04:27+00:00,7642582,281088,9822,734,382.95367847411444,0.0026112818761384335,3.8160401811848406
Markiplier,Five Nights at Freddy's Security Breach: RUIN - Part 5,2023-07-30 18:37:46+00:00,6152539,293507,13660,850,345.3023529411765,0.0028960127015710017,5.006339659122844
Markiplier,Five Nights at Freddy's Security Breach: RUIN - Part 6,2023-08-01 16:57:01+00:00,5327802,283589,9743,1351,209.91043671354552,0.004763936541967425,5.531042632590325
Markiplier,Five Nights at Freddy's Security Breach: RUIN - Part 7,2023-08-03 16:28:53+00:00,4421034,238977,9072,827,288.96856106408706,0.0034605840729442583,5.6293618189771895
Markiplier,Garten of BanBan 4,2023-08-20 01:04:58+00:00,4923187,131104,4238,1162,112.82616179001721,0.008863192579936539,2.7726755047086367
Markiplier,I Didn't Kill Anybody,2023-08-24 16:30:14+00:00,2913795,223140,4066,624,357.59615384615387,0.002796450658779242,7.819012662181107
Markiplier,300 SCARY GAMES,2023-08-25 21:53:56+00:00,3184202,149279,5550,1451,102.88008270158511,0.009720054394790963,4.907980084178076
Markiplier,Liminal Gallery,2023-08-29 21:29:23+00:00,2932837,155910,5364,559,278.9087656529517,0.0035854018343916363,5.5179677561351
Markiplier,3 SCARY GAMES #101,2023-08-31 15:09:34+00:00,3469687,170565,4546,604,282.3923841059603,0.0035411719872189486,5.064289660710029
Markiplier,Night People,2023-09-04 18:13:13+00:00,3178491,153571,3869,577,266.1542461005199,0.0037572197875901047,4.971447142685004
Markiplier,FREE ROAM FNAF | Fazbear Nights,2023-09-05 17:33:37+00:00,6871634,305833,7295,900,339.81444444444446,0.002942782498945503,4.569917431574499
Markiplier,Caught On Camera,2023-09-06 19:13:07+00:00,5299801,192086,4980,640,300.134375,0.003331840946242829,3.7304419543299834
Markiplier,Home Safety Hotline,2023-09-08 16:25:20+00:00,2971193,146769,2927,828,177.2572463768116,0.005641518304274063,5.066113174068463
Markiplier,Ethan is DEAD to Me,2023-09-09 23:05:25+00:00,2157193,99565,3097,1185,84.0210970464135,0.01190177271129413,4.81398743645098
Markiplier,Smash or Pass: All ∞ Pokémon,2023-09-11 19:47:23+00:00,2651980,183754,7478,609,301.73070607553365,0.003314213568140013,7.233878083545124
Markiplier,Skibidi.EXE,2023-09-13 14:15:22+00:00,2819037,146804,8937,2784,52.73132183908046,0.018964060924770442,5.623374223183307
Markiplier,3 SCARY GAMES #102,2023-09-16 20:51:56+00:00,4854900,200689,6085,904,222.00110619469027,0.004504482059305692,4.277698819749119
Markiplier,I should have seen this coming...,2023-09-29 03:11:44+00:00,3003701,242283,7881,1115,217.29417040358746,0.0046020562730360775,8.365646247745698
Markiplier,Iron Lung | Official Trailer,2023-10-14 22:42:32+00:00,11998826,713767,28936,2701,264.26027397260276,0.0037841480483126848,6.212307770776908
Markiplier,FAZBEAR NIGHTS,2023-10-16 21:02:31+00:00,5849245,192234,4964,953,201.7145855194124,0.004957499713890362,3.38763378863426
Markiplier,BACK of the BACKROOMS | The Complex: Found Footage,2023-10-18 15:28:12+00:00,5815044,191164,6897,926,206.44060475161987,0.004844008286078969,3.4219345545794666
Markiplier,I Stole a Condom!,2023-10-21 18:19:23+00:00,3348460,198081,3394,590,335.73050847457625,0.002978579470014792,6.034565143379345
Markiplier,MASTERS of the PLASM | Demonologist w/ Bob & Wade,2023-10-23 17:24:45+00:00,3892074,147948,3346,529,279.67485822306236,0.003575580609403304,3.9008251127804865
Markiplier,The Lost Fear,2023-10-24 19:43:07+00:00,3540764,153062,4221,632,242.1867088607595,0.00412904574616822,4.459913171281679
Markiplier,Bob's Revenge,2023-10-25 16:00:09+00:00,2078233,111375,1337,325,342.6923076923077,0.0029180695847362513,5.439091766900054
Markiplier,Teke Teke,2023-10-26 17:45:53+00:00,4234567,188432,6357,695,271.1251798561151,0.0036883331918145536,4.6163869883272595
Markiplier,Resident Evil 4: Separate Ways DLC,2023-10-30 20:08:30+00:00,1890817,112651,8827,767,146.8722294654498,0.006808639071113439,6.465194675106052
Markiplier,IKEA FURNITURE ASSEMBLY NIGHTMARE | Kallax w/ Bob and Wade,2023-10-31 16:18:34+00:00,3951025,149522,2915,596,250.8758389261745,0.003986035499792672,3.873248081194121
Markiplier,DON'T SCREAM (literally),2023-11-01 19:06:33+00:00,6751666,299058,9711,923,324.00650054171183,0.003086357830253663,4.5868975153688
Markiplier,1000 WAYS TO ANGER A GHOST | Demonologist w/ Bob & Wade,2023-11-03 21:34:38+00:00,3173105,127547,2013,642,198.67133956386292,0.005033438653986374,4.103299449592749
Markiplier,My Eyes Deceive,2023-11-05 17:00:14+00:00,6871573,367013,16465,1272,288.53223270440253,0.003465817287126069,5.599154662258554
Markiplier,LAUGHING THROUGH THE PAIN | Kallax w/ Bob and Wade,2023-11-10 18:44:07+00:00,2648181,93231,1667,326,285.9846625766871,0.0034966910147912174,3.595826720303484
Markiplier,The Silkbulb Test,2023-11-15 21:33:25+00:00,3566788,164224,4285,715,229.68391608391607,0.0043538094310210445,4.744436731311197
Markiplier,Death Remembers,2023-11-21 20:00:19+00:00,3177400,325499,12444,1128,288.56294326241135,0.0034654484345574025,10.671335053817586
Markiplier,Being Stalked Simulator,2023-11-30 18:10:02+00:00,4044034,197303,6596,786,251.02162849872772,0.003983720470545304,5.061406506473486
Markiplier,WE LOVE THE COMPANY | Lethal Company - Part 1,2023-12-05 18:48:45+00:00,10635227,348081,6609,2201,158.14675147660154,0.0063232408548584956,3.3557440757964074
Markiplier,Cleany's Window Service,2023-12-06 17:29:11+00:00,4653264,219858,3415,492,446.8658536585366,0.002237808039734738,4.808775087766351
Markiplier,I WANT YOU | Lethal Company - Part 2,2023-12-07 16:31:36+00:00,6816084,229691,3468,762,301.43175853018374,0.003317500468020079,3.4318972594821306
Markiplier,3 SCARY GAMES #103,2023-12-08 18:16:53+00:00,4516302,167210,4270,631,264.99207606973056,0.0037736977453501587,3.8108833288827895
Markiplier,Let's Find Larry!,2023-12-09 16:20:39+00:00,6244671,225175,4049,640,351.8359375,0.0028422338181414456,3.680962535896607
Markiplier,EXIT 8,2023-12-11 18:14:43+00:00,7380166,295407,5534,1479,199.7342799188641,0.005006651839665276,4.097739806936592
Markiplier,I'm on Observation Duty 6,2023-12-13 21:34:28+00:00,4829715,173703,5978,491,353.7739307535642,0.0028266639033292457,3.7304892731765746
Markiplier,Five Nights at Freddy's: Help Wanted 2,2023-12-18 21:24:29+00:00,10524213,429481,10025,947,453.51742344244985,0.0022049869493644654,4.185139544401087
Markiplier,DOING SO GOOD... | Lethal Company - Part 3,2023-12-20 19:16:18+00:00,5626307,188580,3154,449,420.0,0.002380952380952381,3.4157929881892333
Markiplier,Five Nights at Freddy's: Help Wanted 2 - Part 2,2023-12-21 19:11:13+00:00,7546882,279354,7459,876,318.8972602739726,0.00313580618140424,3.812024621558943
Markiplier,GETTING BETTER and also WORSE | Lethal Company - Part 4,2023-12-23 22:45:29+00:00,5316377,172258,2365,475,362.6484210526316,0.0027574916694725355,3.2935587525113434
Markiplier,Five Nights at Freddy's: Help Wanted 2 - Part 3,2023-12-24 19:53:46+00:00,5626243,218940,5147,533,410.7692307692308,0.0024344569288389513,3.992362221112739
Markiplier,SWING SHOVEL | Lethal Company - Part 5,2023-12-26 18:15:56+00:00,5433849,176084,3476,503,350.0675944333996,0.002856591172394993,3.3137284455272864
Markiplier,Five Nights at Freddy's: Help Wanted 2 - Part 4,2023-12-28 03:18:19+00:00,4576070,188115,4270,385,488.61038961038963,0.002046620418361109,4.212566678394343
Markiplier,Five Nights at Freddy's: Help Wanted 2 - Part 5,2023-12-29 19:49:36+00:00,4183393,175274,4179,463,378.56155507559396,0.002641578328788069,4.300719535554035
Markiplier,NO ONE (of value) GETS LEFT BEHIND!! | Lethal Company - Part 6,2023-12-30 20:43:53+00:00,4678677,173390,3415,356,487.05056179775283,0.002053174923582675,3.7865618849089175
Markiplier,Five Nights at Freddy's: Help Wanted 2 - Part 6,2024-01-02 17:18:53+00:00,3879552,167367,3051,380,440.43947368421055,0.0022704595290588946,4.402518641327659
Markiplier,NOW WITH MODS!! | Lethal Company - Part 7,2024-01-03 21:16:06+00:00,5824801,192954,4686,609,316.8374384236453,0.0031561926676824527,3.403532584203306
Markiplier,Mark and Tyler Climb Rocks,2024-01-05 17:39:27+00:00,1592637,93205,1112,212,439.64622641509436,0.002274556086046886,5.935376360087076
Markiplier,Five Nights at Freddy's: Help Wanted 2 - Part 7,2024-01-06 18:45:39+00:00,3959694,163284,3503,501,325.91616766467064,0.003068273682663335,4.2247709040143
Markiplier,UH OH... | Lethal Company - Part 8,2024-01-07 21:45:41+00:00,5128631,182084,4510,520,350.16153846153844,0.00285582478416555,3.648420016959691
Markiplier,Buckshot Roulette,2024-01-09 19:47:28+00:00,9367187,478242,10457,1677,285.1771019677996,0.0035065928964833704,5.2350401459904665
Markiplier,Five Nights at Freddy's: Help Wanted 2 - Part 8,2024-01-11 20:49:39+00:00,3753937,154143,3414,398,387.29396984924625,0.002582017996276185,4.2077157927796875
Markiplier,LOOK AT ME!! | Lethal Company - Part 9,2024-01-12 22:20:15+00:00,4522800,161554,2778,437,369.68878718535467,0.002704977902125605,3.6430750862297687
Markiplier,Five Nights at Freddy's: Help Wanted 2 - Part 9,2024-01-13 23:05:15+00:00,3395771,190001,3982,433,438.8013856812933,0.0022789353740243472,5.725238833831845
Markiplier,oh no... | Lethal Company - Part 10,2024-01-16 15:55:34+00:00,4464319,169671,3484,377,450.0557029177719,0.0022219471801309594,3.8870878178732298
Markiplier,Five Nights at Freddy's: Help Wanted 2 - Part 10,2024-01-18 01:11:12+00:00,3083544,153093,5483,736,208.00679347826087,0.004807535289007335,5.166522676504697
Markiplier,Five Nights at Freddy's: Help Wanted 2 - Part 11,2024-01-21 20:13:32+00:00,3020367,134070,3702,429,312.5174825174825,0.0031998209890355786,4.575636007147476
Markiplier,STAY... PERFECTLY... STILL... | Lethal Company - Part 11,2024-01-24 00:11:08+00:00,4396645,158995,2778,464,342.6616379310345,0.0029183307651184,3.6900181843200897
Markiplier,Five Nights at Freddy's: Help Wanted 2 - Part 12,2024-01-24 21:38:27+00:00,2628641,124933,2590,340,367.45,0.002721458701864199,4.864224517535868
Markiplier,BOB FINDS THE JETPACK | Lethal Company - Part 12,2024-01-26 18:58:17+00:00,3718614,141207,2031,301,469.1262458471761,0.002131622369995822,3.8600134351131903
Markiplier,I Review Icelandic Candy,2024-01-27 19:36:26+00:00,3853577,199915,10170,677,295.2954209748892,0.0033864392366755873,5.469256226098505
Markiplier,BEEEEEEEEEES!! | Lethal Company - Part 13,2024-01-29 18:00:42+00:00,3660528,147124,2413,334,440.49101796407183,0.002270193850085642,4.094245420332805
Markiplier,Five Nights at Freddy's: Help Wanted 2 - Part 13,2024-02-01 20:10:10+00:00,2384027,124764,2863,268,465.53731343283584,0.002148055528838447,5.364662396860438
Markiplier,Buckshot Roulette: Double or Nothing,2024-02-03 18:12:02+00:00,4414278,216526,4688,481,450.15800415800413,0.0022214422286469062,5.022225605183905
Markiplier,LEAP OF FAITH | Lethal Company - Part 14,2024-02-06 15:21:41+00:00,3617343,142884,4087,494,289.2388663967611,0.003457350018196579,4.0766109268598525
Markiplier,Five Nights at Freddy's: Help Wanted 2 - Part 14 (ENDING),2024-02-07 19:07:20+00:00,2430699,119985,3060,341,351.86217008797655,0.0028420219194065927,5.0761529913823145
Markiplier,SOMETHING'S NOT RIGHT... | Lethal Company - Part 15,2024-02-09 18:03:06+00:00,3543287,154422,5129,609,253.56650246305418,0.003943738586470839,4.520096735037269
Markiplier,Poppy Playtime: Chapter 3 - Part 1,2024-02-13 16:15:49+00:00,5545250,258435,9025,928,278.48599137931035,0.003590844893300056,4.839962129750687
Markiplier,THE VIDEO ENDS WHEN I DIE | Project Zomboid,2024-02-19 19:54:39+00:00,5738019,206568,8003,911,226.74862788144895,0.004410170016653112,3.7553378613768964
Markiplier,Poppy Playtime: Chapter 3 - Part 2,2024-02-21 19:46:21+00:00,4409568,160592,5984,689,233.07982583454282,0.004290375610242104,3.793228724446476
Markiplier,3 SCARY GAMES #104,2024-02-23 23:24:06+00:00,4944009,186478,5068,699,266.7782546494993,0.0037484314503587555,3.8884435687718204
Markiplier,Poppy Playtime: Chapter 3 - Part 3 (ENDING),2024-02-25 23:12:10+00:00,4873235,155727,9055,1256,123.98646496815287,0.008065396495148562,3.407141252166169
Markiplier,Unsorted VHS,2024-02-28 18:06:13+00:00,3053184,146988,2679,310,474.1548387096774,0.002109015701962065,4.912150725275646
Markiplier,I'm on Observation Duty 6.5,2024-03-05 00:43:09+00:00,3588315,141857,3855,481,294.92099792099793,0.0033907385606632033,4.074140648187241
Markiplier,I'm tired,2024-03-12 02:52:18+00:00,7630209,636939,38016,3100,205.4641935483871,0.004867028082752038,8.886453831081168
Markiplier,A Difficult Game About Climbing - Part 1,2024-03-30 21:01:45+00:00,5007355,294425,9828,640,460.0390625,0.0021737284537658146,6.0889032233584395
Markiplier,A Difficult Game About Climbing - Part 2,2024-04-02 18:42:50+00:00,3026546,182664,6576,440,415.1454545454545,0.0024087942889677223,6.267210212565743
Markiplier,A Difficult Game About Climbing - Part 3,2024-04-05 03:18:26+00:00,2758630,163949,5081,320,512.340625,0.0019518264826256947,6.138916781155864
Markiplier,THE PART WITH RAGE | A Difficult Game About Climbing - Part 4,2024-04-08 00:49:33+00:00,2640194,157718,5798,356,443.0280898876405,0.0022571932182756565,6.206816620293812
Markiplier,TOP?! | A Difficult Game About Climbing - Part 5,2024-04-14 22:54:53+00:00,2585605,156673,6550,290,540.251724137931,0.0018509890025722364,6.323974466324129
Markiplier,That's Not My Neighbor,2024-05-16 21:34:22+00:00,7576338,386675,11382,1308,295.6230886850153,0.003382685717980216,5.271214140657399
Markiplier,The Lancaster Leak: Entity Exam,2024-05-17 21:04:17+00:00,3239690,169451,4766,625,271.1216,0.0036883818921104035,5.396874392302967
Markiplier,I am NOT an EMBARASSMENT | AFK Journey,2024-05-18 20:56:40+00:00,1496491,108873,9122,2152,50.59154275092937,0.019766149550393578,8.028581528388743
Markiplier,YOU WILL LEARN... | Ring Academy,2024-05-20 15:55:24+00:00,1871914,111855,2519,483,231.583850931677,0.004318090384873273,6.135805384221711
Markiplier,That's Not My Neighbor - Part 2,2024-05-21 22:22:25+00:00,4733969,203652,4957,841,242.15457788347206,0.004129593620489856,4.424405820992913
Markiplier,ANYTHING FOR VIEWS!! | Content Warning - Part 1,2024-05-22 17:43:47+00:00,5487357,216599,5061,669,323.76532137518683,0.003088656919007013,4.051659113850256
Markiplier,Buckshot Roulette | VIDEO ENDS WHEN I DIE,2024-05-26 22:29:27+00:00,2593455,133324,4366,591,225.59052453468698,0.00443281029672077,5.331922088488136
Markiplier,LAZY CONTENT | Content Warning - Part 2,2024-06-02 14:46:59+00:00,2855053,125164,2650,561,223.10873440285204,0.004482119459269438,4.49641390194858
Markiplier,Bread & Fred (Mark & Wade),2024-06-05 16:00:59+00:00,2112987,106925,2706,359,297.84122562674094,0.0033574935702595276,5.20542719855825
Markiplier,INFINITE SNAILS!! | Content Warning - Part 3,2024-06-10 21:07:19+00:00,2247917,109684,2399,317,346.00630914826496,0.0028901207104044344,5.00018461535724
Markiplier,My Mom Plays Five Nights at Freddy's: Pizzeria Simulator,2024-06-15 19:53:30+00:00,2655306,185423,6955,528,351.17992424242425,0.0028475431850417694,7.264925398428655
Markiplier,3 SCARY GAMES #105,2024-06-19 21:44:07+00:00,4312621,180444,5209,431,418.66357308584685,0.002388552681164239,4.314870237843762
Markiplier,Iron Lung | CHEAT UPDATE,2024-06-20 18:33:12+00:00,2989711,198047,6459,539,367.43413729128014,0.0027215761915100963,6.858355205570037
Markiplier,1001 CHOICES | Slay the Princess - Part 1,2024-06-21 22:35:57+00:00,4665009,245174,6755,871,281.48564867967855,0.0035525789847210554,5.419067787436209
Markiplier,DEAD FACES,2024-06-22 20:03:28+00:00,2672102,125919,3374,592,212.70101351351352,0.0047014350495159585,4.860780015134153
Markiplier,YOU MADE THE WRONG CHOICE... | Slay the Princess - Part 2,2024-06-23 21:29:59+00:00,2787287,147157,3775,306,480.9052287581699,0.0020794117846925394,5.4259930893374095
Markiplier,FLATHEAD,2024-06-24 20:06:29+00:00,2442318,115209,3173,393,293.1526717557252,0.0034111918339713044,4.863207821422108
Markiplier,GETTING OVER IT... TOGETHER | Chained Together,2024-06-25 20:12:37+00:00,5325490,217669,4491,605,359.78347107438015,0.0027794495311688847,4.182995367562421
Markiplier,OH NO... | Slay the Princess - Part 3,2024-06-26 21:08:31+00:00,2211609,123541,3750,444,278.2454954954955,0.003593948567681984,5.775659259842043
Markiplier,Ruby's Vitten Party,2024-06-27 21:05:20+00:00,1499703,82038,3120,732,112.07377049180327,0.008922694361149711,5.72713397252656
Markiplier,"Happy Birthday, Me",2024-06-28 23:44:54+00:00,2085852,377255,51698,368,1025.1494565217392,0.0009754675219678997,20.58252455111868
Markiplier,FALLING... TOGETHER | Chained Together - Part 2,2024-06-29 21:12:04+00:00,3488098,156172,2752,524,298.0381679389313,0.0033552749532566655,4.571201841232671
Markiplier,AN END TO ALL THINGS... | Slay the Princess - Part 4,2024-07-01 02:30:04+00:00,1818977,129643,5569,478,271.2196652719665,0.003687048278734679,7.459687505669395
Markiplier,Monster DNA,2024-07-02 00:24:03+00:00,3177935,146739,3083,740,198.29594594594596,0.005042967445600692,4.73773063325713
Markiplier,Supermarket Simulator - Part 1,2024-07-02 20:00:44+00:00,11655919,287989,9624,1693,170.10572947430597,0.005878696755778867,2.567845572708596
Markiplier,Sons of the Forest: Solo - Part 1,2024-07-03 22:48:17+00:00,3530172,166259,4916,448,371.1138392857143,0.002694590969511425,4.861604477062308
Markiplier,SATISFACTION: THE GAME | A Little to the Left,2024-07-05 20:55:32+00:00,4619237,218621,7160,741,295.03508771929825,0.003389427365166201,4.903883476859923
Markiplier,The Stairway 7,2024-07-07 01:13:38+00:00,2306210,112300,3397,278,403.9568345323741,0.0024755120213713266,5.02881350787656
Markiplier,The Pony Factory,2024-07-07 22:45:48+00:00,4126176,185835,6265,593,313.38111298482295,0.003191002771275594,4.670014075987064
Markiplier,Sons of the Forest: Solo - Part 2,2024-07-09 19:53:02+00:00,2283842,109752,2910,378,290.3492063492063,0.00344412858080035,4.949554303668993
Markiplier,Internet Cafe Simulator 2,2024-07-11 19:56:10+00:00,4391873,140441,4285,528,265.98674242424244,0.0037595858759194253,3.307336072787168
Markiplier,Sons of the Forest: Solo - Part 3,2024-07-12 16:00:18+00:00,1961684,96497,2319,252,382.9246031746032,0.002611480149641958,5.050150788812061
Markiplier,TAKE MY HAND!! | Chained Together - Part 3,2024-07-13 23:28:32+00:00,3120071,129628,2355,552,234.83333333333334,0.0042583392476933995,4.247820001532016
Markiplier,NO SKIN,2024-07-15 22:56:35+00:00,3145702,133436,3944,477,279.74004192872115,0.00357474744446776,4.382392229143129
Markiplier,Supermarket Simulator - Part 2,2024-07-19 01:52:14+00:00,5259640,175534,5825,526,333.7148288973384,0.002996570464981143,3.458126411693576
Markiplier,"EASY UP, EASY DOWN | Chained Together - Part 4",2024-07-21 20:08:44+00:00,2776787,124639,2445,442,281.9886877828054,0.0035462415455836454,4.592574079322613
Markiplier,SOMEHING BAD IS ON THE MOON,2024-07-22 16:00:14+00:00,2570971,139795,4613,918,152.28213507625273,0.006566758467756358,5.652572510541737
Markiplier,Sons of the Forest: Solo - Part 4,2024-07-24 23:01:26+00:00,1875087,92047,2567,413,222.87409200968523,0.004486838245678838,5.067871517428258
Markiplier,SATISFACTION NEVER ENDS | A Little to the Left - Part 2,2024-07-25 19:57:29+00:00,2418256,109234,2380,452,241.66814159292036,0.00413790578025157,4.6341661097915186
Markiplier,3 SCARY GAMES #106,2024-07-30 22:59:45+00:00,3814969,147498,4272,635,232.2803149606299,0.004305143120584686,3.9949210596468805
Markiplier,WE'RE SO GOOD... | Chained Together - Part 5,2024-07-31 20:22:57+00:00,2379523,109887,1632,377,291.47745358090185,0.003430797091557691,4.702455071877852
Markiplier,Supermarket Simulator - Part 3,2024-08-01 16:00:04+00:00,5329400,150123,5154,397,378.14357682619647,0.002644498178160575,2.9210417683041245
Markiplier,COMPLETELY NEW CARDS?! | UNO,2024-08-03 00:02:55+00:00,3764869,143244,3202,511,280.32093933463796,0.0035673396442433888,3.9033761865286682
Markiplier,The Joy of Creation: Part 1,2024-08-04 04:54:06+00:00,7939250,331052,10125,942,351.4352441613588,0.002845474426978239,4.309210567748843
Markiplier,The Joy of Creation: Part 2,2024-08-04 18:21:21+00:00,3109190,159804,4722,156,1024.3846153846155,0.0009761958399038822,5.296620663259563
Markiplier,PARKOUR!! | Chained Together - Part 6,2024-08-06 16:54:51+00:00,2326512,102898,1752,223,461.4260089686099,0.002167194697661762,4.507735184688495
Markiplier,Garten of BanBan 6,2024-08-07 17:29:53+00:00,3017426,99352,4906,897,110.7603121516165,0.009028504710524196,3.4849239053418377
Markiplier,GO NO STOP!! | Chained Together - Part 7,2024-08-10 03:13:40+00:00,2393386,108540,3180,361,300.6648199445983,0.003325962778699097,4.68294708835098
Markiplier,Five Nights at Freddy's: Into The Pit - Part 1,2024-08-10 16:02:18+00:00,10998220,388718,9493,1595,243.7103448275862,0.004103231648650178,3.635188239551491
Markiplier,Five Nights at Freddy's: Into The Pit - Part 2,2024-08-12 01:38:14+00:00,6450616,233450,7454,919,254.0261153427639,0.0039366031270079245,3.748835770103196
Markiplier,Five Nights at Freddy's: Into The Pit - Part 3,2024-08-12 22:14:55+00:00,4429781,195045,5415,405,481.5925925925926,0.002076443897562101,4.534422807809235
Markiplier,Five Nights at Freddy's: Into The Pit - Part 4,2024-08-13 18:20:33+00:00,3740386,183299,3652,437,419.44851258581235,0.002384082837331355,5.009857271415303
Markiplier,Five Nights at Freddy's: Into The Pit - Part 5,2024-08-14 19:35:46+00:00,3332737,181046,4668,321,564.006230529595,0.0017730300586591254,5.5820486284996385
Markiplier,Five Nights at Freddy's: Into The Pit - Part 6,2024-08-17 14:00:04+00:00,3145079,206723,7221,423,488.7068557919622,0.0020462164345525172,6.815949615256088
Markiplier,THE HEART OF MY CARDS!! | UNO,2024-08-22 20:22:56+00:00,3877578,138365,3014,418,331.01674641148327,0.0030209951938712826,3.65684455606051
Markiplier,CLICKOLDING,2024-08-26 04:50:57+00:00,4306880,183295,11426,1683,108.90968508615568,0.009181919855969885,4.560238502117542
Markiplier,The Plan,2024-10-01 02:14:32+00:00,3734616,385447,23830,1086,354.92357274401473,0.002817507984236484,10.988090877348569
Markiplier,GO? NO! STOP! | Chained Together - Part 8,2024-10-08 16:29:24+00:00,2204053,105763,4688,355,297.9239436619718,0.003356561368342426,5.027374568578886
Markiplier,Garten of BanBan 7,2024-10-11 19:38:53+00:00,3138478,97186,4404,748,129.92780748663102,0.007696581812195172,3.2607525048765678
Markiplier,WE STOPPED!! | Chained Together - Part 9 (ENDING),2024-10-15 16:00:52+00:00,1818566,95039,2021,230,413.2130434782609,0.00242005913361883,5.349819583122086
Markiplier,The Plan has CHANGED!!,2024-10-16 03:20:55+00:00,2129342,242382,25916,588,412.2142857142857,0.002425922717033443,12.627656806656704
Markiplier,SERIAL KILLER SIMULATOR | Life Eater - Part 1,2024-10-17 16:00:37+00:00,4037045,166462,3421,680,244.79705882352943,0.004085016400139371,4.2249467122610715
Markiplier,EMERGENCY MEETING,2024-10-18 22:41:15+00:00,1408724,89586,1952,304,294.6907894736842,0.0033933873596320853,6.519516952930453
Markiplier,OBSERVATION DUTY with FRIENDS | Hospital 666,2024-10-19 16:00:03+00:00,3239603,144038,1943,572,251.8146853146853,0.003971174273455616,4.5237950452570885
Markiplier,The Edge of Sleep: Markiplier's Unofficial Trailer,2024-10-20 19:21:18+00:00,3816187,179076,8899,326,549.3128834355829,0.0018204561191896178,4.934270778659432
Markiplier,MEDIEVAL LETHAL COMPANY | PILGRIM,2024-10-22 16:00:39+00:00,3451571,142830,2522,509,280.6090373280943,0.003563677098648743,4.225930742841448
Markiplier,Every TikTok I've Ever Liked,2024-10-23 18:42:47+00:00,5844036,357814,8955,2094,170.87583572110793,0.005852202540984981,6.311785211453181
Markiplier,I'M SO SORRY... | Life Eater - Part 2 (ENDING),2024-10-24 16:00:31+00:00,1345851,82767,1577,236,350.70762711864404,0.0028513779646477462,6.284499547126687
Markiplier,there's something following us... | PILGRIM - Part 2,2024-10-25 16:00:10+00:00,1972265,93504,1244,199,469.86934673366835,0.0021282511978097194,4.8141096657903475
Markiplier,SCP CONTAINMENT BREACH???? | Hospital 666 - Part 2,2024-10-26 16:00:32+00:00,2553034,105304,1707,354,297.4689265536723,0.003361695662083112,4.205388569051568
Markiplier,So You Want THOSE Games Huh?,2024-10-27 16:00:11+00:00,3309857,164515,3983,665,247.39097744360902,0.004042184603227669,5.110885455172232
Markiplier,RARE EVENT FINDER | Hospital 666 - Part 3,2024-10-28 16:00:22+00:00,1955395,93486,1714,279,335.0752688172043,0.002984404081894615,4.882849756698775
Markiplier,WELL THAT'S HORRIFYING... | PILGRIM - Part 3,2024-10-29 16:00:18+00:00,1759156,93480,1349,143,653.7062937062936,0.0015297389816003423,5.398725297813269
Markiplier,READ THE DESCRIPTION | Lasers,2024-10-29 16:00:45+00:00,3463391,140818,3183,509,276.65618860510807,0.0036145947251061653,4.172500303892919
Markiplier,Markiplier's Halloween Scream Stream | rOUTE8 + MOUTHWASHING,2024-11-01 04:34:27+00:00,6402666,112579,2758,1476,76.2730352303523,0.013110793309587046,1.8244431304084892
Markiplier,Need some time,2024-11-09 17:55:53+00:00,2465907,296468,18655,517,573.4390715667312,0.001743864430562489,12.80015831902825
Markiplier,"""Too Busy""",2024-11-14 20:00:24+00:00,2041277,212874,9602,424,502.061320754717,0.0019917885697642735,10.919635110766448
Markiplier,NON-EMERGENCY MEETING,2024-11-20 21:22:19+00:00,774827,52693,1067,256,205.83203125,0.004858330328506633,6.971362639660208
Markiplier,RATSHAKER™,2024-11-21 22:25:25+00:00,4164456,194081,6150,726,267.3292011019284,0.0037407061999886644,4.825528232258907
Markiplier,I WOULD NEVER LIE... | Liar's Bar - Part 1,2024-11-22 20:25:13+00:00,3966505,151608,2132,692,219.08670520231215,0.004564402933882117,3.893402378164152
Markiplier,I'm On Observation Duty 7,2024-11-24 19:56:34+00:00,3208477,126396,3606,476,265.5378151260504,0.0037659419601886136,4.066664651172503
Markiplier,LETHAL COMPANY but ELEVATOR | KLETKA - Part 1,2024-11-25 22:05:42+00:00,3325867,125708,2097,428,293.7102803738318,0.003404715690329971,3.855626217163825
Markiplier,Buckshot Roulette: MULTIPLAYER MODE,2024-11-30 21:46:02+00:00,5681010,178466,4034,581,307.17039586919105,0.0032555220602243566,3.2226839945713874
Markiplier,WHAT WAS THE THOUGHT PROCESS?! | Pico Park 2,2024-12-01 23:28:34+00:00,3338090,111477,2172,370,301.2891891891892,0.00331907030149717,3.4156958020904167
Markiplier,SPRUNKI,2024-12-05 17:23:24+00:00,3512584,198885,8322,885,224.72881355932202,0.004449807677803756,5.924185727658044
Markiplier,BUH BYE GRANDMA... | The Broken Vow,2024-12-08 23:42:30+00:00,1883558,99685,1971,212,470.2122641509434,0.0021266991021718414,5.408275189826912
Markiplier,Lixian's Roblox Horror Game,2024-12-11 23:27:25+00:00,2867431,180462,4293,507,355.9408284023669,0.00280945573029225,6.4609052493329395
Markiplier,ANIME DATING SIMULATOR (nothing weird happens) | MiSide - Part 1,2024-12-14 00:20:59+00:00,5896431,265385,7136,948,279.94198312236284,0.0035721687359873393,4.6378733169267985
Markiplier,WE'RE ALL BOB DOWN HERE... | KLETKA - Part 2,2024-12-20 01:44:16+00:00,2063130,85346,1422,233,366.2918454935622,0.0027300635061982986,4.216942218861633
Markiplier,MY NEW CRIPPLING ADDICTION | Balatro - Part 1,2024-12-22 22:28:25+00:00,5623869,195018,7727,875,222.8777142857143,0.004486765324226482,3.6206391009463412
Markiplier,Supermarket Simulator - Part 4,2025-01-01 20:47:03+00:00,6622131,147867,6016,517,286.0096711798839,0.0034963852651369136,2.3315757420081242
Markiplier,MARKIPLIER LIED?!! | Liar's Bar - Part 2,2025-01-02 17:02:10+00:00,2435262,98160,1530,336,292.14285714285717,0.0034229828850855745,4.107401996171254
Markiplier,IT'S INSIDE ME AGAIN!! | Endoparasitic 2,2025-01-03 19:49:09+00:00,2793938,135762,2893,293,463.35153583617745,0.002158188594746689,4.973195539772178
Markiplier,HELL for SIMPS | MiSide - Part 2,2025-01-06 17:47:37+00:00,2975957,138476,4122,484,286.10743801652893,0.003495190502325313,4.807932372678772
Markiplier,I Was Evacuated from the LA Fires,2025-01-13 20:51:25+00:00,4942889,465496,19083,1819,255.90764156129742,0.003907659786550261,9.840358543353897
Markiplier,I UNDERSTAND IT NOW... | Balatro - Part 2,2025-01-18 01:04:12+00:00,2677904,105104,5045,367,286.38692098092645,0.0034917795707109147,4.126958994795929
Markiplier,THE BACKROOMS | KLETKA - Part 3,2025-01-20 00:10:18+00:00,1745230,76819,1560,286,268.5979020979021,0.003723037269425533,4.507428820270108
Markiplier,IT'S STILL INSIDE ME!! Endoparasitic 2 - Part 2,2025-01-20 20:02:45+00:00,1878103,89751,2581,215,417.446511627907,0.0023955164844959944,4.927685009821079
Markiplier,PRETEND IT'S NOT THERE,2025-01-29 00:12:07+00:00,4850059,262092,6235,684,383.17543859649123,0.002609770614898585,5.546551083193008
Markiplier,MITA'S DARK SIDE | MiSide - Part 3,2025-02-05 23:33:23+00:00,1620443,83269,2771,266,313.04135338345867,0.003194466127850701,5.326074412984597
Markiplier,BY THE SKIN OF MY SKIN | Endoparasitic 2 - Part 3,2025-02-07 01:28:28+00:00,1691139,64996,2138,207,313.9903381642512,0.0031848113730075698,3.98199083576217
Markiplier,Poppy Playtime: Chapter 4,2025-02-07 23:23:31+00:00,6626391,216464,9511,848,255.26415094339623,0.003917510532929263,3.4230246902122135
Markiplier,That's Not My Neighbor: Nightmare Update,2025-02-08 21:52:25+00:00,3329228,144902,3740,533,271.8611632270169,0.0036783481249396143,4.480768514502461
Markiplier,Animals Keep Dying Around Me...,2025-02-10 05:20:30+00:00,2460886,168147,3318,335,501.93134328358207,0.0019923043527389724,6.981225461073776
Markiplier,Poppy Playtime: Chapter 4 - Part 2,2025-02-11 20:13:51+00:00,4291279,120761,4355,384,314.4817708333333,0.0031798345492336103,2.9245360182826614
Markiplier,"""I'M NOT LIKE OTHER GIRLS"" | MiSide - Part 4",2025-02-13 20:16:00+00:00,1782305,84875,3315,314,270.30254777070064,0.003699558173784978,4.9657045230754555
Markiplier,Poppy Playtime: Chapter 4 - Part 3,2025-02-14 22:23:05+00:00,2720583,109907,4656,446,246.42825112107624,0.004057976289044374,4.227365972661007
Markiplier,SIMPSONS + LITTLE NIGHTMARES | Little Bartmares,2025-02-18 19:14:31+00:00,2459978,127681,7452,441,289.52607709750566,0.0034539203170401234,5.511187498424783
Markiplier,Markiplier Joins a Cult,2025-02-21 22:52:56+00:00,1033671,73129,1489,302,242.14900662251657,0.004129688632416689,7.2479541362774045
Markiplier,EXPLOITING DISASTER for PROFIT | The Headliners,2025-02-25 20:19:00+00:00,3730603,121855,1766,399,305.4010025062657,0.0032743834885724838,3.3243955467788986
Markiplier,NEVERMIND I AIN’T POSTING THAT | Endoparasitic 2 - Part 4,2025-02-26 19:16:49+00:00,1645358,74171,18127,523,141.81835564053537,0.007051273408744657,5.641386251502713
Markiplier,A Game About Digging a Hole,2025-03-02 17:43:12+00:00,7544686,215093,8657,1320,162.9492424242424,0.006136880326184487,2.9831592726324194
Markiplier,ANYTHING FOR VIEWS | The Headliners - Part 2,2025-03-04 22:11:54+00:00,2538026,96671,2480,361,267.78670360110806,0.003734315358277043,3.9208424184779824
Markiplier,Five Nights at Freddy's Urbex,2025-03-06 20:22:45+00:00,3583973,179272,5048,570,314.5122807017544,0.0031795260832701146,5.158800024442148
Markiplier,3 SCARY GAMES #107,2025-03-08 18:38:32+00:00,3568770,166715,6080,610,273.3032786885246,0.003658938907716762,4.858957007596454
Markiplier,THIS IS (not) STEALING | R.E.P.O. w/ Ethan,2025-03-18 20:09:02+00:00,5628374,200846,6306,980,204.94489795918366,0.004879360305906018,3.697906358035198
Markiplier,The Backrooms 1998,2025-04-05 16:00:47+00:00,2556625,136328,3808,404,337.44554455445547,0.002963441112610762,5.497090891311788
Markiplier,END OF THE ROAD | Endoparasitic 2 - ENDING,2025-04-06 19:12:21+00:00,1758225,50768,1999,237,214.21097046413502,0.00466829498896943,3.0146312332039416
Markiplier,KIOSK,2025-04-14 23:30:07+00:00,8127405,228768,8200,794,288.12090680100755,0.003470765141977899,2.92543560952112
Markiplier,i'm back... again...,2025-04-16 23:15:22+00:00,2479124,240502,12773,710,338.7352112676056,0.0029521584020091307,10.244949425684235
Markiplier,STRANGEST HORROR GAME | Chuck Nolemland: The Starving Kid,2025-04-17 17:56:53+00:00,2124641,93760,2057,568,165.07042253521126,0.006058020477815699,4.536531112785642
Markiplier,MY NEW FAVORITE HORROR GAME | White Knuckle,2025-04-19 00:28:42+00:00,5288337,180270,4258,604,298.46026490066225,0.003350529760914184,3.5007602579033827
Markiplier,ONE LAST STORY | The Headliners - Part 3,2025-04-21 22:17:34+00:00,1588969,68050,1230,270,252.03703703703704,0.003967670830271859,4.377052038145489
Markiplier,HOPELESSLY ADDICTED | White Knuckle - Part 2,2025-04-24 21:36:30+00:00,2494069,88383,3517,290,304.7689655172414,0.0032811739814217664,3.696369266447721
Markiplier,3 SCARY GAMES #108,2025-05-01 20:44:55+00:00,3855187,138644,3259,333,416.34834834834834,0.002401834915322697,3.689470835007485
Markiplier,ALMOST... ALMOST... | White Knuckle - Part 3,2025-05-04 18:24:29+00:00,1613639,76454,2732,133,574.8421052631579,0.0017396081303790514,4.91553563095587
Markiplier,TOO SMART FOR MY OWN GOOD | Blue Prince,2025-05-06 19:06:08+00:00,2991062,135397,5466,580,233.44310344827585,0.004283699047984815,4.728855503496751
Markiplier,FULL GAME RELEASE | White Knuckle - Part 4,2025-05-07 19:12:01+00:00,1807848,73382,2359,182,403.1978021978022,0.0024801722493254475,4.199634040029914
Markiplier,3 DRUG DEALERS in a TRENCHCOAT | Schedule I - Part 1,2025-05-09 21:51:23+00:00,4046925,148373,3193,612,242.43954248366012,0.00412473967635621,3.760336551826387
Markiplier,THE EDGE OF TUBI,2025-05-16 03:26:39+00:00,1086388,55286,2133,622,88.88424437299035,0.011250587852259162,5.34256637591726
Markiplier,Mr. Magpie's Harmless Card Game,2025-05-23 22:31:02+00:00,2227217,97766,2599,597,163.76214405360133,0.006106417363909744,4.533101175143688
Markiplier,I REACHED THE END??? | White Knuckle - Part 5,2025-05-24 19:47:33+00:00,1583236,61280,1883,159,385.40880503144655,0.0025946475195822456,3.9995300763752213
Markiplier,DEFINITELY NOT DRUGS | Schedule I - Part 2,2025-05-27 19:00:57+00:00,2141444,84447,1822,399,211.64661654135338,0.004724857010906249,4.047175644098094
Markiplier,BLOOD MALL,2025-05-31 03:48:27+00:00,3463393,167662,4451,644,260.3447204968944,0.003841061182617409,4.988085383322077
Markiplier,BUNKER 73,2025-06-03 22:47:25+00:00,2810373,115981,3003,336,345.1815476190476,0.0028970262370560697,4.245699770101692
Markiplier,THUNDERHEAD,2025-06-09 22:39:59+00:00,1839096,104391,3021,511,204.2876712328767,0.004895058003084557,5.868263538173102
Markiplier,CRIME SCENE SIMULATOR,2025-06-13 16:01:15+00:00,3815132,177518,4289,426,416.7089201877934,0.0023997566443966245,4.776584401273665
Markiplier,"BUCKSHOT ROULETTE w/ ""PILLS"" | Side Effects",2025-06-14 16:01:22+00:00,2024253,117515,2916,342,343.6111111111111,0.002910266774454325,5.9662996670870685
Markiplier,Five Nights at Freddy's: The Secret of the Mimic - Part 1,2025-06-17 00:09:51+00:00,10864450,348842,13270,2426,143.79307502061005,0.006954437825720527,3.355328617647465
Markiplier,Five Nights at Freddy's: The Secret of the Mimic - Part 2,2025-06-19 23:00:39+00:00,4379229,164126,6127,514,319.3112840466926,0.0031317402483457832,3.899476369013815
Markiplier,Five Nights at Freddy's: The Secret of the Mimic - Part 3,2025-06-20 19:53:44+00:00,3163542,123821,3070,219,565.3926940639269,0.001768682210610478,4.01796467377389
Markiplier,Five Nights at Freddy's: The Secret of the Mimic - Part 4,2025-06-21 17:41:44+00:00,2939061,114075,3223,278,410.341726618705,0.0024369932062239755,4.000461371846314
Markiplier,Five Nights at Freddy's: The Secret of the Mimic - Part 5,2025-06-22 18:43:26+00:00,2760310,110192,3101,262,420.58015267175574,0.002377668070277334,4.113849531393213
Markiplier,Five Nights at Freddy's: The Secret of the Mimic - Part 6,2025-06-23 19:53:42+00:00,2439402,100505,2831,258,389.55426356589146,0.0025670364658474704,4.246696526443776
Markiplier,Five Nights at Freddy's: The Secret of the Mimic - Part 7,2025-06-24 21:50:07+00:00,2397734,111473,3832,321,347.26791277258565,0.0028796210741614562,4.822303057803743
Markiplier,Five Nights at Freddy's: The Secret of the Mimic - Part 8,2025-06-25 22:52:37+00:00,2405714,123278,4924,261,472.3295019157088,0.0021171660799169357,5.3399115605595675
Markiplier,THERE WAS NEVER A PROBLEM WITH THIS VIDEO | Supermarket Simulator - Part 5,2025-06-28 00:08:53+00:00,3363202,128114,6594,424,302.1556603773585,0.0033095524298671496,4.0179566972189
Markiplier,im sick,2025-07-01 02:22:07+00:00,814989,55247,3382,207,266.8937198067633,0.003746809781526599,7.219238541869891
Markiplier,NOTHING ILLEGAL HERE | Schedule I - Part 3,2025-07-01 16:45:14+00:00,3203613,87289,2635,361,241.79778393351802,0.004135687199990835,2.8182242986278307
Markiplier,DON'T FEED IT,2025-07-18 19:30:20+00:00,2912266,130066,4677,568,228.9894366197183,0.004367013669982931,4.646244539475446
Markiplier,Markiplier vs Ai: FIGHT NIGHT,2025-08-02 02:58:14+00:00,1267877,73965,3528,730,101.32191780821918,0.009869532887176367,6.169604780274427
Markiplier,Fears To Fathom: Ironbark Lookout - Part 1,2025-08-07 18:08:12+00:00,3483258,139394,5632,454,307.0352422907489,0.0032569551056716934,4.176549655523651
Markiplier,Voices of the Void,2025-08-09 19:27:40+00:00,2591657,106816,6354,610,175.1081967213115,0.005710754943079688,4.390241455562985
Markiplier,Fears To Fathom: Ironbark Lookout - Part 2,2025-08-10 16:01:06+00:00,1743384,85608,3500,269,318.2453531598513,0.0031422296981590504,5.126638766903906
Markiplier,NO DOPPELGANGERS HERE | Shift at Midnight,2025-08-28 18:27:24+00:00,4229301,175725,4061,914,192.25929978118162,0.005201308863280694,4.27257364751291
Markiplier,Crime Simulator - Part 1,2025-08-30 18:30:53+00:00,2794765,121963,1962,534,228.39513108614233,0.004378377048777088,4.45329034820459
Markiplier,DON'T BLINK... THIS GAME IS WATCHING YOU | Vigil,2025-09-03 16:00:24+00:00,2691009,129863,2989,354,366.8446327683616,0.0027259496546360395,4.950039186045085
Markiplier,LOOK CLOSELY AT THE THUMBNAIL | Loan Shark,2025-09-08 16:00:55+00:00,4084812,174256,4219,893,195.13549832026877,0.005124644201634377,4.391095599993341
Markiplier,Garten of BanBan 8,2025-09-19 16:15:02+00:00,2655599,82087,3844,635,129.27086614173228,0.007735695055246263,3.259754202347568
Markiplier,Crime Simulator - Part 2,2025-09-20 17:15:34+00:00,1656044,71552,841,145,493.46206896551723,0.002026498211091234,4.380197627599267
Markiplier,3 SCARY GAMES #109,2025-09-23 21:33:11+00:00,3308054,130602,3577,430,303.72558139534885,0.003292445751213611,4.069129464029306
Markiplier,WAIT FOR IT... | Silent Still 2,2025-09-28 16:43:40+00:00,1668377,75908,3717,522,145.4176245210728,0.006876745534067556,4.803890247827679
Markiplier,I CAN BE TRUSTED!! | Quarantine Zone,2025-09-30 16:01:56+00:00,4181468,143621,2108,488,294.3053278688525,0.0033978317934006863,3.496786296104622
Markiplier,AMERICA'S MOST UNWANTED | Crime Simulator - Part 3,2025-10-01 19:58:43+00:00,1336218,65095,777,140,464.9642857142857,0.0021507028189569092,4.940211851658936
Markiplier,Who's At The Door?,2025-10-02 19:24:43+00:00,2437298,107746,2182,249,432.714859437751,0.002310990663226477,4.520456669639905
Markiplier,Supermarket Simulator - Part 6,2025-10-03 16:01:41+00:00,2936488,86837,2412,312,278.32371794871796,0.003592938493959948,3.0499358417265796
Markiplier,A HORRIFYING TRUTH | The Butterfly,2025-10-04 16:01:11+00:00,1867941,98714,2061,261,378.2145593869732,0.002644001863970663,5.408950282690942
Markiplier,BLOODMONEY!,2025-10-06 21:27:04+00:00,2188744,126885,5313,867,146.34948096885813,0.006832958978602672,6.079514095755374
Markiplier,Silent Hill f - Part 1,2025-10-08 19:59:55+00:00,6532453,219491,9338,923,237.8017334777898,0.004205183811636924,3.5170861543129357
Markiplier,Silent Hill f - Part 2,2025-10-11 16:31:17+00:00,3260983,98927,2303,238,415.65966386554624,0.002405814388387397,3.111577091938228
Markiplier,Silent Hill f - Part 3,2025-10-12 16:01:32+00:00,1764787,72662,2191,192,378.4479166666667,0.002642371528446781,4.252354533436613
Markiplier,Silent Hill f - Part 4,2025-10-13 19:54:08+00:00,1498539,66692,1987,192,347.3541666666667,0.0028789060157140287,4.5958763835976235
Markiplier,Silent Hill f - Part 5,2025-10-14 16:43:19+00:00,1378113,60476,2154,171,353.6608187134503,0.0028275679608439712,4.5570283423783104
Markiplier,Silent Hill f - Part 6,2025-10-16 18:40:20+00:00,1291064,57667,1962,193,298.79274611398966,0.003346801463575355,4.633542566441323
Markiplier,Silent Hill f - Part 7,2025-10-17 16:46:34+00:00,1126197,56958,1833,190,299.77894736842103,0.0033357912848063485,5.237183192638588
Markiplier,"No, I Am Not Human",2025-10-20 19:31:33+00:00,5534576,177476,5434,1118,158.74418604651163,0.006299443305010255,3.3250604924388063
Markiplier,Silent Hill f - Part 8,2025-10-22 16:00:19+00:00,1034069,53164,1618,163,326.159509202454,0.0030659845007900083,5.313475212969347
Markiplier,Silent Hill f - Part 9,2025-10-23 17:19:42+00:00,1153637,53896,4901,394,136.79187817258884,0.007310375538073326,5.130816712709457
Markiplier,Unus Annus,2025-11-14 04:02:06+00:00,3663943,265142,6527,730,363.2082191780822,0.002753241659186398,7.434586182154035
Markiplier,Iron Lung: Final Trailer,2025-12-05 20:48:18+00:00,6855311,603008,25056,1249,482.79263410728583,0.0020712826363829336,9.179933631019804
Markiplier,Talking Iron Lung,2025-12-08 05:18:41+00:00,1002390,69235,3761,174,397.9022988505747,0.002513179750126381,7.299554065782779
Markiplier,I didn't think this was possible,2025-12-11 18:19:13+00:00,4891869,632324,48120,1225,516.1828571428572,0.0019372979674976752,13.934735374148408
Markiplier,My Mom Wrote a Book About Me,2025-12-21 22:37:04+00:00,784988,84478,4034,199,424.51256281407035,0.0023556428892729468,11.30093708438855
Markiplier,My Mom Plays Five Nights at Freddy's: Security Breach,2025-12-25 21:50:36+00:00,1585490,108392,5511,292,371.2054794520548,0.002693925750977932,7.20250521920668
Markiplier,Silent Hill f - Part 10,2025-12-26 20:02:19+00:00,1134426,47211,2976,162,291.4259259259259,0.0034314036982906527,4.4382797996519825
Markiplier,Random Horror Games,2026-01-22 03:44:41+00:00,1902199,74864,2217,401,186.69326683291771,0.0053563795682838216,4.073285707751923
Markiplier,"THEY'RE INSIDE... | No, I Am Not Human - Part 2",2026-01-22 22:23:33+00:00,1575167,65639,2727,199,329.84422110552765,0.0030317341824220357,4.352871790737109
Markiplier,My hair is gone,2026-01-25 01:50:18+00:00,2641569,232425,14140,1016,228.76476377952756,0.004371302570721739,9.372497935885832
Markiplier,The Penjikent Creature,2026-01-25 22:25:17+00:00,1735472,98559,2978,237,415.8607594936709,0.0024046510212157187,5.864341228207658
Markiplier,I'm On Observation Duty 8,2026-01-27 01:21:57+00:00,2240333,111370,6278,246,452.7235772357724,0.0022088533716440695,5.26234269637594
Markiplier,SUPER QUICK UPDATES!!,2026-01-28 19:53:26+00:00,393999,33209,2125,62,535.6290322580645,0.0018669637748803035,8.98377914664758
Markiplier,Routine (FULL GAME),2026-01-30 00:46:47+00:00,1341038,50565,2098,162,312.1296296296296,0.003203797092850786,3.939112836474432
Markiplier,Garten of BanBan 0,2026-01-31 00:31:35+00:00,1290967,59131,2890,233,253.78111587982832,0.003940403510848793,4.8222766344918195
Markiplier,Iron Lung is the NUMBER 1 MOVIE (today) IN AMERICA!!!,2026-01-31 19:16:57+00:00,2755066,201548,5745,493,408.8194726166329,0.0024460674380296504,7.541960882243838
Markiplier,RANDOM HORROR GAME NIGHT,2026-02-01 04:09:47+00:00,2050297,83707,3432,245,341.6612244897959,0.0029268758885158948,4.26201667368191
Markiplier,ACTUAL EMERGENCY MEETING!!,2026-02-01 23:28:43+00:00,3376193,378647,32498,634,597.2350157728706,0.001674382736427332,12.19654800540135
Markiplier,Iron Lung Weekend Results (Number... 1?),2026-02-03 23:37:20+00:00,1300943,154264,13448,224,688.6785714285714,0.001452056215319193,12.908790008478466
Markiplier,I'm on Observation Duty: LIVE,2026-02-07 01:52:47+00:00,1374707,64985,1450,193,336.7098445595855,0.002969916134492575,4.846705516157261
Markiplier,NO RAGE HERE | Baby Steps - Part 1,2026-02-07 19:45:46+00:00,2941267,161949,8555,357,453.6386554621849,0.0022043976807513475,5.809095196049865
Markiplier,Silent Hill f - Part 11 (ENDING),2026-02-11 02:48:45+00:00,831403,35762,3175,165,216.73939393939395,0.004613835915217269,4.703134340386071
Markiplier,3 SCARY GAMES #110,2026-02-16 23:46:29+00:00,1641359,96099,4060,161,596.888198757764,0.0016753556228472721,6.112008402793052
Markiplier,BLOODMONEY 2: The Human Expenditure Program,2026-02-17 19:56:55+00:00,1085867,65798,3393,275,239.26545454545453,0.004179458342198851,6.397284381973114
Markiplier,Poppy Playtime: Chapter 5,2026-02-21 02:52:29+00:00,1637633,88249,3615,562,157.02669039145908,0.006368344117213793,5.64387747437918
