YouTuber_Name,Title,Date,Views,Likes,Comments,Dislikes,Like_to_Dislike_Ratio,Dislike_to_Like_Ratio,Engagement_Ratio
Keith Olbermann,"October 6, 2020",2020-10-06 22:46:49+00:00,56683,4138,1135,1251,3.30775379696243,0.30231996133397776,11.509623696699187
Keith Olbermann,Olbermann Vs. Trump #1: Trump Is A Mass Murderer,2020-10-07 21:00:10+00:00,291858,14622,5927,5685,2.5720316622691293,0.38879770209273695,8.988617752468667
Keith Olbermann,Olbermann Vs. Trump #2: Trump's Plan To Nullify The Election,2020-10-08 21:27:54+00:00,225541,8738,5020,7365,1.1864222674813307,0.8428702220187686,9.365481220709317
Keith Olbermann,Worst Person In The World by Keith Olbermann. No. 3: Trump's Holy Grail Just Disappeared,2020-10-09 21:04:57+00:00,161407,8412,4557,5315,1.5826904985888994,0.6318354731336187,11.327885407696073
Keith Olbermann,Olbermann Vs. Trump #4: Trump Owned Stock In Regeneron,2020-10-12 20:55:05+00:00,117348,7283,1450,1002,7.2684630738522955,0.13758066730742827,8.29583802024747
Keith Olbermann,Olbermann Vs. Trump #5: Mitt Romney is an enabler of Trump's terrorism.,2020-10-13 21:08:21+00:00,88727,6920,1232,527,13.130929791271347,0.07615606936416185,9.781689902735357
Keith Olbermann,"Olbermann Vs. Trump #6: Trump Admits He's Losing; ""Unmask-Gate"" Fizzles",2020-10-14 20:56:33+00:00,92440,5607,983,362,15.488950276243093,0.06456215444979489,7.5205538727823456
Keith Olbermann,Olbermann Vs. Trump #7: GOP Senator Sasse Gives A Huge F-U to Trump,2020-10-15 21:09:20+00:00,137387,7291,1071,393,18.552162849872772,0.05390207104649568,6.372509771666897
Keith Olbermann,Olbermann Vs. Trump #8: Trump! Get Fauci's Face Off Your SCUMBAG TV ADS,2020-10-16 20:47:37+00:00,64443,5214,956,518,10.065637065637066,0.09934790947449175,10.378163648495569
Keith Olbermann,Olbermann Vs. Trump #9: Terrorist Trump Tips Parts Of Plan To Keep Power,2020-10-19 20:41:05+00:00,104602,6599,1345,449,14.697104677060134,0.06804061221397181,8.023747155886122
Keith Olbermann,Olbermann Vs. Trump #10-Trump's TIRED of Covid? I'M tired of him KILLING us,2020-10-20 20:41:42+00:00,106985,7561,1575,501,15.09181636726547,0.06626107657717233,9.007804832453148
Keith Olbermann,Olbermann Vs. Trump #11: Rudy Caught With His Borat Hanging Out; Kills Plan,2020-10-21 20:36:37+00:00,322329,13252,1752,485,27.323711340206184,0.03659824932085723,4.805338644676712
Keith Olbermann,Olbermann Vs. Trump #12: Trump Needed A Debate Knockout. He Didn't Get It,2020-10-22 20:43:21+00:00,208635,8765,1150,363,24.146005509641874,0.04141471762692527,4.9263067078869796
Keith Olbermann,"Olbermann Vs. Trump #13: At The Debate, Trump Simply Ran Out Of Bullshit",2020-10-23 20:34:33+00:00,173215,9108,1384,550,16.56,0.06038647342995169,6.3747365990243345
Keith Olbermann,Olbermann vs. Trump #14: Pence Should've Been Arrested As Health Risk; it's now Trump-45/Covid-19,2020-10-26 20:35:19+00:00,159482,8374,1431,283,29.59010600706714,0.03379508000955338,6.325478737412372
Keith Olbermann,Olbermann vs. Trump #15: The 50 Worst Trump Atrocities,2020-10-27 20:38:26+00:00,249347,14325,1996,441,32.48299319727891,0.030785340314136125,6.7223588011887045
Keith Olbermann,Olbermann vs. Trump #16: Trump Is Sundowning,2020-10-29 20:42:31+00:00,441443,22425,2907,448,50.05580357142857,0.019977703455964325,5.839938565114862
Keith Olbermann,Olbermann vs. Trump #17: The 50 Worst Persons In Trump World,2020-10-30 20:41:25+00:00,213841,10295,1385,214,48.10747663551402,0.02078678970373968,5.562076496088215
Keith Olbermann,Olbermann vs. Trump #18: The 100 Cringeworthiest Trump Moments,2020-11-01 06:22:57+00:00,182958,8195,1214,286,28.653846153846153,0.0348993288590604,5.299030378556827
Keith Olbermann,Olbermann vs. Trump #19: Trump's Plan - Coup By Television,2020-11-02 21:40:45+00:00,151506,7847,1511,432,18.16435185185185,0.05505288645342169,6.461790292133644
Keith Olbermann,Olbermann vs. Trump #19 - In Brief - Trump's Planned Live Television Coup,2020-11-02 21:41:36+00:00,62082,3739,513,137,27.291970802919707,0.03664081305161808,7.069682033439645
Keith Olbermann,Olbermann vs. Trump #20 - Exorcism Or Dictatorship,2020-11-03 13:27:38+00:00,147727,6487,1052,285,22.76140350877193,0.043934021889933714,5.296255931549412
Keith Olbermann,Olbermann vs. Trump #21: I HEREBY CLAIM TRUMP THE LAME DUCK BLEW IT!,2020-11-04 21:39:40+00:00,207741,11423,1772,345,33.11014492753623,0.030202223583997198,6.5177312133859
Keith Olbermann,"Olbermann vs. Trump #22: Trump Loses Mind, Begins 2024 Campaign",2020-11-05 21:30:01+00:00,189281,7790,1806,704,11.065340909090908,0.09037227214377407,5.441644961723575
Keith Olbermann,Olbermann vs. Trump #22 Twitter,2020-11-05 21:31:45+00:00,83998,3877,656,256,15.14453125,0.06603043590404953,5.701326222052907
Keith Olbermann,"Olbermann vs. Trump #23: Amen To Biden's Unity Message. But First, 25th Trump. Arrest Bannon, Don Jr",2020-11-06 21:36:59+00:00,272635,13596,2135,453,30.013245033112582,0.03331862312444837,5.93614172795129
Keith Olbermann,Olbermann vs. Trump #23 Twitter,2020-11-06 21:38:42+00:00,99483,4886,540,223,21.91031390134529,0.04564060581252558,5.678357106239257
Keith Olbermann,"Olbermann vs. Trump #24 - Relax! Trump's ""Re-counts"" Are Just Another MONEY SCAM!",2020-11-09 21:30:34+00:00,281582,13876,2093,505,27.477227722772277,0.03639377342173537,5.850516013097428
Keith Olbermann,Olbermann vs. Trump #25: Pompeo Was Joking? Wasn't Joking? I Don't Care. Cut Off Red State Funding.,2020-11-10 19:13:34+00:00,232312,12327,1840,284,43.40492957746479,0.023038857791839052,6.220513791797238
Keith Olbermann,Olbermann vs. Trump #27 - Ban Trump From Twitter. For Life. Stop The Coup D'Tweet.,2020-11-16 21:56:21+00:00,215938,10572,1879,428,24.700934579439252,0.040484298146046156,5.964211949726311
Keith Olbermann,Olbermann vs. Trump #27 Twitter,2020-11-16 21:56:48+00:00,117588,5789,721,237,24.426160337552744,0.04093971324926585,5.73783039085621
Keith Olbermann,Olbermann Vs. Trump #28 - Biden Must Not Shy Away From Prosecuting Trump And His Henchmen,2020-11-17 21:58:13+00:00,91259,5697,927,187,30.46524064171123,0.032824293487800596,7.463373475492828
Keith Olbermann,"Olbermann vs. Trump #29: ""The Hair Dye Coup"" Means Trump's Covid-19 Will Kill 100,000 More Americans",2020-11-19 21:48:35+00:00,258393,13391,2288,345,38.81449275362319,0.025763572548726757,6.201406384847886
Keith Olbermann,"Olbermann vs. Trump #30: GSA's Murphy Does Her Job, Transition Can Begin. Now: Jail Her For Contempt",2020-11-23 21:35:47+00:00,149185,7494,1061,186,40.29032258064516,0.024819855884707767,5.859168146931662
Keith Olbermann,Olbermann vs. Trump #30 Twitter,2020-11-23 21:38:20+00:00,112182,5359,745,252,21.265873015873016,0.047023698451203584,5.665793086234868
Keith Olbermann,"Olbermann vs. Trump #31: To Heal America, Biden Must Prosecute Trump, Family, Enablers. All Of Them.",2020-11-24 20:55:06+00:00,215147,12465,3216,899,13.865406006674082,0.07212194143602085,7.706358908095395
Keith Olbermann,Olbermann vs. Trump #32: Giuliani Has Covid-19? With All The Precautions He Took? That's Unpossible!,2020-11-25 20:45:01+00:00,302965,11677,1747,669,17.45440956651719,0.057292112700179844,4.65169243972076
Keith Olbermann,Olbermann vs. Trump #33: Trump Lawyer Wants Chris Krebs Executed. The Death Threat As A Trump Tactic,2020-12-01 04:35:45+00:00,197542,9423,1636,207,45.52173913043478,0.021967526265520534,5.703090988245537
Keith Olbermann,OLBERMANN VS. TRUMP #34: ACCOMMODATE TRUMP CULTISTS WHO WANT MARTIAL LAW? NO! F THEM!,2020-12-03 23:58:24+00:00,114794,8884,1452,117,75.93162393162393,0.013169743358847366,9.105876613760302
Keith Olbermann,OLBERMANN VS. TRUMP #35: The Devil Goes Down To Georgia - And Accidentally Concedes The Election,2020-12-06 05:31:46+00:00,108262,9022,1292,108,83.53703703703704,0.011970738195522057,9.626646468751732
Keith Olbermann,OLBERMANN VS. TRUMP #36: TRUMP BLEW IT ON VACCINES. AGAIN. HE PASSED ON 100 MILLION MORE DOSES.,2020-12-08 23:54:19+00:00,119181,9381,1305,91,103.08791208791209,0.00970045837330775,9.042548728404695
Keith Olbermann,"Olbermann Vs. Trump #37: ""Seditious Abuse"" - The Coup Attempt By The Corrupt Texas Attorney General",2020-12-11 00:32:58+00:00,193703,12386,2105,123,100.69918699186992,0.009930566768932666,7.544539836760402
Keith Olbermann,OLBERMANN VS. TRUMP #38: SCOTUS KILLS TRUMP'S TEXAS SUIT. NOW: PUNISH GOP CONGRESSMEN WHO BACKED IT.,2020-12-12 01:52:17+00:00,128625,8619,1320,105,82.08571428571429,0.012182387747998607,7.808746355685131
Keith Olbermann,OLBERMANN VS. TRUMP #39: BIDEN CALLS OUT TRUMP AND TO UNITE. BUT TRUMP'S PEOPLE DON'T WANT HEALING.,2020-12-15 02:28:11+00:00,119506,8260,1214,91,90.76923076923077,0.011016949152542373,8.003782236875136
Keith Olbermann,OLBERMANN VS. TRUMP #40: TRUMP'S COUP MEETING WAS TREASON. BIDEN MUST WARN HIM IT WILL BE PROSECUTED,2020-12-19 23:33:36+00:00,146922,8568,1391,212,40.41509433962264,0.024743230625583566,6.922720899524918
Keith Olbermann,"OLBERMANN VS. TRUMP #41: REP. MO BROOKS CONFIRMS: COUP PLOTTERS MET AT WHITE HOUSE WITH TRUMP, PENCE",2020-12-22 00:58:42+00:00,134451,7910,1104,191,41.41361256544503,0.024146649810366624,6.8463603840804454
Keith Olbermann,"OLBERMANN VS. TRUMP #42: Trump screws up Covid-19. Again. But, emerging: how to PROSECUTE him for it",2020-12-22 21:55:57+00:00,109906,6354,886,68,93.44117647058823,0.010701920050361977,6.649318508543664
Keith Olbermann,"OLBERMANN VS. TRUMP #43: After Trump's Pardon Orgy, we need a Special Counsel to prosecute them all.",2020-12-24 02:41:59+00:00,117571,8444,1801,223,37.865470852017935,0.026409284699194693,8.903556149050361
Keith Olbermann,OLBERMANN VS. TRUMP #44: 140 GOP REPS TO VOTE AGAINST BIDEN. THIS IS WAR AGAINST THE CONSTITUTION.,2021-01-01 00:03:13+00:00,113082,7901,1348,124,63.71774193548387,0.015694215922035185,8.28867547443448
Keith Olbermann,OLBERMANN VS. TRUMP #45: Ted Cruz leads new seditious “emergency audit” coup. Charge him accordingly,2021-01-02 21:19:10+00:00,132760,8522,1585,205,41.57073170731707,0.02405538605961042,7.767399819222658
Keith Olbermann,OLBERMANN VS. TRUMP #46: HE MADE HIS PERFECT PHONE CALL: IT'S NOT A SMOKING GUN. IT'S A FLAMETHROWER,2021-01-03 23:55:27+00:00,130344,9275,1726,136,68.19852941176471,0.014663072776280324,8.54431350886884
Keith Olbermann,OLBERMANN VS. TRUMP #47: TODAY'S SENATE ELECTORAL COLLEGE COUP WILL FAIL. IT WILL ALSO BE PRACTICE.,2021-01-05 21:00:11+00:00,116669,7920,1248,132,60.0,0.016666666666666666,7.971269146045651
Keith Olbermann,OLBERMANN VS. TRUMP #48: THIS WAS DONALD TRUMP'S 9/11 ATTACK ON AMERICA.,2021-01-07 00:24:03+00:00,104525,7999,1314,80,99.9875,0.010001250156269533,8.986366897871322
Keith Olbermann,OLBERMANN VS. TRUMP #49,2021-01-07 08:42:28+00:00,92074,6573,712,51,128.88235294117646,0.007759014148790507,7.96750439863588
Keith Olbermann,OLBERMANN VS. TRUMP #50: THERE WAS NO 'NEW TONE.' HIS TERRORISTS WILL NOTICE ONLY THE MISSING WORDS.,2021-01-08 02:15:18+00:00,77558,6241,695,56,111.44642857142857,0.008972921006248998,9.015188633023028
Keith Olbermann,OLBERMANN VS. TRUMP #51: Twitter's Trump-Whack-A-Mole Is Fun. Its Warning About Trump Coup II Isn't.,2021-01-09 03:04:57+00:00,131548,9407,1190,86,109.38372093023256,0.009142128202402466,8.120990056861373
Keith Olbermann,"OLBERMANN VS. TRUMP #52: IN A BORING LETTER, PELOSI DEMANDS TRUMP'S SURRENDER WITHIN 48 HOURS",2021-01-11 01:46:23+00:00,153761,8933,1255,206,43.36407766990291,0.023060561961267212,6.759841572310274
Keith Olbermann,OLBERMANN VS. TRUMP: TRUMP MUST TAKE HIS PHONY CALL FOR “HEALING AND UNITY” AND SHOVE  IT UP HIS ASS,2021-01-13 01:27:46+00:00,130750,12406,1742,121,102.52892561983471,0.009753345155569885,10.9131931166348
Keith Olbermann,OLBERMANN VS. TRUMP #54: TRUMP LOST HIS ABILITY TO PARDON ANY COUP CONSPIRATORS - INCLUDING HIMSELF.,2021-01-15 02:22:29+00:00,95217,7526,1237,51,147.5686274509804,0.006776508105235185,9.256750370207001
Keith Olbermann,OLBERMANN VS. TRUMP #55: DON'T RELAX YET. THE COUP IS STILL ALIVE. TRUMP JUST HAD A MEETING ABOUT IT,2021-01-16 00:30:12+00:00,156093,9840,1288,231,42.5974025974026,0.02347560975609756,7.277072001947557
Keith Olbermann,"OLBERMANN VS. TRUMP #56: IF THE ARMY NOW WARNS OF AN ""INSIDER ATTACK,"" WHY NOT INAUGURATE VIRTUALLY?",2021-01-18 05:08:00+00:00,114282,8241,1285,96,85.84375,0.011649071714597743,8.419523634518121
Keith Olbermann,"OLBERMANN VS MARJORIE TAYLOR GREENE. House must expel her. She's endorsed 'executing' Pelosi, Obama.",2021-01-27 00:41:56+00:00,77922,7443,767,60,124.05,0.008061265618702136,10.613177279843947
Keith Olbermann,"OLBERMANN VS:..... THE REPUBLICAN PARTY. Defending Greene, it died by suicide. It's the Q-Party Now.",2021-02-04 02:15:06+00:00,60290,6167,642,55,112.12727272727273,0.008918436841251823,11.384972632277327
Keith Olbermann,"OLBERMANN VS...THE ""MOVE ON CROWD."" Trump wanted to make Flynn FBI Director? Move ON? You're WRONG!",2021-02-06 22:30:14+00:00,63712,7640,1078,63,121.26984126984127,0.008246073298429319,13.782332998493219
Keith Olbermann,OLBERMANN VS...DEMOCRATIC LEADERS: GOP declared war on democracy. Why are we making deals with them?,2021-02-14 00:01:07+00:00,68728,6598,1028,85,77.62352941176471,0.01288269172476508,11.219590268886044
Keith Olbermann,OLBERMANN VS....PELOSI CALLS FOR 9/11 COMMISSION STYLE INVESTIGATION OF TRUMP COUP BUT WE NEED MORE.,2021-02-15 23:17:06+00:00,50095,5536,565,55,100.65454545454546,0.009934971098265896,12.28865156203214
Keith Olbermann,OLBERMANN VS...TRUMP ATTACKS McCONNELL. DON'T ANYBODY BREAK THEM UP! THIS MEANS A GOP CIVIL WAR.,2021-02-17 01:27:33+00:00,78278,6142,767,72,85.30555555555556,0.011722565939433409,8.918214568588875
Keith Olbermann,"OLBERMANN VS...McCONNELL CAVES; NOW ONLY THE DEMS CAN STOP TRUMP'S NEXT COUP. PROSECUTE, DISQUALIFY.",2021-02-26 02:13:39+00:00,64138,6726,915,126,53.38095238095238,0.01873327386262266,12.109825688359475
Keith Olbermann,"OLBERMANN VS...VACCINE SKEPTICS, PARANOIDS, NEEDLE-FEARERS. Hey! Inject it directly into your veins!",2021-03-22 00:42:14+00:00,35522,4089,515,153,26.725490196078432,0.03741746148202495,13.391700917741117
Keith Olbermann,OLBERMANN VS. THE FAKE BORDER CRISIS: A security or presidential crisis? No: It's kids we must help.,2021-03-22 22:10:30+00:00,55031,6078,770,147,41.3469387755102,0.02418558736426456,12.711017426541405
Keith Olbermann,OLBERMANN VS. APARTHEID GEORGIA: Baseball must lead the boycott and move its Atlanta All-Star Game,2021-03-27 00:09:23+00:00,60791,6095,883,158,38.575949367088604,0.025922887612797374,11.738579723972299
Keith Olbermann,OLBERMANN VS.... THEY MOVED THE ALL-STAR GAME? GREAT! NOW: BOYCOTT THE MASTERS.,2021-04-02 23:10:10+00:00,56546,5457,1082,351,15.547008547008547,0.06432105552501374,12.184769921833553
Keith Olbermann,OLBERMANN VS. THE VACCINE HESITANT: I went to a hockey game. Never thought I might die. GET THE SHOT,2021-04-07 03:41:04+00:00,51077,5121,698,129,39.69767441860465,0.025190392501464556,11.645163184995203
Keith Olbermann,OLBERMANN VS. MoRON DeSANTIS: The market has already decided. Vaccine Passports are already here.,2021-04-08 23:20:35+00:00,53443,4133,813,263,15.714828897338403,0.06363416404548754,9.746833074490578
Keith Olbermann,OLBERMANN VS. TRUMP'S 2025 COUP: Spying on the WaPo underscores it. Biden must decapitate GOP threat,2021-05-08 01:27:04+00:00,58676,6122,891,82,74.65853658536585,0.013394315583142764,12.091826300361307
Keith Olbermann,"OLBERMANN VS...""TOO SOON"" FOR A 1/6 COMMISSION? FINE. KILL IT. GO STRAIGHT TO A SPECIAL PROSECUTOR.",2021-05-24 21:57:08+00:00,55887,6815,855,54,126.20370370370371,0.007923697725605283,13.820745432748224
Keith Olbermann,OLBERMANN VS...THE GOP PUTSCH IN TEXAS MUST BE MET AS WE WOULD ANY OTHER TERRORIST THREAT.,2021-05-30 21:44:14+00:00,55013,6675,860,85,78.52941176470588,0.012734082397003745,13.851271517641283
Keith Olbermann,OLBERMANN VS..MICHAEL FLYNN. IT MUST BE BIDEN WHO CALLS FOR HIS ARREST. DEMOCRACY MUST DEFEND ITSELF,2021-06-01 00:49:23+00:00,105704,10923,2048,320,34.134375,0.029295980957612378,12.573790963445092
Keith Olbermann,OLBERMANN VS...TRUMP RESUMES HIS SCAMPAIGN WHILE WE HESITATE TO INDICT AND ARREST HIM AND THE CABAL.,2021-06-04 22:48:33+00:00,80879,7632,1085,131,58.25954198473283,0.017164570230607967,10.939798958938661
Keith Olbermann,"BREAKING NEWS: PELOSI WILL NAME A HOUSE SELECT COMMITTEE TO INVESTIGATE 1/6 COUP. AND, THUSLY, TRUMP",2021-06-23 00:37:24+00:00,57841,7396,895,67,110.38805970149254,0.00905895078420768,14.449957642502723
Keith Olbermann,"OLBERMANN VS...TUCKER CARLSON. DID HE ADMIT EMAILING A FOREIGN ENTITY, INTENT ON HURTING THE U.S.?",2021-06-30 02:35:18+00:00,58701,6528,959,160,40.8,0.024509803921568627,13.027035314560228
Keith Olbermann,OLBERMANN VS...THERE'S AN EASTER EGG IN THE 1/6 COMMISSION. PELOSI SELECTS ALL OF ITS MEMBERS!,2021-07-01 01:35:31+00:00,65055,6681,764,65,102.78461538461538,0.00972908247268373,11.544078087771885
Keith Olbermann,OLBERMANN VS...THE 4TH OF JULY TRUMPIAN WHITE SUPREMACISTS PARADE IN PHILADELPHIA.,2021-07-05 04:34:46+00:00,69385,7744,963,151,51.28476821192053,0.01949896694214876,12.7664480795561
Keith Olbermann,"OLBERMANN VS. TRUMP: IT’S NOT THAT HE PRAISED HITLER IN 2018, IT’S WHY WAS JOHN KELLY “STUNNED”?",2021-07-08 00:51:08+00:00,95032,8898,1395,161,55.267080745341616,0.018093953697460103,11.000505093021298
Keith Olbermann,OLBERMANN VS...STEPHEN A. SMITH'S OHTANI COMMENTS AND HOW THEY THREATEN THE ASIAN-AMERICAN COMMUNITY,2021-07-13 02:46:40+00:00,49069,5088,580,56,90.85714285714286,0.0110062893081761,11.665206138295053
Keith Olbermann,OLBERMANN VS THE 2ND AMENDMENT. THAT THERE WAS NO PLAN TO SHOOT UP THE ALL-STAR GAME ISN'T GOOD NEWS,2021-07-13 21:36:13+00:00,56540,5953,1921,443,13.437923250564333,0.07441626070888628,14.70993986558189
Keith Olbermann,OLBERMANN VS...UNVACCINATED ATHLETES WHO THREATEN THE GAMES AND ENABLE ANTI-VAX COWARDS - GET. OUT.,2021-07-16 01:24:08+00:00,44814,5104,1061,299,17.070234113712374,0.05858150470219436,14.42406390859999
Keith Olbermann,OLBERMANN VS…THE NYC WILDFIRE SMOKE AND ACRID SMELL. IT’S FROM THE CALIFORNIA AND OREGON FIRES.,2021-07-20 22:33:59+00:00,25706,2553,432,47,54.319148936170215,0.018409714061887975,11.794911693767991
Keith Olbermann,OLBERMANN VS…THE NYC WILDFIRE SMOKE AND ACRID SMELL. IT’S FROM THE NORTHWEST FIRES (Updated Video).,2021-07-21 00:31:08+00:00,32895,3053,375,57,53.56140350877193,0.018670160497870947,10.594315245478036
Keith Olbermann,"AFTER POLICE TESTIMONY TO THE 1/6 COMMITTEE, IS IT TIME TO DECLARE THE GOP A TERRORIST ORGANIZATION?",2021-07-28 01:33:58+00:00,55889,7239,1238,165,43.872727272727275,0.022793203481143803,15.462792320492404
Keith Olbermann,"OLBERMANN VS...McCARTHY'S EXCUSE FOR TALKING OF HITTING PELOSI. IS HE STONED? NO, SERIOUSLY - IS HE?",2021-08-02 00:22:57+00:00,67542,6239,992,139,44.884892086330936,0.02227921141208527,10.911728998252938
Keith Olbermann,"AUGUST 8, 1981 - MY FIRST WEIRD CNN SPORTS PIECE",2021-08-03 22:12:21+00:00,13654,1044,156,56,18.642857142857142,0.05363984674329502,9.19876959132855
Keith Olbermann,"FEBRUARY 5, 1982. KEITH OLBERMANN: 1ST TIME READING A PROMPTER, 1ST TIME ON LIVE TV, 1ST COMMENTARY!",2021-08-03 22:28:52+00:00,21854,1250,267,86,14.534883720930232,0.0688,7.335041639974375
Keith Olbermann,"AUGUST 10, 1981 - ACTUAL CNN SPORTS REPORTING ON BUSINESSES AFFECTED BY THE BASEBALL STRIKE ENDING",2021-08-03 23:08:05+00:00,17798,822,165,124,6.629032258064516,0.15085158150851583,6.242274412855377
Keith Olbermann,"The Legacy of 9/11 is not those we mourn. It's cruelty with which we responded which now blights us,",2021-09-10 21:37:59+00:00,41226,4146,635,310,13.374193548387098,0.07477086348287507,12.34900305632368
Keith Olbermann,"LET'S STOP THE PLEASANT EUPHEMISMS: They aren't ""anti-Vax."" They're AFRAID OF GETTING VACCINATED!",2021-10-01 22:59:25+00:00,101916,5221,8490,6056,0.8621202113606341,1.159931047692013,19.39538443423996
Keith Olbermann,"Hey, do you know I started a daily Podcast version of Countdown With Keith Olbermann?",2022-10-31 12:30:01+00:00,25895,3880,539,709,5.4724964739069115,0.1827319587628866,19.80305078200425
Keith Olbermann,Preview of Friday's Countdown Podcast,2022-11-04 04:34:08+00:00,16098,1758,284,1248,1.4086538461538463,0.7098976109215017,20.437321406385887
Keith Olbermann,Monday's Countdown Preview,2022-12-19 06:58:50+00:00,10096,885,171,425,2.0823529411764707,0.480225988700565,14.66917591125198
Keith Olbermann,George Santos: It's Kind Of A Drag. New Countdown preview. Listen here: https://tinyurl.com/2rzhdjb7,2023-01-19 05:03:03+00:00,10860,1227,125,37,33.16216216216216,0.03015484922575387,12.790055248618785
Keith Olbermann,"Tucker Carlson '21 text: ""I hate Trump passionately."" WEDS. COUNTDOWN: https://tinyurl.com/4xmppyjr",2023-03-08 05:02:00+00:00,7915,1000,101,11,90.9090909090909,0.011,14.04927353126974
Keith Olbermann,"Judge: ""DOJ moves in a few months, I suspect"" against Trump. COUNTDOWN: https://tinyurl.com/w4jpmbad",2023-04-12 04:13:40+00:00,6931,874,79,4,218.5,0.004576659038901602,13.807531380753138
Keith Olbermann,JEFF'S HADLEY GAMBLE LEAVES HIM A SHELL OF HIS OLD SELF. Monday podcast https://tinyurl.com/32jek5us,2023-04-24 05:25:04+00:00,7458,733,53,6,122.16666666666667,0.008185538881309686,10.619469026548673
Keith Olbermann,HOW SIDNEY POWELL GOT TUCKER CARLSON FIRED. Tuesday Countdown podcast: https://tinyurl.com/mcjwdewe,2023-04-25 04:45:31+00:00,13923,1400,89,30,46.666666666666664,0.02142857142857143,10.910005027652087
Keith Olbermann,"CNN WHORES ITSELF OUT FOR TRUMP ""TOWN HALL"" Tues. Countdown podcast: https://tinyurl.com/mv6ky7s6",2023-05-02 04:10:00+00:00,10254,1201,252,265,4.532075471698113,0.2206494587843464,16.7544372927638
Keith Olbermann,TRUMP'S SNITCH AND CLARENCE'S KID. Hear the Friday Countdown Podcast: https://tinyurl.com/yckepewd,2023-05-05 04:10:00+00:00,9472,1018,70,22,46.27272727272727,0.021611001964636542,11.71875
Keith Olbermann,Witch-Hunt Update: Jury says Trump IS a Witch. WEDS. COUNTDOWN PODCAST: https://tinyurl.com/2d4cbrdn,2023-05-10 04:10:00+00:00,9801,1158,106,151,7.66887417218543,0.1303972366148532,14.437302316090195
Keith Olbermann,THE HINDENBURG OF TV NEWS: CNN implodes in Trump Show COUNTDOWN PODCAST https://tinyurl.com/vnakv635,2023-05-11 04:10:00+00:00,22979,2673,392,57,46.89473684210526,0.02132435465768799,13.586317942469211
Keith Olbermann,CNN Chair reportedly bullies lone internal critic. SATURDAY PODCAST: https://tinyurl.com/ykc2h9bp,2023-05-13 04:10:00+00:00,15198,1618,162,214,7.5607476635514015,0.13226205191594562,13.120147387814185
Keith Olbermann,Lawsuit: Giuliani offered Trump pardons for $2M TUE. COUNTDOWN PODCAST: https://tinyurl.com/43v2arp4,2023-05-16 04:10:00+00:00,15427,1618,126,8,202.25,0.004944375772558714,11.356712257729953
Keith Olbermann,Licht and Boss in metaphorical 'CNN Suicide Pact' FRI COUNTDOWN PODCAST https://tinyurl.com/4wxc2hwb,2023-05-19 04:10:00+00:00,13212,1347,142,102,13.205882352941176,0.0757238307349666,12.042082954889494
Keith Olbermann,"INVOKE THE 14th AND KNEE McCARTHY. Monday Countdown Podcast, here: https://tinyurl.com/4btazzrz",2023-05-22 04:10:01+00:00,12480,1346,142,8,168.25,0.005943536404160475,11.987179487179487
Keith Olbermann,MULTIPLE WITNESSES TO TRUMP'S ESPIONAGE. Friday Countdown Podcast: https://tinyurl.com/mr27yvbw,2023-05-26 04:10:00+00:00,22264,2161,187,109,19.825688073394495,0.05043961129106895,11.035752784764643
Keith Olbermann,Trump Tape: admits DIDN'T declassify Iran Doc. THUR. COUNTDOWN PODCAST: https://tinyurl.com/y9yvz2sw,2023-06-01 04:10:00+00:00,10926,1372,158,19,72.21052631578948,0.013848396501457727,14.177192019037161
Keith Olbermann,Smith to ask for Trump indictment? Offer plea? MONDAY COUNTDOWN PODCAST https://tinyurl.com/3ypzze5u,2023-06-05 04:10:00+00:00,16286,1419,188,10,141.9,0.007047216349541931,9.928773179417904
Keith Olbermann,TRUMP EXPECTS TO BE INDICTED; IT'S THE END GAME Tue. Countdown Podcast: https://tinyurl.com/2kdjdab4,2023-06-06 04:10:00+00:00,15720,1510,111,117,12.905982905982906,0.07748344370860927,11.055979643765903
Keith Olbermann,BULLETIN: TRUMP MAKES NEW STOCHASTIC TERROR THREAT Podcast update here: https://tinyurl.com/47nw9zua,2023-06-06 18:50:51+00:00,19778,2072,241,167,12.407185628742514,0.0805984555984556,12.539184952978054
Keith Olbermann,MEADOWS FLIPS; TRUMP PANICS; INDICTMENTS IMMINENT Wed.Countdown Podcast https://tinyurl.com/8yzuvku7,2023-06-07 04:10:00+00:00,20863,2050,186,10,205.0,0.004878048780487805,10.765469970761636
Keith Olbermann,GRAND JURY TO BE ASKED TO INDICT TRUMP AS EARLY AS TODAY Thur.Countdown https://tinyurl.com/y2542dv9,2023-06-08 04:02:50+00:00,19881,1960,182,134,14.626865671641792,0.06836734693877551,11.448116291937026
Keith Olbermann,TRUMP INDICTED ON SEVEN COUNTS: Friday Countdown Podcast https://tinyurl.com/n253xaku,2023-06-09 04:29:16+00:00,24597,2389,275,51,46.84313725490196,0.021347844286312263,11.037931455055494
Keith Olbermann,I AM ONLY SORRY TRUMP'S IS NOT A CAPITAL CASE special weekend podcast: https://tinyurl.com/2bj5j5x2,2023-06-10 04:10:55+00:00,21714,2150,301,29,74.13793103448276,0.013488372093023256,11.421202910564613
Keith Olbermann,SOMETHING HAS HAPPENED: HALEY AND SCOTT ATTACK TRUMP Tuesday Podcast: https://tinyurl.com/2p9bfa8n,2023-06-13 04:09:00+00:00,23039,2238,251,25,89.52,0.011170688114387846,10.911931941490515
Keith Olbermann,ISRAEL THINKS TRUMP DAMAGED ITS SECURITY Thursday Countdown Podcast: https://tinyurl.com/454ux8tz,2023-06-15 04:09:00+00:00,17045,1904,199,48,39.666666666666664,0.025210084033613446,12.619536520973892
Keith Olbermann,"TRUMP DEMANDS DOJ RETURNS ""HIS"" DOCUMENTS Friday Countdown Podcast: https://tinyurl.com/3hff37na",2023-06-16 04:21:56+00:00,20617,2054,199,18,114.11111111111111,0.008763388510223954,11.01518164621429
Keith Olbermann,"TRUMP IGNORES LAWYERS, GETS COUNSEL FROM ENGLISH MAJOR Weekend Podcast: https://tinyurl.com/3hff37na",2023-06-17 12:00:44+00:00,23386,2370,318,60,39.5,0.02531645569620253,11.750620029077226
Keith Olbermann,IS SMITH GOING TO INDICT TRUMP FOR PRESSURING MIKE PENCE? Mon. Podcast: https://tinyurl.com/32yds737,2023-06-19 04:09:00+00:00,17995,1796,172,61,29.442622950819672,0.03396436525612472,11.27535426507363
Keith Olbermann,BIDEN MUST FIRE GARLAND FOR STALLING TRUMP PROBE Tue.Countdown Podcast: https://tinyurl.com/muauhjat,2023-06-20 04:10:00+00:00,12902,1611,268,285,5.652631578947369,0.17690875232774675,16.772593396372656
Keith Olbermann,ALITO DENIES HE HAS HIS OWN HARLAN CROW Wednesday Countdown Podcast: https://tinyurl.com/3en699mh,2023-06-21 04:10:00+00:00,12768,1568,130,5,313.6,0.0031887755102040817,13.338032581453636
Keith Olbermann,WHY DID ALITO NEED A RULE TO KNOW NOT TO BE A WHORE? Thu.Countdown Pod: https://tinyurl.com/4xydaw5j,2023-06-22 04:09:40+00:00,12890,1640,137,0,,0.0,13.785880527540728
Keith Olbermann,TRUMP IN FULL PANIC; ALITO IN MORE TROUBLE. Friday Countdown Podcast: https://tinyurl.com/2p9xh3jp,2023-06-23 05:33:59+00:00,17444,1962,135,24,81.75,0.012232415902140673,12.158908507223114
Keith Olbermann,TRUMP 'FAKE ELECTORS' INDICTMENTS COMING SOON Monday Countdown Podcast: https://tinyurl.com/2cuhc47y,2023-06-26 04:09:00+00:00,14954,1614,100,19,84.94736842105263,0.011771995043370507,11.588872542463555
Keith Olbermann,JACK SMITH NEARS INDICTMENTS ON FAKE ELECTORS - 6.26.23  | Countdown with Keith Olbermann,2023-06-26 20:31:26+00:00,25269,2522,318,21,120.0952380952381,0.008326724821570182,11.322173414064665
Keith Olbermann,TRUMP CAUGHT ON TAPE NARRATING CRIMES AS HE COMMITS THEM Tues. Podcast: https://tinyurl.com/p3dcf9uv,2023-06-27 04:17:38+00:00,14436,1831,166,56,32.69642857142857,0.030584380120152924,14.221390967026878
Keith Olbermann,TRUMP CAUGHT ON TAPE NARRATING HIS OWN ESPIONAGE CRIMES - 6.27.23 | Countdown with Keith Olbermann,2023-06-27 13:56:35+00:00,21414,2186,323,10,218.6,0.004574565416285453,11.7633323993649
Keith Olbermann,WHO ARE THE OTHER TWO PEOPLE ON THE TRUMP CONFESSION TAPE - 6.28.23 | Countdown with Keith Olbermann,2023-06-28 12:07:28+00:00,32336,2877,387,23,125.08695652173913,0.007994438651372959,10.165141019297378
Keith Olbermann,DID THE OTHER PEOPLE ON THE TRUMP CONFESSION TAPE FLIP ON HIM? Wed.Pod: https://tinyurl.com/3hum2cny,2023-06-29 04:10:00+00:00,12563,1527,130,7,218.14285714285714,0.0045841519318926,13.24524397038924
Keith Olbermann,RUDY OFFERS TO FLIP - 6.29.23 | Countdown with Keith Olbermann,2023-06-29 11:30:27+00:00,40627,3076,307,124,24.806451612903224,0.04031209362808843,8.632190415241096
Keith Olbermann,SMITH PREPS 30 TO 45 MORE CHARGES AGAINST TRUMP Fri. Countdown Podcast: https://tinyurl.com/2s3eyezz,2023-06-30 04:10:00+00:00,9614,1151,70,24,47.958333333333336,0.020851433536055605,12.949864780528397
Keith Olbermann,RUDY GIULIANI OFFERS TO FLIP TO SPECIAL COUNSEL Thur.Countdown Podcast: https://tinyurl.com/58dr4hxu,2023-06-30 04:10:00+00:00,12940,1386,69,10,138.6,0.007215007215007215,11.321483771251932
Keith Olbermann,30 TO 45 MORE TRUMP INDICTMENTS - AND RUDY TOO! 6.30.23 | Countdown with Keith Olbermann,2023-06-30 12:00:46+00:00,69222,4858,639,172,28.24418604651163,0.0354055166735282,8.18959290399006
Keith Olbermann,TRUMP'S STOCHASTIC TERRORIST STALKS OBAMA - Thursday Countdown Podcast: https://tinyurl.com/3a5f3397,2023-07-06 04:10:00+00:00,10950,1543,169,31,49.774193548387096,0.020090732339598186,15.917808219178081
Keith Olbermann,TRUMP DOXXED OBAMA; TRUMP'S STOCHASTIC TERRORIST - 7.6.23 | Countdown with Keith Olbermann,2023-07-06 12:00:25+00:00,35153,3066,470,77,39.81818181818182,0.02511415525114155,10.277927915113931
Keith Olbermann,OBAMA-HUNTING TRUMP STOCHASTIC TERRORIST DETAINED FOR A WEEK Countdown: https://tinyurl.com/2n2fcabs,2023-07-07 04:10:00+00:00,9731,1115,70,15,74.33333333333333,0.013452914798206279,12.331723358339328
Keith Olbermann,JUDGE DETAINS TRUMP'S OBAMA-HUNTING TERRORIST FOR A WEEK - 7.7.23 | Countdown with Keith Olbermann,2023-07-07 12:00:22+00:00,30311,2545,316,28,90.89285714285714,0.01100196463654224,9.53119329616311
Keith Olbermann,THREADS CROSSES 100 MILLION USERS Hear the Monday Countdown Podcast: https://tinyurl.com/47me6889,2023-07-10 04:10:00+00:00,11257,1434,169,8,179.25,0.005578800557880056,14.311095318468508
Keith Olbermann,"AS 'THREADS' PASSES 100 MILL; MUSK HAS TO ASK FOR A BAILOUT, RIGHT? | Countdown with Keith Olbermann",2023-07-10 12:00:02+00:00,31096,2574,437,103,24.990291262135923,0.040015540015540016,10.014149729868793
Keith Olbermann,"KEY GOP HUNTER BIDEN ""WITNESS"" IS AN INDICTED CHINESE SPY Tue.Countdown https://tinyurl.com/27bfaj8a",2023-07-11 04:10:00+00:00,14100,1714,156,52,32.96153846153846,0.030338389731621937,13.631205673758865
Keith Olbermann,"THE ENTIRE GOP HUNTER BIDEN ""SCANDAL"" CRASHES. IT'S COMEUPPANCE DAY | Countdown with Keith Olbermann",2023-07-11 12:00:26+00:00,28292,3102,379,117,26.512820512820515,0.037717601547388784,12.717375936660542
Keith Olbermann,DOES THE GOP KNOW WHERE THEIR MAN GAL LUFT IS? Weds. Countdown Podcast: https://tinyurl.com/pw9529nb,2023-07-12 04:10:00+00:00,10440,1309,97,35,37.4,0.026737967914438502,13.802681992337165
Keith Olbermann,DOES THE GOP KNOW WHERE THEIR FUGITIVE GAL LUFT IS? 7.12.23 | Countdown with Keith Olbermann,2023-07-12 12:00:47+00:00,22341,1997,250,6,332.8333333333333,0.0030045067601402104,10.084597824627368
Keith Olbermann,DEMS DEMAND GAL LUFT/JAMES COMER SCANDAL PROBES Thu. Countdown Podcast: https://tinyurl.com/yck9db5m,2023-07-13 04:10:00+00:00,10345,1285,79,27,47.592592592592595,0.021011673151750974,13.446109231512809
Keith Olbermann,DEMS DEMAND GAL LUFT/JAMES COMER INVESTIGATION - 7.13.23 | Countdown with Keith Olbermann,2023-07-13 12:00:02+00:00,22312,2012,284,47,42.808510638297875,0.023359840954274354,10.5010756543564
Keith Olbermann,"HAVE COMER & LUFT ""JEOPARDIZED HOMELAND SECURITY TO HELP TRUMP?"" pod: https://tinyurl.com/udwxah3s",2023-07-14 04:10:00+00:00,9572,1146,74,15,76.4,0.013089005235602094,12.902214793146676
Keith Olbermann,"HAVE LUFT AND COMER ""JEOPARDIZED HOMELAND SECURITY TO HELP TRUMP"" | Countdown with Keith Olbermann",2023-07-14 12:00:37+00:00,23219,2041,290,10,204.1,0.004899559039686428,10.082260217924976
Keith Olbermann,WHY DID TRUMP IMPLY HE WAS INDICTED UNDER THE INSURRECTION ACT? Mon.Pod https://tinyurl.com/yxpdwn7j,2023-07-17 04:10:00+00:00,16571,1849,132,15,123.26666666666667,0.008112493239588967,12.04513909842496
Keith Olbermann,WAS TRUMP TOLD HE'LL BE PROSECUTED FOR INSURRECTION? 7.17.23 | Countdown with Keith Olbermann,2023-07-17 13:16:58+00:00,29342,2458,331,14,175.57142857142858,0.005695687550854353,9.552859382455184
Keith Olbermann,"JUDGE CANNON, TRUMP, AND CLIMATE CHANGE - Tuesday Countdown Podcast: https://tinyurl.com/3mumd8cn",2023-07-18 04:09:00+00:00,10661,1176,95,25,47.04,0.021258503401360544,12.156458118375387
Keith Olbermann,JUDGE CANNON WILL NOW DECIDE WHETHER WE LIVE OR DIE - 7.18.23 | Countdown with Keith Olbermann,2023-07-18 11:55:12+00:00,23558,2061,264,1,2061.0,0.00048520135856380397,9.873503693012989
Keith Olbermann,"TRUMP INDICTMENTS TO CENTER ON PENCE, FAKE ELECTORS - 7.19.23 | Countdown with Keith Olbermann",2023-07-19 12:00:27+00:00,27848,2238,344,56,39.964285714285715,0.025022341376228777,9.472852628555014
Keith Olbermann,SMITH TO INDICT TRUMP FOR TRYING TO RIG ELECTION! Thu.Countdown Podcast https://tinyurl.com/2mfbyyka,2023-07-20 04:09:11+00:00,8820,1112,95,29,38.3448275862069,0.026079136690647483,14.013605442176871
Keith Olbermann,"NEW TRUMP INDICTMENTS CENTER ON ELECTORS, PENCE Weds.Countdown Podcast: https://tinyurl.com/2djvarue",2023-07-20 04:10:00+00:00,7530,1056,61,13,81.23076923076923,0.01231060606060606,15.0066401062417
Keith Olbermann,SMITH POISED TO INDICT TRUMP FOR...RIGGING THE ELECTION! 7.20.23 | Countdown with Keith Olbermann,2023-07-20 12:00:16+00:00,23565,2206,273,20,110.3,0.009066183136899365,10.604710375556971
Keith Olbermann,JACK SMITH! YOU ARE ON THE CLOCK! Friday Countdown Podcast: https://tinyurl.com/2mbm8343,2023-07-21 04:21:32+00:00,11862,1347,71,25,53.88,0.01855976243504083,12.16489630753667
Keith Olbermann,JACK SMITH IS ON THE CLOCK - 7.21.23 | Countdown with Keith Olbermann,2023-07-21 12:00:55+00:00,28720,2258,287,23,98.17391304347827,0.010186005314437556,8.94150417827298
Keith Olbermann,TRUMP COULD BE INDICTED FOR 1/6 - TODAY Tuesday Countdown Podcast: https://tinyurl.com/4m6c4c2x,2023-07-25 04:29:56+00:00,9876,1207,81,10,120.7,0.008285004142502071,13.142972863507493
Keith Olbermann,NEW TRUMP INDICTMENTS COULD COME TODAY (OR NOT!) 7.25.23 | Countdown with Keith Olbermann,2023-07-25 12:00:37+00:00,22025,1826,204,29,62.96551724137931,0.01588170865279299,9.348467650397275
Keith Olbermann,"IF THEY DIDN'T, WHY DID TRUMP POST THEY ""ARE NOW INDICTING ME""? Wed.Pod https://tinyurl.com/2u2uwn74",2023-07-26 04:09:00+00:00,12898,1450,118,19,76.3157894736842,0.01310344827586207,12.304233214451852
Keith Olbermann,"WHY DID TRUMP WRITE: THEY ""ARE NOW INDICTING ME""? 7.26.23 | Countdown with Keith Olbermann",2023-07-26 12:00:24+00:00,24969,2086,236,14,149.0,0.006711409395973154,9.355600945172013
Keith Olbermann,WHAT IF THAT HAD BEEN BIDEN AND NOT McCONNELL? Thur. Countdown Podcast: https://tinyurl.com/56uvbner,2023-07-27 04:09:00+00:00,22861,1941,254,53,36.62264150943396,0.02730551262235961,9.83334062376974
Keith Olbermann,WHAT HELL WOULD GOP HAVE CAUSED HAD THAT BEEN BIDEN? 7.27.23 | Countdown with Keith Olbermann,2023-07-27 12:00:56+00:00,46221,2617,492,56,46.732142857142854,0.021398547955674436,6.847536833906666
Keith Olbermann,"""THE BOSS WANTED THE SERVER DELETED"" Hear the Friday Countdown Podcast: https://tinyurl.com/yn9rsyve",2023-07-28 04:08:00+00:00,12310,1495,152,19,78.6842105263158,0.012709030100334449,13.533712428919578
Keith Olbermann,"""THE BOSS WANTED THE SERVER DELETED"" - 7.28.23 | Countdown with Keith Olbermann",2023-07-28 12:00:54+00:00,57846,3389,658,16,211.8125,0.00472115668338743,7.023821871866681
Keith Olbermann,IS TRUMP TERRIFIED DE OLIVEIRA IS ABOUT TO FLIP? Mon. Countdown Podcast https://tinyurl.com/mpap6kav,2023-07-31 04:09:00+00:00,24174,1814,118,70,25.914285714285715,0.03858875413450937,8.281624886241417
Keith Olbermann,I THINK TRUMP BELIEVES DE OLIVEIRA IS ABOUT TO FLIP - 7.31.23 | Countdown with Keith Olbermann,2023-07-31 11:51:30+00:00,59898,3172,459,68,46.64705882352941,0.021437578814627996,6.175498347190223
Keith Olbermann,TRUMP 1/6 AND GEORGIA INDICTMENTS IMMINENT? Tuesday Countdown Podcast: https://tinyurl.com/2y7k9bm7,2023-08-01 04:09:00+00:00,10827,1394,123,18,77.44444444444444,0.01291248206599713,14.177519165050336
Keith Olbermann,TRUMP 1/6 AND GEORGIA INDICTMENTS IMMINENT? 8.1.23 | Countdown with Keith Olbermann,2023-08-01 13:03:01+00:00,33291,2565,405,17,150.88235294117646,0.006627680311890838,8.9723949415758
Keith Olbermann,POST-TRUMP-INDICTMENT SPECIAL: The Wednesday Countdown Podcast: https://tinyurl.com/57wecpdy,2023-08-02 04:49:45+00:00,15461,1903,202,76,25.039473684210527,0.039936941671045716,14.106461419054394
Keith Olbermann,"SMITH CHARGES TRUMP WITH INSURRECTION, SEDITION, & TERRORISM 8.2.23 | Countdown with Keith Olbermann",2023-08-02 12:00:43+00:00,48698,3606,675,25,144.24,0.006932889628397116,8.8422522485523
Keith Olbermann,TRUMP'S NEW DEFENSE: JOHN EASTMAN DID IT! Thursday Countdown Podcast: https://tinyurl.com/63b52e6b,2023-08-03 04:09:00+00:00,34487,2056,255,13,158.15384615384616,0.00632295719844358,6.738771131150869
Keith Olbermann,TRUMP'S NEW DEFENSE: JOHN EASTMAN DID IT! - 8.3.23 | Countdown with Keith Olbermann,2023-08-03 12:00:04+00:00,84576,3374,572,292,11.554794520547945,0.08654416123295791,5.010877790389709
Keith Olbermann,JUDGE SUPER-CHARGES TRUMP COUP TRIAL SCHEDULE Friday Countdown Podcast: https://tinyurl.com/mu4khwue,2023-08-04 04:09:00+00:00,22708,1918,184,48,39.958333333333336,0.02502606882168926,9.468028888497445
Keith Olbermann,IS THAT A TRUMP ROCKET DOCKET IN YOUR POCKET? 8.4.23 | Countdown with Keith Olbermann,2023-08-04 12:00:22+00:00,53339,2975,472,105,28.333333333333332,0.03529411764705882,6.659292450177169
Keith Olbermann,"TRUMP THREATENS PROSECUTORS, WITNESSES: Countdown Bulletin Podcast: https://tinyurl.com/msz8dzz5",2023-08-05 00:20:55+00:00,81444,6448,1045,481,13.405405405405405,0.07459677419354839,9.790776484455577
Keith Olbermann,"BULLETIN: TRUMP VIOLATES RELEASE TERMS, MUST BE DETAINED - 8.4.23 | Countdown with Keith Olbermann",2023-08-05 10:00:30+00:00,147913,7255,1550,481,15.083160083160083,0.06629910406616127,6.278014778957901
Keith Olbermann,LOCK HIM UP (OR: BRING HIM IN AND SCARE HIM) Monday Countdown Podcast: https://tinyurl.com/fn6pxdcp,2023-08-07 04:09:07+00:00,22251,2270,291,26,87.3076923076923,0.01145374449339207,11.626443755336838
Keith Olbermann,LOCK HIM UP (OR AT LEAST: BRING HIM IN) - 8.7.23 | Countdown with Keith Olbermann,2023-08-07 12:00:27+00:00,63137,3976,716,119,33.411764705882355,0.02992957746478873,7.619937596021351
Keith Olbermann,TRUMP DECLARES LEGAL WAR ON BIDEN'S COFFEE MUG Tues.Countdown Podcast: https://tinyurl.com/yckfznjy,2023-08-08 04:09:00+00:00,26006,2249,204,171,13.152046783625732,0.07603379279679857,10.089979235561024
Keith Olbermann,TRUMP'S LEGAL WAR AGAINST BIDEN'S COFFEE MUG - 8.8.23 | Countdown with Keith Olbermann,2023-08-08 12:00:29+00:00,67572,3518,501,24,146.58333333333334,0.006822057987492893,5.983247498964068
Keith Olbermann,IS SMITH PREPARING A 3RD TRUMP INDICTMENT? A 4TH? Wed.Countdown Podcast https://tinyurl.com/5be7szev,2023-08-09 04:09:00+00:00,15745,1645,138,11,149.54545454545453,0.006686930091185411,11.394093362972372
Keith Olbermann,SMITH PREPARING A 3RD TRUMP INDICTMENT? MAYBE A 4TH? 8.9.23 | Countdown with Keith Olbermann,2023-08-09 12:00:29+00:00,46468,2948,470,5,589.6,0.0016960651289009499,7.366359645347336
Keith Olbermann,"SMITH WANTED TRUMP'S DMs, DRAFTS, DELETED STUFF Thu. Countdown Podcast: https://tinyurl.com/4kevszh2",2023-08-10 04:09:00+00:00,15088,1793,135,6,298.8333333333333,0.0033463469046291134,12.818133616118772
Keith Olbermann,SMITH DIDN'T WANT TRUMP'S TWEETS! HE WANTED HIS DMs & DRAFT 8.10.23 | Countdown with Keith Olbermann,2023-08-10 09:00:39+00:00,57257,3770,625,133,28.345864661654137,0.035278514588859416,7.908203363780848
Keith Olbermann,FEDERALIST SOCIETY SCHOLARS: TRUMP IS INELIGIBLE Fri.Countdown Podcast: https://tinyurl.com/yck3sv34,2023-08-11 04:09:00+00:00,19308,2349,335,26,90.34615384615384,0.011068539804171988,14.035632898280506
Keith Olbermann,FEDERALIST SOCIETY LAWYERS SAY TRUMP IS INELIGIBLE TO RUN - 8.11.23 | Countdown with Keith Olbermann,2023-08-11 09:00:35+00:00,65195,4082,852,18,226.77777777777777,0.004409603135717786,7.595674514916788
Keith Olbermann,"GAME-CHANGER: TRUMP ""INELIGIBLE"" FOR PRESIDENCY Weekend Countdown Pod: https://tinyurl.com/yck3sv34",2023-08-12 15:15:01+00:00,15322,2040,253,16,127.5,0.00784313725490196,15.069834225296958
Keith Olbermann,"BREAKING: TRUMP SNAPS, ATTACKS JUDGE, SMITH. Monday Countdown Podcast: https://tinyurl.com/43tv3zh3",2023-08-14 06:59:12+00:00,13022,1522,156,23,66.17391304347827,0.015111695137976347,13.062509599139918
Keith Olbermann,TRUMP DEFIES JUDGE CHUTKAN'S ORDER. SHE MUST CRUSH HIM. 8.14.23 | Countdown with Keith Olbermann,2023-08-14 08:51:16+00:00,53349,3633,691,90,40.36666666666667,0.02477291494632535,8.273819565502635
Keith Olbermann,"UPDATE: TRUMP SNAPS, ATTACKS JUDGE. SHE MUST CRUSH HIM - 8.14.23 | Countdown with Keith Olbermann",2023-08-14 15:56:24+00:00,40487,2856,512,323,8.842105263157896,0.1130952380952381,9.116506532961198
Keith Olbermann,TRUMP INDICTED ON 13 COUNTS. MIGHT NOT GET BAIL. Tue.Countdown Podcast: https://tinyurl.com/urv434a9,2023-08-15 04:58:54+00:00,22057,2789,380,59,47.271186440677965,0.021154535675869487,14.634809810944372
Keith Olbermann,TRUMP INDICTED ON 13 COUNTS; COULD HE BE REFUSED BAIL? 8.15.23 | Countdown with Keith Olbermann,2023-08-15 09:00:23+00:00,60086,4028,747,15,268.53333333333336,0.003723932472691162,7.9719069333954655
Keith Olbermann,"JACK SMITH HAS TRUMP'S DMs, DELETED DMs - AND DRAFTS! 8.16.23 | Countdown with Keith Olbermann",2023-08-16 09:00:23+00:00,53524,3907,592,18,217.05555555555554,0.004607115433836704,8.439204842687392
Keith Olbermann,SMITH HAS TRUMP'S DELETED AND DRAFT DMs! Wednesday Countdown Podcast: https://tinyurl.com/3r6dww89,2023-08-17 04:09:00+00:00,16706,1875,161,4,468.75,0.0021333333333333334,12.211181611397102
Keith Olbermann,"AMERICA IS NOT ""DIVIDED OVER TRUMP."" IT HAS DECIDED - 8.17.23 | Countdown with Keith Olbermann",2023-08-17 09:00:15+00:00,67846,4518,1056,27,167.33333333333334,0.00597609561752988,8.255460896736727
Keith Olbermann,TRUMP WANTS TRIAL DATE IN 2026 CUZ 3026 WOULD BE SILLY Fr.Countdown Pod https://tinyurl.com/ycyvc8z3,2023-08-18 04:18:59+00:00,13974,1711,208,66,25.924242424242426,0.0385739333722969,14.204952053814226
Keith Olbermann,TRUMP WANTS TRIAL DELAYED 2 YEARS. BECAUSE 200 WOULD BE UNREALISTIC | Countdown with Keith Olbermann,2023-08-18 09:00:37+00:00,52647,3494,569,13,268.7692307692308,0.003720663995420721,7.742131555454251
Keith Olbermann,71% OF TRUMP VOTERS THINK HE'S THEIR TRUTH SOURCE Mon.Countdown Podcast https://tinyurl.com/2bj924da,2023-08-21 04:22:05+00:00,12089,1570,289,63,24.92063492063492,0.040127388535031845,15.898750930598066
Keith Olbermann,71% OF TRUMP VOTERS SAY HE IS THEIR 1ST SOURCE FOR TRUTH - 8.21.23 | Countdown with Keith Olbermann,2023-08-21 09:00:06+00:00,45707,3647,728,27,135.07407407407408,0.007403345215245407,9.6309099262695
Keith Olbermann,LOCK. HIM. UP. TRUMP VIOLATES ATLANTA BAIL TERMS Tue. Countdown Podcast https://tinyurl.com/5n775aj4,2023-08-22 04:09:00+00:00,19518,2628,339,22,119.45454545454545,0.00837138508371385,15.314069064453326
Keith Olbermann,LOCK HIM UP: TRUMP ALREADY BROKE HIS BAIL CONDITIONS - 8.22.23 | Countdown with Keith Olbermann,2023-08-22 09:00:09+00:00,53147,3885,642,204,19.044117647058822,0.05250965250965251,8.901725403127175
Keith Olbermann,FLIPPING AGAINST TRUMP IN GEORGIA AND FLORIDA Weds. Countdown Podcast: https://tinyurl.com/4kmeaz8y,2023-08-23 04:08:30+00:00,15521,1866,144,40,46.65,0.021436227224008574,13.207911861349139
Keith Olbermann,THE FLIPPING ON TRUMP HAS BEGUN - 8.23.23 | Countdown with Keith Olbermann,2023-08-23 09:00:07+00:00,63023,4444,608,332,13.385542168674698,0.0747074707470747,8.542912904812528
Keith Olbermann,GOP DEBATE SHOCK: DeSANTIS IS A HOLOGRAM - Thursday Countdown Podcast https://tinyurl.com/55hyscv4,2023-08-24 04:28:21+00:00,18834,2053,164,104,19.740384615384617,0.05065757428153921,12.323457576722948
Keith Olbermann,GOP DEBATE 1: TRUMP IS ROMPING BECAUSE DeSANTIS IS HOLOGRAM 8.24.23 | Countdown with Keith Olbermann,2023-08-24 09:00:02+00:00,52581,3794,636,253,14.996047430830039,0.06668423827095414,8.906258914817139
Keith Olbermann,"TRUMP WEIGHS 215? YEAH, CELSIUS, MAYBE. The Friday Countdown Podcast: https://tinyurl.com/mtz2zzf5",2023-08-25 04:08:00+00:00,19142,1997,322,125,15.976,0.06259389083625438,12.767735868770243
Keith Olbermann,TRUMP WEIGHS 215? MAYBE IN CELSIUS - 8.25.23 | Countdown with Keith Olbermann,2023-08-25 09:00:27+00:00,70064,3885,703,586,6.629692832764505,0.15083655083655084,7.384676866864581
Keith Olbermann,"A BULLET DOES ""KNOW A PARTY."" THE SHOOTING IS ON THE GOP Monday Podcast https://tinyurl.com/3hbw2bf7",2023-08-28 04:08:00+00:00,18353,2036,171,25,81.44,0.012278978388998035,12.161499482373454
Keith Olbermann,"A BULLET DAMN WELL DOES ""KNOW A PARTY"" AND IT'S THE GOP - 8.28.23 | Countdown with Keith Olbermann",2023-08-28 09:00:19+00:00,54478,3692,621,201,18.3681592039801,0.054442036836403036,8.285913579793679
Keith Olbermann,BULLETIN: TRIAL STARTS MARCH 4; TRUMP IS SO EFFED Bulletin Countdown podcast: tinyurl.com/4fr4bcu8,2023-08-28 20:59:38+00:00,20062,2467,309,87,28.35632183908046,0.03526550466153223,14.270760642009769
Keith Olbermann,TRUMP GOES ON TRIAL IN 179 DAYS. HE'S EFFED. Tuesday Countdown Podcast: https://tinyurl.com/nx9bdbhh,2023-08-29 04:08:00+00:00,11447,1507,139,182,8.280219780219781,0.12076974120769741,15.969249585044116
Keith Olbermann,"MEADOWS INCRIMINATES HIMSELF, AND TRUMP IS EFFED - 8.29.23 | Countdown with Keith Olbermann",2023-08-29 09:00:02+00:00,68792,4662,605,381,12.236220472440944,0.08172458172458172,8.210257006628678
Keith Olbermann,TRUMP GEORGIA TRIAL COULD START 55 DAYS FROM NOW Wed.Countdown Podcast: https://tinyurl.com/25k5mkpe,2023-08-30 04:08:00+00:00,13860,1565,140,104,15.048076923076923,0.06645367412140575,13.05194805194805
Keith Olbermann,TRUMP'S GEORGIA TRIAL COULD START IN 55 DAYS - 8.30.23 | Countdown with Keith Olbermann,2023-08-30 09:00:12+00:00,49333,3448,459,807,4.272614622057001,0.23404872389791184,9.555469969391686
Keith Olbermann,"TRUMP: I WAS BUSY AVERTING ""NUCLEAR HOLOCAUST"" Thur. Countdown Podcast: https://tinyurl.com/4nkuew72",2023-08-31 04:08:00+00:00,18368,1438,206,883,1.6285390713476784,0.614047287899861,13.757621951219512
Keith Olbermann,TRUMP: I PREVENTED NUCLEAR HOLOCAUST YOU'RE WELCOME! - 8.31.23 | Countdown with Keith Olbermann,2023-08-31 09:00:08+00:00,57637,4224,927,2039,2.0716037273173122,0.48271780303030304,12.474625674479935
Keith Olbermann,"TRUMP FINDS OUT ABOUT THE 14th AMENDMENT, PANICS Tue. Countdown Podcast: http://tinyurl.com/2p9n8wj4",2023-09-05 04:08:00+00:00,20915,2293,218,277,8.277978339350181,0.12080244221543829,13.330145828352858
Keith Olbermann,"TRUMP FINDS OUT ABOUT 14th AMENDMENT, PANICS - 9.5.23 | Countdown with Keith Olbermann",2023-09-05 09:00:34+00:00,66742,4564,649,201,22.70646766169154,0.04404031551270815,8.11183362800036
Keith Olbermann,ARREST MARJORIE TAYLOR GREENE FOR THREAT AGAINST BIDEN Weds. Countdown: https://tinyurl.com/2t3nkpm9,2023-09-06 04:08:00+00:00,15968,2560,325,56,45.714285714285715,0.021875,18.41808617234469
Keith Olbermann,ARREST MARJORIE TAYLOR GREENE FOR DISTRIBUTING A THREAT | Countdown with Keith Olbermann,2023-09-06 09:00:04+00:00,63494,5324,1116,105,50.7047619047619,0.019722013523666416,10.308060604151574
Keith Olbermann,HAS SMITH ASKED TO HAVE TRUMP'S BAIL REVOKED? Thurs. Countdown Podcast: https://tinyurl.com/yrsy3297,2023-09-07 04:08:00+00:00,18576,2117,244,159,13.314465408805031,0.07510628247520075,13.565891472868216
Keith Olbermann,IS JACK SMITH ASKING TO HAVE TRUMP DETAINED OR GAGGED? 9.7.23 | Countdown with Keith Olbermann,2023-09-07 09:00:40+00:00,57121,4329,761,260,16.65,0.06006006006006006,9.366082526566412
Keith Olbermann,EASTMAN REIGNITES GRASSLEY JAN 6 COUP SCANDAL Friday Countdown Podcast: https://tinyurl.com/3ppwfvaa,2023-09-08 04:08:00+00:00,13805,1555,130,95,16.36842105263158,0.06109324758842444,12.893879029337196
Keith Olbermann,ELON MUSK IS AIDING THIS COUNTRY'S ENEMIES. DEPORT HIM - 9.8.23 | Countdown with Keith Olbermann,2023-09-08 09:00:38+00:00,54587,3903,735,310,12.59032258064516,0.07942608250064054,9.064429259713851
Keith Olbermann,IT'S TIME TO GET ELON MUSK OUT OF AMERICA The Weekend Countdown Podcast https://tinyurl.com/3ppwfvaa,2023-09-09 03:00:02+00:00,22490,2767,559,1005,2.753233830845771,0.36320925189736175,19.25744775455758
Keith Olbermann,1-LEGGED TRUMP CHALLENGES BIDEN TO MENTAL ASS KICKING CONTEST Mon. Pod: https://tinyurl.com/3brc6bt6,2023-09-11 04:21:40+00:00,16445,1872,228,40,46.8,0.021367521367521368,13.0130738826391
Keith Olbermann,ONE-LEGGED TRUMP CHALLENGES BIDEN TO MENTAL ASS-KICKING - 9.11.23 | Countdown with Keith Olbermann,2023-09-11 09:00:08+00:00,52297,4128,793,225,18.346666666666668,0.05450581395348837,9.83995257854179
Keith Olbermann,IF HE TAKES TRUMP'S 'ACUITY TEST' BIDEN WINS BY LANDSLIDE Tue.Countdown https://tinyurl.com/ykhuhk9u,2023-09-12 04:08:00+00:00,10473,1526,279,63,24.22222222222222,0.04128440366972477,17.836341067506922
Keith Olbermann,ONE WEIRD TRICK THAT GIVES BIDEN A LANDSLIDE - 9.12.23 | Countdown with Keith Olbermann,2023-09-12 09:00:28+00:00,51807,3974,1083,414,9.599033816425122,0.10417715148465023,10.560348987588549
Keith Olbermann,McCARTHY'S IMPEACHMENT INQUIRY IS ILLEGAL Wednesday Countdown Podcast: https://tinyurl.com/29z7b6kc,2023-09-13 04:08:00+00:00,12542,1913,168,347,5.512968299711815,0.18139048614741243,19.358953914846115
Keith Olbermann,TRUMP'S DOJ SAYS McCARTHY'S IMPEACHMENT INQUIRY IS ILLEGAL 9.13.23 | Countdown with Keith Olbermann,2023-09-13 09:00:31+00:00,58287,4087,625,305,13.4,0.07462686567164178,8.60740816991782
Keith Olbermann,TRUMP HIT WITH GAG ORDER BY JUDGE CANNON Thursday Countdown Podcast: https://tinyurl.com/48drucbj,2023-09-14 04:08:00+00:00,25781,2761,227,17,162.41176470588235,0.006157189424121695,11.655870602381599
Keith Olbermann,JUDGE CANNON MUZZLES TRUMP IN CLASSIFIED DOCS CASE 9.14.23 | Countdown with Keith Olbermann,2023-09-14 09:00:26+00:00,56257,4367,679,138,31.644927536231883,0.03160064117242958,9.214853262705086
Keith Olbermann,KEVIN McCARTHY MANAGES TO IMPEACH...HIMSELF Friday Countdown Podcast: https://tinyurl.com/2fjdv6s5,2023-09-15 04:08:00+00:00,14314,1950,224,15,130.0,0.007692307692307693,15.29272041358111
Keith Olbermann,"McCARTHY IMPEACHES HIMSELF AS GOP RE-ENACTS ""THE GODFATHER"" | Countdown with Keith Olbermann",2023-09-15 09:00:23+00:00,53605,4158,697,105,39.6,0.025252525252525252,9.25286820259304
Keith Olbermann,BULLETIN: JACK SMITH DEMANDS GAG ORDER ON TRUMP; BAIL RISKED Countdown Podcast: tinyurl.com/mh429ss5,2023-09-16 02:30:00+00:00,15759,1962,205,186,10.548387096774194,0.09480122324159021,14.931150453708991
Keith Olbermann,BULLETIN: SMITH DEMANDS TRUMP GAG ORDER; JUDGE COULD REVOKE BAIL | Countdown with Keith Olbermann,2023-09-16 05:42:39+00:00,54356,3586,625,538,6.66542750929368,0.15002788622420524,8.736845978364855
Keith Olbermann,IS NBC INTERNALLY INVESTIGATING WELKER-TRUMP 'INTERVIEW'? Mon. Podcast https://tinyurl.com/4jz38yck,2023-09-18 04:08:00+00:00,38982,3314,602,209,15.85645933014354,0.06306578153289076,10.581806987840542
Keith Olbermann,DID WELKER-TRUMP 'INTERVIEW' VIOLATE NBC NEWS WRITTEN GUIDELINES? | Countdown with Keith Olbermann,2023-09-18 14:41:17+00:00,58737,4487,1082,111,40.42342342342342,0.024738132382438154,9.670224900829119
Keith Olbermann,TRUMP WROTE HER TO-DO LISTS ON CLASSIFIED DOCS! Tuesday Countdown Pod: https://tinyurl.com/mt67jzpv,2023-09-19 04:09:00+00:00,13286,1831,130,4,457.75,0.002184598580010923,14.790004516031912
Keith Olbermann,TRUMP WROTE MY TO-DO LISTS ON CLASSIFIED DOCUMENTS -  9.19.23 | Countdown with Keith Olbermann,2023-09-19 09:00:16+00:00,47923,3785,677,98,38.62244897959184,0.025891677675033024,9.515264069444735
Keith Olbermann,THE RAY EPPS STORY: THANK GOD CONSERVATIVES ARE STUPID Weds. Countdown: https://tinyurl.com/4uy3y59v,2023-09-20 04:08:00+00:00,12676,1724,111,43,40.093023255813954,0.02494199535962877,14.815399179551909
Keith Olbermann,THE RAY EPPS STORY: THANK GOD CONSERVATIVES ARE THIS STUPID 9.20.23 | Countdown with Keith Olbermann,2023-09-20 09:00:44+00:00,46006,3648,495,208,17.53846153846154,0.05701754385964912,9.45746207016476
Keith Olbermann,TRUMP PANICKED BY GAG ORDER AND PRISON Thursday Countdown Podcast: https://tinyurl.com/4yr64tm3,2023-09-21 04:09:00+00:00,19433,2271,171,76,29.88157894736842,0.03346543372963452,12.957340606185355
Keith Olbermann,TRUMP PANICS OVER GAG ORDER AND GOING TO PRISON - 9.21.23 | Countdown with Keith Olbermann,2023-09-21 09:00:40+00:00,62866,4441,716,347,12.798270893371757,0.07813555505516775,8.755129958960328
Keith Olbermann,TRUMP: CONCENTRATION CAMPS FOR SOME NON-CITIZENS: Fri.Countdown Podcast https://tinyurl.com/48s37e3n,2023-09-22 04:09:00+00:00,14363,2077,262,0,,0.0,16.284898698043584
Keith Olbermann,TRUMP PROMISES CONCENTRATION CAMPS FOR NON-CITIZENS - 9.22.23 | Countdown with Keith Olbermann,2023-09-22 09:00:27+00:00,57251,4219,1129,115,36.68695652173913,0.027257643991467174,9.542191402770257
Keith Olbermann,TRUMP'S LAWYERS FILE INSANE ANSWER TO GAG ORDER DEMAND - 9.26.23 | Countdown with Keith Olbermann,2023-09-26 09:00:35+00:00,64470,4714,913,122,38.63934426229508,0.02588035638523547,8.917325888009927
Keith Olbermann,JUDGE CHUTKAN MAY DECIDE IF DEMOCRACY LIVES OR DIES Weds.Countdown Pod: https://tinyurl.com/jc6ejuyh,2023-09-27 04:08:00+00:00,12742,1657,136,4,414.25,0.0024140012070006035,14.102966567257887
Keith Olbermann,CHUTKAN MAY DECIDE WHETHER DEMOCRACY LIVES OR DIES - 9.27.23 | Countdown with Keith Olbermann,2023-09-27 09:00:30+00:00,47586,3677,476,4,919.25,0.0010878433505575197,8.735762619257764
Keith Olbermann,TRUMP ISSUES NEW FATWA AGAINST NYC JUDGE - Thursday Countdown Podcast: https://tinyurl.com/zept3uwp,2023-09-28 04:08:00+00:00,15785,1971,168,79,24.949367088607595,0.040081177067478435,14.051314539119417
Keith Olbermann,TRUMP ISSUES ANOTHER FATWA; NOW HE ATTACKS A JUDGE - 9.28.23 | Countdown with Keith Olbermann,2023-09-28 09:00:02+00:00,49561,3950,768,112,35.267857142857146,0.028354430379746835,9.745566070095437
Keith Olbermann,"TRUMP MAKES ANTISEMITIC ""GLOBALISTS"" THREAT Friday Countdown Podcast: https://tinyurl.com/ymvdaxek",2023-09-29 04:08:00+00:00,12363,1714,149,95,18.042105263157893,0.05542590431738623,15.837579875434765
Keith Olbermann,"TRUMP MAKES ANTISEMITIC THREAT TO ""STRIKE GLOBALISTS"" - 9.29.30 | Countdown with Keith Olbermann",2023-09-29 09:00:23+00:00,49573,3748,650,337,11.12166172106825,0.08991462113127001,9.55157041131261
Keith Olbermann,BORN AGAIN IN DOGS: HAPPY STEVIE DAY! special weekend countdown podcast https://tinyurl.com/3wsae7z3,2023-09-30 11:15:00+00:00,16080,2372,385,65,36.49230769230769,0.02740303541315346,17.549751243781095
Keith Olbermann,TRUMP'S ACCIDENTAL CONFESSION; SMITH GOES FOR KILL Tue. Countdown Pod: https://tinyurl.com/5ytz9jpc,2023-10-03 04:08:00+00:00,16596,1909,111,21,90.9047619047619,0.011000523834468309,12.298144131115931
Keith Olbermann,"AS SMITH GOES FOR THE KILL, TRUMP ACCIDENTALLY CONFESSES - 10.3.23 | Countdown with Keith Olbermann",2023-10-03 09:00:14+00:00,56762,3976,581,29,137.10344827586206,0.007293762575452716,8.079348860152919
Keith Olbermann,"WHO'S THE NEW EX-SPEAKER? AND TRUMP, GAGGED Weds. Countdown Podcast: https://tinyurl.com/n26feka4",2023-10-04 04:09:00+00:00,13895,1689,143,13,129.92307692307693,0.0076968620485494375,13.278157610651315
Keith Olbermann,"TRUMP GAGGED, AND WHO'S THE NEXT FUTURE EX-SPEAKER? - 10.4.23 | Countdown with Keith Olbermann",2023-10-04 09:00:40+00:00,52359,3745,458,14,267.5,0.003738317757009346,8.05401172673275
Keith Olbermann,TRUMP'S VIOLATED THE GAG ORDER. LOCK HIM UP! Thurs. Countdown Podcast: https://tinyurl.com/bpac8nr7,2023-10-05 04:08:00+00:00,13478,1972,199,25,78.88,0.012677484787018255,16.2932185784241
Keith Olbermann,TRUMP ALREADY VIOLATED THE GAG ORDER! LOCK HIM UP! - 10.5.23 | Countdown with Keith Olbermann,2023-10-05 09:00:37+00:00,43744,3763,537,113,33.30088495575221,0.030029231995748074,10.088240673006583
Keith Olbermann,TRUMP SPIES; GAVE NUKE SUB SECRETS TO AUSSIES Friday Countdown Podcast: https://tinyurl.com/7hpr8ntx,2023-10-06 04:08:00+00:00,12617,1837,279,3,612.3333333333334,0.001633097441480675,16.79480066576841
Keith Olbermann,TRUMP GUILTY OF ESPIONAGE; GAVE AWAY NUKE SUB SECRETS - 10.6.23 | Countdown with Keith Olbermann,2023-10-06 09:00:08+00:00,50529,3951,903,118,33.483050847457626,0.029865856745127817,9.839893922302045
Keith Olbermann,IT WASN'T BAD INTEL. IT WAS BAD NETANYAHU Tuesday Countdown Podcast: https://tinyurl.com/5re56tbw,2023-10-10 04:08:00+00:00,14652,1833,199,39,47.0,0.02127659574468085,14.134589134589135
Keith Olbermann,IT WASN'T BAD INTEL. IT WAS A BAD NETANYAHU - 10.10.23 | Countdown with Keith Olbermann,2023-10-10 09:00:30+00:00,54160,4174,507,2,2087.0,0.0004791566842357451,8.646602658788774
Keith Olbermann,SMITH: I WILL PROVE WHY TRUMP STOLE DOCUMENTS Weds. Countdown Podcast: https://tinyurl.com/5yds9re3,2023-10-11 04:08:00+00:00,14678,1884,133,44,42.81818181818182,0.02335456475583864,14.0414225371304
Keith Olbermann,SMITH PROMISES TO PROVE WHY TRUMP STOLE DOCUMENTS - 10.11.23 | Countdown with Keith Olbermann,2023-10-11 09:00:27+00:00,57510,4360,675,100,43.6,0.022935779816513763,8.92888193357677
Keith Olbermann,TRUMP ATTACKS ISRAEL; GOP IS SPEAKER-LESS - 10.12.23 | Countdown with Keith Olbermann,2023-10-12 09:00:30+00:00,51533,3586,604,113,31.734513274336283,0.03151143335192415,8.349989327227213
Keith Olbermann,"AFTER ATTACKING ISRAEL, TRUMP IS SPEECHLESS. AND GOP IS SPEAKERLESS | Countdown with Keith Olbermann",2023-10-13 09:00:40+00:00,51547,3559,463,16,222.4375,0.00449564484405732,7.833627563194755
Keith Olbermann,TRUMP GAG ORDER? GREAT. NO TRIAL DELAY? BETTER! - 10.17.23 | Countdown with Keith Olbermann,2023-10-17 08:59:00+00:00,49601,3688,672,14,263.42857142857144,0.003796095444685466,8.818370597366988
Keith Olbermann,TRUMP DOXXES ANOTHER FIGURE IN NYC TRIAL - 10.18.23 | Countdown with Keith Olbermann,2023-10-18 09:00:40+00:00,50118,3703,613,117,31.64957264957265,0.03159600324061572,8.845125503811007
Keith Olbermann,SCHMUCK JIM JORDAN ATTACKED BY SCHMUCK PARTY Thurs. Countdown Podcast: https://tinyurl.com/yu9uftn7,2023-10-19 04:08:00+00:00,12935,1866,123,51,36.588235294117645,0.027331189710610933,15.771163509856978
Keith Olbermann,"SCHMUCK JIM JORDAN, DESTROYED BY HIS SCHMUCK PARTY - 10.19.23 | Countdown with Keith Olbermann",2023-10-19 09:00:18+00:00,49619,3901,522,117,33.34188034188034,0.02999230966418867,9.149720873052662
Keith Olbermann,SIDNEY POWELL FLIPS ON TRUMP Friday Countdown Podcast: https://tinyurl.com/255btm62,2023-10-20 04:31:00+00:00,12677,1706,116,29,58.827586206896555,0.016998827667057445,14.601246351660487
Keith Olbermann,SIDNEY POWELL FLIPS ON TRUMP - 10.20.23 | Countdown with Keith Olbermann,2023-10-20 09:00:26+00:00,45009,3622,633,5,724.4,0.0013804527885146328,9.464773711924282
Keith Olbermann,TRUMP'S INSANITY BOILS OVER IN N.H. SPEECH Tuesday Countdown Podcast: https://tinyurl.com/2puhd598,2023-10-24 04:08:00+00:00,17226,2116,184,14,151.14285714285714,0.006616257088846881,13.433182398699639
Keith Olbermann,TRUMP'S INSANITY OVERTAKES HIM IN NEW HAMPSHIRE SPEECH - 10.24.23 | Countdown with Keith Olbermann,2023-10-24 09:00:18+00:00,59743,4270,742,28,152.5,0.006557377049180328,8.436134777296084
Keith Olbermann,"MARK MEADOWS, JENNA ELLIS, FLIP ON TRUMP - 10.25.23 | Countdown with Keith Olbermann",2023-10-25 09:00:35+00:00,48580,3433,537,131,26.206106870229007,0.03815904456743373,8.441745574310417
Keith Olbermann,"MARK MEADOWS, JENNA ELLIS FLIP ON TRUMP Wednesday Countdown Podcast: https://tinyurl.com/36krpzdy",2023-10-26 04:08:00+00:00,6519,728,49,8,91.0,0.01098901098901099,12.041724190826814
Keith Olbermann,IS TIME ALREADY RUNNING OUT FOR SPEAKER JOHNSON? Thu.Countdown Podcast: https://tinyurl.com/bdf5f7mx,2023-10-26 04:08:01+00:00,15258,1855,137,22,84.31818181818181,0.011859838274932614,13.199632979420631
Keith Olbermann,IS TIME ALREADY RUNNING OUT ON SPEAKER MIKE JOHNSON? - 10.26.23 | Countdown with Keith Olbermann,2023-10-26 09:00:26+00:00,61521,4633,602,146,31.732876712328768,0.03151305849341679,8.7466068496936
Keith Olbermann,TRUMP THREATENS JUDGE; SMITH SEEKS ULTRA-GAG Friday Countdown Podcast: https://tinyurl.com/86552z5h,2023-10-27 04:08:00+00:00,15542,1830,132,9,203.33333333333334,0.004918032786885246,12.681765538540729
Keith Olbermann,TRUMP THREATENS JUDGE; SMITH WANTS A MEGA-GAG ORDER - 10.27.23 | Countdown with Keith Olbermann,2023-10-27 09:00:17+00:00,60767,4221,775,9,469.0,0.0021321961620469083,8.236378297431171
Keith Olbermann,"We need your help in saving this Maltese girl, discarded by a puppy mill, hit by a car. Meet Misha!",2023-10-30 18:49:15+00:00,6476,997,100,8,124.625,0.00802407221664995,17.063001852995676
Keith Olbermann,IF THEY'RE BOTH TOO OLD BIDEN WINS A LANDSLIDE Tue. Countdown Podcast: https://tinyurl.com/29ybu5jf,2023-10-31 04:08:00+00:00,9021,1405,148,4,351.25,0.0028469750889679717,17.25972730295976
Keith Olbermann,"POLL: IF THEY'RE BOTH TOO OLD, BIDEN WINS IN A LANDSLIDE - 10.31.23 | Countdown with Keith Olbermann",2023-10-31 09:00:43+00:00,47755,3600,578,11,327.27272727272725,0.0030555555555555557,8.771856350120407
Keith Olbermann,HABBA: TRUMP ARREST IMPACTED BY SECRET SERVICE? Wed.Countdown Podcast: https://tinyurl.com/mw9nvwfd,2023-11-01 04:08:00+00:00,14541,1847,278,18,102.61111111111111,0.009745533297238766,14.737638401760538
Keith Olbermann,HABBA LEAVES IMPRESSION SECRET SERVICE MIGHT BLOCK TRUMP'S ARREST | Countdown with Keith Olbermann,2023-11-01 09:00:27+00:00,42193,3674,669,3,1224.6666666666667,0.0008165487207403375,10.300286777427536
Keith Olbermann,JUDGE MAY POSTPONE TRUMP TRIAL TIL AFTER ELECTION Thu.Countdown Podcast https://tinyurl.com/5y9nrvcr,2023-11-02 04:10:00+00:00,11250,1446,157,1,1446.0,0.0006915629322268327,14.257777777777777
Keith Olbermann,TRUMP'S CONCIERGE JUDGE POISED TO DELAY TRIAL UNTIL AFTER ELECTION | Countdown with Keith Olbermann,2023-11-02 09:00:16+00:00,48594,3412,646,295,11.566101694915254,0.08645955451348183,8.957896036547721
Keith Olbermann,TRUMP BOEBERTS OWN EGO IN GAG ORDER APPEAL Friday Countdown Podcast: https://tinyurl.com/mvnhsudh,2023-11-03 04:08:00+00:00,11344,1431,108,27,53.0,0.018867924528301886,13.804654442877293
Keith Olbermann,TRUMP BOEBERTS OWN EGO IN DC GAG ORDER APPEAL - 11.3.23 | Countdown with Keith Olbermann,2023-11-03 09:00:29+00:00,44808,3327,361,14,237.64285714285714,0.004207995190862639,8.261917514729513
Keith Olbermann,BULLETIN PODCAST: APPEALS COURT STAYS TRUMP GAG ORDER - New Countdown: https://tinyurl.com/acw4hknt,2023-11-04 01:28:01+00:00,14674,1918,273,27,71.03703703703704,0.014077163712200209,15.11516968788333
Keith Olbermann,"BULLETIN: APPEAL COURT STAY TRUMP GAG ORDER, FAIL DEMOCRACY 11.3.23 | Countdown with Keith Olbermann",2023-11-04 05:28:51+00:00,38795,3070,644,71,43.23943661971831,0.023127035830618894,9.756411908751128
Keith Olbermann,"TRUMP ADMITS FRAUD, DOESN'T KNOW WHEN HE WAS POTUS Tu.Countdown Podcast https://tinyurl.com/f3ade3vp",2023-11-07 05:08:00+00:00,11578,1582,126,5,316.4,0.0031605562579013905,14.795301433753671
Keith Olbermann,"TRUMP CONFESSES, DETERIORATES FURTHER, AT FRAUD TRIAL - 11.7.23 | Countdown with Keith Olbermann",2023-11-07 09:00:00+00:00,48888,3993,562,8,499.125,0.0020035061357375405,9.33357879234168
Keith Olbermann,DEMOCRATS KICK MAGA'S ASS - BIDEN'S GOOD POLL #S - 11.8.23 | Countdown with Keith Olbermann,2023-11-08 09:00:00+00:00,58442,4835,764,24,201.45833333333334,0.004963805584281282,9.621505081961603
Keith Olbermann,DEMS KICK MAGA ASS; BIDEN'S AMAZINGLY GOOD POLL #S Countdown on YouTube https://tinyurl.com/4ey8n96a,2023-11-08 12:44:19+00:00,8168,1405,133,18,78.05555555555556,0.012811387900355872,19.049951028403527
Keith Olbermann,MINNESOTA AVOIDS TRUMP 14th AMENDMENT RULING Thurs. Countdown Podcast: https://tinyurl.com/3acwjc87,2023-11-09 05:08:00+00:00,10622,1336,100,21,63.61904761904762,0.015718562874251496,13.716814159292035
Keith Olbermann,DEMOCRATS KICK MAGA'S ASS Get the Wednesday Countdown Podcast: https://tinyurl.com/e7j5uruk,2023-11-09 05:08:00+00:00,4662,700,29,9,77.77777777777777,0.012857142857142857,15.83011583011583
Keith Olbermann,MINNESOTA AVOIDS RULING ON 14th AMENDMENT AND TRUMP - 11.9.23 | Countdown with Keith Olbermann,2023-11-09 09:00:14+00:00,42567,3405,509,18,189.16666666666666,0.0052863436123348016,9.237202527779734
Keith Olbermann,TRUMP CONFIRMS HE'D FAKE CHARGES TO PROSECUTE RIVALS Fri.Countdown Pod: https://tinyurl.com/vpw8dyje,2023-11-10 05:08:00+00:00,11644,1434,172,20,71.7,0.01394700139470014,13.964273445551356
Keith Olbermann,TRUMPED-UP CHARGES: CONFIRMS HE'D PROSECUTE RIVALS - 11.10.23 | Countdown with Keith Olbermann,2023-11-10 11:38:24+00:00,42150,3413,472,20,170.65,0.005859947260474656,9.26453143534994
Keith Olbermann,MEDIA FIGURES IT OUT: TRUMP IS OUR HITLER Tuesday Countdown Podcast: https://tinyurl.com/2r24vy2d,2023-11-14 05:29:23+00:00,10459,1638,213,29,56.48275862068966,0.017704517704517704,17.974949803996555
Keith Olbermann,THE MEDIA JUST FIGURED IT OUT: TRUMP IS HITLER - 11.14.23 | Countdown with Keith Olbermann,2023-11-14 09:00:04+00:00,53740,4756,1403,123,38.666666666666664,0.02586206896551724,11.689616672869372
Keith Olbermann,UKRAINE INDICTS RUDY'S PALS AS RUSSIAN SPIES Weds. Countdown Podcast: https://tinyurl.com/3a32vafj,2023-11-15 05:12:19+00:00,9887,1404,90,23,61.04347826086956,0.01638176638176638,15.343380196217254
Keith Olbermann,UKRAINE INDICTS GIULIANI PALS AS RUSSIAN SPIES - 11.15.23 | Countdown with Keith Olbermann,2023-11-15 09:00:09+00:00,42193,3643,528,14,260.2142857142857,0.0038429865495470767,9.918706894508569
Keith Olbermann,BIDEN AGREES: TRUMP NOW ECHOING NAZI GERMANY Thursday Countdown Podcast https://tinyurl.com/468wesu9,2023-11-16 05:07:00+00:00,8253,1325,109,68,19.485294117647058,0.05132075471698113,18.199442626923542
Keith Olbermann,BIDEN AGREES: TRUMP IS ECHOING NAZIS - 11.16.23 | Countdown with Keith Olbermann,2023-11-16 09:00:15+00:00,36809,3527,574,5,705.4,0.001417635384179189,11.154880599853296
Keith Olbermann,TWITTER-X MUST BE BANNED BY THE U.S. GOVERNMENT - 11.17.23 | Countdown with Keith Olbermann,2023-11-17 09:00:35+00:00,40242,3390,597,364,9.313186813186814,0.10737463126843658,10.812086874409822
Keith Olbermann,U.S. GOVERNMENT MUST NOW BAN TWITTER-X Friday Countdown Podcast: https://tinyurl.com/2evxfhb8,2023-11-18 05:08:00+00:00,8366,1323,215,414,3.1956521739130435,0.3129251700680272,23.332536457088217
Keith Olbermann,MUSK SUES; JUDGES TO GUT TRUMP GAG ORDER Tuesday Countdown Podcast: https://tinyurl.com/bddnwry2,2023-11-21 05:07:00+00:00,11932,1356,120,9,150.66666666666666,0.00663716814159292,12.445524639624539
Keith Olbermann,JUDGES SIGNAL THEY WILL GUT TRUMP GAG ORDER - TUE 11.21.23 | Countdown with Keith Olbermann,2023-11-21 09:00:24+00:00,39396,3174,599,112,28.339285714285715,0.03528670447385003,9.861407249466952
Keith Olbermann,TEXAS PROSECUTING MEDIA MATTERS? PREVIEW OF TRUMP '25 Wed.Countdown Pod https://tinyurl.com/mpepnh38,2023-11-22 05:08:00+00:00,9467,1160,119,17,68.23529411764706,0.014655172413793103,13.689658814830462
Keith Olbermann,TEXAS VS. MEDIA MATTERS IS A PREVIEW OF TRUMP 2025 - 11.22.23 | Countdown with Keith Olbermann,2023-11-22 09:00:11+00:00,41125,3294,633,373,8.831099195710456,0.11323618700667881,10.455927051671733
Keith Olbermann,TRUMP'S AMAZING CAMPAIGN MISTAKE - Tuesday Countdown Podcast here: https://tinyurl.com/2vcu5yv5,2023-11-28 05:08:00+00:00,12352,1570,126,1,1570.0,0.0006369426751592356,13.738665803108807
Keith Olbermann,TRUMP'S SHOCKING MISTAKE: REVIVES ATTACK ON OBAMACARE - 11.28.23 | Countdown with Keith Olbermann,2023-11-28 09:00:06+00:00,41531,3584,646,109,32.88073394495413,0.030412946428571428,10.44761744239243
Keith Olbermann,NEW TRUMP DEFENSE: RUSSIA INTERFERED IN THE ELECTION Wed.Countdown Pod: https://tinyurl.com/yc6km3cz,2023-11-29 05:08:00+00:00,12179,1486,94,7,212.28571428571428,0.004710632570659489,13.030626488217422
Keith Olbermann,TRUMP'S NEW DEFENSE: RUSSIA SUBVERTED AN ELECTION BEFORE I DID | Countdown with Keith Olbermann,2023-11-29 09:00:24+00:00,41491,3720,553,111,33.513513513513516,0.029838709677419355,10.566146875225952
Keith Olbermann,TRUMP MAKES THREAT AGAINST BIDEN; MUSK IMPLODES Thu. Countdown Podcast: https://tinyurl.com/47rjzcan,2023-11-30 05:08:00+00:00,13917,1683,136,51,33.0,0.030303030303030304,13.43680390888841
Keith Olbermann,TRUMP MAKES THREAT AGAINST BIDEN; MUSK IMPLODES - 11.30.23 | Countdown with Keith Olbermann,2023-11-30 09:00:34+00:00,43533,3754,532,302,12.43046357615894,0.08044752264251465,10.539131233776674
Keith Olbermann,MEHDI HASAN CANCELLED. WHERE'S MADDOW? The Friday Countdown Podcast: https://tinyurl.com/3bd8b625,2023-12-01 05:08:00+00:00,17699,1785,229,67,26.64179104477612,0.03753501400560224,11.757726425221763
Keith Olbermann,MSNBC CANS MEHDI HASAN. WHERE'S MADDOW? HAYES? O'DONNELL? - 12.1.23 | Countdown with Keith Olbermann,2023-12-01 09:00:46+00:00,76965,5250,1026,13,403.84615384615387,0.002476190476190476,8.171246670564543
Keith Olbermann,INVOKE THE INSURRECTION ACT AGAINST TRUMP  - TUE 12.5.23 | Countdown with Keith Olbermann,2023-12-05 09:00:04+00:00,40845,3844,658,14,274.57142857142856,0.0036420395421436005,11.056432855918716
Keith Olbermann,SMITH SHOCKER: TRUMP JAN. 6 COUP ACTUALLY BEGAN IN 2012 Wed. Countdown: https://tinyurl.com/3vbnpymv,2023-12-06 05:08:00+00:00,11640,1481,140,0,,0.0,13.926116838487973
Keith Olbermann,JACK SMITH: TRUMP'S JANUARY 6 PLAN STARTED IN 2012 - 12.6.23 | Countdown with Keith Olbermann,2023-12-06 09:00:29+00:00,39241,3536,646,196,18.040816326530614,0.05542986425339366,11.15669835121429
Keith Olbermann,"I'VE GOT BIDEN'S VERSION OF LBJ's ""DAISY"" AD: Thursday's Countdown Pod: https://tinyurl.com/4xczd4c4",2023-12-07 05:08:00+00:00,9731,1144,63,28,40.857142857142854,0.024475524475524476,12.691398622957559
Keith Olbermann,"I'VE GOT BIDEN'S ""DAISY"" AD - AND TRUMP IS DISQUALIFIED - 12.7.23 | Countdown with Keith Olbermann",2023-12-07 09:00:42+00:00,43718,3805,709,96,39.635416666666664,0.025229960578186595,10.544855665858456
Keith Olbermann,WHY WOULD TRUMP MAKE TUCKER VP? CAUSE HITLER'S DEAD? Fri. Countdown Pod:https://tinyurl.com/2s3mf32r,2023-12-08 05:08:00+00:00,10716,1275,122,9,141.66666666666666,0.007058823529411765,13.120567375886525
Keith Olbermann,TRUMP LEAK: VICE PRESIDENT TUCKER CARLSON? BECAUSE HITLER IS DEAD? | Countdown with Keith Olbermann,2023-12-08 09:00:53+00:00,43787,3477,608,19,183.0,0.00546448087431694,9.372644848927763
Keith Olbermann,"IF THERE'S PRESIDENTIAL IMMUNITY, WHY DID FORD PARDON NIXON? Tu.Podcast: http://tinyurl.com/mrxwkjff",2023-12-12 05:08:00+00:00,9593,1213,77,25,48.52,0.020610057708161583,13.707912019180652
Keith Olbermann,"SMITH DARES SCOTUS TO MAKE UP ""PRESIDENTIAL IMMUNITY - 12.12.23 | Countdown with Keith Olbermann",2023-12-12 09:00:17+00:00,45485,3640,757,1,3640.0,0.0002747252747252747,9.669121688468726
Keith Olbermann,GOP - GANG OF PUTIN - BETRAYS UKRAINE Get Wednesday's Countdown Podcast: http://tinyurl.com/mt4d2xes,2023-12-13 05:08:00+00:00,7427,1135,91,29,39.13793103448276,0.02555066079295154,16.897805304968358
Keith Olbermann,WE AREN'T SAVING UKRAINE; UKRAINE IS SAVING US - 12.13.23 | Countdown with Keith Olbermann,2023-12-13 09:00:21+00:00,35393,3334,529,4,833.5,0.0011997600479904018,10.925889300144096
Keith Olbermann,TRUMP ENDORSES TWO GUYS IN THE SAME PRIMARY Thursday Countdown Podcast: http://tinyurl.com/5sp54dcv,2023-12-14 05:08:01+00:00,8329,1121,102,21,53.38095238095238,0.01873327386262266,14.93576659863129
Keith Olbermann,TRUMP ENDORSES TWO CANDIDATES IN THE SAME PRIMARY - 12.14.23 | Countdown with Keith Olbermann,2023-12-14 09:00:11+00:00,37869,3497,452,6,582.8333333333334,0.0017157563625965113,10.443898703424965
Keith Olbermann,TRUMP AND RUDY RUN AND HIDE. Get the Friday Countdown Podcast: http://tinyurl.com/pd7w66h6,2023-12-15 05:08:00+00:00,9057,1175,69,3,391.6666666666667,0.002553191489361702,13.768355967759744
Keith Olbermann,TRUMP AND GIULIANI PROVE THEY CAN BE BEATEN AND BROKEN - 12.15.23 | Countdown with Keith Olbermann,2023-12-15 09:00:09+00:00,43051,3550,374,15,236.66666666666666,0.004225352112676056,9.149613249401872
Keith Olbermann,BULLETIN PODCAST: TRUMP STOLE RUSSIAN INTEL - A LAST MINUTE COUP BID? http://tinyurl.com/3fbrkwcm,2023-12-15 17:19:53+00:00,18296,2234,294,2,1117.0,0.0008952551477170994,13.828159160472234
Keith Olbermann,BULLETIN: TRUMP STOLE BINDER OF INTEL ON RUSSIA - 12.15.23 | Countdown with Keith Olbermann,2023-12-15 22:44:39+00:00,47115,4055,860,13,311.9230769230769,0.0032059186189889025,10.45951395521596
Keith Olbermann,TRUMP VOWS TO TAKE OVER THE COPS - Get Tuesday's Countdown Podcast: https://tinyurl.com/24zksufr,2023-12-19 05:08:00+00:00,12187,1509,203,58,26.017241379310345,0.038436050364479786,14.523672766062198
Keith Olbermann,TRUMP REVEALS HOW HE WILL TAKE OVER ALL POLICE - 12.19.23 | Countdown with Keith Olbermann,2023-12-19 09:00:08+00:00,40947,3628,780,146,24.84931506849315,0.0402425578831312,11.121693896988791
Keith Olbermann,BULLETIN: COLORADO TOSSES TRUMP OFF BALLOT - 12.19.23 | Countdown with Keith Olbermann,2023-12-20 05:30:03+00:00,25708,2347,357,26,90.26923076923077,0.011077971878994461,10.619262486385562
Keith Olbermann,COLORADO DISQUALIFIES TRUMP; TRUMP AGAIN QUOTES HITLER. Weds. Podcast: http://tinyurl.com/2p8waurx,2023-12-20 06:06:46+00:00,10791,1258,95,25,50.32,0.01987281399046105,12.76990084329534
Keith Olbermann,"COLORADO DISQUALIFIES TRUMP; TRUMP LIES, DENIES HE READ HITLER | Countdown with Keith Olbermann",2023-12-20 11:00:33+00:00,39841,3568,624,309,11.546925566343042,0.08660313901345291,11.29740719359454
Keith Olbermann,"BIDEN BURNS TRUMP WITH ""INSURRECTIONIST"" LINE Thursday Countdown Podcast http://tinyurl.com/8v59pw46",2023-12-21 05:08:00+00:00,13872,1524,72,10,152.4,0.006561679790026247,11.577277970011535
Keith Olbermann,BIDEN BURNS TRUMP TO THE GROUND WITH INSURRECTION QUOTE - 12.21.23 | Countdown with Keith Olbermann,2023-12-21 09:00:38+00:00,47488,4072,578,1,4072.0,0.0002455795677799607,9.794053234501348
Keith Olbermann,IF J6 HAD WORKED WHAT WOULD TRUMP HAVE DONE TO BIDEN? Friday Countdown: http://tinyurl.com/3exhz4s7,2023-12-22 05:08:00+00:00,14008,1488,193,11,135.27272727272728,0.00739247311827957,12.078812107367218
Keith Olbermann,WHAT WOULD TRUMP HAVE DONE TO BIDEN IF JAN 6 HAD WORKED? - 12.22.23 | Countdown with Keith Olbermann,2023-12-22 09:00:24+00:00,47640,3833,910,15,255.53333333333333,0.003913383772501957,9.987405541561714
Keith Olbermann,NEW PODCAST DROPS: if Scotus rules for Trump it makes Biden omnipotent http://tinyurl.com/ywf8u6ka,2024-01-02 05:08:00+00:00,17021,1490,160,22,67.72727272727273,0.01476510067114094,9.823159626343928
Keith Olbermann,"IF THE COURT RULES TRUMP IMMUNE, IT MAKES BIDEN OMNIPOTENT - 1.2.24 | Countdown with Keith Olbermann",2024-01-02 09:00:00+00:00,52880,4374,742,8,546.75,0.001828989483310471,9.689863842662632
Keith Olbermann,TRUMP LAWYER: HE MIGHT BE GUILTY OF INSURRECTION - Get the new podcast: http://tinyurl.com/5n8uy4fe,2024-01-03 05:08:00+00:00,13179,1695,121,14,121.07142857142857,0.008259587020648967,13.885727293421352
Keith Olbermann,TRUMP LAWYER'S STUNNING ADMISSION: HE MAY BE GUILTY OF INSURRECTION | Countdown with Keith Olbermann,2024-01-03 09:00:42+00:00,43338,4133,474,130,31.79230769230769,0.03145414952818776,10.930361345701233
Keith Olbermann,TRUMP THREATENS SUPREME COURT - Get the Thursday Countdown Podcast here: http://tinyurl.com/2p8h2scc,2024-01-04 05:08:00+00:00,26807,1802,135,69,26.115942028985508,0.03829078801331853,7.4831200805759694
Keith Olbermann,TRUMP JUST STARTED THREATENING THE SUPREME COURT - 1.4.24 | Countdown with Keith Olbermann,2024-01-04 09:00:11+00:00,95403,5537,858,332,16.677710843373493,0.05996026729275781,7.051140949446035
Keith Olbermann,"HABBA EXPECTS KAVANAUGH TO ""STEP UP"" FOR TRUMP Get the Fri.Countdown Pod http://tinyurl.com/2mbb39h3",2024-01-05 05:08:00+00:00,13305,1401,151,21,66.71428571428571,0.014989293361884369,11.82262307403232
Keith Olbermann,TRUMP SUPREME COURT THREATS CONTINUE; NOW AGAINST KAVANAUGH | Countdown with Keith Olbermann,2024-01-05 09:00:41+00:00,56138,4292,762,152,28.236842105263158,0.035414725069897485,9.273575830987921
Keith Olbermann,BULLETIN PODCAST: Biden destroys Trump in epic Valley Forge speech. GET: http://tinyurl.com/47x2cetw,2024-01-06 01:46:13+00:00,21479,2481,184,104,23.85576923076923,0.04191858121725111,12.891661622980585
Keith Olbermann,BULLETIN: BIDEN REACHES JFK/FDR HEIGHTS IN VIVISECTION OF TRUMP | Countdown with Keith Olbermann,2024-01-06 08:00:27+00:00,51110,4665,971,86,54.24418604651163,0.018435155412647373,11.195460770886323
Keith Olbermann,"BIDEN FINDS THE MAGIC TRUMP WORD: ""LOSER!"" - Tuesday Countdown Podcast: http://tinyurl.com/mr3zu3xr",2024-01-09 05:08:00+00:00,15194,1758,136,19,92.52631578947368,0.01080773606370876,12.590496248519154
Keith Olbermann,"BIDEN FINDS THE MAGIC WORD: TRUMP IS A ""LOSER"" - 1.9.24 | Countdown with Keith Olbermann",2024-01-09 09:00:29+00:00,48825,3954,734,17,232.58823529411765,0.0042994436014162874,9.636456733230926
Keith Olbermann,"TRUMP TERROR THREAT: ""Bedlam"" if he doesn't get his way. COUNTDOWN POD: http://tinyurl.com/bdf3heux",2024-01-10 05:08:00+00:00,17129,1695,140,43,39.41860465116279,0.02536873156342183,10.96386245548485
Keith Olbermann,NEW TRUMP TERROR THREAT - 1.10.24 | Countdown with Keith Olbermann,2024-01-10 09:00:13+00:00,55121,4314,575,24,179.75,0.005563282336578581,8.913118412220387
Keith Olbermann,WAS CAWTHORN RIGHT? ARE ALL REPUBLICANS ON DRUGS? - 1.11.24 | Countdown with Keith Olbermann,2024-01-11 09:00:33+00:00,53914,4384,643,131,33.465648854961835,0.02988138686131387,9.567088325852282
Keith Olbermann,"TRUMP ROMPS, TALKS ABOUT ""4 YEARS AND BEYOND"" - 1.16.24 | Countdown with Keith Olbermann",2024-01-16 09:00:05+00:00,47716,3809,776,287,13.27177700348432,0.07534786033079549,10.210411601978372
Keith Olbermann,"TRUMP DIDN'T ""CRUSH"" ANYTHING. HE WON IOWA BY 2,222 VOTES - 1.17.24 | Countdown with Keith Olbermann",2024-01-17 11:38:14+00:00,46612,4579,763,238,19.23949579831933,0.05197641406420616,11.97116622329014
Keith Olbermann,ONE OF THESE JUDGES MUST JAIL TRUMP FOR CONTEMPT - 1.18.24 | Countdown with Keith Olbermann,2024-01-18 09:00:18+00:00,47110,4564,920,2,2282.0,0.00043821209465381246,11.645085969008703
Keith Olbermann,TRUMP THREATENS SUPREME COURT. SEND HIM TO GITMO - 1.19.24 | Countdown with Keith Olbermann,2024-01-19 09:00:18+00:00,55872,4633,733,278,16.665467625899282,0.06000431685732786,10.101660939289806
Keith Olbermann,TRUMP DEMENTIA CRISIS: DAY EIGHT - 1.23.24 | Countdown with Keith Olbermann,2024-01-23 09:00:26+00:00,54985,4433,599,115,38.54782608695652,0.02594180013534852,9.360734745839775
Keith Olbermann,TRUMP THREATENS HALEY AFTER HIS NEW HAMPSHIRE WIN - 1.24.24 | Countdown with Keith Olbermann,2024-01-24 09:00:18+00:00,48534,4199,784,239,17.569037656903767,0.05691831388425816,10.75946758973091
Keith Olbermann,JON STEWART BACK TO DAILY SHOW THRU ELECTION Thursday Countdown Podcast: http://tinyurl.com/848zw46f,2024-01-25 05:08:00+00:00,15165,1616,203,16,101.0,0.009900990099009901,12.100230794592813
Keith Olbermann,JON STEWART BACK TO DAILY SHOW THROUGH ELECTION - 1.25.24 | Countdown with Keith Olbermann,2024-01-25 09:00:20+00:00,52775,4355,502,2,2177.5,0.0004592422502870264,9.20701089531028
Keith Olbermann,TRUMP PRETENDS TO OPPOSE IMMEDIATE GOP CORONATION - 1.26.24 | Countdown with Keith Olbermann,2024-01-26 09:00:47+00:00,51581,4039,654,152,26.57236842105263,0.03763307749442931,9.392993544134468
Keith Olbermann,14TH AMENDMENT STUNNER: SCALIA SAID PRESIDENT IS TOO A U.S. OFFICER | Countdown with Keith Olbermann,2024-01-30 09:00:35+00:00,98781,4996,724,28,178.42857142857142,0.005604483586869495,5.818932790718863
Keith Olbermann,TRUMP DECLARES WAR ON TAYLOR SWIFT - 1.31.24 | Countdown with Keith Olbermann,2024-01-31 09:00:00+00:00,54106,4595,898,29,158.44827586206895,0.006311207834602829,10.205892137655713
Keith Olbermann,POLLS: TRUMP AHEAD OF BIDEN WHO'S AHEAD OF TRUMP - 2.1.24 | Countdown with Keith Olbermann,2024-02-01 09:00:32+00:00,54170,4099,621,129,31.775193798449614,0.03147109050988046,8.951449141591286
Keith Olbermann,TRUMP JANUARY 6TH TRIAL START DATE POSTPONED - 2.2.24 | Countdown with Keith Olbermann,2024-02-02 09:00:38+00:00,51656,3847,714,11,349.72727272727275,0.0028593709383935534,8.850859532290539
Keith Olbermann,"TRUMP'S RIGHT: IN BORDER BILL, 100% CHANCE OF REPUBLICAN TERRORISM | Countdown with Keith Olbermann",2024-02-06 09:00:42+00:00,47924,4175,622,132,31.62878787878788,0.03161676646706587,10.285034638177114
Keith Olbermann,TRUMP HOUSE FLUNKIES THINK HE'S BEEN DISQUALIFIED Wed. Countdown Podcast http://tinyurl.com/337a7p6j,2024-02-07 05:08:00+00:00,21233,1713,156,11,155.72727272727272,0.00642148277875073,8.854142137239203
Keith Olbermann,TRUMP CONGRESSMEN CONFIRM HE'S DISQUALIFIED BY 14th AMENDMENT 2.7.24| Countdown with Keith Olbermann,2024-02-07 09:00:22+00:00,58374,5004,1060,115,43.51304347826087,0.022981614708233414,10.585192037550964
Keith Olbermann,SUPREME COURT TRUMP DISQUALIFICATION CASE BEGINS Thu. Countdown Podcast: http://tinyurl.com/ykxeperh,2024-02-08 05:08:00+00:00,12637,1370,126,24,57.083333333333336,0.017518248175182483,12.028171243174803
Keith Olbermann,SUPREME COURT TRUMP/14th AMENDMENT ORAL ARGUMENTS TODAY - 2.8.24 | Countdown with Keith Olbermann,2024-02-08 09:00:31+00:00,46149,4151,600,131,31.68702290076336,0.03155866056371959,10.578777438297687
Keith Olbermann,"MERRICK GARLAND, LIB COURT JUSTICES TANK FOR TRUMP Fri.Countdown Podcast http://tinyurl.com/24a97xy5",2024-02-09 05:08:00+00:00,15777,1443,276,14,103.07142857142857,0.009702009702009701,10.98434429866261
Keith Olbermann,"GARLAND, KAGAN, BETRAY DEMOCRACY IN BIDEN PROBE & AT SCOTUS 2.9.24 | Countdown with Keith Olbermann",2024-02-09 09:00:38+00:00,51233,4516,1375,27,167.25925925925927,0.0059787422497785654,11.5511486737064
Keith Olbermann,GARLAND MUST STOP HUR'S PLANS TO TESTIFY TO HOUSE GOP - 2.13.24 | Countdown with Keith Olbermann,2024-02-13 09:00:27+00:00,40207,3628,789,136,26.676470588235293,0.037486218302094816,11.323898823587934
Keith Olbermann,"""THE BIDEN AGE PLOT"" - 2.14.24 | Countdown with Keith Olbermann",2024-02-14 09:00:02+00:00,38482,3351,858,1490,2.248993288590604,0.44464339003282605,14.809521334649967
Keith Olbermann,KC SHOOTING: EVERY DAY IS NOW THE ANNIVERSARY OF MASS MURDER | Countdown with Keith Olbermann,2024-02-15 09:00:32+00:00,37102,3455,706,367,9.4141689373297,0.10622286541244573,12.204193843997627
Keith Olbermann,THE PHOTO THAT COULD SEND TRUMP TO PRISON - 2.16.24 | Countdown with Keith Olbermann,2024-02-16 09:00:08+00:00,190044,6909,848,611,11.307692307692308,0.08843537414965986,4.403190840015996
Keith Olbermann,BULLETIN: PUTIN MURDERS NAVALNY - 2.16.24 | Countdown with Keith Olbermann,2024-02-17 13:57:13+00:00,34533,3275,524,9,363.8888888888889,0.002748091603053435,11.02713346653925
Keith Olbermann,TRUMP ISSUES NEW TERROR THREAT - 2.20.24 | Countdown with Keith Olbermann,2024-02-20 09:00:01+00:00,53087,4740,766,22,215.45454545454547,0.004641350210970464,10.413095484770283
Keith Olbermann,"CNN CALLS IT ""THE CRAZY SHIT TRUMP SAYS"" Wednesday Countdown Podcast: http://tinyurl.com/4wwehafr",2024-02-21 05:08:00+00:00,17472,1666,112,51,32.666666666666664,0.030612244897959183,10.468177655677655
Keith Olbermann,"BREAKTHROUGH! CNN CALLS IT ""THE CRAZY SHIT TRUMP SAYS"" - 2.21.24 | Countdown with Keith Olbermann",2024-02-21 09:00:04+00:00,53656,4534,673,108,41.98148148148148,0.023820026466696075,9.905695541971076
Keith Olbermann,'WHISTLEBLOWER': HUNTER SMEAR CAME FROM KREMLIN Weds. Countdown Podcast: http://tinyurl.com/sdzk4mrx,2024-02-21 15:14:56+00:00,6458,948,65,6,158.0,0.006329113924050633,15.778878909879221
Keith Olbermann,I THINK THE FBI 'BIDEN INFORMANT' SMIRNOV IS FLIPPING - 2.22.24 | Countdown with Keith Olbermann,2024-02-22 09:00:38+00:00,43875,4453,946,297,14.993265993265993,0.06669660902762183,12.982336182336182
Keith Olbermann,"RUSSIAN BIDEN ""INFORMANT"" ARRESTED AGAIN: the Friday Countdown Podcast: http://tinyurl.com/56r95nzs",2024-02-23 05:08:00+00:00,13392,1677,144,65,25.8,0.03875968992248062,14.083034647550777
Keith Olbermann,"FBI BIDEN ""INFORMANT"" SMIRNOV ARRESTED AGAIN! - 2.23.24 | Countdown with Keith Olbermann",2024-02-23 09:00:09+00:00,50992,4352,880,94,46.297872340425535,0.021599264705882353,10.444775651082523
Keith Olbermann,BOB COSTAS NEEDS TO SHUT THE EFF UP ABOUT JOE BIDEN - 2.27.24 | Countdown with Keith Olbermann,2024-02-27 09:00:36+00:00,47920,4035,1198,363,11.115702479338843,0.08996282527881042,11.67779632721202
Keith Olbermann,"MICHIGAN: TRUMP UNDERPERFORMS, BIDEN OVERPERFORMS - AGAIN 2.28.34 | Countdown with Keith Olbermann",2024-02-28 09:00:21+00:00,49434,3774,769,535,7.054205607476636,0.1417594064652888,10.272282234899057
Keith Olbermann,MY BROTHER RICHARD LEWIS IS GONE - 2.29.24 | Countdown with Keith Olbermann,2024-02-29 09:00:35+00:00,44835,3843,754,145,26.50344827586207,0.037730939370283635,10.57655849224936
Keith Olbermann,"WHAT HAPPENS IF THE COURT CREATES ""PRESIDENTIAL IMMUNITY?"" - 3.1.24 | Countdown with Keith Olbermann",2024-03-01 09:00:26+00:00,43952,3369,759,1860,1.8112903225806452,0.5520926090828139,13.623953403713141
Keith Olbermann,"TRUMP APPEARS TO HAVE ""FLUENT APHASIA"" - Tuesday Countdown Podcast: https://tinyurl.com/bdd688df",2024-03-05 05:08:00+00:00,18233,1931,523,1777,1.0866629150253235,0.9202485758674263,23.205177425547085
Keith Olbermann,"TRUMP APPEARS TO HAVE ""FLUENT APHASIA"" - 3.5.24 | Countdown with Keith Olbermann",2024-03-05 09:00:07+00:00,62476,4633,1340,1844,2.5124728850325377,0.398014245629182,12.512004609770152
Keith Olbermann,SUPREME COURT CREATES WAY TO DISQUALIFY TRUMP AFTER ELECTION Wed. Pod: https://tinyurl.com/3h9rjkh7,2024-03-06 05:08:00+00:00,14793,1543,189,72,21.430555555555557,0.046662346079066754,12.194957074291894
Keith Olbermann,SCOTUS CREATES WAY TO DISQUALIFY TRUMP AFTER THE ELECTION - 3.6.24 | Countdown with Keith Olbermann,2024-03-06 09:00:39+00:00,48367,3751,734,266,14.101503759398497,0.07091442282058118,9.822813075030496
Keith Olbermann,WHAT BIDEN SHOULD SAY: WE MUST KICK TRUMP'S ASS Thu. Countdown Podcast: https://tinyurl.com/4xhvzhw4,2024-03-07 05:08:00+00:00,7447,1180,114,38,31.05263157894737,0.03220338983050847,17.886397206928965
Keith Olbermann,THE SOTU ADDRESS BIDEN SHOULD GIVE: WE MUST KICK TRUMP'S ASS 3.7.24 | Countdown with Keith Olbermann,2024-03-07 09:00:32+00:00,40801,3225,685,15,215.0,0.004651162790697674,9.619862258277983
Keith Olbermann,I'LL BE LIVE HERE ON YOUTUBE (and iHeart's Twitch Channel) right after tonight's State Of The Union,2024-03-07 23:06:30+00:00,9644,1026,175,66,15.545454545454545,0.06432748538011696,13.137702198257983
Keith Olbermann,Countdown With Keith Olbermann - State of the Union Post Game Show,2024-03-08 04:49:37+00:00,119633,9764,1166,475,20.55578947368421,0.048648095043015156,9.533322745396337
Keith Olbermann,WHO OWNS TRUMP AND HOW SICK IS HE? (HE MISPRONOUNCED 'PUTIN') | Countdown with Keith Olbermann,2024-03-12 09:00:33+00:00,70644,5516,1238,472,11.686440677966102,0.08556925308194344,10.22875261876451
Keith Olbermann,RFK'S VP: AARON RODGERS? AND HUR MADE IT ALL UP Wed. Countdown Podcast: https://tinyurl.com/yc887a8f,2024-03-13 04:08:00+00:00,7878,1067,145,27,39.51851851851852,0.02530459231490159,15.727341964965728
Keith Olbermann,RFK JR WANTS AARON RODGERS AS VP; HUR SELF-IMMOLATES - 3.13.24 | Countdown with Keith Olbermann,2024-03-13 09:00:44+00:00,44023,3699,709,125,29.592,0.033792917004595836,10.296890261908548
Keith Olbermann,CNN: RFK VP PICK AARON RODGERS IS A SANDY HOOK DENIER Thurs. Countdown: https://tinyurl.com/ymad6xwr,2024-03-14 04:08:00+00:00,6310,792,98,5,158.4,0.006313131313131313,14.183835182250396
Keith Olbermann,RFK JR'S VP CHOICE AARON RODGERS IS A SANDY HOOK DENIER - 3.14.24 | Countdown with Keith Olbermann,2024-03-14 09:00:29+00:00,39619,3450,591,80,43.125,0.02318840579710145,10.40157500189303
Keith Olbermann,BRAGG DELAYS? WHEN WILL TRUMP BE BROUGHT TO JUSTICE? Fri.Countdown Pod: https://tinyurl.com/jmk4uzya,2024-03-15 04:08:00+00:00,9298,1323,218,173,7.6473988439306355,0.1307634164777022,18.434071843407185
Keith Olbermann,CHRIST! WILL SOMEBODY BRING TRUMP TO JUSTICE ALREADY? - 3.15.24 | Countdown with Keith Olbermann,2024-03-15 09:00:14+00:00,52339,4322,1089,649,6.659476117103236,0.15016196205460436,11.578364126177421
Keith Olbermann,TRUMP VIOLATES DC GAG ORDER. JAIL HIM. Get the Tues. Countdown Podcast: https://tinyurl.com/569c5tfa,2024-03-19 04:08:00+00:00,17541,2051,357,125,16.408,0.060945880058508047,14.440453793968416
Keith Olbermann,"TRUMP ATTACKS WITNESS, VIOLATES GAG ORDER. JAIL HIM. - 3.19.24 | Countdown with Keith Olbermann",2024-03-19 09:00:34+00:00,51183,4306,995,432,9.967592592592593,0.10032512772875057,11.20098470195182
Keith Olbermann,ANTISEMITE TRUMP DOUBLES DOWN; POLL: BIDEN GAINS 6 Weds. Countdown Pod: https://tinyurl.com/yc7xc5ac,2024-03-20 04:08:00+00:00,11716,1466,148,96,15.270833333333334,0.06548431105047749,14.595425059747354
Keith Olbermann,TRUMP DOUBLES DOWN ON ORGY OF ANTISEMITISM - 3.20.24 | Countdown with Keith Olbermann,2024-03-20 09:00:05+00:00,43283,3766,904,24,156.91666666666666,0.006372809346787042,10.84490446595661
Keith Olbermann,TRUMP WON'T DENY ASKING RUSSIA FOR $464m HE OWES NY Thu. Countdown Pod: https://tinyurl.com/hja75bpf,2024-03-21 04:08:00+00:00,13508,1343,163,24,55.958333333333336,0.017870439314966492,11.326621261474681
Keith Olbermann,TRUMP WON'T DENY TRYING TO GET THE $464M FROM RUSSIA OR SAUDIS | Countdown with Keith Olbermann,2024-03-21 09:00:01+00:00,52097,4129,953,358,11.533519553072626,0.08670380237345604,10.442060003455094
Keith Olbermann,NEW J6 TESTIMONY: TRUMP IGNORED BABBITT SHOOTING Get Fri.Countdown Pod: https://tinyurl.com/34atrfjh,2024-03-22 04:08:00+00:00,13719,1396,96,107,13.046728971962617,0.07664756446991404,11.655368467089438
Keith Olbermann,VALET'S J6 TESTIMONY: TRUMP IGNORED ASHLI BABBITT SHOOTING 3.22.24 | Countdown with Keith Olbermann,2024-03-22 09:00:50+00:00,53189,3965,807,309,12.831715210355988,0.07793190416141235,9.552727067626765
Keith Olbermann,TRUMP GOES NUTS: COMPARES HIMSELF TO JESUS - Tuesday Countdown Podcast: https://tinyurl.com/4cach4w2,2024-03-26 04:08:00+00:00,42643,2686,337,82,32.75609756097561,0.03052866716306776,7.281382641934197
Keith Olbermann,"TRUMP GOES NUTS, COMPARES HIMSELF TO JESUS - 3.26.24 | Countdown with Keith Olbermann",2024-03-26 09:00:10+00:00,56289,4182,839,104,40.21153846153846,0.024868483978957436,9.104798450851854
Keith Olbermann,"March 26, 2024",2024-03-27 04:08:00+00:00,14737,1937,208,27,71.74074074074075,0.013939081053175014,14.738413516998033
Keith Olbermann,"TRUMP IS SO SICK HE'S NOW MAKING UP WORDS; RONNA, GONE-A - 3.27.24 | Countdown with Keith Olbermann",2024-03-27 09:00:24+00:00,59471,4641,1009,265,17.513207547169813,0.05709976298211592,9.946024112592692
Keith Olbermann,REPORT: NBC TRIED TO THROW PSAKI UNDER BUS TO SAVE RONNA Thu.Countdown: https://tinyurl.com/4akat73h,2024-03-28 04:08:00+00:00,59309,3367,408,91,37.0,0.02702702702702703,6.518403614965688
Keith Olbermann,REPORT: NBC TRIED TO THROW JEN PSAKI UNDER THE BUS TO SAVE RONNA | Countdown with Keith Olbermann,2024-03-28 09:00:39+00:00,143655,7146,1158,158,45.22784810126582,0.02211027148054856,5.890501548849675
Keith Olbermann,BIDEN 50 TRUMP 50 / RNC THREATENS NBC OVER RONNA Fri.Countdown Podcast: https://tinyurl.com/32r93dpt,2024-03-29 04:08:00+00:00,27089,1955,160,54,36.2037037037037,0.02762148337595908,8.006940086381926
Keith Olbermann,GOP THREATENS TO CUT OFF NBC ACCESS OVER RONNA - 3.29.24 | Countdown with Keith Olbermann,2024-03-29 09:00:34+00:00,54053,4056,617,17,238.58823529411765,0.004191321499013806,8.676669195049303
Keith Olbermann,TRUMP STOCHASTIC ASSASSINATION THREAT AGAINST BIDEN: Tue.Countdown Pod: https://tinyurl.com/4vtfvvm9,2024-04-02 04:08:00+00:00,13620,1749,229,312,5.605769230769231,0.1783876500857633,16.813509544787077
Keith Olbermann,TRUMP STOCHASTIC ASSASSINATION THREAT AGAINST BIDEN - 4.2.24 | Countdown with Keith Olbermann,2024-04-02 09:00:00+00:00,50266,4996,955,18,277.55555555555554,0.003602882305844676,11.87482592607329
Keith Olbermann,TRUMP: I WILL FEDERALIZE LOCAL & STATE COPS The Wed. Countdown Podcast: https://tinyurl.com/4pjzj9vn,2024-04-03 04:08:00+00:00,12476,1521,313,27,56.333333333333336,0.01775147928994083,14.916639948701507
Keith Olbermann,TRUMP: I WILL FEDERALIZE STATE AND LOCAL COPS - 4.3.24 | Countdown with Keith Olbermann,2024-04-03 09:00:17+00:00,44529,3742,916,23,162.69565217391303,0.006146445750935329,10.512250443531181
Keith Olbermann,TRUMP LIED ABOUT TALKING TO FAMILY (OR HALLUCINATED) Thu.Countdown Pod: https://tinyurl.com/3nfsk5ap,2024-04-04 04:08:00+00:00,10301,1516,114,13,116.61538461538461,0.008575197889182058,15.949907775944084
Keith Olbermann,TRUMP LIED ABOUT TALKING TO THE GARCIA FAMILY. OR HALLUCINATED IT | Countdown with Keith Olbermann,2024-04-04 09:00:01+00:00,40070,3700,663,5,740.0,0.0013513513513513514,10.900923384077863
Keith Olbermann,BIDEN 52 TRUMP 48 - 4.5.24 | Countdown with Keith Olbermann,2024-04-05 09:00:58+00:00,50117,3485,547,2,1742.5,0.0005738880918220947,8.049164954007622
Keith Olbermann,TRUMP'S ABORTION BAN VIDEO SCREW-UP get the Tuesday Countdown Podcast: https://tinyurl.com/4u3c8fha,2024-04-09 04:08:00+00:00,15135,1309,114,14,93.5,0.0106951871657754,9.494549058473737
Keith Olbermann,TRUMP'S STUNNING UNFORCED ERROR ON ABORTION - 4.9.24 | Countdown with Keith Olbermann,2024-04-09 09:00:06+00:00,45354,3751,802,266,14.101503759398497,0.07091442282058118,10.625303170613396
Keith Olbermann,TRUMP HINTS HE'D PROSECUTE BIDEN OVER 2020 ELECTION Wed. Countdown Pod: https://tinyurl.com/3fc9jh98,2024-04-10 04:08:00+00:00,9825,1255,170,10,125.5,0.00796812749003984,14.60559796437659
Keith Olbermann,TRUMP HINTS AT PROSECUTING BIDEN FOR 'STEALING' 2020 ELECTION | Countdown with Keith Olbermann,2024-04-10 09:00:22+00:00,38778,3463,647,2,1731.5,0.0005775339301183945,10.603950693692301
Keith Olbermann,ARIZONA ABORTION LAW CAVES IN ON TRUMP - Thursday Countdown Podcast: https://tinyurl.com/bdfn7zr5,2024-04-11 04:10:00+00:00,10608,1074,77,6,179.0,0.00558659217877095,10.906862745098039
Keith Olbermann,ARIZONA ABORTION BAN CAVES IN ON TRUMP - 4.11.24 | Countdown with Keith Olbermann,2024-04-11 09:00:35+00:00,39075,3263,589,10,326.3,0.0030646644192460926,9.883557261676264
Keith Olbermann,WE IN L.A. MEDIA LET O.J. GET AWAY WITH IT - Friday Countdown Podcast: https://tinyurl.com/4k6prtk7,2024-04-12 04:08:00+00:00,9367,1018,81,6,169.66666666666666,0.005893909626719057,11.796733212341199
Keith Olbermann,WE IN L.A. MEDIA LET O.J. SIMPSON GET AWAY WITH IT - 4.12.24 | Countdown with Keith Olbermann,2024-04-12 09:00:12+00:00,40608,2946,583,13,226.6153846153846,0.004412763068567549,8.722419227738376
Keith Olbermann,TRUMP FALLS ASLEEP AT HIS TRIAL. AND IF IT HAD BEEN BIDEN? Tu.Countdown https://tinyurl.com/2ntzk5n5,2024-04-16 04:10:00+00:00,10415,1472,174,6,245.33333333333334,0.004076086956521739,15.861737878060488
Keith Olbermann,DROWSY J. TRUMP FALLS ASLEEP AT HIS OWN TRIAL - 4.16.24 | Countdown with Keith Olbermann,2024-04-16 09:00:15+00:00,48427,3983,735,20,199.15,0.005021340697966357,9.783798294339935
Keith Olbermann,THE DAILY DOZE WITH DROWSY DONALD: get the Wednesday Countdown Podcast: https://tinyurl.com/bde44vab,2024-04-17 04:08:00+00:00,9970,1223,120,4,305.75,0.003270645952575634,13.510531594784354
Keith Olbermann,THE NEW NORMAL: NAP TIME WITH DON SNORELEONE - 4.17.24 | Countdown with Keith Olbermann,2024-04-17 09:00:25+00:00,43724,3552,476,134,26.507462686567163,0.03772522522522523,9.518799743847772
Keith Olbermann,TRUMP IS AN IDIOT WHO THINKS JIMMY KIMMEL & AL PACINO ARE SAME GUY | Countdown with Keith Olbermann,2024-04-18 09:00:02+00:00,44923,3914,577,20,195.7,0.005109862033725089,10.041626783607507
Keith Olbermann,TRUMP MUST GO TO JAIL FOR IGNORING THE GAG ORDER Friday Countdown Pod: https://tinyurl.com/3323rfnn,2024-04-19 04:08:00+00:00,10436,1378,150,24,57.416666666666664,0.01741654571843251,14.871598313530088
Keith Olbermann,TRUMP MUST GO TO JAIL FOR IGNORING THE GAG ORDER - 4.19.24 | Countdown with Keith Olbermann,2024-04-19 09:00:47+00:00,43993,3562,640,18,197.88888888888889,0.0050533408197641775,9.592435160139114
Keith Olbermann,NEW TRUMP THREAT: I WANT MY MOBS AT ALL COURTHOUSES Tue. Countdown Pod: https://tinyurl.com/mr3muj56,2024-04-23 04:10:00+00:00,15442,1638,156,17,96.3529411764706,0.010378510378510378,11.727755472089108
Keith Olbermann,NOW TRUMP WANTS HIS MOBS TO OCCUPY THE COURTHOUSE - 4.23.24 | Countdown with Keith Olbermann,2024-04-23 09:00:10+00:00,45755,3790,699,8,473.75,0.0021108179419525065,9.828434050923395
Keith Olbermann,TRUMP FACES THREAT OF A MONTH IN JAIL get the Weds. Countdown Podcast: https://tinyurl.com/mr495rhy,2024-04-24 04:15:01+00:00,10930,1338,159,0,,0.0,13.696248856358645
Keith Olbermann,TRUMP COULD FACE A MONTH IN JAIL FOR CONTEMPT - 4.24.24 | Countdown with Keith Olbermann,2024-04-24 09:00:18+00:00,38184,3311,603,117,28.299145299145298,0.035336756266988824,10.556777707940498
Keith Olbermann,TRUMP'S ALREADY WON SUPREME COURT IMMUNITY CASE Thur.Countdown Podcast: https://tinyurl.com/485xamfv,2024-04-25 04:10:00+00:00,14686,1521,130,16,95.0625,0.01051939513477975,11.350946479640474
Keith Olbermann,TRUMP'S ALREADY WON TODAY'S SUPREME COURT 'PRESIDENTIAL IMMUNITY' | Countdown with Keith Olbermann,2024-04-25 09:00:15+00:00,42266,3670,803,6,611.6666666666666,0.0016348773841961854,10.5971703023707
Keith Olbermann,ALITO AND THE FASCISTS SHOULD BE SENT TO GITMO Fri. Countdown Podcast: https://tinyurl.com/bdezjnfj,2024-04-26 04:15:00+00:00,10722,1559,207,47,33.170212765957444,0.030147530468248876,16.909158739041224
Keith Olbermann,ALITO SHOULD WAKE UP TOMORROW IN GITMO - 4.26.24 | Countdown with Keith Olbermann,2024-04-26 09:00:42+00:00,45783,3786,943,90,42.06666666666667,0.02377179080824089,10.52574099556604
Keith Olbermann,WE NEED A SPECIAL COUNSEL TO INVESTIGATE THE SUPREME COURT 4.30.24 | Countdown with Keith Olbermann,2024-04-30 09:00:17+00:00,44754,4258,1002,116,36.706896551724135,0.02724283701268201,12.012334093041963
Keith Olbermann,TRUMP ALL BUT PROMISES 2024 ELECTION VIOLENCE - 5.1.24 | Countdown with Keith Olbermann,2024-05-01 09:00:27+00:00,44663,3800,636,240,15.833333333333334,0.06315789473684211,10.469516154311174
Keith Olbermann,TRUMP MUST BE JAILED AFTER VIOLATING D.C. GAG ORDER AND BAIL TERMS | Countdown with Keith Olbermann,2024-05-02 09:00:22+00:00,37386,3586,615,113,31.734513274336283,0.03151143335192415,11.539078799550634
Keith Olbermann,TRUMP IS FULL OF SHIT. GAG ORDER DOESN'T PREVENT HIM TESTIFYING | Countdown with Keith Olbermann,2024-05-03 09:00:01+00:00,43300,3484,757,657,5.30289193302892,0.18857634902411022,11.311778290993072
Keith Olbermann,"NOEM, TRUMP BELIEVE THEY HAVE THE RIGHT TO KILL Get Tuesday's podcast: https://tinyurl.com/55vpnunf",2024-05-07 04:10:01+00:00,11535,1389,129,42,33.07142857142857,0.03023758099352052,13.52405721716515
Keith Olbermann,"NOEM, TRUMP, AND MAGA'S BELIEF THEY HAVE THE RIGHT TO KILL - 5.7.24 | Countdown with Keith Olbermann",2024-05-07 09:00:02+00:00,38477,3529,673,96,36.760416666666664,0.027203173703598753,11.170309535566702
Keith Olbermann,"TRUMP DIDN'T SLEEP THROUGH THAT, HUH? - 5.8.24 | Countdown with Keith Olbermann",2024-05-08 09:00:09+00:00,41773,3376,522,14,241.14285714285714,0.004146919431279621,9.364900773226726
Keith Olbermann,RFK JR'S WORM; TRUMP WORMS HIS WAY OUT OF ALL BUT ONE TRIAL  5.9.24 | Countdown with Keith Olbermann,2024-05-09 09:00:37+00:00,38385,3223,657,13,247.92307692307693,0.004033509152963078,10.141982545265076
Keith Olbermann,TRUMP PROVES: NEVER HIRE A LAWYER WITH 3-1/2 STARS - 5.10.24 | Countdown with Keith Olbermann,2024-05-10 09:00:45+00:00,46750,3771,611,24,157.125,0.006364359586316627,9.424598930481283
Keith Olbermann,"WE NEED A ""WALTER CRONKITE MOMENT"" FROM THE NEW YORK TIMES 5.14.24 | Countdown with Keith Olbermann",2024-05-14 09:00:06+00:00,38421,3291,641,21,156.71428571428572,0.006381039197812215,10.288644231019495
Keith Olbermann,TUBERVILLE CONFIRMS TRUMP'S PLOT TO EVADE GAG ORDER - 5.15.24 | Countdown with Keith Olbermann,2024-05-15 09:00:01+00:00,42654,3640,723,99,36.76767676767677,0.0271978021978022,10.460918085056502
Keith Olbermann,TRUMP TIPS HIS HAND: HE'LL BACK OUT OF THE DEBATES WITH BIDEN | Countdown with Keith Olbermann,2024-05-16 09:00:03+00:00,47619,3792,880,26,145.84615384615384,0.006856540084388186,9.865809865809865
Keith Olbermann,"NO, THEY DID NOT DESTROY MICHAEL COHEN - 5.17.24 | Countdown with Keith Olbermann",2024-05-17 09:00:18+00:00,43868,3746,477,20,187.3,0.005339028296849973,9.672198413422084
Keith Olbermann,BULLETIN: ALITO CONFIRMS 'STOP THE STEAL' FLAG SCANDAL - 5.17.24 | Countdown with Keith Olbermann,2024-05-18 01:18:04+00:00,35537,3224,579,20,161.2,0.00620347394540943,10.757801727776684
Keith Olbermann,TRUMP MUST GO DIRECTLY TO JAIL; VIOLATES GAG ORDER TWICE - 5.21.24 | Countdown with Keith Olbermann,2024-05-21 09:00:25+00:00,42694,3534,689,22,160.63636363636363,0.00622524052065648,9.94284911228744
Keith Olbermann,"NEW POLLING: VOTERS TERRIFIED BY TRUMP ""3RD TERM"" TALK - 5.22.24 | Countdown with Keith Olbermann",2024-05-22 09:00:13+00:00,65936,4383,859,83,52.80722891566265,0.0189368012776637,8.076013103615628
Keith Olbermann,ALITO CAN SHOVE HIS FLAGS UP HIS INSURRECTIONIST ASS - 5.23.24 | Countdown with Keith Olbermann,2024-05-23 09:00:14+00:00,49206,4248,1213,6,708.0,0.0014124293785310734,11.110433686948747
Keith Olbermann,TODAY IS A GOOD DAY TO CONVICT DONALD TRUMP - 5.28.24 | Countdown with Keith Olbermann,2024-05-28 09:00:07+00:00,46024,3909,768,117,33.41025641025641,0.029930928626247123,10.416304536763429
Keith Olbermann,TRUMP MOVING TOWARDS A FORM OF ETHNIC CLEANSING - 5.29.24 | Countdown with Keith Olbermann,2024-05-29 09:00:20+00:00,40337,3589,800,93,38.59139784946237,0.025912510448592923,11.111386568163224
Keith Olbermann,ALITO'S LYING / WILL DEMS USE TRUMP GUILT? Get the Thu.Countdown Pod: https://tinyurl.com/257uztey,2024-05-30 04:12:00+00:00,7412,1025,80,16,64.0625,0.015609756097560976,15.124123043712897
Keith Olbermann,HOW WE KNOW ALITO IS LYING; AND WHAT'S BIDEN'S PLAN TO USE TRUMP'S CONVICTION? - 5.30.24,2024-05-30 09:00:24+00:00,43324,3582,691,9,398.0,0.002512562814070352,9.883667251407996
Keith Olbermann,"IF VERDICTS COST TRUMP 2%, HE JUST LOST Get Friday's Countdown Podcast: https://tinyurl.com/2p9bxwhx",2024-05-31 04:12:00+00:00,15544,1867,185,28,66.67857142857143,0.014997321906802356,13.381369016984046
Keith Olbermann,"IF THE VERDICTS COST TRUMP 2%, HE JUST LOST - 5.31.24 | Countdown with Keith Olbermann",2024-05-31 09:00:21+00:00,59311,4712,988,104,45.30769230769231,0.022071307300509338,9.785705855574852
Keith Olbermann,BONUS BULLETIN FIRST POST-CONVICTION POLLS SPELL DISASTER FOR TRUMP - 6.1.24 | Keith Olbermann,2024-06-01 22:00:17+00:00,69783,7231,803,20,361.55,0.0027658691743880515,11.5414929137469
Keith Olbermann,KEEP. CALLING. HIM. CONVICTED. FELON. DONALD. TRUMP - 6.4.24 | Countdown with Keith Olbermann,2024-06-04 09:00:21+00:00,52149,4232,768,2,2116.0,0.0004725897920604915,9.591746725728202
Keith Olbermann,"BIDEN DOES CALL HIM ""CONVICTED FELON DONALD TRUMP"" - 6.5.24 | Countdown with Keith Olbermann",2024-06-05 09:00:49+00:00,42653,3824,713,14,273.14285714285717,0.0036610878661087866,10.66982392797693
Keith Olbermann,NYT: CONVICTIONS COST TRUMP 7%; TRUMP-WSJ QUID PRO QUO? Thu. Countdown: https://tinyurl.com/yzcnt9m6,2024-06-06 04:12:00+00:00,11089,1257,155,23,54.65217391304348,0.018297533810660304,12.940752096672378
Keith Olbermann,TRUMP LOSES ANOTHER 7%; DID HE DO A QUID PRO QUO WITH THE WALL STREET JOURNAL? - 6.6.24,2024-06-06 09:00:31+00:00,53747,4062,848,17,238.94117647058823,0.004185130477597243,9.167023275717714
Keith Olbermann,PERFECTION: THEY SENT BANNON TO JAIL ON D-DAY! - 6.7.24 | Countdown with Keith Olbermann,2024-06-07 09:00:27+00:00,47837,4025,709,15,268.3333333333333,0.0037267080745341614,9.927462006396723
Keith Olbermann,MORE BAD TRUMP POLLS; ALITOS SELF-DESTRUCT Get the Tue. Countdown Pod: https://tinyurl.com/yaep98sm,2024-06-11 04:13:00+00:00,17753,1718,154,0,,0.0,10.544696670985186
Keith Olbermann,TRUMP HURT AGAIN IN POLLS; JUSTICE & MRS ALITO SELF-DISTRUCT - 6.11.24 | Keith Olbermann,2024-06-11 09:00:44+00:00,52780,4123,922,8,515.375,0.0019403347077370846,9.573702159909056
Keith Olbermann,TRUMP FLOATS PLAN TO RE-START MILITARY DRAFT:  Weds. Countdown Podcast: https://tinyurl.com/ypkrzbmu,2024-06-12 04:15:00+00:00,12219,1388,316,35,39.65714285714286,0.02521613832853026,14.231933873475736
Keith Olbermann,TRUMP FLOATS REINSTATING THE MILITARY DRAFT - 6.12.24 | Countdown with Keith Olbermann,2024-06-12 09:00:34+00:00,46397,3800,1121,2,1900.0,0.0005263157894736842,10.610599823264435
Keith Olbermann,GARLAND SHOULD INDICT JORDAN; HOWARD FINEMAN IN MEMORIAM Thur. Podcast: https://tinyurl.com/33dr7wzk,2024-06-13 04:15:02+00:00,12679,1205,124,0,,0.0,10.48189920340721
Keith Olbermann,GARLAND SHOULD NOW INDICT JIM JORDAN; HOWARD FINEMAN IN MEMORIAM | Countdown with Keith Olbermann,2024-06-13 09:00:06+00:00,42725,3759,732,97,38.75257731958763,0.025804735301942005,10.738443534230544
Keith Olbermann,TRUMP PLOTS TO GET CONGRESS TO 'OVERTURN' CONVICTIONS Fri.Countdown Pod https://tinyurl.com/3zchffbn,2024-06-14 04:15:01+00:00,15329,1605,172,16,100.3125,0.009968847352024923,11.696783873703438
Keith Olbermann,TRUMP PLOTS TO GET CONGRESS TO OVERTURN HIS CONVICTIONS - 6.14.24 | Countdown with Keith Olbermann,2024-06-14 09:00:03+00:00,51346,3783,800,98,38.60204081632653,0.02590536611155168,9.116581622716472
Keith Olbermann,TRUMP IS LOSING HIS MIND - AND THE ELECTION. Get the Tu.Countdown Pod:  https://tinyurl.com/6k2mw68v,2024-06-18 04:15:03+00:00,11858,1497,122,13,115.15384615384616,0.008684034736138945,13.76286051610727
Keith Olbermann,TRUMP IS LOSING HIS MIND (AND THE ELECTION) - 6.18.24 | Countdown with Keith Olbermann,2024-06-18 09:00:00+00:00,61893,4942,1017,19,260.10526315789474,0.0038445973290165926,9.658604365598695
Keith Olbermann,"TRUMP CALLS BIDEN ""JOE BRIDE""; Willie Mays dies. WEDS. COUNTDOWN POD: https://tinyurl.com/4ah4tybw",2024-06-19 04:15:02+00:00,11539,1208,122,12,100.66666666666667,0.009933774834437087,11.630123927550047
Keith Olbermann,"TRUMP CALLS BIDEN ""JOE BRIDE""; And Willie Mays Passes - 6.19.24 | Countdown with Keith Olbermann",2024-06-19 09:00:48+00:00,47418,3776,647,5,755.2,0.0013241525423728813,9.338225990130331
Keith Olbermann,FOX NEWS POLL: SEVEN POINT SWING TO BIDEN IN THREE MONTHS - 6.20.24 | Countdown with Keith Olbermann,2024-06-20 09:00:20+00:00,47663,4000,598,22,181.8181818181818,0.0055,9.693053311793214
Keith Olbermann,THE BID TO REMOVE JUDGE CANNON BEGINS. Get Friday's Countdown Podcast: https://tinyurl.com/58aahru8,2024-06-21 04:15:00+00:00,16239,1727,140,24,71.95833333333333,0.013896931094383324,11.6448057146376
Keith Olbermann,PUSH TO REMOVE JUDGE CANNON BEGINS; RFK JR THREATENS TO JAIL JAKE TAPPER - 6.21.24 | Keith Olbermann,2024-06-21 09:00:20+00:00,59671,4498,650,104,43.25,0.023121387283236993,8.80159541485814
Keith Olbermann,"TRUMP FLAK CALLS HITLER ""HILTER""; TRUMP PLANS DEBATE EXIT Tu.Countdown: https://tinyurl.com/4smhbbz6",2024-06-25 04:15:00+00:00,25093,1738,217,41,42.390243902439025,0.023590333716915997,7.954409596301757
Keith Olbermann,"TRUMP MAY BAIL ON DEBATE; HIS SPOKESPERSON CALLS HITLER ""HILTER"" - TUE 6.25.24 | Keith Olbermann",2024-06-25 09:00:40+00:00,61277,4545,808,100,45.45,0.022002200220022004,8.898934347308126
Keith Olbermann,CNN FAIL: MODERATORS WON'T FACT-CHECK TRUMP DEBATE LIES Weds.Countdown: https://tinyurl.com/48mjszyf,2024-06-26 04:15:00+00:00,12570,1331,288,19,70.05263157894737,0.014274981217129978,13.031026252983294
Keith Olbermann,CNN FAIL: MODERATORS WON'T FACT-CHECK TRUMP LIES - 6.26.24 | Countdown with Keith Olbermann,2024-06-26 09:00:50+00:00,46470,3752,728,9,416.8888888888889,0.002398720682302772,9.659995696148052
Keith Olbermann,"BIDEN, TRUMP DEBATE WHILE ABE LINCOLN...MELTS? Thu. Countdown Podcast: https://tinyurl.com/y7nb43cd",2024-06-27 04:15:03+00:00,9555,1055,95,4,263.75,0.0037914691943127963,12.077446363160648
Keith Olbermann,"WHILE THEY'RE DEBATING, ABE LINCOLN'S WAX STATUE IS MELTING 6.27.24 | Countdown with Keith Olbermann",2024-06-27 09:00:04+00:00,42628,3235,599,29,111.55172413793103,0.008964451313755796,9.062118795158112
Keith Olbermann,Countdown With Keith Olbermann - Biden-Trump Debate Post Game Show,2024-06-28 03:47:10+00:00,125296,7340,1701,854,8.594847775175644,0.11634877384196185,7.897299195505044
Keith Olbermann,"CNN IS COMPLICIT: IT FAILS EVERY TEST, LETS TRUMP LIE Friday Countdown: https://tinyurl.com/n2nj3n5b",2024-06-28 05:37:33+00:00,31661,3137,1035,1138,2.756590509666081,0.36276697481670384,16.771422254508703
Keith Olbermann,BULLETIN: BIDEN NOT DROPPING OUT; WAS IT COLD MEDS? Get new podcast: https://tinyurl.com/2d3bbumf,2024-07-01 00:00:16+00:00,17301,1608,507,105,15.314285714285715,0.06529850746268656,12.831628229582105
Keith Olbermann,BULLETIN: BIDEN NOT DROPPING OUT; WAS IT COLD MEDS? - 6.30.24 | Countdown with Keith Olbermann,2024-07-01 03:49:49+00:00,49112,4153,1517,757,5.486129458388375,0.18227787141825186,13.08641472552533
Keith Olbermann,"""I DISSENT."" BIDEN FIGHTS BACJ AFTER SCOTUS IMMUNITY FARCE Tue.Podcast: https://tinyurl.com/2a9n34dv",2024-07-02 04:15:00+00:00,16956,1634,418,41,39.853658536585364,0.025091799265605876,12.343713139891484
Keith Olbermann,"""I DISSENT"" - BIDEN DECLARES WAR ON SUPREME COURT, TRUMP - 7.2.24 | Countdown with Keith Olbermann",2024-07-02 09:00:44+00:00,56489,4824,1733,275,17.541818181818183,0.05700663349917081,12.094390058241428
Keith Olbermann,"BULLETIN: PELOSI COMMENTS, INTERNAL POLLS MAY MEAN BIDEN EXIT podcast: https://tinyurl.com/4fcedz7v",2024-07-02 20:59:03+00:00,23948,1503,951,6,250.5,0.003992015968063872,10.272256555871055
Keith Olbermann,BIDEN WITHDRAWAL MAY BE INEVITABLE - 7.2.24 | Countdown with Keith Olbermann,2024-07-03 03:00:27+00:00,23528,1790,1041,23,77.82608695652173,0.012849162011173185,12.13022781366882
Keith Olbermann,AS PELOSI SUGGESTS BIDEN 'TEST' HE FLUBS DEBATE TIMELINE Weds. Podcast: https://tinyurl.com/3b9ntjnf,2024-07-03 04:15:00+00:00,11133,741,311,27,27.444444444444443,0.03643724696356275,9.691906943321657
Keith Olbermann,PELOSI SUGGESTS BIDEN TAKE TEST; HE STUMBLES ANEW - 7.3.24 | Countdown with Keith Olbermann,2024-07-03 09:00:40+00:00,43061,2928,1707,11,266.1818181818182,0.003756830601092896,10.78934534729802
Keith Olbermann,I DON'T UNDERSTAND WHAT THE WHITE HOUSE IS DOING Thursday Countdown Pod: ttps://tinyurl.com/yu25ray5,2024-07-04 04:15:00+00:00,17248,1309,409,27,48.48148148148148,0.020626432391138275,10.117115027829314
Keith Olbermann,I DO NOT KNOW WHAT THE WHITE HOUSE IS DOING - 7.4.24 | Countdown with Keith Olbermann,2024-07-04 09:00:24+00:00,38345,2742,1418,50,54.84,0.01823486506199854,10.979267179554048
Keith Olbermann,"BULLETIN: Biden's disturbing ""I have it my best"" answer BULLETIN POD: https://tinyurl.com/yazmpzks",2024-07-06 01:54:41+00:00,15849,1157,685,71,16.295774647887324,0.06136560069144339,12.07016215534103
Keith Olbermann,"BULLETIN: BIDEN'S TROUBLING ""I GAVE IT MY BEST""  - 7.6.23 | Countdown with Keith Olbermann",2024-07-06 03:41:33+00:00,34711,2338,1579,8,292.25,0.003421727972626176,11.307654633977702
Keith Olbermann,"JOE? CHANGE THE SUBJECT. STOP TALKING, START ARRESTING Tuesday podcast: https://tinyurl.com/mr39hhtu",2024-07-09 04:15:00+00:00,12772,1435,325,23,62.391304347826086,0.01602787456445993,13.96022549326652
Keith Olbermann,SOLUTION FOR BIDEN: START ARRESTING TRUMP TERRORISTS - 7.9.24 | Countdown with Keith Olbermann,2024-07-09 09:00:49+00:00,36039,3114,1119,254,12.259842519685039,0.08156711624919717,12.45040095452149
Keith Olbermann,THE BIDEN OVERTHROW IS OVER (until tomorrow's news conference?) Wed.Pod https://tinyurl.com/4bhkyvev,2024-07-10 04:15:00+00:00,10725,999,183,13,76.84615384615384,0.013013013013013013,11.142191142191143
Keith Olbermann,THE BID TO BOUNCE BIDEN IS OVER (UNTIL TOMORROW) - 7.10.24 | Countdown with Keith Olbermann,2024-07-10 09:00:24+00:00,35281,2624,773,211,12.436018957345972,0.08041158536585366,10.226467503755563
Keith Olbermann,"PELOSI TRIES SOFT SELL; TRUMP WHORE CALLS KAMALA ""COLORED"" Thu.Podcast: https://tinyurl.com/bdd3muuc",2024-07-11 04:15:02+00:00,14999,1222,245,16,76.375,0.01309328968903437,9.887325821721447
Keith Olbermann,PELOSI'S NEW EFFORT TO CONVINCE BIDEN TO GO - 7.11.24 | Countdown with Keith Olbermann,2024-07-11 09:00:52+00:00,30724,2297,949,6,382.8333333333333,0.00261210274270788,10.584559302174195
Keith Olbermann,BIDEN PUTS TOOTHPASTE BACK IN TUBE get the Friday Countdown Podcast: https://tinyurl.com/2jfpr2y4,2024-07-12 04:15:02+00:00,14414,1412,350,5,282.4,0.0035410764872521247,12.258914943804635
Keith Olbermann,BIDEN SOMEHOW PUTS TOOTHPASTE BACK IN TUBE - 7.12.24 | Countdown with Keith Olbermann,2024-07-12 09:00:01+00:00,42257,3214,1281,695,4.6244604316546765,0.216241443683883,12.28198878292354
Keith Olbermann,TRUMP WAS SHOT AT BY A MAGA WITH TRUMP SIGNS IN HIS YARD: Tu.Countdown: https://tinyurl.com/bdeyczm5,2024-07-16 04:15:00+00:00,52887,3484,523,750,4.645333333333333,0.21526980482204364,8.9946489685556
Keith Olbermann,"TRUMP IS STILL A HITLER, AND HE WAS SHOT AT BY MAGA - 7.16.24 | Countdown with Keith Olbermann",2024-07-16 09:00:35+00:00,52671,4568,1241,509,8.974459724950885,0.11142732049036777,11.995215583527937
Keith Olbermann,"TUCKER WARNED TRUMP: CHOOSE WRONG VP, YOU MAY BE ASSASSINATED Wed.Pod: https://tinyurl.com/4bntfd3w",2024-07-17 04:15:03+00:00,26614,1859,203,154,12.071428571428571,0.08284023668639054,8.326444728338469
Keith Olbermann,TUCKER CARLSON WARNED TRUMP HE MIGHT BE ASSASSINATED IF HE PICKED A VP OTHER THAN VANCE? - 7.17.24,2024-07-17 09:00:23+00:00,44675,3394,757,290,11.703448275862069,0.0854449027695934,9.940682708449916
Keith Olbermann,SCHUMER TELLS BIDEN TO GO; DEMS COULD GO PUBLIC NEXT WEEK Thu. Podcast: https://tinyurl.com/ac3w3dyz,2024-07-18 04:12:00+00:00,18280,1333,619,51,26.137254901960784,0.03825956489122281,10.957330415754923
Keith Olbermann,SCHUMER TELLS BIDEN IT'S TIME TO DROP OUT - 7.18.24 | Countdown with Keith Olbermann,2024-07-18 09:00:09+00:00,40389,2880,1348,259,11.11969111969112,0.08993055555555556,11.109460496669886
Keith Olbermann,BIDEN MUST LEAVE TICKET; NEW EVIDENCE TRUMP WASN'T SHOT: Fri. Podcast: https://tinyurl.com/d8z2nhtu,2024-07-19 04:15:00+00:00,27490,1718,859,723,2.376210235131397,0.42083818393480793,12.004365223717715
Keith Olbermann,BIDEN MUST LEAVE TICKET; NEW EVIDENCE TRUMP WASN'T SHOT - 7.19.24 | Countdown with Keith Olbermann,2024-07-19 09:00:04+00:00,53558,3094,1944,1497,2.066800267201069,0.48383968972204267,12.20172523245827
Keith Olbermann,"KAMALA RAISES $223,000 A MINUTE. In memory of Minet. Tue.Countdown Pod: https://tinyurl.com/2cc3bmt9",2024-07-23 04:14:00+00:00,29459,2540,364,8,317.5,0.0031496062992125984,9.88492481075393
Keith Olbermann,"KAMALA RAISING $223,000 A MINUTE; IN MEMORY OF MINET - 7.23.24 | Countdown with Keith Olbermann",2024-07-23 09:00:02+00:00,84650,5179,1640,237,21.852320675105485,0.045761730063718864,8.33549911399882
Keith Olbermann,KAMALA SMOKES TRUMP IN 1ST POLLS. Get the Wednesday Countdown Podcast: https://tinyurl.com/46cddnnw,2024-07-24 04:15:00+00:00,30243,2314,347,24,96.41666666666667,0.010371650821089023,8.878087491320304
Keith Olbermann,KAMALA SMOKES TRUMP IN FIRST POLLS - 7.24.24 | Countdown with Keith Olbermann,2024-07-24 09:00:01+00:00,90222,5345,1143,383,13.955613577023499,0.0716557530402245,7.615659151869831
Keith Olbermann,NEPHEW: TRUMP TOLD ME MAYBE WE SHOULD LET THE DISABLED DIE Thu.Podcast: https://tinyurl.com/mrxvusz4,2024-07-25 04:15:02+00:00,27512,2184,362,27,80.88888888888889,0.012362637362637362,9.352282640302413
Keith Olbermann,NEPHEW: TRUMP TOLD ME MAYBE WE SHOULD LET THE DISABLED DIE  7.25.24 | Countdown with Keith Olbermann,2024-07-25 09:00:02+00:00,57521,4361,945,26,167.73076923076923,0.005961935335932126,9.269658037933972
Keith Olbermann,THE TRUMP ASSASSINATION ATTEMPT COVER-UP CONSPIRACY - 7.26.24 | Countdown with Keith Olbermann,2024-07-26 09:00:03+00:00,57686,5010,1012,115,43.56521739130435,0.022954091816367265,10.638629823527372
Keith Olbermann,"KAMALOT POLL: UP 47-46, APPROVAL SOARS TO 50% Tues. Countdown Podcast: https://tinyurl.com/yvd8rcz9",2024-07-30 04:15:00+00:00,25344,2079,234,10,207.9,0.00481000481000481,9.165877525252524
Keith Olbermann,KAMALOT! SHE'S UP BY ONE; NET APPROVAL RATING IS PLUS-4 - 7.30.24 | Countdown with Keith Olbermann,2024-07-30 09:00:05+00:00,66798,4541,706,13,349.3076923076923,0.0028628055494384495,7.874487260097609
Keith Olbermann,KAMALA SURGES AHEAD IN SWING STATES; vp nears. Weds. Countdown Podcast: https://tinyurl.com/ymxrjnyn,2024-07-31 04:14:00+00:00,16939,1622,189,26,62.38461538461539,0.016029593094944512,10.84479603282366
Keith Olbermann,KAMALA WIPES OUT TRUMP LEADS IN SWING STATES - 7.31.24 | Countdown with Keith Olbermann,2024-07-31 09:00:27+00:00,59683,4325,835,19,227.6315789473684,0.004393063583815029,8.677512859608264
Keith Olbermann,TRUMP INSANELY INSISTS KAMALA ISN'T BLACK; HE MUST DROP OUT Thu.Podcast https://tinyurl.com/2mv3v6zz,2024-08-01 04:14:00+00:00,18688,1972,278,70,28.17142857142857,0.035496957403651115,12.414383561643834
Keith Olbermann,TRUMP ACCUSES HARRIS OF NOT BEING BLACK. HE MUST DROP OUT OF THE RACE - 8.1.24 | Keith Olbermann,2024-08-01 09:00:36+00:00,58746,5057,1393,51,99.15686274509804,0.01008503065058335,11.066285364109897
Keith Olbermann,PUTIN ABANDONS TRUMP Gershkovich deal is signal. Fri.Countdown Podcast: https://tinyurl.com/5bekkuxf,2024-08-02 04:14:00+00:00,25131,2244,211,6,374.0,0.00267379679144385,9.792686323664
Keith Olbermann,"PUTIN ABANDONS TRUMP; TRUMP DOESN'T KNOW HE'S ""WEIRD"" - 8.2.24 | Countdown with Keith Olbermann",2024-08-02 09:00:20+00:00,75368,5216,821,65,80.24615384615385,0.01246165644171779,8.096274280861904
Keith Olbermann,KAMALA DOUBLES POLL LEADS - AGAIN. Also: VP choice. Tue. Countdown Pod: https://tinyurl.com/mr4x5vym,2024-08-06 04:15:00+00:00,32325,2227,215,25,89.08,0.01122586439155815,7.631863882443929
Keith Olbermann,KAMALA DOUBLES POLL LEAD - UP BY 4; FAVORED BY NATE SILVER - 8.6.24 | Countdown with Keith Olbermann,2024-08-06 09:00:15+00:00,59802,4297,830,163,26.36196319018405,0.03793344193623458,8.845857998060264
Keith Olbermann,KAMALA'S SECRET WEAPON: PEOPLE REALLY LIKE TIM WALZ Get the Wed.Podcast https://tinyurl.com/25y624cv,2024-08-07 04:14:01+00:00,18665,2034,178,7,290.57142857142856,0.00344149459193707,11.888561478703457
Keith Olbermann,KAMALA'S SECRET WEAPON: PEOPLE REALLY LIKE TIM WALZ - 8.7.24 | Countdown with Keith Olbermann,2024-08-07 09:00:06+00:00,68897,5229,938,226,23.13716814159292,0.04322050105182635,9.279068754807902
Keith Olbermann,J.V. VANCE IS GOD'S GIFT TO THE DEMOCRATS - 8.8.24 | Countdown with Keith Olbermann,2024-08-08 09:00:30+00:00,69505,5053,1072,169,29.899408284023668,0.03344547793390065,9.05546363570966
Keith Olbermann,TRUMP POLL NUMBERS COLLAPSE: Ipsos -5; MUL -8 Friday Countdown Podcast: https://tinyurl.com/4chk3n5m,2024-08-09 04:14:00+00:00,37512,2895,319,20,144.75,0.0069084628670120895,8.6212412028151
Keith Olbermann,TRUMP'S POLL NUMBERS COLLAPSE - 8.9.24 | Countdown with Keith Olbermann,2024-08-09 09:00:51+00:00,89916,6046,1158,239,25.297071129707113,0.03953026794574926,8.277725877485654
Keith Olbermann,TRUMP POLL NUMBERS CRATER; IRAN HACK STORY CRASHES the Tuesday Podcast: https://tinyurl.com/6u5vc2tu,2024-08-13 04:15:00+00:00,21910,1828,136,48,38.083333333333336,0.0262582056892779,9.183021451392058
Keith Olbermann,"TRUMP POLLS CRATER; HIS ""IRAN HACKED ME"" STORY DOESN'T HOLD UP - 8.13.24 | Countdown Keith Olbermann",2024-08-13 09:00:25+00:00,68302,5064,654,11,460.3636363636364,0.0021721958925750395,8.3877485285936
Keith Olbermann,NEW POLLING: TEXAS AND FLORIDA ARE IN PLAY FOR HARRIS Wed.Countdown Pod https://tinyurl.com/y8e24sz8,2024-08-14 04:14:00+00:00,22337,2016,189,3,672.0,0.001488095238095238,9.884944262882213
Keith Olbermann,TEXAS AND FLORIDA ARE IN PLAY - 8.14.24 | Countdown with Keith Olbermann,2024-08-14 09:00:30+00:00,68009,5065,771,58,87.32758620689656,0.011451135241855873,8.666500022055905
Keith Olbermann,"KAMALA-PALOOZA ACCELERATES: Swing states, coattails? Thu.Countdown Pod: https://tinyurl.com/47bkc3s4",2024-08-15 04:15:01+00:00,14772,1634,100,2,817.0,0.0012239902080783353,11.751963173571623
Keith Olbermann,MORE KAMA-LAPALOOZA: AHEAD IN ALL BUT ONE SWING STATE - 8.15.24 | Countdown with Keith Olbermann,2024-08-15 09:00:34+00:00,56157,4555,712,76,59.93421052631579,0.01668496158068057,9.514397136599177
Keith Olbermann,"TRUMP ""NEWS"" ""CONFERENCE"" WITHOUT QUESTIONS - 8.16.24 | Countdown with Keith Olbermann",2024-08-16 09:00:30+00:00,64736,4561,640,68,67.07352941176471,0.014909011181758386,8.139211566979734
Keith Olbermann,BULLETIN: TRUMP ATTACKS MEDAL OF HONOR HEROES: bulletin podcast here: https://tinyurl.com/mr44xchk,2024-08-16 11:29:54+00:00,19041,2021,266,1,2021.0,0.0004948045522018803,12.016175621028308
Keith Olbermann,BULLETIN: TRUMP INSULTS MILITARY MEDAL OF HONOR HEROES - 8.16.24 | Countdown with Keith Olbermann,2024-08-16 17:30:02+00:00,27954,2797,602,53,52.77358490566038,0.01894887379335002,12.348858839522071
Keith Olbermann,TRUMP DOUBLES DOWN ON MEDAL OF HONOR SLUR. Get the Tues. Countdown Pod: https://tinyurl.com/5ez27dpy,2024-08-20 04:15:01+00:00,15220,1567,97,11,142.45454545454547,0.007019783024888321,11.005256241787121
Keith Olbermann,TRUMP DOUBLES DOWN ON MEDAL OF HONOR SLUR - 8.20.24 | Countdown with Keith Olbermann,2024-08-20 09:00:49+00:00,58305,4271,750,9,474.55555555555554,0.002107234839616015,8.627047423034046
Keith Olbermann,IS TRUMP...DYING OR SOMETHING? Sounds BAD. Get the Weds. Countdown Pod: https://tinyurl.com/4z9f4kpf,2024-08-21 04:14:00+00:00,34373,2685,372,57,47.10526315789474,0.021229050279329607,9.05943618537806
Keith Olbermann,IS TRUMP DYING OR SOMETHING? - 8.21.24 | Countdown with Keith Olbermann,2024-08-21 12:30:47+00:00,103114,6283,1021,16,392.6875,0.002546554193856438,7.098939038345908
Keith Olbermann,CHERYL HINES HOLDS UP RFK ENDORSING TRUMP Get the Thu. Countdown Pod: https://tinyurl.com/mvnjncae,2024-08-22 04:15:02+00:00,20243,1600,153,21,76.19047619047619,0.013125,8.763523193202587
Keith Olbermann,CHERYL HINES HOLDS UP RFK JR'S ENDORSEMENT OF TRUMP - 8.22.24 | Countdown with Keith Olbermann,2024-08-22 09:00:06+00:00,62563,4490,549,13,345.38461538461536,0.0028953229398663697,8.075060339178108
Keith Olbermann,KAMALA NAILS ACCEPTANCE SPEECH; NAILS TRUMP Get the Fri. Countdown Pod: https://tinyurl.com/4wuu3v7m,2024-08-23 04:10:00+00:00,19986,2155,152,26,82.88461538461539,0.012064965197215777,11.673171219853899
Keith Olbermann,THE SPECIAL GUEST WAS THE NEXT PRESIDENT OF THE UNITED STATES - 8.23.24 | Keith Olbermann,2024-08-23 09:00:37+00:00,67921,5170,851,80,64.625,0.015473887814313346,8.982494368457472
Keith Olbermann,'RED STATE' POLL: KAMALA BY 7! Get the Tuesday Countdown Podcast: https://tinyurl.com/2jxjb2x5,2024-08-27 04:14:00+00:00,24464,2258,178,23,98.17391304347827,0.010186005314437556,10.05150425114454
Keith Olbermann,'RED STATE' POLL: KAMALA BY SEVEN - 8.27.24 | Countdown with Keith Olbermann,2024-08-27 09:00:09+00:00,69941,4773,659,26,183.57692307692307,0.005447307772889169,7.803720278520468
Keith Olbermann,TRUMP ACCUSES HIMSELF OF FIXING THE 2020 ELECTION Weds. Countdown Pod: https://tinyurl.com/yc7vttvd,2024-08-28 04:13:00+00:00,16646,1802,100,48,37.541666666666664,0.026637069922308545,11.714526012255197
Keith Olbermann,TRUMP ACCUSES HIMSELF OF RIGGING THE 2020 ELECTION - 8.28.24 | Countdown with Keith Olbermann,2024-08-28 09:01:01+00:00,58650,4707,625,6,784.5,0.0012746972594008922,9.10144927536232
Keith Olbermann,TRUMP TURNS DEFILING OF ARLINGTON NATIONAL CEMETERY INTO AN AD Podcast: https://tinyurl.com/4r7wyev8,2024-08-29 04:15:04+00:00,20444,2247,303,1,2247.0,0.0004450378282153983,12.477988651927216
Keith Olbermann,TRUMP DOUBLES DOWN ON DEFILING ARLINGTON NATIONAL CEMETERY  8.29.24 | Countdown with Keith Olbermann,2024-08-29 09:00:37+00:00,79592,5605,1353,55,101.9090909090909,0.009812667261373774,8.811187053975274
Keith Olbermann,COVER-UP OF TRUMP CEMETERY SCANDAL ESCALATES Tuesday Countdown Podcast: https://tinyurl.com/yrbchezc,2024-09-03 04:15:05+00:00,24643,2564,303,289,8.8719723183391,0.11271450858034321,12.80688227894331
Keith Olbermann,COVER-UP OF TRUMP'S ARLINGTON CEMETERY SCANDAL ESCALATES - 9.3.24 | Countdown with Keith Olbermann,2024-09-03 09:00:02+00:00,64048,5940,965,150,39.6,0.025252525252525252,11.015176117911567
Keith Olbermann,"TRUMP CHANGES ARLINGTON STORY, IMPLIES ARMY LIED Wed.Countdown Podcast: https://tinyurl.com/498349su",2024-09-04 04:15:06+00:00,15998,1798,229,38,47.31578947368421,0.021134593993325918,12.907863482935367
Keith Olbermann,TRUMP IMPLIES ARMY IS LYING ABOUT HIS ARLINGTON SCANDAL - 9.4.24 | Countdown with Keith Olbermann,2024-09-04 09:00:13+00:00,63196,4969,681,14,354.92857142857144,0.002817468303481586,8.962592569149946
Keith Olbermann,SHOW ME THE MONEY: StoogeGate ties MAGA media to Russian $. Thurs. Pod: https://tinyurl.com/5dfjkpxh,2024-09-05 04:15:01+00:00,16624,1926,172,27,71.33333333333333,0.014018691588785047,12.782723772858517
Keith Olbermann,FOLLOW THE MONEY: MAGA INFLUENCERS LINKED TO RUSSIA - 9.5.24 | Countdown with Keith Olbermann,2024-09-05 09:00:52+00:00,51830,5030,905,87,57.81609195402299,0.017296222664015905,11.618753617595987
Keith Olbermann,PENCE CAN NOW HANG TRUMP; Cemetery abusers ID'd. Fri. Countdown Pod: https://tinyurl.com/4tr73j6n,2024-09-06 04:15:02+00:00,17463,1884,116,4,471.0,0.0021231422505307855,11.475691461948118
Keith Olbermann,PENCE MAY GET THE CHANCE TO METAPHORICALLY HANG TRUMP - 9.6.24 | Countdown with Keith Olbermann,2024-09-06 09:00:32+00:00,69250,5129,692,16,320.5625,0.003119516474946383,8.428880866425994
Keith Olbermann,"TRUMP WILL ""BLOODY"" IMMIGRANTS, VOWS TO JAIL OPPONENTS Mon. Countdown: https://tinyurl.com/yyr8m6df",2024-09-09 04:31:59+00:00,15414,1612,265,87,18.528735632183906,0.05397022332506204,12.741663422862334
Keith Olbermann,"TRUMP TO ""BLOODY"" IMMIGRANTS...AND ARREST YOU - 9.9.24 | Countdown with Keith Olbermann",2024-09-09 09:00:37+00:00,54108,5136,939,19,270.3157894736842,0.0036993769470404984,11.262659865454276
Keith Olbermann,PRE-DEBATE REPORT: TRUMP WANTED MASS HANGINGS OF DRUG SUSPECTS Tue.Pod: https://tinyurl.com/4cjv3kat,2024-09-10 04:14:00+00:00,13917,1596,234,17,93.88235294117646,0.010651629072681704,13.271538406265718
Keith Olbermann,WHICH TRUMP DEBATES? THE CRAZY ONE? OR THE CRAZIER ONE? - 9.10.24 | Countdown with Keith Olbermann,2024-09-10 09:00:18+00:00,59318,4440,806,68,65.29411764705883,0.015315315315315315,8.958494891938367
Keith Olbermann,Countdown With Keith Olbermann - Harris-Trump Debate Post Game Show,2024-09-11 03:41:08+00:00,129057,11905,1294,133,89.51127819548873,0.011171776564468711,10.330319161300821
Keith Olbermann,HARRIS - AND TRUMP - DESTROY TRUMP. Then Taylor Swift endorses her POD: https://tinyurl.com/2mdnycz3,2024-09-11 05:40:16+00:00,27941,2839,320,56,50.69642857142857,0.019725255371609723,11.506388461400809
Keith Olbermann,TRUMP CHICKENS OUT OF 2ND HARRIS DEBATE - Thursday Countdown Podcast: https://tinyurl.com/r28kjfmr,2024-09-12 04:14:00+00:00,15456,1679,185,26,64.57692307692308,0.015485407980941036,12.228260869565217
Keith Olbermann,TRUMP CHICKENS OUT OF SECOND DEBATE - 9.12.24 | Countdown with Keith Olbermann,2024-09-12 09:00:22+00:00,65854,5468,789,65,84.12307692307692,0.01188734455010973,9.600024296170316
Keith Olbermann,"DONALD DUCKS KAMALA: ""no 3rd debate"" admission he lost. Fri. Countdown: https://tinyurl.com/2pawf3fm",2024-09-13 04:15:00+00:00,13773,1513,114,10,151.3,0.006609385327164574,11.885573222972482
Keith Olbermann,DONALD DUCKS KAMALA; GOP ADMITS DEBATE DEFEAT - 9.13.24 | Countdown with Keith Olbermann,2024-09-13 09:00:52+00:00,65623,4962,848,15,330.8,0.003022974607013301,8.876460996906573
Keith Olbermann,TRUMP SORTA SHOT AT BY ANOTHER MAGA - 9.16.24 | Countdown with Keith Olbermann,2024-09-16 09:00:19+00:00,89195,7000,1165,176,39.77272727272727,0.025142857142857144,9.35142104378048
Keith Olbermann,TRUMP'S STOCHASTIC TERROR THREAT Get the Tuesday Countdown Podcast: https://tinyurl.com/y37b5ubs,2024-09-17 04:15:03+00:00,15082,1757,185,47,37.38297872340426,0.026750142287990893,13.18790611324758
Keith Olbermann,"TRUMP'S NEW THREAT: ""THE BULLETS ARE FLYING AND IT WILL ONLY GET WORSE!"" - 9.17.24",2024-09-17 09:00:40+00:00,61123,5034,887,15,335.6,0.0029797377830750892,9.711565204587473
Keith Olbermann,IS KAMALA STARTING TO PULL AWAY FROM TRUMP IN THE POLLS? Wed.Countdown: https://tinyurl.com/5n6d3y7n,2024-09-18 04:15:04+00:00,20345,1900,159,12,158.33333333333334,0.00631578947368421,10.179405259277463
Keith Olbermann,IS KAMALA PULLING AWAY FROM TRUMP IN THE POLLS? - 9.18.24 | Countdown with Keith Olbermann,2024-09-18 09:00:20+00:00,66199,4978,822,0,,0.0,8.761461653499298
Keith Olbermann,HARRIS BY 6 IN PENNSYLVANIA; UP 2 IN FOX POLL: Thurs. Countdown Podcast https://tinyurl.com/f5997dr,2024-09-19 04:15:01+00:00,16998,1802,175,25,72.08,0.013873473917869035,11.777856218378632
Keith Olbermann,TRUMP ON VERGE OF NEW CAMPAIGN TACTIC: MELANIA NUDE - 9.19.24 | Countdown with Keith Olbermann,2024-09-19 09:00:28+00:00,70976,5194,840,80,64.925,0.015402387370042356,8.614179440937782
Keith Olbermann,TRUMP: IF I LOSE ELECTION BLAME THE JEWS. Get the Friday Countdown: https://tinyurl.com/mr27mf6n,2024-09-20 04:14:00+00:00,18198,2120,262,208,10.192307692307692,0.09811320754716982,14.232333223431146
Keith Olbermann,"TRUMP ACTUALLY SAYS IF HE LOSES, BLAME THE JEWS - 9.20.24 | Countdown with Keith Olbermann",2024-09-20 09:00:00+00:00,61879,4811,837,71,67.7605633802817,0.014757846601538142,9.242230805281276
Keith Olbermann,"TRUMP: IF I LOSE, I CAN'T SEE MYSELF RUNNING IN '28  Mon.Countdown Pod: https://tinyurl.com/5jrkzc23",2024-09-23 04:15:02+00:00,19122,1893,198,30,63.1,0.01584786053882726,11.09193598995921
Keith Olbermann,TRUMP: BEAT ME IN NOVEMBER AND I WON'T RUN IN 2028 - 9.23.24 | Countdown with Keith Olbermann,2024-09-23 09:00:11+00:00,62323,4929,738,115,42.86086956521739,0.02333130452424427,9.277473805818076
Keith Olbermann,YEP. OLIVIA NUZZI AND I DID LIVE TOGETHER Get the Tues. Countdown Pod: https://tinyurl.com/yvf49zxj,2024-09-24 04:15:02+00:00,16480,1387,143,37,37.486486486486484,0.026676279740447006,9.508495145631068
Keith Olbermann,"SENATOR SAVES ELECTORAL COLLEGE; YES, I LIVED WITH OLIVIA NUZZI - 9.24.24 | Keith Olbermann",2024-09-24 09:00:33+00:00,61190,4863,672,18,270.1666666666667,0.003701418877236274,9.075012256904722
Keith Olbermann,DURING SPEECH TRUMP STARTS DROOLING. Get the Weds. Countdown Podcast: https://tinyurl.com/2uvwpmy5,2024-09-25 04:15:01+00:00,18526,1887,212,6,314.5,0.003179650238473768,11.362409586527043
Keith Olbermann,TRUMP STARTS DROOLING DURING CAMPAIGN SPEECH - 9.25.24 | Countdown with Keith Olbermann,2024-09-25 09:00:05+00:00,68929,5362,794,29,184.89655172413794,0.005408429690414025,8.973001204137592
Keith Olbermann,WHITE TRASH CONGRESSMAN THREATEND OHIO HAITIANS: the Thu.Countdown Pod: https://tinyurl.com/3k937bkt,2024-09-26 04:15:00+00:00,16794,1987,191,42,47.30952380952381,0.021137393054856568,13.219006788138621
Keith Olbermann,WHITE TRASH CONGRESSMAN TO HAITIANS: GET OUT BY JAN. 20 - 9.26 | Countdown with Keith Olbermann,2024-09-26 09:00:32+00:00,57636,5045,919,11,458.6363636363636,0.002180376610505451,10.366784648483586
Keith Olbermann,"HAS JACK SMITH FOUND A WAY AROUND ""IMMUNITY""? The Friday Countdown Pod: https://tinyurl.com/39t6dt2y",2024-09-27 04:15:02+00:00,18463,1868,109,36,51.888888888888886,0.019271948608137045,10.902886854790662
Keith Olbermann,HAS JACK SMITH FOUND A WAY AROUND IMMUNITY? - 9.27.24 | Countdown with Keith Olbermann,2024-09-27 09:01:02+00:00,57762,4688,544,76,61.68421052631579,0.016211604095563138,9.189432498874693
Keith Olbermann,IF THERE'S NO HELL LET'S BUILD ONE FOR TRUMP. Monday Countdown podcast: https://tinyurl.com/5depkpm5,2024-09-30 04:15:03+00:00,18254,2109,249,24,87.875,0.011379800853485065,13.049194697052702
Keith Olbermann,"IF THERE'S NO HELL, I HOPE THEY MAKE ONE FOR TRUMP - 9.30.24 | Countdown with Keith Olbermann",2024-09-30 09:00:16+00:00,64082,5445,1150,78,69.8076923076923,0.014325068870523415,10.413220561156018
Keith Olbermann,"WALZ MUST SEIZE THE DEBATE, PROVE VANCE IS A LIAR Tues. Countdown Pod: https://tinyurl.com/4wrz59wf",2024-10-01 04:15:03+00:00,11535,1660,208,23,72.17391304347827,0.013855421686746987,16.393584742089292
Keith Olbermann,WALZ MUST SEIZE THE DEBATE AND METAPHORICALLY GUT VANCE LIKE A FISH - 10.1.24 | Keith Olbermann,2024-10-01 09:00:58+00:00,49675,4332,787,3,1444.0,0.0006925207756232687,10.311021640664318
Keith Olbermann,"""THE RULES WERE YOU GUYS WEREN'T GONNA FACT CHECK"" Vance blows debate: https://tinyurl.com/dyd9mu5m",2024-10-02 04:15:01+00:00,25147,2169,287,14,154.92857142857142,0.006454587367450438,9.822245198234382
Keith Olbermann,"""THE RULES WERE YOU GUYS WEREN'T GONNA FACT CHECK!"" - 10.2.24 | Countdown with Keith Olbermann",2024-10-02 09:00:53+00:00,61584,5013,937,75,66.84,0.014961101137043686,9.783385294881787
Keith Olbermann,"""MAKE THEM RIOT!"" Jack Smith Boxed Set drops. Thur. Countdown Podcast: https://tinyurl.com/n696m26n",2024-10-03 04:15:03+00:00,16826,1933,179,9,214.77777777777777,0.0046559751681324365,12.605491501248068
Keith Olbermann,"""MAKE THEM RIOT. DO IT!!!"" THE JACK SMITH BOXED SET DROPS - 10.3.24 | Countdown with Keith Olbermann",2024-10-03 09:00:41+00:00,57089,5083,739,28,181.53571428571428,0.005508557938225457,10.24715794636445
Keith Olbermann,"THE MEDIA, IN THE TANK FOR TRUMP, BURIES 3rd COUP. Fri. Countdown Pod: https://tinyurl.com/572vdx4f",2024-10-04 04:15:02+00:00,16986,1904,193,28,68.0,0.014705882352941176,12.510302602142943
Keith Olbermann,THE MEDIA IS IN THE TANK FOR TRUMP; IGNORES 3RD COUP EVIDENCE - 10.4.24 | Keith Olbermann,2024-10-04 09:00:12+00:00,52762,4651,711,77,60.4025974025974,0.016555579445280584,10.308555399719495
Keith Olbermann,TIME TO CANCEL MUSK'S GOVERNMENT CONTRACTS Monday Countdown Podcast: https://tinyurl.com/3mcdea2f,2024-10-07 04:15:00+00:00,18782,2493,490,309,8.067961165048544,0.12394705174488568,17.52741987008838
Keith Olbermann,IT'S TIME TO CANCEL MUSK'S GOVERNMENT CONTRACTS - 10.7.24 | Countdown with Keith Olbermann,2024-10-07 09:00:35+00:00,55207,5122,1067,133,38.51127819548872,0.025966419367434594,11.451446374553951
Keith Olbermann,TRUMP REACHES EUGENICS STAGE OF ETHNIC CLEANSING: Tues. Countdown Pod: https://tinyurl.com/288a2dzc,2024-10-08 04:15:03+00:00,13926,1624,184,6,270.6666666666667,0.003694581280788177,13.02599454258222
Keith Olbermann,TRUMP NOW AT THE EUGENICS STAGE OF BECOMING HITLER - 10.8.24 | Countdown with Keith Olbermann,2024-10-08 09:00:30+00:00,47107,4450,773,2,2225.0,0.00044943820224719103,11.091769800666567
Keith Olbermann,AN AMERICAN MUST'VE DIED WHEN TRUMP SENT COVID TESTS TO PUTIN Weds.Pod: https://tinyurl.com/3hpembdb,2024-10-09 04:15:00+00:00,14384,1663,261,39,42.64102564102564,0.02345159350571257,13.647107897664071
Keith Olbermann,AN AMERICAN DIED SO TRUMP COULD SEND THEIR COVID TEST TO PUTIN - 10.9.24 | Keith Olbermann,2024-10-09 09:01:01+00:00,50310,4612,962,25,184.48,0.005420641803989592,11.129000198767642
Keith Olbermann,PUTIN CONFIRMS TRUMP SENT HIM OUR COVID TESTS Thurs. Countdown Podcast: https://tinyurl.com/yp7d4kf4,2024-10-10 04:15:06+00:00,13382,1723,200,17,101.3529411764706,0.009866511897852582,14.497085637423405
Keith Olbermann,PUTIN CONFIRMS TRUMP SENT HIM OUR COVID TESTS - 10.10.24 | Countdown with Keith Olbermann,2024-10-10 09:00:27+00:00,51789,4381,1008,22,199.13636363636363,0.005021684546907099,10.448164668172778
Keith Olbermann,TRUMP OVERTLY THREATENS FREEDOM OF THE PRESS Friday Countdown Podcast: https://tinyurl.com/yk7b9ux4,2024-10-11 04:15:03+00:00,11926,1452,147,26,55.84615384615385,0.01790633608815427,13.625691765889652
Keith Olbermann,TRUMP EXPLICITLY THREATENS FREEDOM OF THE PRESS - 10.11.24 | Countdown with Keith Olbermann,2024-10-11 09:00:51+00:00,53125,4362,968,91,47.934065934065934,0.020861989912884,10.204235294117648
Keith Olbermann,"TRUMP THREATENS FREE PRESS, TURNS INTO ROOMBA the pod is on YouTube or: https://tinyurl.com/yk7b9ux4",2024-10-11 12:47:10+00:00,7149,852,238,15,56.8,0.017605633802816902,15.456707231780669
Keith Olbermann,TRUMP VOWS TO DETAIN HISPANICS WITHOUT TRIAL: Monday Countdown Podcast: https://tinyurl.com/4w4nsrx8,2024-10-14 04:15:01+00:00,13539,1640,301,16,102.5,0.00975609756097561,14.45453873993648
Keith Olbermann,"TRUMP WILL INVOKE ""ALIEN ENEMIES ACT"" TO EXPEL HISPANICS - 10.14.24 | Countdown with Keith Olbermann",2024-10-14 09:00:24+00:00,48206,4081,1003,68,60.01470588235294,0.01666258270031855,10.687466290503258
Keith Olbermann,"TRUMP'LL USE ""ENEMY ALIENS ACT"" TO PUT HISPANICS TO CONCENTRATION CAMPS https://tinyurl.com/4w4nsrx8",2024-10-14 11:23:15+00:00,5811,761,202,6,126.83333333333333,0.00788436268068331,16.675271037687146
Keith Olbermann,KAMALA ON FOX? PROVES ANEW TRUMP IS A P.A.B. Tuesday Countdown Podcast: https://tinyurl.com/28zfj7j7,2024-10-15 04:14:00+00:00,16371,1855,242,7,265.0,0.0037735849056603774,12.851994380306639
Keith Olbermann,KAMALA GOES ON FOX? PROVES TRUMP IS A P**** A** B**** - 10.15.24 | Countdown with Keith Olbermann,2024-10-15 09:00:46+00:00,62280,5102,858,142,35.929577464788736,0.027832222657781264,9.797687861271678
Keith Olbermann,"DAY 3 OF TRUMP'S ""DISSOCIATIVE FUGUE"" CRISIS Weds. Countdown Podcast: https://tinyurl.com/55dt699f",2024-10-16 04:15:01+00:00,12800,1625,169,0,,0.0,14.015625000000002
Keith Olbermann,HAS TRUMP FALLEN INTO A DISSOCIATIVE FUGUE STATE? - 10.16.24 | Countdown with Keith Olbermann,2024-10-16 09:00:57+00:00,65949,5465,1104,13,420.38461538461536,0.0023787740164684353,9.980439430468998
Keith Olbermann,KAMALA KICKS BRET BAIER'S ASS: get the new Thursday Countdown Podcast https://tinyurl.com/yc3s37bz,2024-10-17 04:15:01+00:00,18497,1957,290,55,35.58181818181818,0.02810424118548799,12.445261393739525
Keith Olbermann,KAMALA HARRIS KICKS BRET BAIER'S ASS - 10.17.24 | Countdown with Keith Olbermann,2024-10-17 09:00:35+00:00,70337,5848,995,174,33.60919540229885,0.02975376196990424,9.976257161948904
Keith Olbermann,TRUMP WANTS KAMALA OUT? How bad ARE his internal polls? Friday Podcast: https://tinyurl.com/3djee7tp,2024-10-18 04:15:02+00:00,21599,1988,242,11,180.72727272727272,0.005533199195171026,10.37548034631233
Keith Olbermann,TRUMP TRYING TO FORCE KAMALA OUT? HOW BAD ARE HIS POLLS? - 10.18.24 | Countdown with Keith Olbermann,2024-10-18 09:00:34+00:00,82833,5611,863,25,224.44,0.004455533772945999,7.845906824574747
Keith Olbermann,PALMER'S PUTTS; TRUMP'S NUTS: Sane-washing. Monday Countdown Podcast: https://tinyurl.com/vj7wbf4d,2024-10-21 04:15:01+00:00,16449,1798,229,27,66.5925925925926,0.015016685205784204,12.487081281536872
Keith Olbermann,ARNOLD PALMER'S PUTTS; DONALD TRUMP'S NUTS - 10.21.24 | Countdown with Keith Olbermann,2024-10-21 09:00:28+00:00,65427,5532,966,92,60.130434782608695,0.016630513376717282,10.072294312745504
Keith Olbermann,LATE-DECIDERS BREAK 60-36 FOR KAMALA HARRIS: Tuesday Countdown Podcast: https://tinyurl.com/a4ty4nad,2024-10-22 04:15:02+00:00,18201,1901,198,19,100.05263157894737,0.009994739610731194,11.636723256963903
Keith Olbermann,LATE DECIDERS BREAKING 60-TO-36 FOR KAMALA - 10.22.24 | Countdown with Keith Olbermann,2024-10-22 09:00:31+00:00,64900,4958,755,24,206.58333333333334,0.004840661557079467,8.83975346687211
Keith Olbermann,BUT TRUMP CULTISTS WANT HIM TO WANT HITLER'S GENERALS Wed.Countdown Pod https://tinyurl.com/me65ufdt,2024-10-23 04:15:00+00:00,14091,1627,309,117,13.905982905982906,0.07191149354640443,14.56958342204244
Keith Olbermann,BUT TRUMP'S CULT WANTS HIM TO WANT HITLER'S GENERALS - 10.23.24 | Countdown with Keith Olbermann,2024-10-23 09:00:18+00:00,57430,4891,962,63,77.63492063492063,0.012880801472091597,10.301236287654536
Keith Olbermann,GEN. KELLY MUST NOW HOLD A TRUMP NEWS CONFERENCE Thu.Countdown Podcast: https://tinyurl.com/5yme6a5u,2024-10-24 04:15:02+00:00,12071,1602,217,21,76.28571428571429,0.013108614232209739,15.24314472703173
Keith Olbermann,GENERAL KELLY MUST HOLD A NEWS CONFERENCE ABOUT TRUMP - 10.24.24 | Countdown with Keith Olbermann,2024-10-24 09:00:29+00:00,53423,4758,1202,76,62.60526315789474,0.015973097940311057,11.298504389495161
Keith Olbermann,"BULLETIN: WSJ: MUSK, PUTIN IN REGULAR CONTACT Friday Countdown Podcast: https://tinyurl.com/2rzh2hsc",2024-10-25 04:12:17+00:00,17175,1913,330,164,11.664634146341463,0.08572922111866178,14.014556040756915
Keith Olbermann,BREAKING: ELON MUSK LINKED TO PUTIN AND RUSSIAN DISINFO CAMPAIGN - 10.25.24 | Keith Olbermann,2024-10-25 09:00:03+00:00,66553,5788,1327,701,8.256776034236804,0.12111264685556324,11.74402356017009
Keith Olbermann,TRUMP RALLY 'COMEDIAN' SMEARS HISPANICS TRUMP IS HEMORRHAGING Mon. Pod: https://tinyurl.com/yerbrenc,2024-10-28 04:14:00+00:00,26839,2539,557,67,37.8955223880597,0.026388341866876722,11.78508886322143
Keith Olbermann,"TRUMP 'COMEDIAN' AT TRUMP RALLY: PUERTO RICO IS ""GARBAGE""  10.28.24 | Countdown with Keith Olbermann",2024-10-28 09:00:20+00:00,72619,5844,1297,60,97.4,0.01026694045174538,9.916137649926329
Keith Olbermann,"NEW TRUMP GARBAGE SCANDAL: ""C-WORD"" WAS PLANNED Tue. Countdown Podcast: https://tinyurl.com/4aj79u96",2024-10-29 04:15:02+00:00,16799,1876,210,36,52.111111111111114,0.019189765458422176,12.631704268111196
Keith Olbermann,"TRUMP ""GARBAGE"" SCANDAL ESCALATES: 'COMIC' WANTED TO USE C-WORD - 10.29.24 | Keith Olbermann",2024-10-29 09:00:01+00:00,74408,5964,950,13,458.7692307692308,0.0021797451374916165,9.309482851306312
Keith Olbermann,BREAKING: TRUMP SURROGATE DOUBLES DOWN ON PUERTO RICO SMEAR - Wed. pod: https://tinyurl.com/5n8t8yct,2024-10-30 02:48:14+00:00,18252,2003,261,18,111.27777777777777,0.008986520219670495,12.502739425816348
Keith Olbermann,TRUMP SURROGATE DOUBLES DOWN ON PUERTO RICO SMEARS - 10.30.24 | Countdown with Keith Olbermann,2024-10-30 09:00:05+00:00,60704,5110,1117,71,71.97183098591549,0.013894324853228963,10.374934106483922
Keith Olbermann,TRUMP SURROGATE DOUBLES DOWN ON F-LADEN PUERTO RICO SMEAR Weds. Podcast https://tinyurl.com/5n8t8yct,2024-10-30 12:39:44+00:00,9192,1017,138,15,67.8,0.014749262536873156,12.72845953002611
Keith Olbermann,"TRUMP'S CLOSING ARGUMENT: ""I'M NOT HITLER"" - 10.31.24 | Countdown with Keith Olbermann",2024-10-31 09:00:33+00:00,62116,5449,1304,22,247.6818181818182,0.00403743806202973,10.90701268594243
Keith Olbermann,"TRUMP INTERNAL POLLS SHOW DEFEAT. Now, Plan B. Friday Countdown Pod: https://tinyurl.com/3pexd9ay",2024-11-01 04:15:04+00:00,20870,2096,260,19,110.3157894736842,0.009064885496183206,11.379971250598945
Keith Olbermann,SHOCKING TRUMP THREAT: LET'S TRAIN 9 GUNS ON LIZ CHENEY'S FACE Bulletin https://tinyurl.com/ysu2hzvw,2024-11-01 06:05:58+00:00,15509,1492,475,212,7.037735849056604,0.14209115281501342,14.0499065058998
Keith Olbermann,BULLETIN: TRUMP WANTS LIZ CHENEY SHOT AT BY FIRING SQUAD - 11.1.24 | Countdown with Keith Olbermann,2024-11-01 09:00:59+00:00,64602,5185,1270,14,370.35714285714283,0.002700096432015429,10.013621869291972
Keith Olbermann,TRUMP INTERNAL POLLS ARE TERRIBLE. HE KNOWS HIS ONLY CHANCE IS INSURRECTION | Keith Olbermann,2024-11-01 15:49:43+00:00,83745,4676,857,469,9.970149253731343,0.10029940119760479,7.1669950444802675
Keith Olbermann,DOES TRUMP SOUND A LITTLE...SUICIDAL TO YOU? Monday Countdown Podcast: https://tinyurl.com/2s3u3t59,2024-11-04 05:15:03+00:00,37962,3374,543,67,50.35820895522388,0.01985773562537048,10.494705231547337
Keith Olbermann,DOES TRUMP SOUND SUICIDAL TO YOU? - 11.4.24 | Countdown with Keith Olbermann,2024-11-04 16:15:59+00:00,67440,5515,1181,71,77.67605633802818,0.012873980054397098,10.034104389086595
Keith Olbermann,VANCE CALLS KAMALA 'TRASH' IN TRUMP CAMPAIGN CRASH Election Day Podcast https://tinyurl.com/yckcwbyk,2024-11-05 05:15:01+00:00,17233,1966,316,38,51.73684210526316,0.019328585961342827,13.462542795798758
Keith Olbermann,"TRUMP-VANCE: KAMALA IS ""TRASH"" & MIKE TYSON SHOULD BOX HER  11.5.24 | Countdown with Keith Olbermann",2024-11-05 09:00:42+00:00,61308,5066,995,156,32.47435897435897,0.030793525463876825,10.140601552815292
Keith Olbermann,RUSSIA HAS COMMITTED AN ATTACK ON OUR ELECTIONS. Wed.Countdown Podcast: https://tinyurl.com/2pteh8xj,2024-11-06 04:41:16+00:00,39329,2573,1140,421,6.111638954869359,0.16362223085891955,10.511327519133463
Keith Olbermann,RUSSIA HAS COMMITTED AN ACT OF WAR AGAINST US - 11.6.24 | Countdown with Keith Olbermann,2024-11-06 09:00:22+00:00,77332,5869,3114,1969,2.9807008633824275,0.3354915658544897,14.162313143330058
Keith Olbermann,ABOUT THE FUTURE OF THIS PODCAST - 11.7.24 | Countdown with Keith Olbermann,2024-11-07 10:00:05+00:00,112482,8672,3325,1243,6.9766693483507645,0.1433348708487085,11.77077221244288
Keith Olbermann,PUTIN CONGRATULATES TRUMP WITH NUDE PIX OF MELANIA ON STATE TV new pod: https://tinyurl.com/33kdd9es,2024-11-11 05:15:01+00:00,41958,2300,575,53,43.39622641509434,0.023043478260869565,6.978406978406978
Keith Olbermann,RUSSIA CONGRATULATES TRUMP WITH NUDE PHOTOS OF MELANIA - 11.11.24 | Countdown with Keith Olbermann,2024-11-11 10:00:18+00:00,79375,6057,2079,236,25.665254237288135,0.038963183093940895,10.54740157480315
Keith Olbermann,TRUMP WASN'T 'KIDDING' ABOUT A 3RD TERM Get Thursday's Countdown Pod: https://tinyurl.com/3v7fp79v,2024-11-14 05:15:00+00:00,14901,1354,366,26,52.07692307692308,0.019202363367799114,11.717334407086772
Keith Olbermann,"TRUMP WASN'T ""JOKING"" ABOUT A THIRD TERM - 11.14.24 | Countdown with Keith Olbermann",2024-11-14 10:00:16+00:00,54057,4534,1463,75,60.45333333333333,0.016541685046316718,11.232587823963595
Keith Olbermann,This is the 1st critical test of the Trump dictatorship. New podcast drops at 12:15 AM EST Friday,2024-11-15 01:37:50+00:00,13642,1221,270,21,58.142857142857146,0.0171990171990172,11.083418853540536
Keith Olbermann,"TRUMP TAPS RFK, GAETZ TO TEST DICTATORSHIP: Friday Countdown Podcast: https://tinyurl.com/3fkzysab",2024-11-15 05:15:01+00:00,7875,828,122,19,43.578947368421055,0.022946859903381644,12.304761904761904
Keith Olbermann,"TRUMP TAPS RFK, GAETZ, TO SEE IF GOP WILL LIMIT HIS DICTATORSHIP - 11.15.24 | Keith Olbermann",2024-11-15 10:00:39+00:00,52741,4073,1128,233,17.48068669527897,0.05720599067026762,10.303179689425685
Keith Olbermann,TRUMP LEAKS TREASON SHOW TRIAL PLANS; BIDEN MUST PARDON MANY get Pod: https://tinyurl.com/56knc227,2024-11-18 05:15:00+00:00,10529,839,136,19,44.1578947368421,0.02264600715137068,9.440592648874537
Keith Olbermann,TRUMP PLANS SHOW TRIALS; BIDEN MUST PARDON EVERYONE - 11.18.24 | Countdown with Keith Olbermann,2024-11-18 10:00:56+00:00,56493,4432,1789,319,13.893416927899686,0.07197653429602888,11.576655514842548
Keith Olbermann,GAETZ SEX DIAGRAM LEAKS; SCARBOROUGH RATINGS DOWN 40% New Countdown pod https://tinyurl.com/y7ae9ke7,2024-11-21 05:15:04+00:00,27905,2404,335,26,92.46153846153847,0.010815307820299502,9.908618527145672
Keith Olbermann,GAETZ SEX DIAGRAM LEAKS; DEMS MUST NEVER BECOME SCARBOROUGHS - 11.21.24 | Keith Olbermann,2024-11-21 10:00:31+00:00,70293,6007,1607,100,60.07,0.0166472448809722,10.974065696442036
Keith Olbermann,IS MUSK BUYING MSNBC TO MAKE IT PRO-TRUMP? - 11.25.24 | Countdown with Keith Olbermann,2024-11-25 10:00:25+00:00,81854,5297,1304,445,11.903370786516854,0.08400981687747781,8.60800938255919
Keith Olbermann,BULLETIN PODCAST: BIDEN PARDONS HUNTER. GOOD. NOW PARDON THE REST OF US https://tinyurl.com/2kj3298d,2024-12-02 01:55:16+00:00,17500,1773,345,28,63.32142857142857,0.015792442188381276,12.262857142857143
Keith Olbermann,BIDEN PARDONS HUNTER. GOOD. NOW PARDON THE REST OF US Monday podcast: https://tinyurl.com/2kj3298d,2024-12-02 05:15:04+00:00,5673,792,117,0,,0.0,16.023268112109996
Keith Olbermann,BIDEN PARDONS HUNTER. NOW PARDON 10 MILLION OF THE REST OF US - 12.2.24  Keith Olbermann,2024-12-02 10:00:22+00:00,48203,4676,1238,280,16.7,0.059880239520958084,12.849822625147814
Keith Olbermann,THE PARDON IS ABOUT THE TRUMP THREATS AGAINST THE BIDENS Tues. Podcast: https://tinyurl.com/3p9vesjp,2024-12-03 05:15:00+00:00,9781,1159,181,3,386.3333333333333,0.0025884383088869713,13.730702382169513
Keith Olbermann,THE PARDON IS ABOUT THE TRUMP MOB'S THREATS - 12.3.24 | Countdown with Keith Olbermann,2024-12-03 10:00:27+00:00,52207,5734,1323,224,25.598214285714285,0.039065224973840254,13.946405654414159
Keith Olbermann,TRUMP FIDDLES WHILE HEGSETH BURNS - 12.5.24 | Countdown with Keith Olbermann,2024-12-05 10:01:08+00:00,55542,4479,1108,22,203.5909090909091,0.004911810672025006,10.098664074034064
Keith Olbermann,NYC SHOOTING SUGGESTS NEW ERA OF POLITICAL VIOLENCE - 12.9.24 | Countdown with Keith Olbermann,2024-12-09 10:00:17+00:00,64217,5095,1057,85,59.94117647058823,0.016683022571148183,9.712381456623636
Keith Olbermann,DA ALVIN BRAGG TO JUDGE: PRETEND TRUMP IS DEAD - 12.12.24 | Countdown with Keith Olbermann,2024-12-12 10:00:18+00:00,55914,4380,904,490,8.938775510204081,0.11187214611872145,10.326572951318095
Keith Olbermann,BOB IGER: SELL ABC NEWS. You've betrayed America. Get the Monday Pod: https://tinyurl.com/58nx4rer,2024-12-16 05:15:01+00:00,13072,1613,194,14,115.21428571428571,0.008679479231246125,13.930538555691555
Keith Olbermann,NOTE TO MY OLD FRIEND BOB IGER: SELL ABC NEWS - 12.16.24 | Countdown with Keith Olbermann,2024-12-16 10:00:37+00:00,55378,4444,954,26,170.92307692307693,0.0058505850585058505,9.794503232330529
Keith Olbermann,TRUMP SUES POLLSTER; THUG WANTS MADDOW JAILED The Weds. Countdown Pod: https://tinyurl.com/bdwds3bw,2024-12-18 05:15:03+00:00,9475,1046,102,5,209.2,0.004780114722753346,12.168865435356201
Keith Olbermann,TRUMP LACKEY SAYS HE WANTS TO JAIL RACHEL MADDOW - 12.18.24 | Countdown with Keith Olbermann,2024-12-18 10:00:16+00:00,67821,5138,1288,324,15.858024691358025,0.06305955624756715,9.952669527137612
Keith Olbermann,THIS WAS THE WEEKEND ELON TRULY BECAME PRESIDENT Get the new podcast: https://tinyurl.com/msrk97ny,2024-12-23 05:15:01+00:00,8562,960,82,4,240.0,0.004166666666666667,12.216771782293856
Keith Olbermann,THIS WAS THE WEEKEND ELON TRULY BECAME PRESIDENT - 12.23.24 | Countdown with Keith Olbermann,2024-12-23 10:00:36+00:00,67875,5086,966,170,29.91764705882353,0.03342508847817539,9.166850828729283
Keith Olbermann,THE BEST PRESIDENT SINCE FDR IS DEAD. The new Monday Countdown podcast: https://tinyurl.com/4j7aanar,2024-12-30 05:15:01+00:00,8450,1119,105,5,223.8,0.004468275245755138,14.544378698224852
Keith Olbermann,THE GREATEST PRESIDENT SINCE FDR IS DEAD - 12.30.24 | Countdown with Keith Olbermann,2024-12-30 10:02:02+00:00,58051,5081,1392,18,282.27777777777777,0.0035426097224955716,11.181547260167783
Keith Olbermann,NEW ORLEANS: WORST TERRORISM NEWS BRIEFING IN OUR HISTORY - 1.1.25 | Countdown with Keith Olbermann,2025-01-02 09:53:31+00:00,52009,4865,730,2,2432.5,0.00041109969167523125,10.761598954027187
Keith Olbermann,IT'S INSURRECTION DAY. We're certifying an ineligible president NEW POD https://tinyurl.com/4p7bt7ww,2025-01-06 05:15:00+00:00,6776,1022,114,18,56.77777777777778,0.01761252446183953,17.030696576151122
Keith Olbermann,THEY ARE CERTIFYING A PRESIDENT WHO IS INELIGIBLE TO SERVE - 1.6.26 | Countdown with Keith Olbermann,2025-01-06 10:00:44+00:00,67599,5178,1596,28,184.92857142857142,0.005407493240633449,10.06227902779627
Keith Olbermann,"ALITO, TRUMP TALKED TUESDAY BEFORE ALITO RULES ON TRUMP SENTENCING: https://tinyurl.com/3ue2be87",2025-01-09 05:15:01+00:00,7952,1000,91,20,50.0,0.02,13.97132796780684
Keith Olbermann,"SLEAZE: ALITO, TRUMP TALK, BEFORE ALITO RULES ON TRUMP CASES 1.9.25 | Countdown with Keith Olbermann",2025-01-09 10:00:56+00:00,61938,4811,1451,321,14.98753894080997,0.06672209519850343,10.62837030578966
Keith Olbermann,THE MAGA PLAN TO KILL AND EAT ELON MUSK - 1.13.25 | Countdown with Keith Olbermann,2025-01-13 10:00:04+00:00,69996,5834,1365,162,36.01234567901235,0.027768255056564963,10.516315218012458
Keith Olbermann,HAVE A GREAT WEEKEND! BECAUSE MONDAY IS DOOMSDAY - 1.16.25 | Countdown with Keith Olbermann,2025-01-16 10:00:32+00:00,67753,5197,1593,27,192.4814814814815,0.00519530498364441,10.06154709016575
Keith Olbermann,TRUMP SAID HE'D BE A DICTATOR ONLY ON DAY ONE. IT'S DAY ONE 1.20.25 | Countdown with Keith Olbermann,2025-01-20 10:00:55+00:00,58049,4690,1417,89,52.69662921348315,0.018976545842217484,10.67374114971834
Keith Olbermann,IMPEACH TRUMP. IT WON'T WORK NOW. IT WILL WIN THE MIDTERMS LATER - 1.22.25 | Keith Olbermann,2025-01-22 10:00:23+00:00,68658,5727,1739,276,20.75,0.04819277108433735,11.276180488799557
Keith Olbermann,IMPEACH TRUMP! FAILED IMPEACHMENTS ARE UNDEFEATED! - 1.27.25 | Countdown with Keith Olbermann,2025-01-27 10:00:28+00:00,57508,5133,1561,280,18.332142857142856,0.05454899668809663,12.12700841622035
Keith Olbermann,IDIOT PRESS SECRETARY MAY HAVE SENT TRUMP LAWYERS TO JAIL - 1.30.25 | Countdown with Keith Olbermann,2025-01-30 10:00:24+00:00,60892,5282,1186,22,240.0909090909091,0.0041650889814464215,10.658214543782435
Keith Olbermann,BULLETIN: TRUMP INSULTS THE DEAD OF THE WASHINGTON PLANE CRASH - 1.30.25 | Keith Olbermann,2025-01-31 10:00:16+00:00,44220,4391,886,3,1463.6666666666667,0.0006832156684126623,11.940298507462686
Keith Olbermann,BULLETIN: TRUMP BLAMES CRASH ON DEI; MUST BE REMOVED FROM OFFICE - 1.30.25 | Keith Olbermann,2025-01-31 10:00:58+00:00,17665,2024,490,13,155.69230769230768,0.006422924901185771,14.305123124823096
Keith Olbermann,MUSK AND TRUMP ARE STAGING A COUP (AND HOW TO STOP IT) - 2.3.25 | Countdown with Keith Olbermann,2025-02-03 10:00:06+00:00,76637,7179,2266,277,25.91696750902527,0.03858476110878953,12.685778409906442
Keith Olbermann,HOW DO WE GET ELON AND HIS MUTANT TURTLES ARRESTED? - 2.6.25 | Countdown with Keith Olbermann,2025-02-06 10:00:31+00:00,60387,5635,1510,13,433.46153846153845,0.0023070097604259094,11.853544637090764
Keith Olbermann,TRUMP FBI APPLICANTS MUST ANSWER 'WHO IS YOUR REAL BOSS?' PODCAST HERE: https://tinyurl.com/ez4jhj9a,2025-02-09 11:00:31+00:00,24949,2660,301,47,56.59574468085106,0.017669172932330827,12.056595454727645
Keith Olbermann,BULLETIN: DEMOCRACY ENDS. FBI APPLICANTS MUST LIE ABOUT JANUARY 6TH - 2.9.25 | Keith Olbermann,2025-02-10 06:02:04+00:00,28529,3245,836,16,202.8125,0.004930662557781202,14.360825826352134
Keith Olbermann,THE TRUMP-MUSK CIVIL WAR AGAINST AMERICA IS UNDERWAY - 2.10.25 | Countdown with Keith Olbermann,2025-02-10 10:00:46+00:00,52557,4578,1172,153,29.92156862745098,0.033420707732634336,11.231615198736609
Keith Olbermann,"TRUMP ""IS F'ING ZUH MONKEY"" Gaza is true mania. New Countdown Podcast: https://tinyurl.com/46rev5ux",2025-02-13 05:15:01+00:00,9935,1368,171,25,54.72,0.01827485380116959,15.742325113236033
Keith Olbermann,"TRUMP IS ""F'ING THE MONKEY"" IN HIS LUST FOR GAZA - 2.13.25 | Countdown with Keith Olbermann",2025-02-13 10:00:50+00:00,65189,5319,1239,96,55.40625,0.01804850535815003,10.207243553360229
Keith Olbermann,WHAT IF I THINK I'M SAVING MY COUNTRY - FROM TRUMP? Mon. Countdown Pod: https://tinyurl.com/9z42bz5d,2025-02-17 05:15:01+00:00,15471,2101,146,48,43.770833333333336,0.02284626368396002,14.834205933682373
Keith Olbermann,WHAT IF I THINK I'M SAVING MY COUNTRY - FROM TRUMP? - 2.17.25 | Countdown with Keith Olbermann,2025-02-17 10:48:35+00:00,64727,5790,1747,77,75.1948051948052,0.013298791018998272,11.763251811454262
Keith Olbermann,TRUMP THINKS WE CAN'T BE ATTACKED BECAUSE OF THE ATLANTIC OCEAN New Pod https://tinyurl.com/bdhmjb44,2025-02-20 05:15:00+00:00,11282,1841,247,25,73.64,0.013579576317218903,18.728948767948943
Keith Olbermann,WE NEED A NEW COMMANDER-IN-CHIEF IMMEDIATELY - 2.20.25 | Countdown with Keith Olbermann,2025-02-20 10:00:55+00:00,69920,5957,1870,130,45.823076923076925,0.02182306530132617,11.380148741418765
Keith Olbermann,PENTAGON PURGE MEANS A TRUMP COUP; MSNBC'S RACIST FIRING OF JOY REID : https://tinyurl.com/bdkch87w,2025-02-24 05:15:04+00:00,12355,1537,102,21,73.19047619047619,0.013662979830839297,13.435855928773776
Keith Olbermann,TRUMP'S MILITARY PLOT TO TAKE OVER THE GOVERNMENT - 2.24.25 | Countdown with Keith Olbermann,2025-02-24 10:00:14+00:00,100140,7046,1863,332,21.22289156626506,0.04711893272778882,9.228080687038148
Keith Olbermann,"BULLETIN: MSNBC RACIST PURGE ESCALATES, 5 FIRED - 2.24.25 | Countdown with Keith Olbermann",2025-02-24 21:44:30+00:00,77028,5735,1087,614,9.340390879478827,0.10706190061028771,9.653632445344549
Keith Olbermann,OUR 'FREE PRESS' - MADDOW INCLUDED - SURRENDERED IN ONE MONTH. New Pod: https://tinyurl.com/5n8nbxaj,2025-02-27 05:15:03+00:00,27959,3093,228,19,162.78947368421052,0.006142903330100227,11.946063879251762
Keith Olbermann,"TERRIBLE NEWS REPORTERS WE HAVE HERE IN HELL. LIKE, MADDOW 2.27.25 | Countdown with Keith Olbermann",2025-02-27 10:00:55+00:00,92220,6797,1761,306,22.212418300653596,0.04501986170369281,9.611797874647582
Keith Olbermann,BULLETIN: TRUMP FORFEITS RIGHT TO POWER IN INSANE ATTACK ON ZELENSKY - 2.28.25 | Keith Olbermann,2025-03-01 07:42:04+00:00,98296,10243,2859,3,3414.3333333333335,0.0002928829444498682,13.33218035321885
Keith Olbermann,TRUMP JUST LOST WORLD WAR 3 - 3.3.25 | Countdown with Keith Olbermann,2025-03-03 10:00:54+00:00,97791,7860,2300,213,36.901408450704224,0.027099236641221373,10.607315601640233
Keith Olbermann,HE'S BEGUN TO TRY TO MAKE IT ILLEGAL TO CRITICIZE TRUMP. Countdown Pod: https://tinyurl.com/24cujhud,2025-03-06 05:15:02+00:00,15613,2084,239,12,173.66666666666666,0.005758157389635317,14.955485813104463
Keith Olbermann,THE ATTEMPT TO MAKE IT ILLEGAL TO CRITICIZE TRUMP - 3.6.25 | Countdown with Keith Olbermann,2025-03-06 12:19:45+00:00,76036,6279,1755,19,330.4736842105263,0.003025959547698678,10.591035825135462
Keith Olbermann,APPEASER JEFFRIES HAS TO GO AS HOUSE LEADER: Countdown Podcast now up: https://tinyurl.com/4aynjen5,2025-03-10 04:15:01+00:00,10921,1507,136,20,75.35,0.013271400132714002,15.227543265268748
Keith Olbermann,REMOVE JEFFRIES AS HOUSE DEMOCRATIC LEADER - 3.10.25 | Countdown with Keith Olbermann,2025-03-10 10:00:05+00:00,66047,5697,1752,67,85.02985074626865,0.011760575741618396,11.379775008705922
Keith Olbermann,IF TRUMP WERE A FOREIGN AGENT WHAT WOULD HE BE DOING DIFFERENTLY? new: https://tinyurl.com/zare5cct,2025-03-13 04:15:04+00:00,11991,1863,126,13,143.30769230769232,0.006977992485238862,16.695855224751895
Keith Olbermann,"IF TRUMP WAS A FOREIGN AGENT, WHAT WOULD HE BE DOING DIFFERENTLY? - 3.13.25 | Keith Olbermann",2025-03-13 10:00:51+00:00,61753,5207,1509,14,371.92857142857144,0.002688688304205877,10.898255955176268
Keith Olbermann,HOW TO CHANGE THE SENATE DEMOCRATIC LEADER in the new Countdown Podcast https://tinyurl.com/3j5pjs5b,2025-03-17 04:10:00+00:00,10131,1560,120,20,78.0,0.01282051282051282,16.780179646629158
Keith Olbermann,HOW TO REMOVE A SENATE DEMOCRATIC LEADER - 3.17.25 | Countdown with Keith Olbermann,2025-03-17 10:36:21+00:00,50693,4609,1019,23,200.3913043478261,0.004990236493816446,11.14749570946679
Keith Olbermann,"BULLETIN: TRUMP ""VOIDS"" BIDEN PARDONS, HIS OWN PARDONS, HIS PANTS https://tinyurl.com/3j5pjs5b",2025-03-17 20:08:47+00:00,15805,1842,193,13,141.69230769230768,0.007057546145494028,12.957924707371085
Keith Olbermann,"BULLETIN: TRUMP ""VOIDS"" BIDEN PARDONS; SCHUMER CANCELS TOUR 3.17.25 | Countdown with Keith Olbermann",2025-03-18 02:45:11+00:00,45198,3680,922,54,68.14814814814815,0.014673913043478261,10.301340767290588
Keith Olbermann,TRUMP TRIES AGAIN TO ERASE JACKIE ROBINSON: The new Countdown Podcast https://tinyurl.com/337t975y,2025-03-20 04:10:00+00:00,9286,1417,104,23,61.608695652173914,0.016231474947071278,16.62718070213224
Keith Olbermann,RACIST TRUMP TRIES TO ERASE JACKIE ROBINSON - 3.20.25 | Countdown with Keith Olbermann,2025-03-20 10:00:37+00:00,49501,4731,1188,4,1182.75,0.0008454872120059184,11.965414840104241
Keith Olbermann,"250 YEARS AFTER ""GIVE ME LIBERTY OR GIVE ME DEATH"" more leaders fold: https://tinyurl.com/y5vmj3pn",2025-03-24 04:10:00+00:00,11776,1757,126,5,351.4,0.0028457598178713715,16.032608695652172
Keith Olbermann,"WE'VE SHAMED THE ANNIVERSARY OF ""GIVE ME LIBERTY OR GIVE ME DEATH"" - 3.24.25 | Keith Olbermann",2025-03-24 10:00:20+00:00,48822,4422,1290,4,1105.5,0.0009045680687471732,11.707836631026996
Keith Olbermann,THEY USED SIGNAL SO THEY COULD IGNORE TRUMP Thursday Countdown Podcast: https://tinyurl.com/4ywzvrhj,2025-03-27 04:10:00+00:00,14152,2074,192,19,109.15789473684211,0.009161041465766635,16.146127755794236
Keith Olbermann,THEY USED SIGNAL TO BYPASS TRUMP THEY KNOW HE'S GOING CRAZY 3.27.25 | Countdown with Keith Olbermann,2025-03-27 10:00:51+00:00,76280,6451,1619,65,99.24615384615385,0.010075957215935514,10.66465652857892
Keith Olbermann,"NO, NBC, TRUMP IS NOT 'JOKING' ABOUT A 3RD TERM. Monday Countdown pod: https://tinyurl.com/4cska7z4",2025-03-31 04:07:00+00:00,13722,1801,145,14,128.64285714285714,0.007773459189339256,14.283632123597142
Keith Olbermann,"NO, NBC, TRUMP ISN'T JOKING ABOUT A '3RD TERM', YOU IDIOTS  3.31.25 | Countdown with Keith Olbermann",2025-03-31 09:37:20+00:00,63953,5074,1696,120,42.28333333333333,0.023649980291683092,10.773536816099323
Keith Olbermann,SAVE ELON! INDICT ELON! DON'T LET HIM LEAVE TRUMP! Thur. Countdown Pod: https://tinyurl.com/bdevuwn3,2025-04-03 04:10:00+00:00,12999,1485,112,4,371.25,0.0026936026936026937,12.316332025540426
Keith Olbermann,MAKE SURE ELON MUSK NEVER LEAVES TRUMP'S SIDE AGAIN! - 4.3.25 | Countdown with Keith Olbermann,2025-04-03 09:01:08+00:00,67037,5380,1108,12,448.3333333333333,0.0022304832713754648,9.696137953667378
Keith Olbermann,I WANT POLLING ON A PRESIDENTIAL RECALL VOTE The Monday Countdown Pod: https://tinyurl.com/4ct6u8sb,2025-04-07 04:10:00+00:00,10763,1571,174,24,65.45833333333333,0.015276893698281349,16.43593793551984
Keith Olbermann,I WANT POLLING ON A PRESIDENTIAL RECALL VOTE - 4.7.25 | Countdown with Keith Olbermann,2025-04-07 09:00:47+00:00,70819,6586,1949,266,24.7593984962406,0.04038870331005162,12.42745590872506
Keith Olbermann,TRUMP LOSES HIS OEN TARIFF WAR; Indider trading? Thursday Countdown Pod: https://tinyurl.com/ms3ud4s,2025-04-10 04:10:00+00:00,26584,2736,193,14,195.42857142857142,0.005116959064327485,11.070568763165815
Keith Olbermann,TRUMP JUST LOST THE TARIFF WAR - 4.10.25 | Countdown with Keith Olbermann,2025-04-10 09:00:15+00:00,73625,5764,1359,6,960.6666666666666,0.001040943789035392,9.682852292020373
Keith Olbermann,ARREST KRISTI GARDEN NOEM AND TOM HOMAN FOR CONTEMPT OF COURT New Pod: https://tinyurl.com/mvs7sxys,2025-04-14 04:10:00+00:00,23001,3136,307,13,241.23076923076923,0.004145408163265306,15.025433676796663
Keith Olbermann,JAIL KRISTI NOEM AND TOM HOMAN FOR CONTEMPT OF COURT - 4.14.25 | Countdown with Keith Olbermann,2025-04-14 09:00:41+00:00,65454,5870,1871,76,77.23684210526316,0.012947189097103918,11.942738411708987
Keith Olbermann,"A preview of the all-new Monday Countdown podcast, posting at midnight eastern wherever you podcast",2025-04-20 23:55:16+00:00,35811,2783,117,5,556.6,0.0017966223499820337,8.112032615676748
Keith Olbermann,IS MURKOWSKI NOW CAPABLE OF LEADING A GOP REVOLT AGAINST TRUMP? new pod https://tinyurl.com/3sjprxks,2025-04-21 04:06:00+00:00,12586,1759,130,23,76.47826086956522,0.013075611142694713,15.191482599713968
Keith Olbermann,MURKOWSKI COULD LEAD GOP REVOLT AGAINST TRUMP - 4.21.25 | Countdown with Keith Olbermann,2025-04-21 09:00:49+00:00,85302,6197,1628,13,476.6923076923077,0.002097789252864289,9.188530163419381
Keith Olbermann,IF YOU CRITICIZE HIM TRUMP WANTS TO PROSECUTE YOU FOR TERRORISM new pod https://tinyurl.com/yc5p5vvx,2025-04-24 04:05:02+00:00,20086,2453,184,15,163.53333333333333,0.006114961271911945,13.2032261276511
Keith Olbermann,TRUMP WANTS TO CHARGE HIS AMERICAN CRITICS WITH TERRORISM - 4.24.25 | Countdown with Keith Olbermann,2025-04-24 14:15:06+00:00,75953,5620,1232,9,624.4444444444445,0.001601423487544484,9.033217911076587
Keith Olbermann,The all new Monday Countdown Podcast drops at midnight EDT. NOLA: Indict Noem for child trafficking,2025-04-27 21:46:32+00:00,20920,2551,158,3,850.3333333333334,0.0011760094080752645,12.963671128107073
Keith Olbermann,"NOLA: INDICT NOEM, HOMAN. What ICE did is child trafficking. NEW POD: https://tinyurl.com/2vrxpntb",2025-04-28 04:05:00+00:00,8394,1354,93,1,1354.0,0.0007385524372230429,17.250416964498452
Keith Olbermann,"NOLA D.A.: ARREST NOEM, HOMAN, FOR CHILD TRAFFICKING - 4.28.25 | Countdown with Keith Olbermann",2025-04-28 10:00:34+00:00,58533,5048,1291,18,280.44444444444446,0.0035657686212361333,10.860540208087745
Keith Olbermann,Coming up on the pod at Midnight EDT: new polling: Trump losing an approval point EVERY FIVE DAYS!,2025-04-30 23:56:07+00:00,18562,2039,170,4,509.75,0.00196174595389897,11.92220665876522
Keith Olbermann,TRUMP IS LOSING ONE APPROVAL POINT EVERY FIVE DAYS! New Countdown pod: https://tinyurl.com/3xhyh6yk,2025-05-01 04:05:00+00:00,9656,1319,96,25,52.76,0.018953752843062926,14.91300745650373
Keith Olbermann,TRUMP IS LOSING ONE APPROVAL POINT EVERY FIVE DAYS - 5.1.25 | Countdown with Keith Olbermann,2025-05-01 09:00:34+00:00,68868,5222,1348,17,307.1764705882353,0.0032554576790501722,9.564674449671836
Keith Olbermann,New pod drops at midnight Eastern: Stephen Miller taking the contempt of court fall?,2025-05-04 22:18:40+00:00,20695,2299,245,3,766.3333333333334,0.0013049151805132667,12.307320608842716
Keith Olbermann,STEPHEN MILLER MUST BE THE CONTEMPT OF COURT TARGET new Countdown pod: https://tinyurl.com/yrxpnjp2,2025-05-05 04:05:00+00:00,15835,2040,106,2,1020.0,0.000980392156862745,13.564887906536155
Keith Olbermann,THE CONTEMPT OF COURT TARGET HAS TO BE STEPHEN MILLER - 5.5.25 | Countdown with Keith Olbermann,2025-05-05 09:00:21+00:00,66677,5386,1185,12,448.8333333333333,0.0022279985146676567,9.872969689698097
Keith Olbermann,TRY AND STOP ME: NEW TRUMP 3RD TERM PLOT Get the new Countdown podcast: https://tinyurl.com/mwtscbc8,2025-05-08 04:05:00+00:00,14314,1714,111,39,43.94871794871795,0.022753792298716453,13.022216012295655
Keith Olbermann,TRY AND STOP ME: THE NEW TRUMP 3RD TERM PLOT - 5.8.25 | Countdown with Keith Olbermann,2025-05-08 09:01:14+00:00,77749,5091,1387,24,212.125,0.004714201532115498,8.362808524868488
Keith Olbermann,They would suspend Habeas Corpus for EVERYONE. The new Countdown podcast drops at Midnight EDT,2025-05-11 23:38:21+00:00,19493,2268,157,33,68.72727272727273,0.01455026455026455,12.609654747858206
Keith Olbermann,SUSPENDING HABEAS CORPUS WOULDN'T JUST AFFECT IMMIGRANTS New Podcast: https://tinyurl.com/23aaffnp,2025-05-12 04:05:00+00:00,8968,1197,71,12,99.75,0.010025062656641603,14.272970561998216
Keith Olbermann,THEY WOULDN'T JUST SUSPEND HABEAS CORPUS FOR IMMIGRANTS - 5.12.25 | Countdown with Keith Olbermann,2025-05-12 09:00:38+00:00,55334,4478,1088,98,45.69387755102041,0.02188476998660116,10.236021252755991
Keith Olbermann,IF THEY RE-DID THE ELECTION KAMALA WOULD BEAT TRUMP BY FIVE. New pod: https://tinyurl.com/zb828akj,2025-05-15 04:05:00+00:00,15490,2148,185,5,429.6,0.0023277467411545625,15.093608779857973
Keith Olbermann,IF THEY RE-DID THE ELECTION TODAY HARRIS WOULD BEAT TRUMP BY FIVE - 5.15.25 | Keith Olbermann,2025-05-15 09:01:13+00:00,57989,4584,1350,2,2292.0,0.0004363001745200698,10.236424149407647
Keith Olbermann,Get the Countdown Podcast dropping at midnight ET: Biden's diagnosis; Trump threatens Supreme Court,2025-05-19 00:44:11+00:00,12580,1528,132,97,15.75257731958763,0.06348167539267016,13.966613672496026
Keith Olbermann,TRUMP CANCER DIAGNOSIS; TRUMP THREATENS SUPREME COURT All-New Podcast: https://tinyurl.com/mut9xyxx,2025-05-19 04:05:00+00:00,23781,2420,177,111,21.8018018018018,0.045867768595041325,11.387241915815146
Keith Olbermann,TRUMP THREATENS SUPREME COURT JUSTICES - 5.19.25 | Countdown with Keith Olbermann,2025-05-19 09:01:01+00:00,75945,5368,1232,72,74.55555555555556,0.013412816691505217,8.785305155046414
Keith Olbermann,"Dropping at midnight EDT: in the budget bill, a law basically ending court orders to restrain Trump",2025-05-21 23:21:28+00:00,17361,1856,181,26,71.38461538461539,0.014008620689655173,11.882956050918727
Keith Olbermann,"HOUSE READY TO IMMUNIZE TRUMP FROM COURT ORDERS, CONTEMPT all-new pod: https://tinyurl.com/62endcy2",2025-05-22 04:05:00+00:00,10521,1284,112,20,64.2,0.01557632398753894,13.458796692329628
Keith Olbermann,HOUSE MAY GIVE TRUMP NEW LAW ENDING CONTEMPT OF COURT - 5.22.25 | Countdown with Keith Olbermann,2025-05-22 09:00:58+00:00,69660,4999,1499,15,333.26666666666665,0.0030006001200240046,9.349698535745048
Keith Olbermann,TRUMP MENTAL ILLNESS CRISIS - AND COVER-UP - WORSENS - 5.26.25 | Countdown with Keith Olbermann,2025-05-26 09:34:05+00:00,73535,5973,1921,75,79.64,0.012556504269211451,10.837016386754607
Keith Olbermann,LIBERATE THIS! JUDGES RULE TRUMP TARIFFS ILLEGAL - 5.29.25 | Countdown with Keith Olbermann,2025-05-29 09:00:48+00:00,77654,5466,1356,12,455.5,0.0021953896816684962,8.800576918123985
Keith Olbermann,"It wasn't just a ""re-post."" TRUMP claims Biden was cloned, executed. Countdown Pod drops at Midnight",2025-06-01 22:57:36+00:00,24778,3031,436,14,216.5,0.004618937644341801,14.048752925982727
Keith Olbermann,"GET THE NEW COUNTDOWN PODCAST: Trump claims Biden ""executed"" in 2020 https://tinyurl.com/yd8bhuux",2025-06-02 04:05:01+00:00,6189,853,187,5,170.6,0.005861664712778429,16.884795605105833
Keith Olbermann,"NOT JUST A RE-POST: TRUMP SAYS BIDEN WAS ""CLONED,"" ""EXECUTED"" 6.2.25 | Countdown w/ Keith Olbermann",2025-06-02 09:00:08+00:00,63266,5251,1213,18,291.72222222222223,0.0034279184917158636,10.245629564062845
Keith Olbermann,The New Countdown Podcast drops at midnight: The Boulder Flame Thrower terrorism is TRUMP'S fault,2025-06-02 22:47:07+00:00,10206,1330,156,2,665.0,0.0015037593984962407,14.579659024103469
Keith Olbermann,TRUMP HAS BLOOD ON HIS HANDS FOR BOULDER TERROR. New Countdown podcast  https://tinyurl.com/2yxpkbb3,2025-06-03 04:05:00+00:00,14206,1737,146,27,64.33333333333333,0.015544041450777202,13.445023229621286
Keith Olbermann,BOULDER TERROR ATTACK: TRUMP HAS BLOOD ON HIS HANDS - 6.3.25 | Countdown with Keith Olbermann,2025-06-03 18:00:08+00:00,50534,4631,859,113,40.982300884955755,0.02440077736989851,11.08758459650928
Keith Olbermann,MUSK ATTACKS TRUMP - 6.5.25 | Countdown with Keith Olbermann,2025-06-05 09:01:22+00:00,70164,5344,1119,60,89.06666666666666,0.01122754491017964,9.296790376831424
Keith Olbermann,The new Countdown podcast drops at midnight: call it what it is: Trump's terrorist attack on L.A.,2025-06-08 21:39:35+00:00,22428,2964,200,25,118.56,0.008434547908232119,14.218833600856073
Keith Olbermann,TRUMP'S TERRORIST ATTACK ON L.A. get the new Countdown podcast: https://tinyurl.com/42pjy6kc,2025-06-09 04:05:00+00:00,11113,1633,119,19,85.94736842105263,0.011635027556644213,15.936290830558805
Keith Olbermann,TRUMP'S TERRORIST ATTACK ON LOS ANGELES (AND US) - 6.9.25 | Countdown with Keith Olbermann,2025-06-09 09:00:59+00:00,62174,5688,1290,11,517.0909090909091,0.0019338959212376935,11.241033229324154
Keith Olbermann,How calm is it in LA? More people arrested at Laker party than this Sunday. New podcast drops at MN,2025-06-09 23:30:14+00:00,8605,1062,108,8,132.75,0.007532956685499058,13.6897152818129
Keith Olbermann,"GUARD MEMO LETS TRUMP SHOOT 1ST, ASK QUESTIONS LATER New Countdown Pod: https://tinyurl.com/4886dx4p",2025-06-10 04:05:00+00:00,14918,1751,116,29,60.37931034482759,0.01656196459166191,12.70947848237029
Keith Olbermann,"MORE TROUBLE IN L.A. AFTER LAKERS WON, THAN THIS PAST SUNDAY 6.10.25 | Countdown w/ Keith Olbermann",2025-06-10 09:00:53+00:00,50611,4413,832,0,,0.0,10.363359743929184
Keith Olbermann,"Countdown podcast drops at midnight Eastern: Newsom's ""Eff It"" Moment and how it could save America",2025-06-11 23:12:52+00:00,16990,2047,175,21,97.47619047619048,0.010258915486077186,13.201883460859328
Keith Olbermann,NEWSOM'S EFF-IT MOMENT could save democracy NEW COUNTDOWN PODCAST HERE: https://tinyurl.com/mj3f6y8r,2025-06-12 04:22:47+00:00,9393,1207,50,10,120.7,0.008285004142502071,13.488768231661878
Keith Olbermann,"NEWSOM'S ""EFF IT' MOMENT - AND HOW IT COULD SAVE AMERICA - 6.12.25 | Countdown with Keith Olbermann",2025-06-12 09:01:02+00:00,74635,5990,1449,124,48.306451612903224,0.020701168614357262,10.13331546861392
Keith Olbermann,COUNTDOWN BULLETIN PODCAST: The Trump terrorist assault on Sen. Padilla https://tinyurl.com/mt3wda77,2025-06-12 23:17:31+00:00,17876,2389,254,35,68.25714285714285,0.014650481372959398,14.980980085030208
Keith Olbermann,BULLETIN: ASSAULT ON SEN. PADILLA IS TRUMP'S NEWEST TERRORIST ACT | Countdown with Keith Olbermann,2025-06-13 05:49:06+00:00,47418,4598,976,28,164.21428571428572,0.006089604175728578,11.814079041714116
Keith Olbermann,"MINNESOTA MURDERS PROVE IT. WITHOUT VIOLENCE, TRUMP IS NOTHING - 6.16.25 | Keith Olbermann",2025-06-16 09:00:23+00:00,75816,5919,1205,11,538.0909090909091,0.0018584220307484372,9.410942281312652
Keith Olbermann,"SO WE'RE GOING TO DO IRAQ AGAIN, ONLY WITH AN ""N"" - 6.19.25 | Countdown with Keith Olbermann",2025-06-19 09:00:13+00:00,64475,5110,1181,0,,0.0,9.757270259790616
Keith Olbermann,Trump bombed Iran because he's underwater in 15 states he WON. New Countdown podcast at midnight.,2025-06-22 23:10:04+00:00,32717,3674,468,28,131.21428571428572,0.007621121393576484,12.745667390041874
Keith Olbermann,THE BOMBING IS ABOUT TRUMP'S CRATERING POLLING New Countdown Podcast: https://tinyurl.com/28rbhva6,2025-06-23 04:05:00+00:00,12872,1524,87,13,117.23076923076923,0.00853018372703412,12.616532007458048
Keith Olbermann,TRUMP BOMBED IRAN BECAUSE HE'S LOST AMERICA - 6.23.25 | Countdown with Keith Olbermann,2025-06-23 09:01:24+00:00,69851,5638,1445,20,281.9,0.0035473572188719402,10.168787848420209
Keith Olbermann,"BULLETIN: AFTER TRUMP'S PROFANE, INSANE RANT TODAY, HE MUST LEAVE OFFICE | Keith Olbermann",2025-06-25 02:39:42+00:00,71984,6431,1545,24,267.9583333333333,0.003731923495568341,11.113580795732386
Keith Olbermann,"THE ONLY ""SCUM"" HERE IS TRUMP. THE ONLY ""OBLITERATION"" IS AMERICA'S REPUTATION | Keith Olbermann",2025-06-26 09:01:05+00:00,68454,5537,1122,7,791.0,0.0012642225031605564,9.737926198615128
Keith Olbermann,At midnight: Trump's Protection Racket Presidency: blackmails a Senator; threatens to defund Israel,2025-06-29 22:59:58+00:00,27944,2712,164,2,1356.0,0.0007374631268436578,10.299169768107644
Keith Olbermann,TRUMP'S RUNNING A PROTECTION RACKET PRESIDENCY - 6.30.25 | Countdown with Keith Olbermann,2025-06-30 09:00:03+00:00,75351,5380,1328,65,82.76923076923077,0.012081784386617101,8.988600018579714
Keith Olbermann,"btw, Trump confesses to covering up the Epstein files. That don't exist. Preview of Monday's podcast",2025-07-13 12:31:41+00:00,82996,11382,736,16,711.375,0.0014057283429977157,14.619981685864378
Keith Olbermann,TRUMP ENRAGES BASE WITH EPSTEIN FILES COVER-UP. The new Countdown pod https://tinyurl.com/5avym8zn,2025-07-14 04:05:00+00:00,18386,2506,116,4,626.5,0.0015961691939345571,14.282606330903949
Keith Olbermann,TRUMP'S BASE ATTACKS HIM OVER HIS EPSTEIN COVER-UP - 7.14.25 | Countdown with Keith Olbermann,2025-07-14 09:01:05+00:00,75296,6289,1189,79,79.60759493670886,0.012561615519160439,10.036389715257119
Keith Olbermann,PODCAST DROPS AT MIDNIGHT: why does Trump keep connecting his Epstein Cover-up to The Steele Dossier,2025-07-16 22:48:44+00:00,34602,4839,395,19,254.68421052631578,0.0039264310808018186,15.181203398647478
Keith Olbermann,"WHY IS TRUMP CONNECTING EPSTEIN TO ""THE PEE TAPE?"" New Thursday podcast https://tinyurl.com/3zb882z2",2025-07-17 04:05:00+00:00,8842,1371,105,2,685.5,0.0014587892049598833,16.715675186609364
Keith Olbermann,TRUMP CONNECTS EPSTEIN TO THE STEELE DOSSIER AND THE PEE TAPE 7.17.25 | Countdown w/ Keith Olbermann,2025-07-17 09:01:31+00:00,65361,5558,1037,23,241.65217391304347,0.0041381792011514935,10.125304080414926
Keith Olbermann,This makes my Trump/Epstein/Steele Dossier/P Tape idea look MAINSTREAM https://tinyurl.com/3zb882z2,2025-07-17 12:01:41+00:00,15039,2067,127,29,71.27586206896552,0.014029995162070633,14.78156792339916
Keith Olbermann,BULLETIN: TRUMP DENIALS OF WSJ EPSTEIN BOMBSHELL COLLAPSE - 7.17.25 | Countdown with Keith Olbermann,2025-07-18 11:36:29+00:00,69568,5724,1157,77,74.33766233766234,0.013452131376659678,10.00172493100276
Keith Olbermann,New Countdown pod drops at midnight: The TRUMPSTEIN saga will never end because Trump sued Murdoch,2025-07-20 22:27:58+00:00,30416,3295,257,17,193.8235294117647,0.005159332321699545,11.73395581273014
Keith Olbermann,TRUMP GUARANTEES THE TRUMPSTEIN SCANDAL WILL NEVER DIE! Countdown pod: https://tinyurl.com/mr2bdsxz,2025-07-21 04:17:39+00:00,16544,2287,96,23,99.43478260869566,0.010056843025797988,14.543036750483559
Keith Olbermann,TRUMP SUING MURDOCH MEANS THE TRUMPSTEIN STORY WILL NEVER END 7.21.25 | Countdown w/ Keith Olbermann,2025-07-21 09:00:34+00:00,88785,6020,1377,9,668.8888888888889,0.001495016611295681,8.341499127104804
Keith Olbermann,"THE SPEECH OBAMA CAN GIVE, the suit he can file, to finish Trump. POD: https://tinyurl.com/28pm8tc3",2025-07-24 04:05:00+00:00,30932,3398,263,11,308.90909090909093,0.003237198351971748,11.871201344885556
Keith Olbermann,"WHITE HOUSE ""PARALYZED""; NOW IS THE TIME FOR OBAMA TO DESTROY TRUMP - 7.24.25 | Keith Olbermann",2025-07-24 09:00:15+00:00,88192,6910,1666,11,628.1818181818181,0.0015918958031837917,9.736710812772134
Keith Olbermann,A deal with Ghislaine Maxwell? TRUMP ALREADY MADE ONE! The new Countdown pod drops at midnight EDT,2025-07-27 22:23:32+00:00,42608,5898,502,15,393.2,0.00254323499491353,15.055858054825386
Keith Olbermann,DEAL WITH GHISLAINE? Trump already made it! The new Countdown podcast: https://tinyurl.com/ynhwcnzf,2025-07-28 04:17:50+00:00,13728,2156,148,21,102.66666666666667,0.00974025974025974,16.93618881118881
Keith Olbermann,TRUMPSTEIN: TRUMP IS NOW SYMBOLICALLY IN BED WITH A PEDOPHILE 7.28.25 | Countdown w/ Keith Olbermann,2025-07-28 09:00:31+00:00,88704,5999,1425,18,333.27777777777777,0.0030005000833472247,8.389700577200578
Keith Olbermann,"""WHAT DID YOU THINK EPSTEIN WAS STEALING THOSE WOMEN FOR?"" 7.31.25 | Countdown with Keith Olbermann",2025-07-31 09:00:16+00:00,84176,6206,1485,6,1034.3333333333333,0.0009668063164679343,9.143936513970727
Keith Olbermann,"DROPPING AT MIDNIGHT: a Conservative ""political coup"" to take the GOP back from Trump over Epstein?",2025-08-03 22:27:31+00:00,40215,4001,283,24,166.70833333333334,0.005998500374906273,10.7124207385304
Keith Olbermann,"""POLITICAL COUP"" TO TAKE GOP BACK FROM TRUMP OVER EPSTEIN: Monday Pod: https://tinyurl.com/vrk2vt24",2025-08-04 04:05:00+00:00,14532,1752,93,29,60.41379310344828,0.016552511415525113,12.895678502614919
Keith Olbermann,"THE ""COUP"" TO TAKE THE GOP BACK FROM TRUMP, OVER EPSTEIN - 8.4.25 | Countdown with Keith Olbermann",2025-08-04 09:01:14+00:00,104002,6295,1022,27,233.14814814814815,0.004289118347895155,7.061402665333359
Keith Olbermann,What's with the Secret Trumpstein Summit - without Trump? New Countdown podcast drops at midnight,2025-08-06 22:01:44+00:00,39436,4725,453,9,525.0,0.0019047619047619048,13.152956689319403
Keith Olbermann,WTF? A WHITE HOUSE MEETING ABOUT TRUMPSTEIN - WITHOUT TRUMP? New Pod: https://tinyurl.com/mcrn6zbe,2025-08-07 04:05:00+00:00,15330,2034,97,18,113.0,0.008849557522123894,14.018264840182649
Keith Olbermann,WHY WAS THE VP MEETING ABOUT EPSTEIN WITHOUT TRUMP THERE? - 8.7.25 | Countdown with Keith Olbermann,2025-08-07 09:00:27+00:00,100075,6216,1375,77,80.72727272727273,0.012387387387387387,7.662253310017488
Keith Olbermann,"WHILE HE'S HERE, LET'S ARREST PUTIN - 8.11.25 | Countdown with Keith Olbermann",2025-08-11 09:01:31+00:00,62945,5110,1051,158,32.34177215189873,0.03091976516634051,10.038922869171499
Keith Olbermann,"TRUMP WANTS RUSSIA TO OCCUPY UKRAINE, LIKE THE WEST BANK - 8.14.25 | Countdown with Keith Olbermann",2025-08-14 09:00:57+00:00,62795,4693,1217,202,23.23267326732673,0.04304282974643085,9.733259017437694
Keith Olbermann,Dropping at midnight: the new Countdown podcast. THE DISASTA IN ALASKA and round 2 in occupied DC,2025-08-17 22:22:01+00:00,52626,4722,339,17,277.7647058823529,0.003600169419737399,9.649222817618668
Keith Olbermann,THE DISASTA IN ALASKA; Today: Zelensky takes DC. NEW COUNTDOWN PODCAST: https://tinyurl.com/3mevmcze,2025-08-18 04:05:00+00:00,8674,960,53,0,,0.0,11.678579663361772
Keith Olbermann,THE DISASTA IN ALASKA - 8.18.25 | Countdown with Keith Olbermann,2025-08-18 09:00:38+00:00,70840,5602,1009,86,65.13953488372093,0.01535166012138522,9.453698475437605
Keith Olbermann,BILL BARR AND COMER RE-IGNITE EPSTEIN SCANDAL The new Countdown Podcast https://tinyurl.com/ybrrwwsv,2025-08-21 04:05:01+00:00,25201,2721,211,27,100.77777777777777,0.009922822491730982,11.741597555652554
Keith Olbermann,BILL BARR AND JAMES COMER RE-IGNITE TRUMPSTEIN COVER-UP - 8.21.25 | Countdown with Keith Olbermann,2025-08-21 14:00:15+00:00,83749,5501,1197,164,33.542682926829265,0.029812761316124342,8.193530669022914
Keith Olbermann,NEW PODCAST drops at midnight: WTF with Trump's health? Why isn't the media obsessed? Dying? Fine?,2025-08-24 22:39:10+00:00,126242,9550,1338,169,56.50887573964497,0.01769633507853403,8.758574800779455
Keith Olbermann,IS TRUMP DYING OR IS HE JUST FINE? ANYBODY GONNA ASK? - 8.25.25 | Countdown with Keith Olbermann,2025-08-25 09:00:23+00:00,127564,7238,2108,86,84.16279069767442,0.011881735285990605,7.393935593114044
Keith Olbermann,TRUMP? TOUGH ON CRIME? Except on murdering kids. New Countdown podcast drops at midnight EDT,2025-08-27 22:24:32+00:00,21202,2955,236,15,197.0,0.005076142131979695,15.121214979718895
Keith Olbermann,SHOOTING SHOWS TRUMP IS SOFT ON CRIME. Get the new Countdown podcast:  https://tinyurl.com/4jf2jsuk,2025-08-28 04:05:00+00:00,8436,1166,78,7,166.57142857142858,0.006003430531732418,14.829302987197723
Keith Olbermann,TRUMP MIGHT AS WELL HAVE SHOT THOSE KIDS IN MINNEAPOLIS HIMSELF - 8.28.25 | Keith Olbermann,2025-08-28 09:01:12+00:00,78784,5740,1365,177,32.429378531073446,0.03083623693379791,9.242993501218521
Keith Olbermann,THE TRUMP DEATH RUMOR WAS ENTIRELY TRUMP'S FAULT - 9.1.25 | Countdown with Keith Olbermann,2025-09-01 09:01:04+00:00,112314,6335,1606,330,19.196969696969695,0.05209155485398579,7.364175436722046
Keith Olbermann,It's like Trump is TRYING to keep his Trumpstein scandal alive! New Countdown podcast at midnight,2025-09-03 22:30:16+00:00,17415,2116,159,23,92.0,0.010869565217391304,13.195521102497848
Keith Olbermann,TRUMP'S ALIVE - AND HE'S KEEPING HIS EPSTEIN SCANDAL ALIVE TOO New Pod: https://tinyurl.com/y9m96wt2,2025-09-04 04:05:00+00:00,6887,897,34,4,224.25,0.004459308807134894,13.576303179904167
Keith Olbermann,"TRUMP ISN'T DEAD. AND HE'S MAKING SURE, NEITHER IS HIS EPSTEIN SCANDAL - 9.4.25 | Keith Olbermann",2025-09-04 09:01:18+00:00,62983,5031,775,77,65.33766233766234,0.015305108328364143,9.340615721702681
Keith Olbermann,"VANCE MUST RESIGN and ""TRUMP NARC'D ON EPSTEIN"" IS NOT A FLEX new Countdown podcast drops @ midnight",2025-09-07 22:07:08+00:00,40776,4221,223,52,81.17307692307692,0.012319355602937692,11.026093780655287
Keith Olbermann,"VANCE MUST RESIGN; TRUMP ""FBI EPSTEIN INFORMANT"" New Countdown Podcast: https://tinyurl.com/bp8mj7b9",2025-09-08 04:05:00+00:00,10137,1185,64,21,56.42857142857143,0.017721518987341773,12.528361448160204
Keith Olbermann,VANCE MUST RESIGN. AND JOHNSON IS STILL CLAIMING TRUMP WITNESSED EPSTEIN - 9.8.25 | Keith Olbermann,2025-09-08 09:01:08+00:00,80113,5888,1057,84,70.0952380952381,0.014266304347826086,8.773856927090485
Keith Olbermann,TRUMP DOESN'T REALIZE RUSSIA HAS ATTACKED POLAND - 9.11.25 | Countdown with Keith Olbermann,2025-09-11 09:06:14+00:00,78957,5845,1531,304,19.226973684210527,0.05201026518391788,9.72681332877389
Keith Olbermann,New Countdown Pod drops at midnight: Fire Kilmeade anyway. And the Loomer/Fuentes attacks on Kirk,2025-09-14 23:24:29+00:00,67337,7263,570,20,363.15,0.0027536830510808204,11.662236214859586
Keith Olbermann,KILMEADE: KILL THE HOMELESS. AND THE WORST ATTACKS ON KIRK? BY FUENTES AND LOOMER - 9.15.25,2025-09-15 09:00:13+00:00,72243,6107,1571,133,45.91729323308271,0.021778287211396758,10.812120205417825
Keith Olbermann,NEW COUNTDOWN PODCAST DROPS @ MIDNIGHT: Kirk died because he lived in Donald Trump's Violent America,2025-09-17 22:22:14+00:00,35089,4728,558,513,9.216374269005849,0.108502538071066,16.52654678104249
Keith Olbermann,KIRK: a victim of Trump's America KIMMEL: ABC prostitutes itself POD: https://tinyurl.com/43f53wza,2025-09-18 04:05:00+00:00,14296,1750,387,40,43.75,0.022857142857142857,15.228035814213767
Keith Olbermann,"BULLETIN: BOB IGER, ABC AND DISNEY FOLD TO FASCISTS, SUSPEND KIMMEL - 9.17.25 | Keith Olbermann",2025-09-18 06:24:33+00:00,29982,2778,621,93,29.870967741935484,0.03347732181425486,11.64698819291575
Keith Olbermann,KIRK DIED BECAUSE OF TRUMP'S RHETORIC; KIMMEL CANCELLED AS DISNEY FOLDS - 9.18.25 | Keith Olbermann,2025-09-18 09:44:38+00:00,75731,6022,1932,1431,4.2082459818308875,0.23762869478578547,12.392547305594803
Keith Olbermann,"BULLETIN PODCAST: TRUMP DECLARES CRITICISM OF HIMSELF ""REALLY ILLEGAL"" https://tinyurl.com/273zwjfj",2025-09-19 23:48:19+00:00,32875,4016,451,11,365.09090909090907,0.0027390438247011954,13.6212927756654
Keith Olbermann,"BULLETIN PODCAST: TRUMP DECLARES CRITICISM OF HIMSELF ""REALLY ILLEGAL"" https://tinyurl.com/273zwjfj",2025-09-20 12:01:07+00:00,14935,1963,217,23,85.34782608695652,0.011716760061130923,14.750585872112488
Keith Olbermann,"TRUMP DECLARES CRITICISM OF HIMSELF ""REALLY ILLEGAL"" - BULLETIN 9.19.25 | Keith Olbermann",2025-09-20 20:43:27+00:00,43559,4314,879,277,15.574007220216606,0.06420955030134445,12.557680387520376
Keith Olbermann,Left wins Kimmel-Kirk story: Kimmel may return to ABC this month. New Countdown pod drops @ midnight,2025-09-21 22:31:09+00:00,40702,5146,456,643,8.003110419906687,0.12495141857753594,15.343226377082209
Keith Olbermann,KIRK PLOT TWIST: KIMMEL MAY BE BACK ON ABC THIS MONTH new Countdown pod https://tinyurl.com/yc7zxw8c,2025-09-22 04:05:00+00:00,15405,1878,183,6,313.0,0.003194888178913738,13.41772151898734
Keith Olbermann,THE LEFT WINS. SOURCES: KIMMEL COULD BE BACK ON ABC THIS MONTH - 9.22.25 | Keith Olbermann,2025-09-22 09:00:05+00:00,95540,7317,1972,2138,3.422357343311506,0.2921962552958863,11.96043541971949
Keith Olbermann,"After he lost to Kimmel and an escalator, Trump should just resign. countdown pod drops at midnight",2025-09-25 00:03:17+00:00,154513,11612,660,7,1658.857142857143,0.0006028246641405443,7.946904143987885
Keith Olbermann,YOU LOST TO KIMMEL AND AN ESCALATOR TRUMP. JUST RESIGN New pod now live https://tinyurl.com/3fnsahf4,2025-09-25 04:05:00+00:00,20262,2901,155,2,1450.5,0.0006894174422612892,15.092290988056462
Keith Olbermann,"DEFEATED BY KIMMEL AND AN ESCALATOR, TRUMP SHOULD RESIGN - 9.25.25 | Countdown with Keith Olbermann",2025-09-25 09:00:29+00:00,96684,7116,1202,9,790.6666666666666,0.0012647554806070826,8.612593603905507
Keith Olbermann,Countdown Pod drops @ MIDNIGHT: Trump TACOs out on invading Portland/hints he can bestow immortality,2025-09-28 22:43:58+00:00,29436,3822,419,6,637.0,0.0015698587127158557,14.427911401005572
Keith Olbermann,TRUMP TACOS OUT OF INVADING PORTLAND. new Countdown podcast now live: https://tinyurl.com/yn9hazsb,2025-09-29 04:05:00+00:00,12253,1653,139,23,71.8695652173913,0.013914095583787053,14.812698930874072
Keith Olbermann,TRUMP TACOS ON PORTLAND INVASION; HINTS HE CAN BESTOW IMMORTALITY - 9.29.25 | Keith Olbermann,2025-09-29 09:00:15+00:00,76146,5528,1331,201,27.502487562189053,0.03636034732272069,9.271662332886823
Keith Olbermann,"""THE PRESIDENT IS UNWELL"" White House in Crisis. New Countdown Podcast: https://tinyurl.com/yw5v7j6y",2025-10-02 04:05:00+00:00,36270,3970,280,17,233.52941176470588,0.0042821158690176326,11.764543700027572
Keith Olbermann,"""THE PRESIDENT IS UNWELL"" - WHITE HOUSE IN CRISIS - 10.2.25 | Countdown with Keith Olbermann",2025-10-02 09:00:38+00:00,107532,7278,1481,15,485.2,0.002061005770816158,8.159431611055314
Keith Olbermann,"New pod @mn: Trump ""IT’LL BE VERY UNFAIR IN THE FUTURE WHEN THEY DON’T HAVE TRUMP TO FIGHT FOR THEM""",2025-10-05 22:34:08+00:00,46877,4150,459,8,518.75,0.0019277108433734939,9.849179768329885
Keith Olbermann,TRUMP SUDDENLY WRITES ABOUT GOP FUTURE WITHOUT HIM: Countdown Pod live https://tinyurl.com/49b4tju2,2025-10-06 04:05:01+00:00,14139,1648,154,24,68.66666666666667,0.014563106796116505,12.91463328382488
Keith Olbermann,TRUMP SUDDENLY SPECULATING ABOUT A FUTURE WITHOUT HIM - 10.6.25 | Countdown with Keith Olbermann,2025-10-06 09:00:23+00:00,122108,7912,1799,237,33.38396624472574,0.029954499494438826,8.146886362891866
Keith Olbermann,"AHEAD OF PHYSICAL, TRUMP AGAIN TALKS MORTALITY New Countdown pod live: https://tinyurl.com/mpbrk3jp",2025-10-09 04:05:00+00:00,18697,2258,146,2,1129.0,0.0008857395925597874,12.868374605551693
Keith Olbermann,TRUMP IS TALKING ABOUT HIS MORTALITY AGAIN. AND WEAPONS - 10.9.25 | Countdown with Keith Olbermann,2025-10-09 09:00:08+00:00,75883,5809,1328,29,200.31034482758622,0.004992253399896712,9.443485365628664
Keith Olbermann,Pod drops at midnight: Why are Trump's people acting as if he doesn't have much time left as POTUS?,2025-10-12 22:39:59+00:00,56796,5429,389,9,603.2222222222222,0.0016577638607478357,10.259525318684414
Keith Olbermann,WHY ARE THEY ACTING LIKE TRUMP DIDN'T HAVE MUCH TIME LEFT AS POTUS? https://tinyurl.com/3jaay8ds,2025-10-13 04:05:01+00:00,11596,1341,152,2,670.5,0.0014914243102162564,12.892376681614351
Keith Olbermann,WHY ARE THEY ACTING LIKE TRUMP DOESN'T HAVE MUCH TIME LEFT AS PRESIDENT? 10.13.25 | Keith Olbermann,2025-10-13 09:00:59+00:00,113222,7626,1559,85,89.71764705882353,0.011146079202727512,8.187454734945506
Keith Olbermann,"New Countdown Pod at midnight: is Trump bombing boats, to see if he can get away with bombing US?",2025-10-15 22:02:21+00:00,19948,2112,317,29,72.82758620689656,0.013731060606060606,12.322037296972127
Keith Olbermann,BOAT BOMBING? TRUMP TESTING IF HE CAN BOMB AMERICANS? New Countdown Pod https://tinyurl.com/52ft224y,2025-10-16 04:05:01+00:00,8464,1174,74,28,41.92857142857143,0.02385008517887564,15.075614366729678
Keith Olbermann,IS TRUMP BOMBING BOATS TO TEST IF HE CAN GET AWAY WITH BOMBING AMERICANS? 10.16.25 | Keith Olbermann,2025-10-16 09:01:30+00:00,64100,4867,1068,22,221.22727272727272,0.004520238339839737,9.293291731669266
Keith Olbermann,"New Countdown Podcast drops at midnight: After Trump's Flying Crap Video, can we get him committed?",2025-10-20 03:07:39+00:00,21174,2952,262,3,984.0,0.0010162601626016261,15.193161424388402
Keith Olbermann,AFTER THAT VIDEO CAN WE GET TRUMP COMMITTED? new Countdown podcast live https://tinyurl.com/4ct2dx7n,2025-10-20 04:05:00+00:00,13634,1885,152,22,85.68181818181819,0.011671087533156498,15.101951004840839
Keith Olbermann,"AFTER THAT VIDEO, CAN WE GET TRUMP COMMITTED TO A PSYCH WARD - 10.20.25 | Keith Olbermann",2025-10-20 09:38:07+00:00,91624,6888,1484,27,255.11111111111111,0.0039198606271777,9.166812188946128
Keith Olbermann,"New Pod at midnight: ""New"" Trump doctrine: Destroy the White House, get Dems killed, destroy America",2025-10-22 22:39:38+00:00,19453,2517,259,27,93.22222222222223,0.010727056019070322,14.40908857245669
Keith Olbermann,"TRUMP DOCTRINE: DESTROY WHITE HOUSE, GET DEMS KILLED. New podcast live: https://tinyurl.com/y27nt3fb",2025-10-23 04:05:01+00:00,14669,1654,176,10,165.4,0.006045949214026602,12.543458995159861
Keith Olbermann,"TRUMP DOCTRINE: DESTROY THE WHITE HOUSE, DESTROY AMERICA, GET DEMOCRATS KILLED - 10.23.25",2025-10-23 14:41:10+00:00,59543,4789,1172,1,4789.0,0.00020881186051367718,10.012931830777758
Keith Olbermann,New pod at midnight: the Trump dictatorship is illegal. It's time to stop it: DE-FUND TRUMP NOW,2025-10-26 22:00:03+00:00,20161,2818,259,12,234.83333333333334,0.0042583392476933995,15.321660631913101
Keith Olbermann,DE-FUND TRUMP! This is all illegal. Time to stop paying for it. NEW POD https://tinyurl.com/vj32zu46,2025-10-27 04:05:00+00:00,7794,1204,97,28,43.0,0.023255813953488372,17.051578137028482
Keith Olbermann,DE-FUND THE TRUMP DICTATORSHIP - 10.27.25 | Countdown with Keith Olbermann,2025-10-27 09:01:09+00:00,66097,5590,1315,80,69.875,0.014311270125223614,10.567801866953113
Keith Olbermann,WHY DO THEY *KEEP* GIVING TRUMP COGNITIVE TESTS? New countdown podcast drops at midnight,2025-10-29 22:01:04+00:00,21838,2723,281,5,544.6,0.001836210062431142,13.778734316329333
Keith Olbermann,THE REAL QUESTION IS WHY THEY KEEP GIVING TRUMP COGNITIVE TESTS new pod https://tinyurl.com/2kks6aej,2025-10-30 04:05:01+00:00,10341,1258,66,12,104.83333333333333,0.009538950715421303,12.919446862005609
Keith Olbermann,WHY DO THEY KEEP GIVING TRUMP COGNITIVE TESTS? - 10.30.25 | Countdown with Keith Olbermann,2025-10-30 09:01:31+00:00,64927,5344,1316,29,184.27586206896552,0.005426646706586827,10.302339550572182
Keith Olbermann,"New Countdown Podcast drops at midnight: if Andrew can't be prince cuz Epstein, Trump can't be POTUS",2025-11-02 23:00:29+00:00,15939,2371,177,0,,0.0,15.98594642072903
Keith Olbermann,"IF ANDREW CAN'T BE PRINCE BECAUSE EPSTEIN, TRUMP CAN'T BE POTUS new pod https://tinyurl.com/58n8fadv",2025-11-03 05:05:00+00:00,7691,1079,67,21,51.38095238095238,0.019462465245597776,15.173579508516447
Keith Olbermann,"IF ANDREW CAN'T BE PRINCE BECAUSE OF EPSTEIN, TRUMP CAN'T BE PRESIDENT BECAUSE OF EPSTEIN - 11.3.25",2025-11-03 09:26:26+00:00,62733,5183,897,94,55.138297872340424,0.01813621454755933,9.841710104729568
Keith Olbermann,The landslide lesson: you can run on YOUR $ and TRUMP=DEATH. New podcast drops at midnight,2025-11-05 22:44:44+00:00,28599,4067,265,8,508.375,0.001967051880993361,15.175355781670689
Keith Olbermann,REAL MAMDANI LESSON? Run on Trump AND $$$. All-New Countdown Podcast: https://tinyurl.com/596mx8w6,2025-11-06 05:05:01+00:00,9413,1203,55,27,44.55555555555556,0.022443890274314215,13.651333262509297
Keith Olbermann,LANDSLIDE LESSON: DEMS CAN RUN SIMULTANEOUSLY ON MONEY ISSUES AND TRUMP - 11.6.25 | Keith Olbermann,2025-11-06 09:00:58+00:00,63761,5334,733,16,333.375,0.0029996250468691415,9.540314612380609
Keith Olbermann,"New Countdown Podcast drops at midnight: don't trade ObamaCare for promises, Quisling Dems",2025-11-09 23:32:18+00:00,31461,3804,275,20,190.2,0.005257623554153523,13.028829344267507
Keith Olbermann,NEW COUNTDOWN POD NOW LIVE: 8 Senate Dem Quislings cave. Expel them NOW https://tinyurl.com/4kyehbm2,2025-11-10 05:05:00+00:00,11632,1384,86,14,98.85714285714286,0.010115606936416185,12.757909215955983
Keith Olbermann,TRUMP'S MIND IS GONE (EVEN THE WASHINGTON POST NOTICED!) - 11.10.25 | Countdown with Keith Olbermann,2025-11-10 09:01:27+00:00,59973,4504,695,82,54.926829268292686,0.018206039076376555,8.80562919980658
Keith Olbermann,8 DEMOCRATIC SENATE QUISLINGS CAVE. EXPEL THEM. AND CHUCK SCHUMER - 11.10.25 | Keith Olbermann,2025-11-10 14:01:46+00:00,44625,3671,988,140,26.22142857142857,0.038136747480250616,10.75406162464986
Keith Olbermann,How much time does Trump have left as Epstein accuses him from beyond the grave? New pod at midnight,2025-11-12 22:16:38+00:00,46791,5650,487,2,2825.0,0.00035398230088495576,13.120044452993096
Keith Olbermann,HOW MUCH TIME DOES TRUMP HAVE LEFT after Epstein's accusations? New pod https://tinyurl.com/nspysj2k,2025-11-13 05:05:00+00:00,16092,2436,167,9,270.6666666666667,0.003694581280788177,16.231667909520258
Keith Olbermann,HOW MUCH TIME DOES TRUMP HAVE LEFT AFTER EPSTEIN ACCUSATION? - 11.13.25 | Keith Olbermann,2025-11-13 10:01:40+00:00,88984,6725,1428,200,33.625,0.02973977695167286,9.387080823518836
Keith Olbermann,New Countdown podcast drops at midnight: Will Trump now DESTROY The Epstein Files?,2025-11-16 22:00:27+00:00,34701,3599,390,5,719.8,0.0013892747985551543,11.509754762110603
Keith Olbermann,WILL TRUMP DESTROY THE EPSTEIN FILES? Monday Countdown Podcast is live: https://tinyurl.com/mu7nme46,2025-11-17 05:05:00+00:00,10344,885,70,4,221.25,0.004519774011299435,9.27107501933488
Keith Olbermann,WILL TRUMP DESTROY THE EPSTEIN FILES? - 11.17.25 | Countdown with Keith Olbermann,2025-11-17 12:48:19+00:00,74867,5575,1490,194,28.737113402061855,0.034798206278026905,9.695860659569638
Keith Olbermann,New countdown podcast drops at midnight.DC Media: Trump now a lame duck. And MY version of NuzziNews,2025-11-20 03:58:43+00:00,7124,800,106,7,114.28571428571429,0.00875,12.81583380123526
Keith Olbermann,DONALD IS A LAME DUCK; OLIVIA IS JUST LAME New Countdown Podcast here: https://tinyurl.com/4xbzj7ae,2025-11-20 05:05:00+00:00,4808,475,45,5,95.0,0.010526315789473684,10.919301164725457
Keith Olbermann,DONALD IS A LAME DUCK - AND THE (LATEST) OLIVIA NUZZI NEWS pod now live https://tinyurl.com/4xbzj7ae,2025-11-20 05:05:02+00:00,9053,958,53,4,239.5,0.0041753653444676405,11.211753010051916
Keith Olbermann,TRUMP IS A LAME DUCK NOW - AND THE (LATEST) OLIVIA NUZZI STORY - 11.20.25 | Keith Olbermann,2025-11-20 10:00:03+00:00,71046,4685,1009,209,22.416267942583733,0.044610458911419425,8.308701404723701
Keith Olbermann,NOW IT'S MAGA THAT CAN'T FIGURE OUT WHAT'S WRONG WITH TRUMP | Countdown with Keith Olbermann,2025-11-24 10:00:24+00:00,98973,6216,1302,86,72.27906976744185,0.013835263835263836,7.682903418103927
Keith Olbermann,"TRUMP, A WHITE SUPREMACIST, IS SICK THE WAY WOODROW WILSON WAS - 12.4.25 | Keith Olbermann",2025-12-04 10:00:35+00:00,87448,6516,1639,11,592.3636363636364,0.0016881522406384285,9.338120940444607
Keith Olbermann,"TRUMP DEMENTIA: 14TH TIME HE'S CLAIMED GAS PRICES ""JUST HIT $1.98"" - 12.8.25 | Keith Olbermann",2025-12-08 10:01:22+00:00,76054,5571,1139,8,696.375,0.0014360078980434393,8.833197464959108
Keith Olbermann,"A REPORTER MUST STAND UP TO TRUMP. NOW, NOW, NOW! - 12.11.25 | Countdown with Keith Olbermann",2025-12-11 10:00:21+00:00,80984,6230,1407,22,283.1818181818182,0.003531300160513644,9.457423688629852
Keith Olbermann,"DONALD TRUMP: THAT'S ""DONALD"" WITH 47 L's - 12.15.25 | Countdown with Keith Olbermann",2025-12-15 10:00:36+00:00,76155,5514,956,4,1378.5,0.0007254261878853826,8.50108331691944
Keith Olbermann,BULLETIN: TRUMP CELEBRATES THE MURDER OF ROB REINER - 12.15.25 | Countdown with Keith Olbermann,2025-12-15 18:04:54+00:00,56525,5523,1097,65,84.96923076923076,0.011768966141589716,11.826625386996904
Keith Olbermann,New countdown podcast drops at midnight: Trump's drowning. Susie Wiles stopped revenge prosecutions,2025-12-18 01:47:13+00:00,9719,1237,148,5,247.4,0.004042037186742118,14.30188290976438
Keith Olbermann,TRUMP IS DROWNING: Wiles just prevented revenge prosecutions. New pod: https://tinyurl.com/j5cj9e68,2025-12-18 05:05:00+00:00,7073,974,42,4,243.5,0.004106776180698152,14.421037749187049
Keith Olbermann,TRUMP IS DROWNING - 12.18.25 | Countdown with Keith Olbermann,2025-12-18 10:00:59+00:00,88285,6856,1149,22,311.6363636363636,0.0032088681446907816,9.092144758452738
Keith Olbermann,New Countdown Pod drops at midnight: Epstein Scandal blows up like a dead whale on an Oregon beach,2025-12-21 22:30:04+00:00,12370,1461,137,26,56.19230769230769,0.01779603011635866,13.128536782538399
Keith Olbermann,TRUMPSTEIN BLOWS UP; WHY'D HE NAME IT 'TRUMP MEMORIAL'? Countdown live: https://tinyurl.com/4s99hpbx,2025-12-22 05:05:00+00:00,9470,1084,44,25,43.36,0.023062730627306273,12.175290390707499
Keith Olbermann,TRUMP BLOWS UP THE EPSTEIN SCANDAL LIKE A BEACHED WHALE IN OREGON | Countdown with Keith Olbermann,2025-12-22 10:00:21+00:00,89556,6273,1041,90,69.7,0.014347202295552367,8.267452766983787
Keith Olbermann,New Countdown Pod at midnight. Bombing terrorists to protect Christians in Nigeria? So - in Ukraine?,2025-12-28 23:28:26+00:00,16097,2283,179,0,,0.0,15.29477542399205
Keith Olbermann,"IF WE'RE BOMBING TO SAVE CHRISTIANS, WHY AREN'T WE DOING IT IN UKRAINE? https://tinyurl.com/mwahmrze",2025-12-29 05:05:00+00:00,9441,1454,81,15,96.93333333333334,0.01031636863823934,16.41775235674187
Keith Olbermann,WHEN DO WE START BOMBING RUSSIANS WHO ARE KILLING CHRISTIANS IN UKRAINE? 12.29.25 | Keith Olbermann,2025-12-29 10:01:09+00:00,69490,5389,938,62,86.91935483870968,0.011504917424383003,9.194128651604547
Keith Olbermann,"BULLETIN: TRUMP UNCONSTITUTIONALLY INVADES VENEZUELA, FOR OIL | Countdown with Keith Olbermann",2026-01-03 17:00:23+00:00,82566,7245,2335,158,45.85443037974684,0.02180814354727398,11.794201002834097
Keith Olbermann,New Countdown Podcast drops at midnight: Trump makes himself Military Dictator of Venezuela. Next?,2026-01-04 22:25:18+00:00,20979,2408,269,12,200.66666666666666,0.0049833887043189366,12.81757948424615
Keith Olbermann,TRUMP MAKES HIMSELF MILITARY DICTATOR OF VENEZUELA - 1.5.26 | Countdown with Keith Olbermann,2026-01-05 10:01:07+00:00,73791,5668,1335,17,333.4117647058824,0.0029992942836979536,9.51335528723015
Keith Olbermann,Countdown Podcast: Trump makes himself military dictator of Venezuela: https://tinyurl.com/4khxmmv3,2026-01-05 14:42:39+00:00,8719,836,50,2,418.0,0.0023923444976076554,10.1846542034637
Keith Olbermann,BULLETIN: OUR KENT STATE - ICE KILLS PROTESTOR - 1.7.25 | Countdown with Keith Olbermann,2026-01-07 22:12:06+00:00,38738,4709,1093,72,65.40277777777777,0.015289870460819708,15.163405441685168
Keith Olbermann,OUR KENT STATE: TRUMP'S TERRORISM KILLS MINNEAPOLIS PROTESTOR New Pod: https://tinyurl.com/bnys8k9u,2026-01-08 05:05:01+00:00,11409,1520,378,2,760.0,0.0013157894736842105,16.653519151547023
Keith Olbermann,TRUMP'S TERRORISM KILLS MINNEAPOLIS POET RENEE GOOD - 1.8.26 | Countdown with Keith Olbermann,2026-01-08 10:01:06+00:00,71905,6062,1732,79,76.73417721518987,0.013032002639392939,10.949169042486615
Keith Olbermann,"COUNTDOWN PODCAST DROPS AT MIDNIGHT: Arrest her murderer, impeach Noem & btw fire Stephen A Smith",2026-01-11 23:37:23+00:00,7760,1245,210,23,54.130434782608695,0.018473895582329317,19.046391752577318
Keith Olbermann,"ARREST ICE SHOOTER, IMPEACH NOEM: New ICE threats; new Countdown pod: https://tinyurl.com/4u3sx8f8",2026-01-12 05:05:00+00:00,15571,2149,123,29,74.10344827586206,0.013494648673801768,14.777470939567145
Keith Olbermann,ARREST THE ICE MURDERER AND IMPEACH KRISTI NOEM - 1.12.26 | Countdown with Keith Olbermann,2026-01-12 10:01:30+00:00,72671,6085,1546,217,28.04147465437788,0.035661462612982746,10.79935600170632
Keith Olbermann,Countdown Podcast drops at midnight: Trump now guilty of 32/40 crimes in Declaration of Independence,2026-01-14 23:40:38+00:00,20143,2549,268,25,101.96,0.009807767752059632,14.109119793476644
Keith Olbermann,"TRUMP'S NOW COMMITTED 32 OF 40 ""sins"" in Declaration of Independence  https://tinyurl.com/ppd6y2bu",2026-01-15 05:05:00+00:00,10143,1297,74,1,1297.0,0.0007710100231303007,13.526570048309178
Keith Olbermann,TRUMP HAS LOST THE MORAL AUTHORITY TO RULE THIS COUNTRY - 1.15.26 | Countdown with Keith Olbermann,2026-01-15 10:01:27+00:00,69573,5732,1307,109,52.58715596330275,0.019016050244242848,10.274100584997054
Keith Olbermann,New Countdown podcast drops at midnight: laugh if you want but Trump just threatened to arrest Biden,2026-01-18 22:42:42+00:00,22039,2613,211,20,130.65,0.007654037504783774,12.904396751213756
Keith Olbermann,TRUMP QUIETLY THREATENS TO ARREST BIDEN New Countdown Podcast now live: https://tinyurl.com/52hvstcy,2026-01-19 05:05:00+00:00,14229,1735,99,14,123.92857142857143,0.008069164265129682,12.987560615644107
Keith Olbermann,DID CRAZY TRUMP JUST THREATEN TO ARREST JOE BIDEN? - 1.19.26 | Countdown with Keith Olbermann,2026-01-19 10:00:00+00:00,75572,5586,1249,80,69.825,0.014321518080916577,9.15021436510877
Keith Olbermann,"TRUMP BIG LIE TRIALS: 2020 ""rigging"" indictments? New Countdown Pod: https://tinyurl.com/273yauhp",2026-01-22 05:05:00+00:00,17663,2177,198,12,181.41666666666666,0.005512172714745062,13.51412557323218
Keith Olbermann,"TRUMP PLANS 2020 ELECTION INDICTMENTS, SHOW TRIALS - 1.22.26 | Countdown with Keith Olbermann",2026-01-22 10:00:11+00:00,63272,4825,999,136,35.47794117647059,0.028186528497409328,9.419648501706916
Keith Olbermann,THE NEW COUNTDOWN PODCAST DROPS @ MIDNIGHT: Trump plans 2020 election indictments; Maduro testimony?,2026-01-22 23:00:53+00:00,9583,1042,60,2,521.0,0.0019193857965451055,11.5204007095899
Keith Olbermann,THE MURDER OF ALEX PRETTI BY ICE; THE THREAT OF MORE. The new Countdown podcast drops at midnight,2026-01-25 23:25:28+00:00,109326,7465,400,5,1493.0,0.0006697923643670462,7.198653568227137
Keith Olbermann,THE ICE MURDER WAS TRUMP'S THREAT: SUPPORT ME OR ELSE New Pod now live: https://tinyurl.com/2atr9h8s,2026-01-26 05:05:00+00:00,13067,1827,197,0,,0.0,15.489400780592334
Keith Olbermann,THE MURDER OF ALEX PRETTI IS TRUMP'S WARNING: SUPPORT ME OR ELSE - 1.26.26 | Keith Olbermann,2026-01-26 10:01:30+00:00,71263,5919,1558,10,591.9,0.0016894745734076701,10.506153263264247
Keith Olbermann,New Countdown podcast drops at midnight: Schumer caving on ICE; Ans Springsteen's great protest song,2026-01-28 23:00:45+00:00,20911,2834,182,9,314.8888888888889,0.003175723359209598,14.466070489216202
Keith Olbermann,STOP SCHUMER'S ICE DEAL: giving store away. New Countdown podcast live: https://tinyurl.com/3n8ur3np,2026-01-29 05:05:00+00:00,8565,1250,67,17,73.52941176470588,0.0136,15.575014594279043
Keith Olbermann,"""THE ART OF THE NO-DEAL"" ON ICE - 1.29.26 | Countdown with Keith Olbermann",2026-01-29 10:00:05+00:00,63048,5538,1188,22,251.72727272727272,0.0039725532683279165,10.702956477604365
Keith Olbermann,The new Countdown Podcast drops at midnight: How to legally peacefully end Trump's regime by Epstein,2026-02-01 23:01:01+00:00,34885,3740,216,4,935.0,0.0010695187165775401,11.351583775261574
Keith Olbermann,HOW TO USE EPSTEIN TO GET TRUMP TO QUIT OFFICE. New Countdown pod live: https://tinyurl.com/yc5rnfep,2026-02-02 05:05:00+00:00,6691,922,57,5,184.4,0.005422993492407809,14.706321924973844
Keith Olbermann,EPSTEIN: HOW TO PEACEFULLY END TRUMP'S PRESIDENCY....TODAY - 2.2.26 | Countdown with Keith Olbermann,2026-02-02 10:01:30+00:00,101760,6574,1004,88,74.70454545454545,0.013386066321874049,7.533411949685534
Keith Olbermann,"Countdown podcast drops at midnight: Dems must bankrupt The Post-destroying, Trump-fluffing Bezos",2026-02-04 19:17:43+00:00,15940,2048,127,20,102.4,0.009765625,13.770388958594731
Keith Olbermann,WE MUST BREAK THE BEZOS CARTEL: New Countdown Podcast now live here - https://tinyurl.com/mw58jms4,2026-02-05 05:05:00+00:00,7308,958,62,0,,0.0,13.957307060755337
Keith Olbermann,"AFTER HE KILLED THE POST, WE MUST DESTROY BEZOS FINANCIALLY  2.6.26 | Countdown with Keith Olbermann",2026-02-05 10:01:12+00:00,66229,5183,902,7,740.4285714285714,0.0013505691684352692,9.198387413368767
Keith Olbermann,The all-new Countdown Podcast drops at midnight: Trump MEANT for his Obama Ape video to hit that way,2026-02-08 22:19:55+00:00,349434,16127,391,25,645.08,0.001550195324610901,4.734227350515405
Keith Olbermann,TRUMP MEANT FOR HIS RACIST VIDEO TO POST THAT WAY New Countdown Pod: https://tinyurl.com/2sbeapbz,2026-02-09 05:05:00+00:00,9374,1202,48,9,133.55555555555554,0.0074875207986688855,13.430765948367826
Keith Olbermann,OUR WHITE T***H PRESIDENT MEANT FOR HIS OBAMA VIDEO TO COME OUT THAT WAY - 2.9.26 | Keith Olbermann,2026-02-09 13:31:17+00:00,77594,5672,921,91,62.32967032967033,0.016043723554301833,8.614068098048818
Keith Olbermann,TRUMP TRIED TO OVERTHROW THE GOVERNMENT AGAIN.  DIDJA NOTICE? The new Countdown pod drops @ midnight,2026-02-11 22:30:00+00:00,25498,3259,221,23,141.69565217391303,0.007057379564283523,13.738332418228879
Keith Olbermann,TRUMP JUST TRIED ANOTHER COUP. IT FAILED. FOR NOW. - 2.12.26 | Countdown with Keith Olbermann,2026-02-12 10:00:42+00:00,81916,5764,825,6,960.6666666666666,0.001040943789035392,8.050930221202208
Keith Olbermann,THE NEW COUNTDOWN MONDAY PODCAST DROPS AT MIDNIGHT Trump has let his plot to steal the midterms slip,2026-02-15 23:12:48+00:00,34991,3479,139,6,579.8333333333334,0.0017246335153779822,10.356948929724787
Keith Olbermann,TRUMP ACCIDENTALLY REVEALS HIS PLOT TO STEAL THE MIDTERMS:  New Pod: https://tinyurl.com/ymtb4an8,2026-02-16 05:05:00+00:00,6227,946,52,4,236.5,0.004228329809725159,16.091215673679137
Keith Olbermann,TRUMP ACCIDENTALLY REVEALS HIS PLOT TO STEAL THE MIDTERMS - 2.16.26 | Countdown with Keith Olbermann,2026-02-16 10:00:58+00:00,71694,5457,942,6,909.5,0.0010995052226498076,8.933801991798477
Keith Olbermann,The new Countdown podcast drops at midnight: Arizona GOP wants ICE mandatory at voting booths,2026-02-18 22:59:44+00:00,14630,1637,100,3,545.6666666666666,0.0018326206475259622,11.89336978810663
Keith Olbermann,ARIZONA GOP WANTS MANDATORY ICE AT VOTING PLACES New Countdown podcast: https://tinyurl.com/4ujhj3au,2026-02-19 05:05:00+00:00,6358,837,59,9,93.0,0.010752688172043012,14.234035860333439
Keith Olbermann,ARIZONA GOP WANTS TO MAKE ICE MANDATORY AT VOTING BOOTHS - 2.19.26 | Countdown with Keith Olbermann,2026-02-19 10:01:19+00:00,52780,4272,920,23,185.7391304347826,0.0053838951310861425,9.880636604774535
